website,cdns,cdn_types,uses_third_party,critical_dependency,redundant,mult_third,step_id
17track.net,cloudflare,"{""cloudflare"": ""private""}",False,False,False,False,"step 6, "
004430.xyz,cloudflare,"{""cloudflare"": ""third""}",True,True,False,False,"step 5 (SOA), "
011st.com,amazon,"{""amazon"": ""third""}",True,True,False,False,"step 5 (SOA), "
104.com.tw,cloudflare,"{""cloudflare"": ""third""}",True,True,False,False,"step 6, "
11st.co.kr,amazon,"{""amazon"": ""third""}",True,True,False,False,"step 5 (SOA), "
123rf.com,amazon,"{""amazon"": ""third""}",True,True,False,False,"step 5 (SOA), "
123tt.ru,cloudflare,"{""cloudflare"": ""third""}",True,True,False,False,"step 5 (SOA), "
126.net,netease,"{""netease"": ""private""}",False,False,False,False,"step 2, "
1337x.to,cloudflare,"{""cloudflare"": ""third""}",True,True,False,False,"step 5 (SOA), "
163.com,netease,"{""netease"": ""third""}",True,True,False,False,"step 6, "
163data.com.cn,alibaba,"{""alibaba"": ""third""}",True,True,False,False,"step 6, "
163jiasu.com,netease,"{""netease"": ""private""}",False,False,False,False,"step 2, "
1688.com,alibaba,"{""alibaba"": ""third""}",True,True,False,False,"step 6, "
182682.xyz,apple,"{""apple"": ""third""}",True,True,False,False,"step 5 (SOA), "
18comic.vip,cloudflare,"{""cloudflare"": ""third""}",True,True,False,False,"step 5 (SOA), "
1905.com,wangsu,"{""wangsu"": ""third""}",True,True,False,False,"step 6, "
1clickvpn.net,cloudflare,"{""cloudflare"": ""third""}",True,True,False,False,"step 5 (SOA), "
1drv.com,microsoft,"{""microsoft"": ""private""}",False,False,False,False,"step 5 (SOA), "
1e100.net,google,"{""google"": ""private""}",False,False,False,False,"step 2, "
1map.com,cloudflare,"{""cloudflare"": ""third""}",True,True,False,False,"step 5 (SOA), "
1password.com,amazon|cloudflare,"{""amazon"": ""third"", ""cloudflare"": ""third""}",True,False,True,True,"step 5 (SOA), step 7, "
1password.eu,amazon,"{""amazon"": ""third""}",True,True,False,False,"step 5 (SOA), "
1passwordservices.com,amazon,"{""amazon"": ""third""}",True,True,False,False,"step 5 (SOA), "
1rpc.io,cloudflare|vercel,"{""cloudflare"": ""third"", ""vercel"": ""third""}",True,False,True,True,"step 5 (SOA), step 6, "
1worldsync.com,google|wordpress|cloudflare,"{""google"": ""third"", ""wordpress"": ""third"", ""cloudflare"": ""third""}",True,False,True,True,"step 5 (SOA), step 6, step 7, "
2022welcome.com,cloudflare,"{""cloudflare"": ""third""}",True,True,False,False,"step 5 (SOA), "
213891.xyz,cloudflare,"{""cloudflare"": ""third""}",True,True,False,False,"step 5 (SOA), "
21wiz.com,cloudflare,"{""cloudflare"": ""third""}",True,True,False,False,"step 5 (SOA), "
225284.xyz,cloudflare,"{""cloudflare"": ""third""}",True,True,False,False,"step 5 (SOA), "
24smi.net,cloudflare,"{""cloudflare"": ""third""}",True,True,False,False,"step 5 (SOA), "
2567.com,cloudflare,"{""cloudflare"": ""third""}",True,True,False,False,"step 5 (SOA), "
2kcoretech.online,amazon,"{""amazon"": ""third""}",True,True,False,False,"step 5 (SOA), "
2likemobile.com,cloudflare,"{""cloudflare"": ""third""}",True,True,False,False,"step 5 (SOA), "
2mdn.net,google,"{""google"": ""third""}",True,True,False,False,"step 5 (SOA), "
2miners.com,cloudflare,"{""cloudflare"": ""third""}",True,True,False,False,"step 5 (SOA), "
2nt.com,amazon,"{""amazon"": ""third""}",True,True,False,False,"step 5 (SOA), "
2o7.net,adobe,"{""adobe"": ""private""}",False,False,False,False,"step 2, "
2trk.info,cloudflare,"{""cloudflare"": ""third""}",True,True,False,False,"step 5 (SOA), "
2xstorage.com,cloudflare,"{""cloudflare"": ""third""}",True,True,False,False,"step 5 (SOA), "
33across.com,cloudflare,"{""cloudflare"": ""third""}",True,True,False,False,"step 6, "
360buyimg.com,yahoo,"{""yahoo"": ""private""}",False,False,False,False,"step 3, "
360monitoring.io,cloudflare,"{""cloudflare"": ""private""}",False,False,False,False,"step 5 (SOA), "
360totalsecurity.com,360,"{""360"": ""private""}",False,False,False,False,"step 6, "
360yield.com,amazon,"{""amazon"": ""third""}",True,True,False,False,"step 5 (SOA), "
365scores.com,amazon,"{""amazon"": ""third""}",True,True,False,False,"step 5 (SOA), "
37games.com,amazon,"{""amazon"": ""private""}",False,False,False,False,"step 5 (SOA), "
3cx.com,cloudflare,"{""cloudflare"": ""third""}",True,True,False,False,"step 5 (SOA), "
3cx.us,cloudflare|google,"{""cloudflare"": ""third"", ""google"": ""third""}",True,False,True,True,"step 5 (SOA), step 6, "
3dos.io,cloudflare,"{""cloudflare"": ""third""}",True,True,False,False,"step 5 (SOA), "
3ds.com,amazon|akamai,"{""amazon"": ""private"", ""akamai"": ""private""}",False,False,True,False,"step 5 (SOA), step 6, "
3lift.com,amazon,"{""amazon"": ""third""}",True,True,False,False,"step 5 (SOA), "
3shape.com,cloudflare,"{""cloudflare"": ""third""}",True,True,False,False,"step 6, "
3shapecommunicate.com,microsoft,"{""microsoft"": ""third""}",True,True,False,False,"step 6, "
3stripes.net,akamai,"{""akamai"": ""third""}",True,True,False,False,"step 6, "
3u.com,alibaba,"{""alibaba"": ""third""}",True,True,False,False,"step 6, "
4cdn.org,cloudflare,"{""cloudflare"": ""third""}",True,True,False,False,"step 5 (SOA), "
4dex.io,cloudflare,"{""cloudflare"": ""third""}",True,True,False,False,"step 5 (SOA), "
4dex.tech,cloudflare,"{""cloudflare"": ""third""}",True,True,False,False,"step 5 (SOA), "
4dsply.com,cloudflare,"{""cloudflare"": ""third""}",True,True,False,False,"step 5 (SOA), "
4dvertible.com,cloudflare,"{""cloudflare"": ""third""}",True,True,False,False,"step 5 (SOA), "
4store.com,amazon,"{""amazon"": ""third""}",True,True,False,False,"step 5 (SOA), "
4wps.net,amazon,"{""amazon"": ""third""}",True,True,False,False,"step 5 (SOA), "
51y5.net,qiniu,"{""qiniu"": ""third""}",True,True,False,False,"step 6, "
520.jp,cloudflare,"{""cloudflare"": ""third""}",True,True,False,False,"step 5 (SOA), "
5ch.io,cloudflare,"{""cloudflare"": ""third""}",True,True,False,False,"step 5 (SOA), "
5h1pm3n7.com,google,"{""google"": ""third""}",True,True,False,False,"step 5 (SOA), "
6-q-r-s.com,cloudflare,"{""cloudflare"": ""third""}",True,True,False,False,"step 5 (SOA), "
6677g.com,cloudflare,"{""cloudflare"": ""third""}",True,True,False,False,"step 5 (SOA), "
6cloud.fr,amazon,"{""amazon"": ""third""}",True,True,False,False,"step 5 (SOA), "
6p71hs.top,cloudflare,"{""cloudflare"": ""third""}",True,True,False,False,"step 5 (SOA), "
6sc.co,amazon,"{""amazon"": ""third""}",True,True,False,False,"step 5 (SOA), "
6sense.com,amazon,"{""amazon"": ""third""}",True,True,False,False,"step 5 (SOA), "
7games.bet.br,cloudflare,"{""cloudflare"": ""third""}",True,True,False,False,"step 5 (SOA), "
8-lives-cat.io,microsoft|cloudflare,"{""microsoft"": ""private"", ""cloudflare"": ""third""}",True,False,True,False,"step 3, step 5 (SOA), "
8888.google,google,"{""google"": ""private""}",False,False,False,False,"step 1, "
8989c.net,cloudflare,"{""cloudflare"": ""third""}",True,True,False,False,"step 5 (SOA), "
8slp.net,amazon,"{""amazon"": ""third""}",True,True,False,False,"step 5 (SOA), "
99app.com,amazon|vercel,"{""amazon"": ""third"", ""vercel"": ""third""}",True,False,True,True,"step 5 (SOA), step 6, "
99taxis.mobi,amazon,"{""amazon"": ""third""}",True,True,False,False,"step 5 (SOA), "
9gag.com,amazon,"{""amazon"": ""private""}",False,False,False,False,"step 5 (SOA), "
9gtb.com,cloudflare,"{""cloudflare"": ""third""}",True,True,False,False,"step 5 (SOA), "
9hits.com,cloudflare,"{""cloudflare"": ""third""}",True,True,False,False,"step 5 (SOA), "
9ljp.com,cloudflare,"{""cloudflare"": ""third""}",True,True,False,False,"step 5 (SOA), "
9mod.com,cloudflare,"{""cloudflare"": ""third""}",True,True,False,False,"step 5 (SOA), "
9ns1.com,cloudflare,"{""cloudflare"": ""third""}",True,True,False,False,"step 5 (SOA), "
a-ads.com,cloudflare,"{""cloudflare"": ""third""}",True,True,False,False,"step 5 (SOA), "
a-b-3-d.com,cloudflare,"{""cloudflare"": ""third""}",True,True,False,False,"step 5 (SOA), "
a-b-c-8.com,cloudflare,"{""cloudflare"": ""third""}",True,True,False,False,"step 5 (SOA), "
a-mo.net,amazon,"{""amazon"": ""third""}",True,True,False,False,"step 5 (SOA), "
a-msedge.net,microsoft,"{""microsoft"": ""private""}",False,False,False,False,"step 3, "
a-mx.com,bunnycdn,"{""bunnycdn"": ""third""}",True,True,False,False,"step 5 (SOA), "
a-mx.net,amazon,"{""amazon"": ""third""}",True,True,False,False,"step 5 (SOA), "
a.co,amazon,"{""amazon"": ""third""}",True,True,False,False,"step 5 (SOA), "
a1q7.net,amazon,"{""amazon"": ""third""}",True,True,False,False,"step 5 (SOA), "
a2z.com,amazon,"{""amazon"": ""third""}",True,True,False,False,"step 5 (SOA), "
a47b.com,amazon,"{""amazon"": ""third""}",True,True,False,False,"step 5 (SOA), "
a8r.games,cloudflare,"{""cloudflare"": ""third""}",True,True,False,False,"step 5 (SOA), "
aadrm.com,microsoft,"{""microsoft"": ""third""}",True,True,False,False,"step 5 (SOA), "
aaplimg.com,apple,"{""apple"": ""private""}",False,False,False,False,"step 2, "
aarki.net,amazon,"{""amazon"": ""third""}",True,True,False,False,"step 5 (SOA), "
aarp.org,amazon,"{""amazon"": ""third""}",True,True,False,False,"step 6, "
aaxads.com,cloudflare,"{""cloudflare"": ""third""}",True,True,False,False,"step 5 (SOA), "
abb.com,akamai,"{""akamai"": ""third""}",True,True,False,False,"step 6, "
abc.com,amazon,"{""amazon"": ""third""}",True,True,False,False,"step 5 (SOA), "
abc.net.au,akamai,"{""akamai"": ""third""}",True,True,False,False,"step 6, "
abcdef.wiki,cloudflare,"{""cloudflare"": ""third""}",True,True,False,False,"step 5 (SOA), "
abcnews.com,amazon,"{""amazon"": ""third""}",True,True,False,False,"step 5 (SOA), "
abcsinsights.com,cloudflare,"{""cloudflare"": ""third""}",True,True,False,False,"step 5 (SOA), "
abcvg.info,cloudflare,"{""cloudflare"": ""third""}",True,True,False,False,"step 5 (SOA), "
abebooks.com,amazon,"{""amazon"": ""private""}",False,False,False,False,"step 5 (SOA), "
abebookscdn.com,amazon,"{""amazon"": ""third""}",True,True,False,False,"step 5 (SOA), "
ably-realtime.com,cloudflare,"{""cloudflare"": ""third""}",True,True,False,False,"step 5 (SOA), "
ably.io,amazon|cloudflare,"{""amazon"": ""third"", ""cloudflare"": ""third""}",True,False,True,True,"step 5 (SOA), step 6, "
ably.net,amazon,"{""amazon"": ""third""}",True,True,False,False,"step 5 (SOA), "
aboutstatic.com,cloudflare,"{""cloudflare"": ""third""}",True,True,False,False,"step 5 (SOA), "
aboutyou.com,cloudflare,"{""cloudflare"": ""third""}",True,True,False,False,"step 5 (SOA), "
aboutyou.de,cloudflare,"{""cloudflare"": ""third""}",True,True,False,False,"step 5 (SOA), "
abr.ge,amazon,"{""amazon"": ""third""}",True,True,False,False,"step 5 (SOA), "
abtasty.com,amazon,"{""amazon"": ""third""}",True,True,False,False,"step 5 (SOA), "
abuse.ch,google|fastly,"{""google"": ""third"", ""fastly"": ""third""}",True,False,True,True,"step 5 (SOA), step 6, "
ac.za,github,"{""github"": ""third""}",True,True,False,False,"step 6, "
academia.edu,amazon|cloudflare,"{""amazon"": ""third"", ""cloudflare"": ""third""}",True,False,True,True,"step 5 (SOA), step 6, "
acast.com,amazon,"{""amazon"": ""third""}",True,True,False,False,"step 5 (SOA), "
acc-de.com,cloudflare,"{""cloudflare"": ""third""}",True,True,False,False,"step 5 (SOA), "
accdab.net,amazon,"{""amazon"": ""third""}",True,True,False,False,"step 5 (SOA), "
accel.li,cloudflare,"{""cloudflare"": ""third""}",True,True,False,False,"step 5 (SOA), "
accenture.com,amazon,"{""amazon"": ""third""}",True,True,False,False,"step 6, "
accompany.com,amazon,"{""amazon"": ""third""}",True,True,False,False,"step 5 (SOA), "
accor.com,imperva,"{""imperva"": ""third""}",True,True,False,False,"step 6, "
accountkit.com,meta,"{""meta"": ""third""}",True,True,False,False,"step 5 (SOA), "
accounts.dev,cloudflare,"{""cloudflare"": ""third""}",True,True,False,False,"step 6, "
accuweather.com,akamai,"{""akamai"": ""third""}",True,True,False,False,"step 6, "
acer.com,amazon|akamai,"{""amazon"": ""third"", ""akamai"": ""third""}",True,False,True,True,"step 5 (SOA), step 6, "
acm.org,cloudflare,"{""cloudflare"": ""third""}",True,True,False,False,"step 5 (SOA), "
acmeaom.com,cloudflare,"{""cloudflare"": ""third""}",True,True,False,False,"step 5 (SOA), "
acobt.tech,amazon,"{""amazon"": ""third""}",True,True,False,False,"step 5 (SOA), "
acompli.net,microsoft,"{""microsoft"": ""third""}",True,True,False,False,"step 5 (SOA), "
acrobat.com,twitter,"{""twitter"": ""private""}",False,False,False,False,"step 6, "
acrobits.cz,cloudflare,"{""cloudflare"": ""private""}",False,False,False,False,"step 5 (SOA), "
acronis.com,amazon|cloudflare,"{""amazon"": ""third"", ""cloudflare"": ""third""}",True,False,True,True,"step 5 (SOA), step 6, "
acrosspf.com,cloudflare,"{""cloudflare"": ""third""}",True,True,False,False,"step 5 (SOA), "
acs.org,imperva,"{""imperva"": ""third""}",True,True,False,False,"step 6, "
acsbapp.com,cloudflare,"{""cloudflare"": ""third""}",True,True,False,False,"step 5 (SOA), "
acscdn.com,cloudflare,"{""cloudflare"": ""third""}",True,True,False,False,"step 5 (SOA), "
acsechocaptiveportal.com,amazon,"{""amazon"": ""third""}",True,True,False,False,"step 5 (SOA), "
action1.com,amazon|cloudflare,"{""amazon"": ""third"", ""cloudflare"": ""third""}",True,False,True,True,"step 5 (SOA), step 6, "
activehosted.com,cloudflare,"{""cloudflare"": ""third""}",True,True,False,False,"step 5 (SOA), "
activemetering.com,amazon,"{""amazon"": ""third""}",True,True,False,False,"step 5 (SOA), "
activision.com,akamai,"{""akamai"": ""third""}",True,True,False,False,"step 6, "
activtrak.net,amazon,"{""amazon"": ""third""}",True,True,False,False,"step 5 (SOA), "
ad-delivery.net,microsoft|cloudflare,"{""microsoft"": ""private"", ""cloudflare"": ""third""}",True,False,True,False,"step 3, step 5 (SOA), "
ad-m.net,cloudflare,"{""cloudflare"": ""third""}",True,True,False,False,"step 5 (SOA), "
ad-stir.com,amazon,"{""amazon"": ""third""}",True,True,False,False,"step 5 (SOA), "
ad.gt,amazon|twitter,"{""amazon"": ""third"", ""twitter"": ""third""}",True,False,True,True,"step 5 (SOA), step 6, "
ad4m.at,cloudflare,"{""cloudflare"": ""third""}",True,True,False,False,"step 5 (SOA), "
ada.support,amazon,"{""amazon"": ""third""}",True,True,False,False,"step 5 (SOA), "
adaptiva.cloud,cloudflare,"{""cloudflare"": ""third""}",True,True,False,False,"step 5 (SOA), "
adapty.io,cloudflare,"{""cloudflare"": ""third""}",True,True,False,False,"step 5 (SOA), "
adaptytech.com,cloudflare,"{""cloudflare"": ""third""}",True,True,False,False,"step 5 (SOA), "
adara.com,digicert|wordpress,"{""digicert"": ""third"", ""wordpress"": ""third""}",True,False,True,True,"step 5 (SOA), step 6, "
adblockdns.com,fastly,"{""fastly"": ""third""}",True,True,False,False,"step 7, "
adblockplus.org,firebase|fastly,"{""firebase"": ""third"", ""fastly"": ""third""}",True,False,True,True,"step 6, step 7, "
adbro.me,cloudflare,"{""cloudflare"": ""third""}",True,True,False,False,"step 5 (SOA), "
adcanvas.com,cloudflare,"{""cloudflare"": ""third""}",True,True,False,False,"step 5 (SOA), "
addevent.com,amazon,"{""amazon"": ""third""}",True,True,False,False,"step 5 (SOA), "
addigy.com,cloudflare,"{""cloudflare"": ""third""}",True,True,False,False,"step 5 (SOA), "
addtoany.com,cloudflare,"{""cloudflare"": ""third""}",True,True,False,False,"step 5 (SOA), "
adelement.com,amazon,"{""amazon"": ""third""}",True,True,False,False,"step 5 (SOA), "
adentifi.com,amazon,"{""amazon"": ""third""}",True,True,False,False,"step 5 (SOA), "
adeo.cloud,microsoft,"{""microsoft"": ""third""}",True,True,False,False,"step 5 (SOA), "
adeptmind.ai,amazon|cloudflare,"{""amazon"": ""third"", ""cloudflare"": ""third""}",True,False,True,True,"step 5 (SOA), step 7, "
adexchangerapid.com,cloudflare,"{""cloudflare"": ""third""}",True,True,False,False,"step 5 (SOA), "
adforge.io,cloudflare,"{""cloudflare"": ""third""}",True,True,False,False,"step 5 (SOA), "
adguard-dns.com,cloudflare,"{""cloudflare"": ""third""}",True,True,False,False,"step 5 (SOA), "
adguard.com,cloudflare,"{""cloudflare"": ""third""}",True,True,False,False,"step 5 (SOA), "
adguard.io,cloudflare,"{""cloudflare"": ""third""}",True,True,False,False,"step 5 (SOA), "
adguard.org,cloudflare,"{""cloudflare"": ""third""}",True,True,False,False,"step 5 (SOA), "
adiam.tech,cloudflare,"{""cloudflare"": ""third""}",True,True,False,False,"step 5 (SOA), "
adidas.com,akamai,"{""akamai"": ""third""}",True,True,False,False,"step 6, "
adikteev.com,amazon,"{""amazon"": ""third""}",True,True,False,False,"step 5 (SOA), "
adingo.jp,amazon,"{""amazon"": ""third""}",True,True,False,False,"step 5 (SOA), "
adipolo.co,cloudflare,"{""cloudflare"": ""third""}",True,True,False,False,"step 5 (SOA), "
adipolo.live,microsoft|cloudflare,"{""microsoft"": ""private"", ""cloudflare"": ""third""}",True,False,True,False,"step 3, step 5 (SOA), "
aditude.cloud,cloudflare,"{""cloudflare"": ""third""}",True,True,False,False,"step 5 (SOA), "
aditude.io,cloudflare|vercel,"{""cloudflare"": ""third"", ""vercel"": ""third""}",True,False,True,True,"step 5 (SOA), step 6, "
adjha1k.com,cloudflare,"{""cloudflare"": ""third""}",True,True,False,False,"step 5 (SOA), "
adjoe-programmatic.com,amazon,"{""amazon"": ""third""}",True,True,False,False,"step 5 (SOA), "
adjoe.zone,amazon,"{""amazon"": ""third""}",True,True,False,False,"step 5 (SOA), "
adjust.com,vercel,"{""vercel"": ""third""}",True,True,False,False,"step 6, "
adlightning.com,amazon,"{""amazon"": ""third""}",True,True,False,False,"step 5 (SOA), "
adlook.tech,cloudflare,"{""cloudflare"": ""third""}",True,True,False,False,"step 5 (SOA), "
adlooxtracking.com,cloudflare,"{""cloudflare"": ""third""}",True,True,False,False,"step 5 (SOA), "
admanmedia.com,akamai,"{""akamai"": ""third""}",True,True,False,False,"step 6, "
admatic.com.tr,cloudflare,"{""cloudflare"": ""third""}",True,True,False,False,"step 5 (SOA), "
admatic.de,cloudflare,"{""cloudflare"": ""third""}",True,True,False,False,"step 5 (SOA), "
admin.ch,akamai,"{""akamai"": ""third""}",True,True,False,False,"step 6, "
admixer.com,cloudflare,"{""cloudflare"": ""private""}",False,False,False,False,"step 5 (SOA), "
admob.com,google,"{""google"": ""third""}",True,True,False,False,"step 5 (SOA), "
admost.com,cloudflare,"{""cloudflare"": ""third""}",True,True,False,False,"step 5 (SOA), "
admozartxml.com,amazon,"{""amazon"": ""private""}",False,False,False,False,"step 5 (SOA), "
adn.cloud,cloudflare,"{""cloudflare"": ""third""}",True,True,False,False,"step 5 (SOA), "
adnami.io,cloudflare,"{""cloudflare"": ""third""}",True,True,False,False,"step 5 (SOA), "
adnxs-simple.com,microsoft,"{""microsoft"": ""third""}",True,True,False,False,"step 5 (SOA), "
adnz.co,cloudflare,"{""cloudflare"": ""third""}",True,True,False,False,"step 5 (SOA), "
adobe.com,akamai,"{""akamai"": ""third""}",True,True,False,False,"step 6, "
adobe.io,amazon|fastly,"{""amazon"": ""third"", ""fastly"": ""third""}",True,False,True,True,"step 5 (SOA), step 6, "
adobeaemcloud.com,amazon|fastly,"{""amazon"": ""third"", ""fastly"": ""third""}",True,False,True,True,"step 5 (SOA), step 6, "
adobecces.com,amazon,"{""amazon"": ""third""}",True,True,False,False,"step 5 (SOA), "
adobeccstatic.com,amazon,"{""amazon"": ""third""}",True,True,False,False,"step 5 (SOA), "
adobeconnect.com,amazon|twitter,"{""amazon"": ""private"", ""twitter"": ""private""}",False,False,True,False,"step 6, step 6, "
adobedtm.com,adobe,"{""adobe"": ""private""}",False,False,False,False,"step 2, "
adobeoobe.com,amazon,"{""amazon"": ""third""}",True,True,False,False,"step 5 (SOA), "
adobeprimetime.com,amazon,"{""amazon"": ""third""}",True,True,False,False,"step 6, "
adobesc.com,amazon,"{""amazon"": ""third""}",True,True,False,False,"step 5 (SOA), "
adobess.com,amazon,"{""amazon"": ""third""}",True,True,False,False,"step 5 (SOA), "
adobestats.io,amazon,"{""amazon"": ""third""}",True,True,False,False,"step 5 (SOA), "
adobetag.com,akamai,"{""akamai"": ""third""}",True,True,False,False,"step 6, "
adotmob.com,amazon,"{""amazon"": ""third""}",True,True,False,False,"step 5 (SOA), "
adovid.com,cloudflare,"{""cloudflare"": ""third""}",True,True,False,False,"step 5 (SOA), "
adp.com,akamai,"{""akamai"": ""third""}",True,True,False,False,"step 6, "
adpone.com,cloudflare,"{""cloudflare"": ""third""}",True,True,False,False,"step 5 (SOA), "
adpushup.com,amazon,"{""amazon"": ""private""}",False,False,False,False,"step 5 (SOA), "
adrise.tv,amazon,"{""amazon"": ""private""}",False,False,False,False,"step 5 (SOA), "
adroll.com,cloudflare|fastly,"{""cloudflare"": ""third"", ""fastly"": ""third""}",True,False,True,True,"step 5 (SOA), step 6, "
adrta.com,amazon,"{""amazon"": ""private""}",False,False,False,False,"step 5 (SOA), "
ads-pixiv.net,google,"{""google"": ""third""}",True,True,False,False,"step 5 (SOA), "
adsafeprotected.com,amazon,"{""amazon"": ""third""}",True,True,False,False,"step 7, "
adsafety.net,cloudflare,"{""cloudflare"": ""third""}",True,True,False,False,"step 5 (SOA), "
adsbexchange.com,cloudflare,"{""cloudflare"": ""third""}",True,True,False,False,"step 5 (SOA), "
adsbynimbus.com,amazon,"{""amazon"": ""third""}",True,True,False,False,"step 5 (SOA), "
adscale.de,amazon,"{""amazon"": ""third""}",True,True,False,False,"step 5 (SOA), "
adscool.net,cloudflare,"{""cloudflare"": ""third""}",True,True,False,False,"step 5 (SOA), "
adsensecustomsearchads.com,google,"{""google"": ""third""}",True,True,False,False,"step 5 (SOA), "
adsinteractive.com,cloudflare,"{""cloudflare"": ""private""}",False,False,False,False,"step 5 (SOA), "
adskeeper.com,cloudflare,"{""cloudflare"": ""third""}",True,True,False,False,"step 5 (SOA), "
adsmeasurement.com,google,"{""google"": ""third""}",True,True,False,False,"step 5 (SOA), "
adsmoloco.com,google,"{""google"": ""third""}",True,True,False,False,"step 5 (SOA), "
adspector.io,cloudflare,"{""cloudflare"": ""third""}",True,True,False,False,"step 5 (SOA), "
adspower.com,amazon,"{""amazon"": ""third""}",True,True,False,False,"step 5 (SOA), "
adspower.net,amazon,"{""amazon"": ""third""}",True,True,False,False,"step 5 (SOA), "
adsrvr.org,amazon,"{""amazon"": ""third""}",True,True,False,False,"step 6, "
adstanding.com,amazon,"{""amazon"": ""third""}",True,True,False,False,"step 5 (SOA), "
adster.tech,cloudflare,"{""cloudflare"": ""third""}",True,True,False,False,"step 5 (SOA), "
adstk.io,google,"{""google"": ""third""}",True,True,False,False,"step 5 (SOA), "
adsurge.com,amazon,"{""amazon"": ""third""}",True,True,False,False,"step 5 (SOA), "
adswizz.com,amazon,"{""amazon"": ""private""}",False,False,False,False,"step 5 (SOA), "
adtarget.biz,cloudflare,"{""cloudflare"": ""third""}",True,True,False,False,"step 5 (SOA), "
adtarget.com.tr,cloudflare|twitter,"{""cloudflare"": ""private"", ""twitter"": ""private""}",False,False,True,False,"step 5 (SOA), step 6, "
adtdp.com,amazon,"{""amazon"": ""third""}",True,True,False,False,"step 5 (SOA), "
adtech.ink,cloudflare,"{""cloudflare"": ""third""}",True,True,False,False,"step 5 (SOA), "
adtelligent.com,twitter,"{""twitter"": ""private""}",False,False,False,False,"step 6, "
adtheyhaveset.org,cloudflare,"{""cloudflare"": ""third""}",True,True,False,False,"step 5 (SOA), "
adthrive.com,amazon|wordpress,"{""amazon"": ""third"", ""wordpress"": ""third""}",True,False,True,True,"step 5 (SOA), step 6, "
adtidy.org,cloudflare,"{""cloudflare"": ""third""}",True,True,False,False,"step 5 (SOA), "
adtiming.com,amazon,"{""amazon"": ""private""}",False,False,False,False,"step 5 (SOA), "
adtng.com,amazon,"{""amazon"": ""third""}",True,True,False,False,"step 5 (SOA), "
adtrafficquality.google,google,"{""google"": ""private""}",False,False,False,False,"step 1, "
adup-tech.com,amazon,"{""amazon"": ""third""}",True,True,False,False,"step 5 (SOA), "
advanceautoparts.com,akamai,"{""akamai"": ""third""}",True,True,False,False,"step 6, "
adventori.com,cloudflare,"{""cloudflare"": ""private""}",False,False,False,False,"step 7, "
advertising.com,amazon,"{""amazon"": ""private""}",False,False,False,False,"step 5 (SOA), "
advertronic.io,cloudflare,"{""cloudflare"": ""third""}",True,True,False,False,"step 5 (SOA), "
advisor.travel,cloudflare,"{""cloudflare"": ""third""}",True,True,False,False,"step 5 (SOA), "
advlistings.com,amazon,"{""amazon"": ""private""}",False,False,False,False,"step 5 (SOA), "
adx.bid,cloudflare,"{""cloudflare"": ""third""}",True,True,False,False,"step 5 (SOA), "
adx.ws,cloudflare,"{""cloudflare"": ""third""}",True,True,False,False,"step 5 (SOA), "
adxcorp.kr,amazon,"{""amazon"": ""third""}",True,True,False,False,"step 5 (SOA), "
adzerk.net,amazon,"{""amazon"": ""third""}",True,True,False,False,"step 5 (SOA), "
adzuna.com,amazon,"{""amazon"": ""third""}",True,True,False,False,"step 5 (SOA), "
ae.com,akamai,"{""akamai"": ""third""}",True,True,False,False,"step 6, "
aerobasegroup.com,cloudflare,"{""cloudflare"": ""third""}",True,True,False,False,"step 5 (SOA), "
aeroflot.ru,ngenix,"{""ngenix"": ""third""}",True,True,False,False,"step 6, "
aerohive.com,amazon,"{""amazon"": ""third""}",True,True,False,False,"step 5 (SOA), "
affapi.org,cloudflare,"{""cloudflare"": ""third""}",True,True,False,False,"step 5 (SOA), "
affec.tv,amazon,"{""amazon"": ""third""}",True,True,False,False,"step 5 (SOA), "
affirm.com,amazon,"{""amazon"": ""third""}",True,True,False,False,"step 5 (SOA), "
afternic.com,akamai,"{""akamai"": ""third""}",True,True,False,False,"step 6, "
afterpay.com,cloudflare,"{""cloudflare"": ""third""}",True,True,False,False,"step 5 (SOA), "
aftvrsys.com,amazon,"{""amazon"": ""third""}",True,True,False,False,"step 5 (SOA), "
agego.com,cdn77,"{""cdn77"": ""third""}",True,True,False,False,"step 6, "
agentclientprotocol.com,cloudflare,"{""cloudflare"": ""third""}",True,True,False,False,"step 5 (SOA), "
agenteimmobiliare.info,cloudflare,"{""cloudflare"": ""third""}",True,True,False,False,"step 5 (SOA), "
ageverif.com,cloudflare,"{""cloudflare"": ""third""}",True,True,False,False,"step 5 (SOA), "
aggle.net,amazon,"{""amazon"": ""third""}",True,True,False,False,"step 5 (SOA), "
agkn.com,amazon,"{""amazon"": ""third""}",True,True,False,False,"step 6, "
agnss.goog,google,"{""google"": ""third""}",True,True,False,False,"step 5 (SOA), "
agoda.com,akamai,"{""akamai"": ""third""}",True,True,False,False,"step 6, "
agora.io,amazon,"{""amazon"": ""third""}",True,True,False,False,"step 5 (SOA), "
agoralab.co,amazon,"{""amazon"": ""private""}",False,False,False,False,"step 5 (SOA), "
ahagamecenter.com,amazon|twitter,"{""amazon"": ""third"", ""twitter"": ""third""}",True,False,True,True,"step 5 (SOA), step 6, "
ahajournals.org,cloudflare,"{""cloudflare"": ""third""}",True,True,False,False,"step 6, "
ahnlab.com,amazon,"{""amazon"": ""private""}",False,False,False,False,"step 6, "
ahrefs.com,cloudflare,"{""cloudflare"": ""third""}",True,True,False,False,"step 5 (SOA), "
aibigdatausa.com,cloudflare,"{""cloudflare"": ""third""}",True,True,False,False,"step 5 (SOA), "
aibixby.com,amazon,"{""amazon"": ""third""}",True,True,False,False,"step 5 (SOA), "
aibotplatform.com,amazon,"{""amazon"": ""third""}",True,True,False,False,"step 5 (SOA), "
aicdn.com,upyun,"{""upyun"": ""private""}",False,False,False,False,"step 2, "
aichat4search.com,cloudflare,"{""cloudflare"": ""third""}",True,True,False,False,"step 5 (SOA), "
aichouphaugn.com,cloudflare,"{""cloudflare"": ""third""}",True,True,False,False,"step 5 (SOA), "
aidata.io,cloudflare,"{""cloudflare"": ""third""}",True,True,False,False,"step 5 (SOA), "
aifvfjuf56juh.cfd,cloudflare,"{""cloudflare"": ""third""}",True,True,False,False,"step 5 (SOA), "
aiotsecu.com,amazon,"{""amazon"": ""third""}",True,True,False,False,"step 5 (SOA), "
aip.org,amazon,"{""amazon"": ""third""}",True,True,False,False,"step 6, "
aips-sol.com,amazon,"{""amazon"": ""third""}",True,True,False,False,"step 5 (SOA), "
airarabia.com,amazon|microsoft,"{""amazon"": ""third"", ""microsoft"": ""third""}",True,False,True,True,"step 5 (SOA), step 6, "
airasia.com,cloudflare,"{""cloudflare"": ""third""}",True,True,False,False,"step 6, "
airbnb.com,amazon|akamai,"{""amazon"": ""third"", ""akamai"": ""third""}",True,False,True,True,"step 5 (SOA), step 6, "
airbrake.io,amazon,"{""amazon"": ""third""}",True,True,False,False,"step 5 (SOA), "
airbridge.io,amazon,"{""amazon"": ""third""}",True,True,False,False,"step 5 (SOA), "
airbuds.fm,cloudflare,"{""cloudflare"": ""third""}",True,True,False,False,"step 5 (SOA), "
aircall.io,amazon|vercel,"{""amazon"": ""third"", ""vercel"": ""third""}",True,False,True,True,"step 5 (SOA), step 6, "
airdroid.com,amazon,"{""amazon"": ""private""}",False,False,False,False,"step 5 (SOA), "
airfranceklm.com,cloudflare,"{""cloudflare"": ""third""}",True,True,False,False,"step 6, "
airpay.co.id,amazon,"{""amazon"": ""third""}",True,True,False,False,"step 5 (SOA), "
airpaz.com,cloudflare,"{""cloudflare"": ""third""}",True,True,False,False,"step 5 (SOA), "
airport.us,apple|akamai,"{""apple"": ""third"", ""akamai"": ""third""}",True,False,True,True,"step 5 (SOA), step 6, "
airtable.com,amazon,"{""amazon"": ""third""}",True,True,False,False,"step 5 (SOA), "
airtel.in,akamai,"{""akamai"": ""third""}",True,True,False,False,"step 6, "
airtrfx.com,amazon,"{""amazon"": ""third""}",True,True,False,False,"step 5 (SOA), "
airwallex.com,amazon|cloudflare,"{""amazon"": ""third"", ""cloudflare"": ""third""}",True,False,True,True,"step 5 (SOA), step 6, "
aiscore.com,cloudflare,"{""cloudflare"": ""third""}",True,True,False,False,"step 5 (SOA), "
aisiteanalytics.com,amazon,"{""amazon"": ""third""}",True,True,False,False,"step 5 (SOA), "
aistrm.net,google,"{""google"": ""third""}",True,True,False,False,"step 5 (SOA), "
aiv-cdn.net,amazon,"{""amazon"": ""third""}",True,True,False,False,"step 5 (SOA), "
aiv-delivery.net,microsoft|amazon,"{""microsoft"": ""private"", ""amazon"": ""third""}",True,False,True,False,"step 3, step 5 (SOA), "
ajax.systems,cloudflare,"{""cloudflare"": ""third""}",True,True,False,False,"step 5 (SOA), "
ajay.app,cloudflare,"{""cloudflare"": ""private""}",False,False,False,False,"step 5 (SOA), "
aka.ms,akamai,"{""akamai"": ""third""}",True,True,False,False,"step 6, "
akadns.net,akamai,"{""akamai"": ""private""}",False,False,False,False,"step 2, "
akamai.com,akamai,"{""akamai"": ""private""}",False,False,False,False,"step 2, "
akamai.net,akamai,"{""akamai"": ""private""}",False,False,False,False,"step 2, "
akamaiedge.net,akamai,"{""akamai"": ""private""}",False,False,False,False,"step 2, "
akamaihd.net,akamai,"{""akamai"": ""private""}",False,False,False,False,"step 2, "
akamaitechnologies.com,akamai,"{""akamai"": ""private""}",False,False,False,False,"step 2, "
akamaized.net,akamai,"{""akamai"": ""private""}",False,False,False,False,"step 2, "
akaquill.net,akamai,"{""akamai"": ""third""}",True,True,False,False,"step 5 (SOA), "
akisinn.info,google,"{""google"": ""third""}",True,True,False,False,"step 5 (SOA), "
akisinn.site,google,"{""google"": ""third""}",True,True,False,False,"step 5 (SOA), "
akstat.io,akamai,"{""akamai"": ""third""}",True,True,False,False,"step 6, "
alamy.com,amazon,"{""amazon"": ""third""}",True,True,False,False,"step 5 (SOA), "
alar.my,cloudflare,"{""cloudflare"": ""third""}",True,True,False,False,"step 5 (SOA), "
alarmnet.com,cloudflare|twitter,"{""cloudflare"": ""private"", ""twitter"": ""private""}",False,False,True,False,"step 5 (SOA), step 6, "
alaskaair.com,fastly,"{""fastly"": ""third""}",True,True,False,False,"step 6, "
albss.com,google,"{""google"": ""third""}",True,True,False,False,"step 5 (SOA), "
alby.net,google,"{""google"": ""third""}",True,True,False,False,"step 5 (SOA), "
alchemer.com,amazon|cloudflare,"{""amazon"": ""third"", ""cloudflare"": ""third""}",True,False,True,True,"step 5 (SOA), step 7, "
alchemy.com,cloudflare,"{""cloudflare"": ""third""}",True,True,False,False,"step 5 (SOA), "
alcmpn.com,amazon,"{""amazon"": ""third""}",True,True,False,False,"step 5 (SOA), "
alfasense.com,cloudflare,"{""cloudflare"": ""third""}",True,True,False,False,"step 5 (SOA), "
alfasense.net,cloudflare,"{""cloudflare"": ""third""}",True,True,False,False,"step 5 (SOA), "
alfred-iot.com,twitter,"{""twitter"": ""third""}",True,True,False,False,"step 6, "
alghas.cc,cloudflare,"{""cloudflare"": ""third""}",True,True,False,False,"step 5 (SOA), "
algolianet.com,cloudflare,"{""cloudflare"": ""third""}",True,True,False,False,"step 5 (SOA), "
algorecs.com,cloudflare,"{""cloudflare"": ""third""}",True,True,False,False,"step 5 (SOA), "
alhapi.com,cloudflare,"{""cloudflare"": ""third""}",True,True,False,False,"step 5 (SOA), "
alia-prod.com,cloudflare,"{""cloudflare"": ""third""}",True,True,False,False,"step 5 (SOA), "
alibaba.com,akamai,"{""akamai"": ""third""}",True,True,False,False,"step 6, "
alicdn.com,alibaba,"{""alibaba"": ""private""}",False,False,False,False,"step 2, "
alienvault.cloud,amazon,"{""amazon"": ""third""}",True,True,False,False,"step 5 (SOA), "
alienvault.com,cloudflare,"{""cloudflare"": ""third""}",True,True,False,False,"step 5 (SOA), "
aliexpress.com,akamai,"{""akamai"": ""private""}",False,False,False,False,"step 6, "
aliexpress.us,akamai,"{""akamai"": ""third""}",True,True,False,False,"step 6, "
alikunlun.com,alibaba,"{""alibaba"": ""private""}",False,False,False,False,"step 2, "
alikunlun.net,alibaba,"{""alibaba"": ""private""}",False,False,False,False,"step 2, "
aliyun.com,alibaba,"{""alibaba"": ""private""}",False,False,False,False,"step 2, "
aliyuncs.com,alibaba,"{""alibaba"": ""private""}",False,False,False,False,"step 2, "
aljazeera.com,amazon|akamai,"{""amazon"": ""third"", ""akamai"": ""third""}",True,False,True,True,"step 5 (SOA), step 6, "
all.biz,cloudflare,"{""cloudflare"": ""third""}",True,True,False,False,"step 5 (SOA), "
allapp.link,alibaba,"{""alibaba"": ""third""}",True,True,False,False,"step 6, "
allawnofs.com,amazon,"{""amazon"": ""third""}",True,True,False,False,"step 5 (SOA), "
allawnos.com,amazon,"{""amazon"": ""third""}",True,True,False,False,"step 5 (SOA), "
alldatasheet.net,cloudflare,"{""cloudflare"": ""third""}",True,True,False,False,"step 6, "
alldocumentexplor.pro,cloudflare,"{""cloudflare"": ""third""}",True,True,False,False,"step 5 (SOA), "
allelcoelec.com,cloudflare,"{""cloudflare"": ""third""}",True,True,False,False,"step 5 (SOA), "
allrecipes.com,cloudflare,"{""cloudflare"": ""third""}",True,True,False,False,"step 7, "
allsaints.tv,amazon,"{""amazon"": ""third""}",True,True,False,False,"step 5 (SOA), "
allseason.vip,akamai,"{""akamai"": ""third""}",True,True,False,False,"step 6, "
almalinux.org,cloudflare,"{""cloudflare"": ""third""}",True,True,False,False,"step 5 (SOA), "
alocdn.com,amazon,"{""amazon"": ""private""}",False,False,False,False,"step 5 (SOA), "
alohaenterprise.com,google|cloudflare,"{""google"": ""third"", ""cloudflare"": ""third""}",True,False,True,True,"step 5 (SOA), step 6, "
alpaca.markets,cloudflare,"{""cloudflare"": ""third""}",True,True,False,False,"step 5 (SOA), "
alphashareit.works,amazon,"{""amazon"": ""third""}",True,True,False,False,"step 5 (SOA), "
alphonso.tv,google|wordpress|cloudflare,"{""google"": ""third"", ""wordpress"": ""third"", ""cloudflare"": ""third""}",True,False,True,True,"step 5 (SOA), step 6, step 7, "
alta.inc,amazon|cloudflare,"{""amazon"": ""third"", ""cloudflare"": ""third""}",True,False,True,True,"step 5 (SOA), step 7, "
altervista.org,amazon,"{""amazon"": ""third""}",True,True,False,False,"step 6, "
altium.com,amazon,"{""amazon"": ""third""}",True,True,False,False,"step 5 (SOA), "
altmetric.com,cloudflare,"{""cloudflare"": ""third""}",True,True,False,False,"step 5 (SOA), "
alza.cz,cloudflare,"{""cloudflare"": ""third""}",True,True,False,False,"step 5 (SOA), "
amadeus.com,imperva,"{""imperva"": ""third""}",True,True,False,False,"step 6, "
amagi.tv,amazon,"{""amazon"": ""third""}",True,True,False,False,"step 5 (SOA), "
amazon-ads-attestation.com,amazon,"{""amazon"": ""private""}",False,False,False,False,"step 3, "
amazon-adsystem.com,amazon,"{""amazon"": ""private""}",False,False,False,False,"step 3, "
amazon-dss.com,amazon,"{""amazon"": ""private""}",False,False,False,False,"step 3, "
amazon.ae,amazon,"{""amazon"": ""private""}",False,False,False,False,"step 3, "
amazon.ca,amazon,"{""amazon"": ""private""}",False,False,False,False,"step 3, "
amazon.co.jp,amazon,"{""amazon"": ""private""}",False,False,False,False,"step 3, "
amazon.co.uk,amazon,"{""amazon"": ""private""}",False,False,False,False,"step 3, "
amazon.co.za,amazon,"{""amazon"": ""private""}",False,False,False,False,"step 3, "
amazon.com,amazon|akamai,"{""amazon"": ""private"", ""akamai"": ""private""}",False,False,True,False,"step 3, step 6, "
amazon.com.au,amazon,"{""amazon"": ""private""}",False,False,False,False,"step 3, "
amazon.com.be,amazon,"{""amazon"": ""private""}",False,False,False,False,"step 3, "
amazon.com.br,amazon|akamai,"{""amazon"": ""private"", ""akamai"": ""private""}",False,False,True,False,"step 3, step 6, "
amazon.com.mx,amazon,"{""amazon"": ""private""}",False,False,False,False,"step 3, "
amazon.com.tr,amazon,"{""amazon"": ""private""}",False,False,False,False,"step 3, "
amazon.de,amazon|akamai,"{""amazon"": ""private"", ""akamai"": ""private""}",False,False,True,False,"step 3, step 6, "
amazon.dev,amazon,"{""amazon"": ""private""}",False,False,False,False,"step 3, "
amazon.eg,amazon|akamai,"{""amazon"": ""private"", ""akamai"": ""private""}",False,False,True,False,"step 3, step 6, "
amazon.es,amazon,"{""amazon"": ""private""}",False,False,False,False,"step 3, "
amazon.eu,amazon,"{""amazon"": ""private""}",False,False,False,False,"step 3, "
amazon.fr,amazon|akamai,"{""amazon"": ""private"", ""akamai"": ""private""}",False,False,True,False,"step 3, step 6, "
amazon.ie,amazon,"{""amazon"": ""private""}",False,False,False,False,"step 3, "
amazon.in,amazon,"{""amazon"": ""private""}",False,False,False,False,"step 3, "
amazon.it,amazon,"{""amazon"": ""private""}",False,False,False,False,"step 3, "
amazon.nl,amazon,"{""amazon"": ""private""}",False,False,False,False,"step 3, "
amazon.pl,amazon,"{""amazon"": ""private""}",False,False,False,False,"step 3, "
amazon.sa,amazon,"{""amazon"": ""private""}",False,False,False,False,"step 3, "
amazon.se,amazon,"{""amazon"": ""private""}",False,False,False,False,"step 3, "
amazon.sg,amazon,"{""amazon"": ""private""}",False,False,False,False,"step 3, "
amazonalexa.com,amazon,"{""amazon"": ""private""}",False,False,False,False,"step 3, "
amazonaws.com,amazon,"{""amazon"": ""private""}",False,False,False,False,"step 2, "
amazonaws.com.cn,amazon,"{""amazon"": ""private""}",False,False,False,False,"step 3, "
amazoncognito.com,amazon,"{""amazon"": ""private""}",False,False,False,False,"step 3, "
amazoncrl.com,amazon,"{""amazon"": ""private""}",False,False,False,False,"step 3, "
amazonses.com,amazon,"{""amazon"": ""private""}",False,False,False,False,"step 3, "
amazonsilk.com,amazon,"{""amazon"": ""private""}",False,False,False,False,"step 3, "
amazontrust.com,amazon,"{""amazon"": ""private""}",False,False,False,False,"step 3, "
amazonvideo.com,amazon,"{""amazon"": ""private""}",False,False,False,False,"step 3, "
ambientweather.net,cloudflare,"{""cloudflare"": ""third""}",True,True,False,False,"step 5 (SOA), "
ambitionbox.com,akamai,"{""akamai"": ""third""}",True,True,False,False,"step 6, "
amcrestcloud.com,amazon,"{""amazon"": ""third""}",True,True,False,False,"step 5 (SOA), "
amcrestview.com,amazon,"{""amazon"": ""third""}",True,True,False,False,"step 5 (SOA), "
amctheatres.com,cloudflare,"{""cloudflare"": ""third""}",True,True,False,False,"step 6, "
amd.com,akamai,"{""akamai"": ""third""}",True,True,False,False,"step 6, "
ameba.jp,amazon,"{""amazon"": ""third""}",True,True,False,False,"step 5 (SOA), "
ameblo.jp,amazon,"{""amazon"": ""private""}",False,False,False,False,"step 5 (SOA), "
americanas.com.br,amazon,"{""amazon"": ""third""}",True,True,False,False,"step 5 (SOA), "
americanexpress.com,akamai,"{""akamai"": ""third""}",True,True,False,False,"step 6, "
americantrucks.com,cloudflare,"{""cloudflare"": ""third""}",True,True,False,False,"step 5 (SOA), "
amoad.com,amazon,"{""amazon"": ""third""}",True,True,False,False,"step 5 (SOA), "
amp-endpoint2.com,amazon,"{""amazon"": ""third""}",True,True,False,False,"step 5 (SOA), "
amp-endpoint3.com,google,"{""google"": ""third""}",True,True,False,False,"step 5 (SOA), "
ampaeservices.com,apple,"{""apple"": ""third""}",True,True,False,False,"step 5 (SOA), "
amperwave.net,amazon,"{""amazon"": ""third""}",True,True,False,False,"step 5 (SOA), "
amplifyapp.com,amazon,"{""amazon"": ""third""}",True,True,False,False,"step 5 (SOA), "
amplitude.com,amazon,"{""amazon"": ""private""}",False,False,False,False,"step 5 (SOA), "
amplreq.com,amazon,"{""amazon"": ""third""}",True,True,False,False,"step 5 (SOA), "
ampproject.net,google,"{""google"": ""third""}",True,True,False,False,"step 5 (SOA), "
ampproject.org,google,"{""google"": ""private""}",False,False,False,False,"step 2, "
amspbs.com,amazon,"{""amazon"": ""third""}",True,True,False,False,"step 5 (SOA), "
amung.us,cloudflare,"{""cloudflare"": ""third""}",True,True,False,False,"step 5 (SOA), "
amx1.net,cloudflare,"{""cloudflare"": ""third""}",True,True,False,False,"step 5 (SOA), "
amxrtb.com,amazon|cloudflare,"{""amazon"": ""third"", ""cloudflare"": ""third""}",True,False,True,True,"step 5 (SOA), step 6, "
amzn.asia,amazon,"{""amazon"": ""private""}",False,False,False,False,"step 3, "
amzn.eu,amazon,"{""amazon"": ""private""}",False,False,False,False,"step 3, "
ana.co.jp,akamai,"{""akamai"": ""third""}",True,True,False,False,"step 6, "
analytics-egain.com,amazon,"{""amazon"": ""third""}",True,True,False,False,"step 5 (SOA), "
ancestry.com,amazon|cloudflare,"{""amazon"": ""third"", ""cloudflare"": ""third""}",True,False,True,True,"step 5 (SOA), step 6, "
andbeyond.media,amazon,"{""amazon"": ""third""}",True,True,False,False,"step 6, "
android.com,google,"{""google"": ""private""}",False,False,False,False,"step 3, "
angelone.in,cloudflare,"{""cloudflare"": ""third""}",True,True,False,False,"step 5 (SOA), "
angi.com,cloudflare,"{""cloudflare"": ""third""}",True,True,False,False,"step 5 (SOA), "
anilist.co,cloudflare,"{""cloudflare"": ""third""}",True,True,False,False,"step 5 (SOA), "
anirena.com,cloudflare,"{""cloudflare"": ""third""}",True,True,False,False,"step 5 (SOA), "
aniview.com,digicert|amazon,"{""digicert"": ""third"", ""amazon"": ""third""}",True,False,True,True,"step 5 (SOA), step 6, "
anjuke.com,tencent,"{""tencent"": ""third""}",True,True,False,False,"step 6, "
ankr.com,amazon,"{""amazon"": ""third""}",True,True,False,False,"step 5 (SOA), "
announcekit.app,cloudflare,"{""cloudflare"": ""third""}",True,True,False,False,"step 5 (SOA), "
announcekit.co,cloudflare,"{""cloudflare"": ""third""}",True,True,False,False,"step 5 (SOA), "
anonm.io,google,"{""google"": ""third""}",True,True,False,False,"step 5 (SOA), "
anonymised.io,google,"{""google"": ""third""}",True,True,False,False,"step 5 (SOA), "
anota.ai,cloudflare,"{""cloudflare"": ""third""}",True,True,False,False,"step 5 (SOA), "
antgain.app,cloudflare,"{""cloudflare"": ""third""}",True,True,False,False,"step 5 (SOA), "
anthill.farm,amazon,"{""amazon"": ""third""}",True,True,False,False,"step 5 (SOA), "
anthropic.com,cloudflare,"{""cloudflare"": ""third""}",True,True,False,False,"step 5 (SOA), "
anthropologie.com,google|akamai,"{""google"": ""third"", ""akamai"": ""third""}",True,False,True,True,"step 5 (SOA), step 6, "
antibanads.com,amazon,"{""amazon"": ""third""}",True,True,False,False,"step 5 (SOA), "
anticheatexpert.com,twitter,"{""twitter"": ""private""}",False,False,False,False,"step 6, "
antigravity-unleash.goog,google,"{""google"": ""third""}",True,True,False,False,"step 5 (SOA), "
antpeak.com,cloudflare,"{""cloudflare"": ""third""}",True,True,False,False,"step 5 (SOA), "
antpool.com,amazon|cloudflare,"{""amazon"": ""third"", ""cloudflare"": ""third""}",True,False,True,True,"step 5 (SOA), step 6, "
anwb.nl,akamai,"{""akamai"": ""third""}",True,True,False,False,"step 6, "
anyclip.com,amazon|cloudflare,"{""amazon"": ""third"", ""cloudflare"": ""third""}",True,False,True,True,"step 5 (SOA), step 7, "
anydesk.com,cloudflare,"{""cloudflare"": ""third""}",True,True,False,False,"step 5 (SOA), "
anymind360.com,google|amazon,"{""google"": ""third"", ""amazon"": ""third""}",True,False,True,True,"step 5 (SOA), step 7, "
anyrtb.com,amazon,"{""amazon"": ""third""}",True,True,False,False,"step 5 (SOA), "
anythinktech.com,amazon,"{""amazon"": ""third""}",True,True,False,False,"step 5 (SOA), "
anywhereworks.com,amazon|google,"{""amazon"": ""third"", ""google"": ""third""}",True,False,True,True,"step 5 (SOA), step 6, "
anz.com,imperva,"{""imperva"": ""third""}",True,True,False,False,"step 6, "
anzu-us.com,amazon,"{""amazon"": ""third""}",True,True,False,False,"step 5 (SOA), "
aol.com,amazon,"{""amazon"": ""third""}",True,True,False,False,"step 5 (SOA), "
aosulife.com,shopify,"{""shopify"": ""third""}",True,True,False,False,"step 6, "
ap4r.com,tencent,"{""tencent"": ""third""}",True,True,False,False,"step 6, "
apache.org,amazon|fastly,"{""amazon"": ""third"", ""fastly"": ""third""}",True,False,True,True,"step 5 (SOA), step 7, "
apartments.com,akamai,"{""akamai"": ""third""}",True,True,False,False,"step 6, "
api-sports.io,cloudflare,"{""cloudflare"": ""third""}",True,True,False,False,"step 5 (SOA), "
api-taboola.com,fastly,"{""fastly"": ""third""}",True,True,False,False,"step 7, "
api.aws,amazon,"{""amazon"": ""private""}",False,False,False,False,"step 3, "
apibay.org,cloudflare,"{""cloudflare"": ""third""}",True,True,False,False,"step 5 (SOA), "
apify.com,amazon,"{""amazon"": ""third""}",True,True,False,False,"step 5 (SOA), "
apigee.net,amazon,"{""amazon"": ""third""}",True,True,False,False,"step 5 (SOA), "
apkomega.com,cloudflare,"{""cloudflare"": ""third""}",True,True,False,False,"step 5 (SOA), "
apkpure.com,cloudflare,"{""cloudflare"": ""third""}",True,True,False,False,"step 5 (SOA), "
apkpure.net,cloudflare,"{""cloudflare"": ""third""}",True,True,False,False,"step 5 (SOA), "
apktorrents.com,cloudflare,"{""cloudflare"": ""private""}",False,False,False,False,"step 5 (SOA), "
apl-alexa.com,amazon,"{""amazon"": ""third""}",True,True,False,False,"step 5 (SOA), "
aplo-evnt.com,cloudflare,"{""cloudflare"": ""third""}",True,True,False,False,"step 5 (SOA), "
apnews.com,cloudflare,"{""cloudflare"": ""third""}",True,True,False,False,"step 5 (SOA), "
apnic.net,cloudflare,"{""cloudflare"": ""third""}",True,True,False,False,"step 6, "
apollo.io,cloudflare,"{""cloudflare"": ""third""}",True,True,False,False,"step 5 (SOA), "
app-ads-services.com,google,"{""google"": ""third""}",True,True,False,False,"step 5 (SOA), "
app-analytics-services-att.com,google,"{""google"": ""third""}",True,True,False,False,"step 5 (SOA), "
app-analytics-services.com,google,"{""google"": ""third""}",True,True,False,False,"step 5 (SOA), "
app-measurement.com,google,"{""google"": ""third""}",True,True,False,False,"step 5 (SOA), "
app-us1.com,cloudflare,"{""cloudflare"": ""third""}",True,True,False,False,"step 5 (SOA), "
app.delivery,microsoft|cloudflare,"{""microsoft"": ""private"", ""cloudflare"": ""third""}",True,False,True,False,"step 3, step 5 (SOA), "
app.link,amazon,"{""amazon"": ""third""}",True,True,False,False,"step 5 (SOA), "
appbaqend.com,cloudflare,"{""cloudflare"": ""third""}",True,True,False,False,"step 5 (SOA), "
appboy.com,amazon|fastly,"{""amazon"": ""third"", ""fastly"": ""third""}",True,False,True,True,"step 5 (SOA), step 6, "
appboycdn.com,cloudflare,"{""cloudflare"": ""third""}",True,True,False,False,"step 5 (SOA), "
appcenter.ms,microsoft,"{""microsoft"": ""third""}",True,True,False,False,"step 5 (SOA), "
appconsent.io,google,"{""google"": ""private""}",False,False,False,False,"step 5 (SOA), "
appcues.com,amazon,"{""amazon"": ""third""}",True,True,False,False,"step 5 (SOA), "
appcues.net,amazon,"{""amazon"": ""third""}",True,True,False,False,"step 5 (SOA), "
appdome.com,amazon,"{""amazon"": ""third""}",True,True,False,False,"step 5 (SOA), "
appdynamics.com,amazon|akamai,"{""amazon"": ""third"", ""akamai"": ""third""}",True,False,True,True,"step 5 (SOA), step 6, "
appexnw.com,cloudflare,"{""cloudflare"": ""third""}",True,True,False,False,"step 5 (SOA), "
appgenradio.com,amazon,"{""amazon"": ""third""}",True,True,False,False,"step 5 (SOA), "
appier.net,amazon,"{""amazon"": ""third""}",True,True,False,False,"step 6, "
apple-cloudkit.com,apple|twitter,"{""apple"": ""private"", ""twitter"": ""private""}",False,False,True,False,"step 3, step 6, "
apple-dns.cn,apple|amazon,"{""apple"": ""private"", ""amazon"": ""third""}",True,False,True,False,"step 3, step 5 (SOA), "
apple-dns.net,apple,"{""apple"": ""private""}",False,False,False,False,"step 2, "
apple-mapkit.com,apple,"{""apple"": ""private""}",False,False,False,False,"step 3, "
apple-studies.com,apple|amazon,"{""apple"": ""private"", ""amazon"": ""third""}",True,False,True,False,"step 3, step 5 (SOA), "
apple.com,apple|akamai,"{""apple"": ""private"", ""akamai"": ""third""}",True,False,True,False,"step 3, step 6, "
apple.com.cn,apple|akamai,"{""apple"": ""private"", ""akamai"": ""third""}",True,False,True,False,"step 3, step 6, "
apple.news,apple,"{""apple"": ""private""}",False,False,False,False,"step 3, "
appleiphonecell.com,apple|akamai,"{""apple"": ""private"", ""akamai"": ""third""}",True,False,True,False,"step 3, step 6, "
applilink.jp,google|amazon,"{""google"": ""third"", ""amazon"": ""third""}",True,False,True,True,"step 5 (SOA), step 6, "
applovin.com,google,"{""google"": ""private""}",False,False,False,False,"step 5 (SOA), "
applvn.com,google,"{""google"": ""third""}",True,True,False,False,"step 5 (SOA), "
appmate.io,google,"{""google"": ""third""}",True,True,False,False,"step 5 (SOA), "
appnexusgslb.com,microsoft,"{""microsoft"": ""third""}",True,True,False,False,"step 5 (SOA), "
appodeal.com,cloudflare,"{""cloudflare"": ""third""}",True,True,False,False,"step 5 (SOA), "
approov.io,amazon,"{""amazon"": ""third""}",True,True,False,False,"step 5 (SOA), "
approovr.io,amazon,"{""amazon"": ""third""}",True,True,False,False,"step 5 (SOA), "
appsdevlab.com,google,"{""google"": ""third""}",True,True,False,False,"step 7, "
appsflyer.com,amazon|cloudflare,"{""amazon"": ""third"", ""cloudflare"": ""third""}",True,False,True,True,"step 5 (SOA), step 6, "
appsflyersdk.com,amazon,"{""amazon"": ""third""}",True,True,False,False,"step 5 (SOA), "
appsolve.io,cloudflare,"{""cloudflare"": ""third""}",True,True,False,False,"step 5 (SOA), "
appspot.com,google,"{""google"": ""private""}",False,False,False,False,"step 2, "
appstor.io,cloudflare,"{""cloudflare"": ""third""}",True,True,False,False,"step 5 (SOA), "
apptentive.com,amazon,"{""amazon"": ""third""}",True,True,False,False,"step 5 (SOA), "
apptimize.com,amazon,"{""amazon"": ""private""}",False,False,False,False,"step 5 (SOA), "
apsystemsema.com,amazon,"{""amazon"": ""third""}",True,True,False,False,"step 6, "
aptoide.com,amazon,"{""amazon"": ""third""}",True,True,False,False,"step 5 (SOA), "
aptrinsic.com,wordpress,"{""wordpress"": ""third""}",True,True,False,False,"step 6, "
apxor.com,google,"{""google"": ""third""}",True,True,False,False,"step 5 (SOA), "
aralego.com,cloudflare,"{""cloudflare"": ""third""}",True,True,False,False,"step 5 (SOA), "
arastirmax.com,cloudflare,"{""cloudflare"": ""third""}",True,True,False,False,"step 5 (SOA), "
arbitrum.io,cloudflare|vercel,"{""cloudflare"": ""third"", ""vercel"": ""third""}",True,False,True,True,"step 5 (SOA), step 6, "
arc-msedge.net,microsoft,"{""microsoft"": ""private""}",False,False,False,False,"step 3, "
arcgis.com,amazon,"{""amazon"": ""third""}",True,True,False,False,"step 5 (SOA), "
arcgisonline.com,amazon,"{""amazon"": ""third""}",True,True,False,False,"step 5 (SOA), "
archive-digger.com,microsoft,"{""microsoft"": ""third""}",True,True,False,False,"step 5 (SOA), "
archiveofourown.gay,cloudflare,"{""cloudflare"": ""third""}",True,True,False,False,"step 5 (SOA), "
archiveofourown.org,cloudflare,"{""cloudflare"": ""third""}",True,True,False,False,"step 5 (SOA), "
arcor.de,imperva,"{""imperva"": ""third""}",True,True,False,False,"step 6, "
arcpublishing.com,amazon|akamai,"{""amazon"": ""third"", ""akamai"": ""third""}",True,False,True,True,"step 5 (SOA), step 6, "
arcticwolf.net,amazon,"{""amazon"": ""third""}",True,True,False,False,"step 5 (SOA), "
ard.de,akamai,"{""akamai"": ""third""}",True,True,False,False,"step 6, "
ardmediathek.de,akamai,"{""akamai"": ""third""}",True,True,False,False,"step 6, "
arduino.cc,amazon|cloudflare,"{""amazon"": ""third"", ""cloudflare"": ""third""}",True,False,True,True,"step 5 (SOA), step 6, "
arena.im,cloudflare,"{""cloudflare"": ""third""}",True,True,False,False,"step 5 (SOA), "
arenabg.com,amazon,"{""amazon"": ""third""}",True,True,False,False,"step 6, "
arenasport.com,fastly,"{""fastly"": ""third""}",True,True,False,False,"step 6, "
argos.co.uk,akamai,"{""akamai"": ""third""}",True,True,False,False,"step 6, "
argotunnel.com,cloudflare,"{""cloudflare"": ""third""}",True,True,False,False,"step 5 (SOA), "
ariat-tech.com,cloudflare,"{""cloudflare"": ""third""}",True,True,False,False,"step 5 (SOA), "
arkoselabs.com,amazon,"{""amazon"": ""third""}",True,True,False,False,"step 5 (SOA), "
arlo.com,amazon|cloudflare,"{""amazon"": ""third"", ""cloudflare"": ""third""}",True,False,True,True,"step 5 (SOA), step 6, "
arloxcld.com,amazon,"{""amazon"": ""third""}",True,True,False,False,"step 5 (SOA), "
arm-msedge.net,microsoft,"{""microsoft"": ""private""}",False,False,False,False,"step 3, "
armdb.org,cloudflare,"{""cloudflare"": ""third""}",True,True,False,False,"step 5 (SOA), "
army.mil,akamai,"{""akamai"": ""third""}",True,True,False,False,"step 6, "
arstechnica.com,amazon,"{""amazon"": ""private""}",False,False,False,False,"step 5 (SOA), "
arte.tv,akamai,"{""akamai"": ""third""}",True,True,False,False,"step 6, "
articulate.com,amazon,"{""amazon"": ""third""}",True,True,False,False,"step 5 (SOA), "
artillex-studios.com,cloudflare,"{""cloudflare"": ""third""}",True,True,False,False,"step 5 (SOA), "
artixlinux.org,cloudflare,"{""cloudflare"": ""third""}",True,True,False,False,"step 5 (SOA), "
artlist.io,cloudflare,"{""cloudflare"": ""third""}",True,True,False,False,"step 5 (SOA), "
artnet.com,cloudflare|imperva,"{""cloudflare"": ""third"", ""imperva"": ""third""}",True,False,True,True,"step 5 (SOA), step 6, "
artstation.com,cloudflare,"{""cloudflare"": ""third""}",True,True,False,False,"step 5 (SOA), "
arttrk.com,amazon,"{""amazon"": ""third""}",True,True,False,False,"step 5 (SOA), "
aruba.it,cloudflare,"{""cloudflare"": ""third""}",True,True,False,False,"step 6, "
arubainstanton.com,amazon|akamai,"{""amazon"": ""third"", ""akamai"": ""third""}",True,False,True,True,"step 5 (SOA), step 6, "
arubanetworks.com,amazon|akamai,"{""amazon"": ""third"", ""akamai"": ""third""}",True,False,True,True,"step 5 (SOA), step 6, "
arxiv.org,google,"{""google"": ""private""}",False,False,False,False,"step 5 (SOA), "
as.com,fastly,"{""fastly"": ""third""}",True,True,False,False,"step 6, "
asana.com,amazon,"{""amazon"": ""third""}",True,True,False,False,"step 5 (SOA), "
ascelibrary.org,cloudflare,"{""cloudflare"": ""third""}",True,True,False,False,"step 5 (SOA), "
asics.com,amazon|akamai,"{""amazon"": ""third"", ""akamai"": ""third""}",True,False,True,True,"step 5 (SOA), step 6, "
asizv.click,cloudflare,"{""cloudflare"": ""third""}",True,True,False,False,"step 5 (SOA), "
ask.com,github,"{""github"": ""third""}",True,True,False,False,"step 6, "
askfilo.com,google,"{""google"": ""third""}",True,True,False,False,"step 5 (SOA), "
asnapieu.com,google,"{""google"": ""third""}",True,True,False,False,"step 5 (SOA), "
asos.com,akamai,"{""akamai"": ""third""}",True,True,False,False,"step 6, "
aspendiscovery.org,cloudflare,"{""cloudflare"": ""third""}",True,True,False,False,"step 5 (SOA), "
aspnetcdn.com,microsoft,"{""microsoft"": ""third""}",True,True,False,False,"step 5 (SOA), "
assemblyexchange.com,google,"{""google"": ""third""}",True,True,False,False,"step 5 (SOA), "
assetsconfigcdn.org,amazon|google,"{""amazon"": ""third"", ""google"": ""third""}",True,False,True,True,"step 5 (SOA), step 7, "
asterdex.com,amazon,"{""amazon"": ""third""}",True,True,False,False,"step 5 (SOA), "
astockcdn.net,amazon,"{""amazon"": ""third""}",True,True,False,False,"step 5 (SOA), "
astrodsp.com,amazon,"{""amazon"": ""third""}",True,True,False,False,"step 5 (SOA), "
asu.edu,cloudflare,"{""cloudflare"": ""third""}",True,True,False,False,"step 6, "
asurascans.com,cloudflare,"{""cloudflare"": ""third""}",True,True,False,False,"step 5 (SOA), "
asus.com,amazon,"{""amazon"": ""third""}",True,True,False,False,"step 5 (SOA), "
aswpsdkus.com,google,"{""google"": ""third""}",True,True,False,False,"step 5 (SOA), "
at-o.net,amazon,"{""amazon"": ""third""}",True,True,False,False,"step 5 (SOA), "
atera.com,cloudflare,"{""cloudflare"": ""third""}",True,True,False,False,"step 5 (SOA), "
aternity.com,amazon,"{""amazon"": ""third""}",True,True,False,False,"step 5 (SOA), "
aternos.org,cloudflare,"{""cloudflare"": ""third""}",True,True,False,False,"step 5 (SOA), "
athena.io,amazon,"{""amazon"": ""third""}",True,True,False,False,"step 6, "
athenahealth.com,akamai,"{""akamai"": ""third""}",True,True,False,False,"step 6, "
athwartwhoafat.com,cloudflare,"{""cloudflare"": ""third""}",True,True,False,False,"step 5 (SOA), "
aticdn.net,amazon,"{""amazon"": ""third""}",True,True,False,False,"step 5 (SOA), "
atidevs.com,cloudflare,"{""cloudflare"": ""third""}",True,True,False,False,"step 5 (SOA), "
atl-paas.net,amazon,"{""amazon"": ""third""}",True,True,False,False,"step 5 (SOA), "
atlassian-dev.net,amazon,"{""amazon"": ""third""}",True,True,False,False,"step 5 (SOA), "
atlassian.com,amazon,"{""amazon"": ""third""}",True,True,False,False,"step 5 (SOA), "
atlassian.net,amazon,"{""amazon"": ""third""}",True,True,False,False,"step 5 (SOA), "
atmailcloud.com,amazon,"{""amazon"": ""third""}",True,True,False,False,"step 5 (SOA), "
atmtd.com,cloudflare,"{""cloudflare"": ""third""}",True,True,False,False,"step 5 (SOA), "
atom.com,cloudflare,"{""cloudflare"": ""third""}",True,True,False,False,"step 5 (SOA), "
atoma.cloud,amazon,"{""amazon"": ""third""}",True,True,False,False,"step 5 (SOA), "
atomex.net,amazon,"{""amazon"": ""private""}",False,False,False,False,"step 5 (SOA), "
atomicwallet.io,cloudflare,"{""cloudflare"": ""third""}",True,True,False,False,"step 5 (SOA), "
atsptp.com,amazon,"{""amazon"": ""private""}",False,False,False,False,"step 5 (SOA), "
att.com,akamai,"{""akamai"": ""third""}",True,True,False,False,"step 6, "
att.net,akamai,"{""akamai"": ""third""}",True,True,False,False,"step 6, "
attentionxyz.com,amazon,"{""amazon"": ""third""}",True,True,False,False,"step 5 (SOA), "
attentivemobile.com,amazon,"{""amazon"": ""third""}",True,True,False,False,"step 5 (SOA), "
attheraces.com,fastly,"{""fastly"": ""third""}",True,True,False,False,"step 6, "
attn.tv,amazon|cloudflare,"{""amazon"": ""third"", ""cloudflare"": ""third""}",True,False,True,True,"step 5 (SOA), step 6, "
auappservice.com,amazon,"{""amazon"": ""third""}",True,True,False,False,"step 5 (SOA), "
auction.co.kr,amazon|cloudflare,"{""amazon"": ""private"", ""cloudflare"": ""private""}",False,False,True,False,"step 5 (SOA), step 6, "
auctor.tv,cloudflare,"{""cloudflare"": ""third""}",True,True,False,False,"step 5 (SOA), "
audible.co.uk,amazon,"{""amazon"": ""private""}",False,False,False,False,"step 5 (SOA), "
audible.com,amazon,"{""amazon"": ""private""}",False,False,False,False,"step 5 (SOA), "
audible.com.br,amazon,"{""amazon"": ""private""}",False,False,False,False,"step 5 (SOA), "
audioeye.com,amazon,"{""amazon"": ""third""}",True,True,False,False,"step 5 (SOA), "
audiomack.com,amazon,"{""amazon"": ""third""}",True,True,False,False,"step 5 (SOA), "
audrte.com,cloudflare|google,"{""cloudflare"": ""third"", ""google"": ""third""}",True,False,True,True,"step 5 (SOA), step 7, "
august.com,amazon|twitter|cloudflare,"{""amazon"": ""private"", ""twitter"": ""private"", ""cloudflare"": ""private""}",False,False,True,False,"step 5 (SOA), step 6, step 7, "
austlii.edu.au,cloudflare,"{""cloudflare"": ""third""}",True,True,False,False,"step 5 (SOA), "
autel.com,amazon,"{""amazon"": ""third""}",True,True,False,False,"step 5 (SOA), "
auteltech.net,amazon,"{""amazon"": ""third""}",True,True,False,False,"step 5 (SOA), "
auth0.com,cloudflare,"{""cloudflare"": ""third""}",True,True,False,False,"step 5 (SOA), "
auth0app.com,cloudflare,"{""cloudflare"": ""third""}",True,True,False,False,"step 5 (SOA), "
autodesk.com,amazon|akamai,"{""amazon"": ""third"", ""akamai"": ""third""}",True,False,True,True,"step 5 (SOA), step 6, "
autoelevate.com,cloudflare,"{""cloudflare"": ""third""}",True,True,False,False,"step 5 (SOA), "
autoimg.cn,tencent,"{""tencent"": ""third""}",True,True,False,False,"step 6, "
automizely-analytics.com,cloudflare,"{""cloudflare"": ""third""}",True,True,False,False,"step 5 (SOA), "
automizely.com,cloudflare,"{""cloudflare"": ""third""}",True,True,False,False,"step 5 (SOA), "
automox.com,amazon|netlify,"{""amazon"": ""third"", ""netlify"": ""third""}",True,False,True,True,"step 5 (SOA), step 6, "
autorefresh.io,cloudflare,"{""cloudflare"": ""third""}",True,True,False,False,"step 5 (SOA), "
autoscout24.com,amazon,"{""amazon"": ""third""}",True,True,False,False,"step 5 (SOA), "
autoscout24.net,amazon,"{""amazon"": ""third""}",True,True,False,False,"step 5 (SOA), "
autotrader.com,akamai,"{""akamai"": ""third""}",True,True,False,False,"step 6, "
autozone.com,akamai,"{""akamai"": ""third""}",True,True,False,False,"step 6, "
auvik.com,cloudflare,"{""cloudflare"": ""third""}",True,True,False,False,"step 5 (SOA), "
avada.io,cloudflare,"{""cloudflare"": ""third""}",True,True,False,False,"step 5 (SOA), "
avasecurity.com,google,"{""google"": ""third""}",True,True,False,False,"step 5 (SOA), "
avast.com,avast|akamai,"{""avast"": ""private"", ""akamai"": ""third""}",True,False,True,False,"step 3, step 6, "
avastbrowser.com,avast|cloudflare,"{""avast"": ""private"", ""cloudflare"": ""third""}",True,False,True,False,"step 3, step 5 (SOA), "
avcdn.net,akamai,"{""akamai"": ""third""}",True,True,False,False,"step 6, "
avct.cloud,amazon,"{""amazon"": ""third""}",True,True,False,False,"step 5 (SOA), "
avg.com,akamai,"{""akamai"": ""third""}",True,True,False,False,"step 6, "
avgbrowser.com,cloudflare,"{""cloudflare"": ""third""}",True,True,False,False,"step 5 (SOA), "
aviasales.com,amazon,"{""amazon"": ""third""}",True,True,False,False,"step 5 (SOA), "
aviationweather.gov,cloudflare|microsoft,"{""cloudflare"": ""third"", ""microsoft"": ""third""}",True,False,True,True,"step 5 (SOA), step 6, "
avid.com,cloudflare,"{""cloudflare"": ""third""}",True,True,False,False,"step 6, "
avigilon.com,cloudflare|imperva,"{""cloudflare"": ""third"", ""imperva"": ""third""}",True,False,True,True,"step 5 (SOA), step 6, "
avira.com,akamai,"{""akamai"": ""third""}",True,True,False,False,"step 6, "
avito.st,cdnvideo,"{""cdnvideo"": ""third""}",True,True,False,False,"step 6, "
avs.io,amazon,"{""amazon"": ""third""}",True,True,False,False,"step 5 (SOA), "
avsxappcaptiveportal.com,amazon,"{""amazon"": ""third""}",True,True,False,False,"step 5 (SOA), "
avsystem.cloud,cloudflare,"{""cloudflare"": ""third""}",True,True,False,False,"step 5 (SOA), "
awardpongsur.org,cloudflare,"{""cloudflare"": ""third""}",True,True,False,False,"step 5 (SOA), "
awdeliverynet.com,microsoft|twitter,"{""microsoft"": ""private"", ""twitter"": ""private""}",False,False,True,False,"step 3, step 6, "
awin1.com,amazon|akamai,"{""amazon"": ""third"", ""akamai"": ""third""}",True,False,True,True,"step 5 (SOA), step 6, "
awmcdn.net,cloudflare,"{""cloudflare"": ""third""}",True,True,False,False,"step 5 (SOA), "
awmdm.com,amazon,"{""amazon"": ""third""}",True,True,False,False,"step 5 (SOA), "
aws-prd.net,amazon,"{""amazon"": ""private""}",False,False,False,False,"step 3, "
aws-thinq-prd.net,amazon,"{""amazon"": ""private""}",False,False,False,False,"step 3, "
aws.com,amazon,"{""amazon"": ""private""}",False,False,False,False,"step 3, "
aws.dev,amazon,"{""amazon"": ""private""}",False,False,False,False,"step 3, "
awsapprunner.com,amazon,"{""amazon"": ""private""}",False,False,False,False,"step 3, "
awsapps.com,amazon,"{""amazon"": ""private""}",False,False,False,False,"step 3, "
awsdns-03.com,amazon,"{""amazon"": ""private""}",False,False,False,False,"step 3, "
awsglobalaccelerator.com,amazon,"{""amazon"": ""private""}",False,False,False,False,"step 2, "
awsstatic.com,amazon,"{""amazon"": ""private""}",False,False,False,False,"step 3, "
awstrack.me,amazon,"{""amazon"": ""private""}",False,False,False,False,"step 3, "
awswaf.com,amazon,"{""amazon"": ""private""}",False,False,False,False,"step 3, "
awxcdn.com,akamai,"{""akamai"": ""third""}",True,True,False,False,"step 6, "
ax-dc-msedge.net,microsoft,"{""microsoft"": ""private""}",False,False,False,False,"step 3, "
ax-msedge.net,microsoft,"{""microsoft"": ""private""}",False,False,False,False,"step 2, "
axept.io,cloudflare,"{""cloudflare"": ""third""}",True,True,False,False,"step 5 (SOA), "
axiom.co,cloudflare,"{""cloudflare"": ""third""}",True,True,False,False,"step 5 (SOA), "
axiom.trade,cloudflare,"{""cloudflare"": ""third""}",True,True,False,False,"step 5 (SOA), "
axiombid.com,cloudflare,"{""cloudflare"": ""third""}",True,True,False,False,"step 5 (SOA), "
axis.com,amazon|fastly,"{""amazon"": ""third"", ""fastly"": ""third""}",True,False,True,True,"step 5 (SOA), step 6, "
axon.ai,google,"{""google"": ""private""}",False,False,False,False,"step 5 (SOA), "
axonix.com,amazon,"{""amazon"": ""third""}",True,True,False,False,"step 5 (SOA), "
axonixgrid.com,amazon,"{""amazon"": ""third""}",True,True,False,False,"step 5 (SOA), "
axs.com,amazon|cloudflare,"{""amazon"": ""third"", ""cloudflare"": ""third""}",True,False,True,True,"step 5 (SOA), step 6, "
ay.delivery,microsoft|cloudflare,"{""microsoft"": ""private"", ""cloudflare"": ""third""}",True,False,True,False,"step 3, step 5 (SOA), "
ayads.co,cloudflare,"{""cloudflare"": ""third""}",True,True,False,False,"step 5 (SOA), "
aylanetworks.com,amazon,"{""amazon"": ""third""}",True,True,False,False,"step 5 (SOA), "
azerion.com,cloudflare,"{""cloudflare"": ""third""}",True,True,False,False,"step 5 (SOA), "
azhkthg1.net,cloudflare,"{""cloudflare"": ""third""}",True,True,False,False,"step 5 (SOA), "
azioncdn.net,azion,"{""azion"": ""private""}",False,False,False,False,"step 2, "
aznude.com,cloudflare,"{""cloudflare"": ""third""}",True,True,False,False,"step 5 (SOA), "
azure-api.net,microsoft,"{""microsoft"": ""private""}",False,False,False,False,"step 3, "
azure-apim.net,microsoft,"{""microsoft"": ""private""}",False,False,False,False,"step 3, "
azure-devices-provisioning.net,microsoft,"{""microsoft"": ""private""}",False,False,False,False,"step 3, "
azure-devices.net,microsoft,"{""microsoft"": ""private""}",False,False,False,False,"step 3, "
azure-dns.com,microsoft,"{""microsoft"": ""private""}",False,False,False,False,"step 3, "
azure-dns.info,microsoft,"{""microsoft"": ""private""}",False,False,False,False,"step 3, "
azure-dns.net,microsoft,"{""microsoft"": ""private""}",False,False,False,False,"step 3, "
azure-dns.org,microsoft,"{""microsoft"": ""private""}",False,False,False,False,"step 3, "
azure.cn,microsoft,"{""microsoft"": ""private""}",False,False,False,False,"step 3, "
azure.com,microsoft|twitter,"{""microsoft"": ""private"", ""twitter"": ""third""}",True,False,True,False,"step 2, step 6, "
azure.net,microsoft,"{""microsoft"": ""private""}",False,False,False,False,"step 3, "
azure.us,microsoft,"{""microsoft"": ""private""}",False,False,False,False,"step 3, "
azurecontainerapps.io,microsoft,"{""microsoft"": ""private""}",False,False,False,False,"step 3, "
azurecr.io,microsoft,"{""microsoft"": ""private""}",False,False,False,False,"step 3, "
azuredatabricks.net,microsoft,"{""microsoft"": ""private""}",False,False,False,False,"step 3, "
azureedge.net,microsoft,"{""microsoft"": ""private""}",False,False,False,False,"step 2, "
azureedge.us,microsoft,"{""microsoft"": ""private""}",False,False,False,False,"step 3, "
azurefd.net,microsoft,"{""microsoft"": ""private""}",False,False,False,False,"step 2, "
azurefd.us,microsoft,"{""microsoft"": ""private""}",False,False,False,False,"step 3, "
azurerms.com,microsoft,"{""microsoft"": ""private""}",False,False,False,False,"step 3, "
azurestaticapps.net,microsoft,"{""microsoft"": ""private""}",False,False,False,False,"step 3, "
azurewebsites.net,microsoft,"{""microsoft"": ""private""}",False,False,False,False,"step 2, "
b-cdn.net,bunnycdn,"{""bunnycdn"": ""private""}",False,False,False,False,"step 2, "
b-dc-msedge.net,microsoft,"{""microsoft"": ""private""}",False,False,False,False,"step 3, "
b-msedge.net,microsoft,"{""microsoft"": ""private""}",False,False,False,False,"step 3, "
b2bdxp.com,amazon,"{""amazon"": ""third""}",True,True,False,False,"step 5 (SOA), "
b2c.com,cloudflare,"{""cloudflare"": ""third""}",True,True,False,False,"step 5 (SOA), "
b2clogin.com,microsoft|akamai,"{""microsoft"": ""third"", ""akamai"": ""third""}",True,False,True,True,"step 5 (SOA), step 6, "
b7510.com,amazon,"{""amazon"": ""third""}",True,True,False,False,"step 5 (SOA), "
bab.la,cloudflare,"{""cloudflare"": ""third""}",True,True,False,False,"step 5 (SOA), "
bablosoft.com,cloudflare,"{""cloudflare"": ""third""}",True,True,False,False,"step 5 (SOA), "
babybus.com,alibaba,"{""alibaba"": ""third""}",True,True,False,False,"step 6, "
babycenter.com,amazon|akamai,"{""amazon"": ""third"", ""akamai"": ""third""}",True,False,True,True,"step 5 (SOA), step 6, "
bac.com,akamai,"{""akamai"": ""private""}",False,False,False,False,"step 6, "
backblaze.com,cloudflare,"{""cloudflare"": ""third""}",True,True,False,False,"step 5 (SOA), "
backblazeb2.com,cloudflare,"{""cloudflare"": ""third""}",True,True,False,False,"step 5 (SOA), "
backtrace.io,amazon|vercel,"{""amazon"": ""third"", ""vercel"": ""third""}",True,False,True,True,"step 5 (SOA), step 6, "
bagankeyboard.com,cloudflare,"{""cloudflare"": ""third""}",True,True,False,False,"step 5 (SOA), "
bahn.de,amazon|akamai,"{""amazon"": ""third"", ""akamai"": ""third""}",True,False,True,True,"step 5 (SOA), step 6, "
baidu.com,baidu,"{""baidu"": ""private""}",False,False,False,False,"step 6, "
baike.com,alibaba,"{""alibaba"": ""third""}",True,True,False,False,"step 6, "
balena-cloud.com,cloudflare,"{""cloudflare"": ""third""}",True,True,False,False,"step 5 (SOA), "
baliusuperapp.xyz,cloudflare,"{""cloudflare"": ""third""}",True,True,False,False,"step 5 (SOA), "
bamboohr.com,amazon|cloudflare,"{""amazon"": ""third"", ""cloudflare"": ""third""}",True,False,True,True,"step 5 (SOA), step 6, "
bambulab.com,cloudflare,"{""cloudflare"": ""third""}",True,True,False,False,"step 5 (SOA), "
bambuser.com,amazon,"{""amazon"": ""third""}",True,True,False,False,"step 5 (SOA), "
bamgrid.com,amazon,"{""amazon"": ""third""}",True,True,False,False,"step 5 (SOA), "
bamlabs.com,amazon,"{""amazon"": ""third""}",True,True,False,False,"step 5 (SOA), "
banco.bradesco,akamai,"{""akamai"": ""third""}",True,True,False,False,"step 6, "
bancobrasil.com.br,cloudflare,"{""cloudflare"": ""third""}",True,True,False,False,"step 6, "
bancointer.com.br,amazon,"{""amazon"": ""third""}",True,True,False,False,"step 5 (SOA), "
bancopan.com.br,akamai,"{""akamai"": ""third""}",True,True,False,False,"step 6, "
bancosantander.es,amazon,"{""amazon"": ""third""}",True,True,False,False,"step 6, "
band.us,akamai,"{""akamai"": ""third""}",True,True,False,False,"step 6, "
bandcamp.com,google,"{""google"": ""third""}",True,True,False,False,"step 5 (SOA), "
bandlab.com,amazon,"{""amazon"": ""third""}",True,True,False,False,"step 5 (SOA), "
bandsintown.com,amazon|cloudflare,"{""amazon"": ""third"", ""cloudflare"": ""third""}",True,False,True,True,"step 5 (SOA), step 6, "
bangcdn.net,amazon,"{""amazon"": ""third""}",True,True,False,False,"step 5 (SOA), "
banggood.com,akamai,"{""akamai"": ""third""}",True,True,False,False,"step 6, "
bangumi.moe,cloudflare,"{""cloudflare"": ""third""}",True,True,False,False,"step 5 (SOA), "
bankmandiri.co.id,akamai,"{""akamai"": ""third""}",True,True,False,False,"step 6, "
bankofamerica.com,akamai,"{""akamai"": ""third""}",True,True,False,False,"step 6, "
bannerflow.net,cloudflare,"{""cloudflare"": ""third""}",True,True,False,False,"step 5 (SOA), "
banyanops.com,amazon,"{""amazon"": ""third""}",True,True,False,False,"step 5 (SOA), "
baqend.com,amazon,"{""amazon"": ""third""}",True,True,False,False,"step 5 (SOA), "
barchart.com,amazon,"{""amazon"": ""third""}",True,True,False,False,"step 5 (SOA), "
barclays.co.uk,akamai,"{""akamai"": ""third""}",True,True,False,False,"step 6, "
bark.us,amazon,"{""amazon"": ""third""}",True,True,False,False,"step 5 (SOA), "
barnesandnoble.com,shopify,"{""shopify"": ""third""}",True,True,False,False,"step 6, "
barracuda.com,microsoft,"{""microsoft"": ""third""}",True,True,False,False,"step 5 (SOA), "
barracudacentral.org,amazon,"{""amazon"": ""third""}",True,True,False,False,"step 5 (SOA), "
barracudanetworks.com,microsoft,"{""microsoft"": ""third""}",True,True,False,False,"step 5 (SOA), "
base.org,cloudflare,"{""cloudflare"": ""third""}",True,True,False,False,"step 5 (SOA), "
base44.app,cloudflare|render,"{""cloudflare"": ""third"", ""render"": ""third""}",True,False,True,True,"step 5 (SOA), step 6, "
basecamp.com,cloudflare,"{""cloudflare"": ""third""}",True,True,False,False,"step 5 (SOA), "
baseten.co,google|vercel,"{""google"": ""third"", ""vercel"": ""third""}",True,False,True,True,"step 5 (SOA), step 6, "
basis.net,amazon|wordpress,"{""amazon"": ""third"", ""wordpress"": ""third""}",True,False,True,True,"step 5 (SOA), step 6, "
batch.com,amazon,"{""amazon"": ""third""}",True,True,False,False,"step 5 (SOA), "
batdongsan.com.vn,cloudflare,"{""cloudflare"": ""third""}",True,True,False,False,"step 5 (SOA), "
battle.net,amazon,"{""amazon"": ""third""}",True,True,False,False,"step 5 (SOA), "
battleye.com,cloudflare,"{""cloudflare"": ""third""}",True,True,False,False,"step 5 (SOA), "
bb.com.br,cloudflare,"{""cloudflare"": ""third""}",True,True,False,False,"step 6, "
bbb.org,cloudflare,"{""cloudflare"": ""third""}",True,True,False,False,"step 5 (SOA), "
bbc.co.uk,fastly,"{""fastly"": ""private""}",False,False,False,False,"step 6, "
bbc.com,fastly,"{""fastly"": ""private""}",False,False,False,False,"step 6, "
bblmw.com,cloudflare|alibaba,"{""cloudflare"": ""third"", ""alibaba"": ""third""}",True,False,True,True,"step 5 (SOA), step 6, "
bbvms.com,amazon,"{""amazon"": ""third""}",True,True,False,False,"step 6, "
bc0a.com,google,"{""google"": ""private""}",False,False,False,False,"step 7, "
bcb.gov.br,microsoft,"{""microsoft"": ""third""}",True,True,False,False,"step 5 (SOA), "
bcbd123.com,cloudflare,"{""cloudflare"": ""third""}",True,True,False,False,"step 5 (SOA), "
bcebos.com,baidu,"{""baidu"": ""private""}",False,False,False,False,"step 2, "
bcelive.com,microsoft,"{""microsoft"": ""private""}",False,False,False,False,"step 3, "
bcytua.cc,cloudflare,"{""cloudflare"": ""third""}",True,True,False,False,"step 5 (SOA), "
bdstatic.com,baidu,"{""baidu"": ""private""}",False,False,False,False,"step 2, "
bdtelemetry.amazon,amazon,"{""amazon"": ""private""}",False,False,False,False,"step 3, "
bdydns.com,baidu,"{""baidu"": ""private""}",False,False,False,False,"step 2, "
beacondb.net,cloudflare,"{""cloudflare"": ""private""}",False,False,False,False,"step 5 (SOA), "
beanywhere.com,amazon,"{""amazon"": ""third""}",True,True,False,False,"step 5 (SOA), "
beatport.com,cloudflare,"{""cloudflare"": ""third""}",True,True,False,False,"step 5 (SOA), "
bebee.com,amazon,"{""amazon"": ""third""}",True,True,False,False,"step 5 (SOA), "
bedbathandbeyond.com,akamai,"{""akamai"": ""third""}",True,True,False,False,"step 6, "
bedrock.tech,amazon,"{""amazon"": ""third""}",True,True,False,False,"step 5 (SOA), "
beeg.com,cloudflare,"{""cloudflare"": ""third""}",True,True,False,False,"step 5 (SOA), "
beehiiv.com,cloudflare,"{""cloudflare"": ""third""}",True,True,False,False,"step 5 (SOA), "
beeper.com,cloudflare,"{""cloudflare"": ""third""}",True,True,False,False,"step 5 (SOA), "
beepityping.com,cloudflare,"{""cloudflare"": ""third""}",True,True,False,False,"step 5 (SOA), "
beepong.net,cloudflare,"{""cloudflare"": ""third""}",True,True,False,False,"step 5 (SOA), "
beezlepongmad.com,cloudflare,"{""cloudflare"": ""third""}",True,True,False,False,"step 5 (SOA), "
beget.com,twitter,"{""twitter"": ""private""}",False,False,False,False,"step 6, "
behance.net,amazon,"{""amazon"": ""private""}",False,False,False,False,"step 5 (SOA), "
belezanaweb.com.br,amazon|akamai,"{""amazon"": ""third"", ""akamai"": ""third""}",True,False,True,True,"step 5 (SOA), step 6, "
belk.com,fastly,"{""fastly"": ""third""}",True,True,False,False,"step 6, "
belkin.com,cloudflare,"{""cloudflare"": ""third""}",True,True,False,False,"step 5 (SOA), "
bell.ca,akamai,"{""akamai"": ""third""}",True,True,False,False,"step 6, "
bendingspoons.com,google,"{""google"": ""third""}",True,True,False,False,"step 5 (SOA), "
bendingspoonsapps.com,google,"{""google"": ""third""}",True,True,False,False,"step 5 (SOA), "
benphe.cc,cloudflare,"{""cloudflare"": ""third""}",True,True,False,False,"step 5 (SOA), "
bentley.com,microsoft,"{""microsoft"": ""third""}",True,True,False,False,"step 5 (SOA), "
benzinga.com,amazon|cloudflare,"{""amazon"": ""third"", ""cloudflare"": ""third""}",True,False,True,True,"step 5 (SOA), step 6, "
bereal.com,cloudflare,"{""cloudflare"": ""third""}",True,True,False,False,"step 5 (SOA), "
bereal.network,cloudflare,"{""cloudflare"": ""third""}",True,True,False,False,"step 5 (SOA), "
besoccer.com,fastly,"{""fastly"": ""third""}",True,True,False,False,"step 6, "
best61.com,cloudflare,"{""cloudflare"": ""third""}",True,True,False,False,"step 5 (SOA), "
best82.com,cloudflare,"{""cloudflare"": ""third""}",True,True,False,False,"step 5 (SOA), "
bestbuy.ca,akamai,"{""akamai"": ""third""}",True,True,False,False,"step 6, "
bestbuy.com,akamai,"{""akamai"": ""third""}",True,True,False,False,"step 6, "
bestlivecamgirls.org,microsoft|cloudflare,"{""microsoft"": ""private"", ""cloudflare"": ""third""}",True,False,True,False,"step 3, step 5 (SOA), "
bet365.bet.br,cloudflare,"{""cloudflare"": ""third""}",True,True,False,False,"step 6, "
bet365.com,cloudflare,"{""cloudflare"": ""third""}",True,True,False,False,"step 6, "
bet6.com.br,cloudflare,"{""cloudflare"": ""third""}",True,True,False,False,"step 5 (SOA), "
betano.bet.br,cloudflare,"{""cloudflare"": ""third""}",True,True,False,False,"step 5 (SOA), "
betano.com,cloudflare,"{""cloudflare"": ""third""}",True,True,False,False,"step 5 (SOA), "
betao.bet.br,cloudflare,"{""cloudflare"": ""third""}",True,True,False,False,"step 5 (SOA), "
betboom.ru,cloudflare,"{""cloudflare"": ""private""}",False,False,False,False,"step 5 (SOA), "
betfair.com,cloudflare,"{""cloudflare"": ""third""}",True,True,False,False,"step 5 (SOA), "
bethesda.net,amazon,"{""amazon"": ""third""}",True,True,False,False,"step 5 (SOA), "
betnacional.bet.br,cloudflare,"{""cloudflare"": ""third""}",True,True,False,False,"step 5 (SOA), "
betrad.com,amazon,"{""amazon"": ""third""}",True,True,False,False,"step 5 (SOA), "
betsapi.com,cloudflare,"{""cloudflare"": ""third""}",True,True,False,False,"step 5 (SOA), "
betterstack.com,cloudflare,"{""cloudflare"": ""third""}",True,True,False,False,"step 5 (SOA), "
betterstackdata.com,cloudflare,"{""cloudflare"": ""third""}",True,True,False,False,"step 5 (SOA), "
betterttv.net,cloudflare,"{""cloudflare"": ""third""}",True,True,False,False,"step 5 (SOA), "
betwayafrica.com,cloudflare,"{""cloudflare"": ""third""}",True,True,False,False,"step 5 (SOA), "
beusable.net,amazon,"{""amazon"": ""third""}",True,True,False,False,"step 5 (SOA), "
beyla.site,amazon,"{""amazon"": ""third""}",True,True,False,False,"step 5 (SOA), "
beyondtrustcloud.com,amazon,"{""amazon"": ""third""}",True,True,False,False,"step 5 (SOA), "
beyondwickedmapping.org,amazon|google,"{""amazon"": ""third"", ""google"": ""third""}",True,False,True,True,"step 5 (SOA), step 7, "
beyondwords.io,cloudflare,"{""cloudflare"": ""third""}",True,True,False,False,"step 5 (SOA), "
bezeq.co.il,amazon,"{""amazon"": ""third""}",True,True,False,False,"step 5 (SOA), "
bezformata.com,cloudflare,"{""cloudflare"": ""third""}",True,True,False,False,"step 5 (SOA), "
bfldr.com,amazon,"{""amazon"": ""third""}",True,True,False,False,"step 5 (SOA), "
bfmio.com,google,"{""google"": ""third""}",True,True,False,False,"step 5 (SOA), "
bgchprod.info,amazon,"{""amazon"": ""third""}",True,True,False,False,"step 5 (SOA), "
bgm.tv,cloudflare,"{""cloudflare"": ""third""}",True,True,False,False,"step 5 (SOA), "
bhphotovideo.com,cloudflare,"{""cloudflare"": ""third""}",True,True,False,False,"step 6, "
bhvrdbd.com,amazon,"{""amazon"": ""third""}",True,True,False,False,"step 5 (SOA), "
bi.live,microsoft|amazon,"{""microsoft"": ""private"", ""amazon"": ""third""}",True,False,True,False,"step 3, step 5 (SOA), "
biahosted.com,google,"{""google"": ""third""}",True,True,False,False,"step 5 (SOA), "
biahosted.net,google,"{""google"": ""third""}",True,True,False,False,"step 5 (SOA), "
bibledns.com,amazon,"{""amazon"": ""third""}",True,True,False,False,"step 5 (SOA), "
biblegateway.com,amazon,"{""amazon"": ""third""}",True,True,False,False,"step 5 (SOA), "
bibliocommons.com,amazon,"{""amazon"": ""private""}",False,False,False,False,"step 5 (SOA), "
bid-algorix.com,google,"{""google"": ""third""}",True,True,False,False,"step 5 (SOA), "
bidbrain.app,cloudflare,"{""cloudflare"": ""third""}",True,True,False,False,"step 5 (SOA), "
biddertmz.com,amazon,"{""amazon"": ""third""}",True,True,False,False,"step 5 (SOA), "
bidease.com,cloudflare,"{""cloudflare"": ""third""}",True,True,False,False,"step 5 (SOA), "
bidgx.com,cloudflare,"{""cloudflare"": ""third""}",True,True,False,False,"step 5 (SOA), "
bidmachine.io,cloudflare,"{""cloudflare"": ""third""}",True,True,False,False,"step 5 (SOA), "
bidmatic.io,cloudflare,"{""cloudflare"": ""third""}",True,True,False,False,"step 5 (SOA), "
bidr.io,amazon,"{""amazon"": ""third""}",True,True,False,False,"step 5 (SOA), "
bids.ws,cloudflare,"{""cloudflare"": ""third""}",True,True,False,False,"step 5 (SOA), "
bidster.net,cloudflare,"{""cloudflare"": ""third""}",True,True,False,False,"step 5 (SOA), "
bigbasket.com,amazon|akamai,"{""amazon"": ""third"", ""akamai"": ""third""}",True,False,True,True,"step 5 (SOA), step 6, "
bigcartel.com,cloudflare,"{""cloudflare"": ""third""}",True,True,False,False,"step 5 (SOA), "
bigcommerce.com,google|cloudflare,"{""google"": ""third"", ""cloudflare"": ""third""}",True,False,True,True,"step 5 (SOA), step 6, "
bigcontent.io,amazon,"{""amazon"": ""third""}",True,True,False,False,"step 7, "
bigcrunch.com,cloudflare,"{""cloudflare"": ""third""}",True,True,False,False,"step 5 (SOA), "
bigdatacloud.net,amazon,"{""amazon"": ""third""}",True,True,False,False,"step 5 (SOA), "
bigo.sg,amazon,"{""amazon"": ""private""}",False,False,False,False,"step 5 (SOA), "
bigolive.tv,microsoft|amazon,"{""microsoft"": ""private"", ""amazon"": ""private""}",False,False,True,False,"step 3, step 5 (SOA), "
bigw.com.au,akamai,"{""akamai"": ""third""}",True,True,False,False,"step 6, "
bik.gov.tr,cloudflare,"{""cloudflare"": ""third""}",True,True,False,False,"step 5 (SOA), "
bild.de,akamai,"{""akamai"": ""third""}",True,True,False,False,"step 6, "
biliapi.com,bilibili,"{""bilibili"": ""private""}",False,False,False,False,"step 2, "
bilibili.tv,google|alibaba,"{""google"": ""third"", ""alibaba"": ""third""}",True,False,True,True,"step 5 (SOA), step 6, "
biligame.com,tencent,"{""tencent"": ""third""}",True,True,False,False,"step 6, "
binance.com,amazon,"{""amazon"": ""third""}",True,True,False,False,"step 5 (SOA), "
binance.info,amazon|cloudflare,"{""amazon"": ""third"", ""cloudflare"": ""third""}",True,False,True,True,"step 5 (SOA), step 6, "
binance.org,amazon,"{""amazon"": ""third""}",True,True,False,False,"step 5 (SOA), "
binance.us,amazon,"{""amazon"": ""third""}",True,True,False,False,"step 5 (SOA), "
binance.vision,amazon,"{""amazon"": ""third""}",True,True,False,False,"step 5 (SOA), "
bing.com,microsoft|akamai,"{""microsoft"": ""private"", ""akamai"": ""third""}",True,False,True,False,"step 3, step 6, "
bing.net,microsoft,"{""microsoft"": ""private""}",False,False,False,False,"step 3, "
bingapis.com,microsoft,"{""microsoft"": ""private""}",False,False,False,False,"step 3, "
bingx.com,microsoft|cloudflare|amazon,"{""microsoft"": ""private"", ""cloudflare"": ""third"", ""amazon"": ""third""}",True,False,True,True,"step 3, step 5 (SOA), step 6, "
binotel.com,amazon,"{""amazon"": ""private""}",False,False,False,False,"step 5 (SOA), "
biorxiv.org,cloudflare,"{""cloudflare"": ""third""}",True,True,False,False,"step 5 (SOA), "
birdgesdk.com,amazon,"{""amazon"": ""third""}",True,True,False,False,"step 5 (SOA), "
bisecthosting.com,cloudflare,"{""cloudflare"": ""third""}",True,True,False,False,"step 5 (SOA), "
bistudio.com,cloudflare,"{""cloudflare"": ""third""}",True,True,False,False,"step 6, "
bit.ly,amazon,"{""amazon"": ""private""}",False,False,False,False,"step 5 (SOA), "
bitautoimg.com,tencent,"{""tencent"": ""third""}",True,True,False,False,"step 6, "
bitbucket.org,amazon,"{""amazon"": ""private""}",False,False,False,False,"step 5 (SOA), "
bitchute.com,cloudflare,"{""cloudflare"": ""third""}",True,True,False,False,"step 5 (SOA), "
bitcoinexplorer.org,cloudflare,"{""cloudflare"": ""third""}",True,True,False,False,"step 5 (SOA), "
bitcore.io,cloudflare,"{""cloudflare"": ""third""}",True,True,False,False,"step 5 (SOA), "
bitdefender.net,cloudflare,"{""cloudflare"": ""third""}",True,True,False,False,"step 6, "
bitdrift.io,amazon,"{""amazon"": ""third""}",True,True,False,False,"step 5 (SOA), "
bitflyer.com,akamai,"{""akamai"": ""third""}",True,True,False,False,"step 6, "
bitget.com,amazon|cloudflare|twitter,"{""amazon"": ""third"", ""cloudflare"": ""third"", ""twitter"": ""third""}",True,False,True,True,"step 5 (SOA), step 6, step 6, "
bithumb.com,cloudflare|akamai,"{""cloudflare"": ""third"", ""akamai"": ""third""}",True,False,True,True,"step 5 (SOA), step 6, "
bitmoji.com,amazon,"{""amazon"": ""third""}",True,True,False,False,"step 5 (SOA), "
bitmovin.com,cloudflare,"{""cloudflare"": ""third""}",True,True,False,False,"step 5 (SOA), "
bitping.com,cloudflare,"{""cloudflare"": ""third""}",True,True,False,False,"step 5 (SOA), "
bitrix.info,amazon,"{""amazon"": ""third""}",True,True,False,False,"step 5 (SOA), "
bitrix24.net,amazon,"{""amazon"": ""third""}",True,True,False,False,"step 5 (SOA), "
bitsearch.to,cloudflare,"{""cloudflare"": ""third""}",True,True,False,False,"step 5 (SOA), "
bitstamp.net,amazon|imperva,"{""amazon"": ""third"", ""imperva"": ""third""}",True,False,True,True,"step 5 (SOA), step 6, "
bittorrent.com,amazon,"{""amazon"": ""third""}",True,True,False,False,"step 6, "
bitvavo.com,cloudflare,"{""cloudflare"": ""third""}",True,True,False,False,"step 5 (SOA), "
bitwarden.com,cloudflare,"{""cloudflare"": ""third""}",True,True,False,False,"step 5 (SOA), "
bixbyllm.com,amazon,"{""amazon"": ""third""}",True,True,False,False,"step 5 (SOA), "
bka.sh,cloudflare,"{""cloudflare"": ""third""}",True,True,False,False,"step 5 (SOA), "
blablacar.com,google,"{""google"": ""private""}",False,False,False,False,"step 5 (SOA), "
blackberry.com,amazon,"{""amazon"": ""third""}",True,True,False,False,"step 5 (SOA), "
blackberry.net,amazon,"{""amazon"": ""private""}",False,False,False,False,"step 5 (SOA), "
blackboard.com,amazon,"{""amazon"": ""third""}",True,True,False,False,"step 5 (SOA), "
blastapi.io,cloudflare,"{""cloudflare"": ""third""}",True,True,False,False,"step 5 (SOA), "
blender.org,cloudflare,"{""cloudflare"": ""third""}",True,True,False,False,"step 5 (SOA), "
blibli.com,amazon|cloudflare,"{""amazon"": ""third"", ""cloudflare"": ""third""}",True,False,True,True,"step 5 (SOA), step 6, "
bliink.io,nextjs,"{""nextjs"": ""third""}",True,True,False,False,"step 7, "
blink-maps.com,cloudflare,"{""cloudflare"": ""third""}",True,True,False,False,"step 5 (SOA), "
blinkit.com,cloudflare,"{""cloudflare"": ""third""}",True,True,False,False,"step 7, "
blippington.com,cloudflare,"{""cloudflare"": ""third""}",True,True,False,False,"step 5 (SOA), "
blismedia.com,amazon|cloudflare,"{""amazon"": ""third"", ""cloudflare"": ""third""}",True,False,True,True,"step 5 (SOA), step 7, "
blisspointmedia.com,amazon,"{""amazon"": ""third""}",True,True,False,False,"step 5 (SOA), "
blitz.gg,cloudflare,"{""cloudflare"": ""third""}",True,True,False,False,"step 5 (SOA), "
blizzard.com,amazon,"{""amazon"": ""third""}",True,True,False,False,"step 5 (SOA), "
blockadsnot.com,bunnycdn|cdn77,"{""bunnycdn"": ""third"", ""cdn77"": ""third""}",True,False,True,True,"step 5 (SOA), step 6, "
blockchain.com,cloudflare,"{""cloudflare"": ""third""}",True,True,False,False,"step 5 (SOA), "
blockchain.info,cloudflare,"{""cloudflare"": ""third""}",True,True,False,False,"step 5 (SOA), "
blockcypher.com,cloudflare,"{""cloudflare"": ""third""}",True,True,False,False,"step 5 (SOA), "
blockifyapp.com,cloudflare,"{""cloudflare"": ""third""}",True,True,False,False,"step 5 (SOA), "
blockshopper.com,cloudflare,"{""cloudflare"": ""third""}",True,True,False,False,"step 5 (SOA), "
blocksite.co,amazon,"{""amazon"": ""private""}",False,False,False,False,"step 5 (SOA), "
blockstream.info,google,"{""google"": ""private""}",False,False,False,False,"step 5 (SOA), "
blogblog.com,google,"{""google"": ""third""}",True,True,False,False,"step 5 (SOA), "
blogger.com,google,"{""google"": ""third""}",True,True,False,False,"step 5 (SOA), "
blogspot.com,google,"{""google"": ""third""}",True,True,False,False,"step 5 (SOA), "
bloomberg.com,fastly,"{""fastly"": ""third""}",True,True,False,False,"step 6, "
bloomingdales.com,akamai,"{""akamai"": ""third""}",True,True,False,False,"step 6, "
bloomnation.com,amazon,"{""amazon"": ""third""}",True,True,False,False,"step 5 (SOA), "
bloomreach.co,google,"{""google"": ""third""}",True,True,False,False,"step 5 (SOA), "
bluebeam.com,amazon|cloudflare,"{""amazon"": ""third"", ""cloudflare"": ""third""}",True,False,True,True,"step 5 (SOA), step 7, "
bluebillywig.com,amazon,"{""amazon"": ""third""}",True,True,False,False,"step 5 (SOA), "
bluecava.com,amazon|fastly,"{""amazon"": ""private"", ""fastly"": ""private""}",False,False,True,False,"step 5 (SOA), step 7, "
blueconic.net,amazon,"{""amazon"": ""third""}",True,True,False,False,"step 5 (SOA), "
bluecore.app,google,"{""google"": ""third""}",True,True,False,False,"step 5 (SOA), "
bluecore.com,google,"{""google"": ""private""}",False,False,False,False,"step 5 (SOA), "
blueduckredapple.com,apple|cloudflare,"{""apple"": ""private"", ""cloudflare"": ""third""}",True,False,True,False,"step 3, step 5 (SOA), "
bluehost.com,cloudflare,"{""cloudflare"": ""third""}",True,True,False,False,"step 5 (SOA), "
bluestacks.com,amazon,"{""amazon"": ""third""}",True,True,False,False,"step 5 (SOA), "
bluetrafficstream.com,cloudflare,"{""cloudflare"": ""third""}",True,True,False,False,"step 5 (SOA), "
bluewin.ch,microsoft,"{""microsoft"": ""third""}",True,True,False,False,"step 6, "
bluexad.ai,cloudflare,"{""cloudflare"": ""third""}",True,True,False,False,"step 5 (SOA), "
blxrbdn.com,amazon,"{""amazon"": ""third""}",True,True,False,False,"step 5 (SOA), "
bm-ads.io,cloudflare|amazon,"{""cloudflare"": ""third"", ""amazon"": ""third""}",True,False,True,True,"step 5 (SOA), step 7, "
bmj.com,amazon|cloudflare,"{""amazon"": ""third"", ""cloudflare"": ""third""}",True,False,True,True,"step 5 (SOA), step 6, "
bmwgroup.com,akamai,"{""akamai"": ""third""}",True,True,False,False,"step 6, "
bnbchain.org,amazon,"{""amazon"": ""third""}",True,True,False,False,"step 5 (SOA), "
bnbstatic.com,amazon,"{""amazon"": ""third""}",True,True,False,False,"step 5 (SOA), "
bncloudfl.com,amazon,"{""amazon"": ""third""}",True,True,False,False,"step 5 (SOA), "
bntrace.com,amazon,"{""amazon"": ""third""}",True,True,False,False,"step 5 (SOA), "
bnxz.net,amazon,"{""amazon"": ""third""}",True,True,False,False,"step 5 (SOA), "
bol.com,google|akamai,"{""google"": ""third"", ""akamai"": ""third""}",True,False,True,True,"step 5 (SOA), step 6, "
boldapps.net,cloudflare,"{""cloudflare"": ""third""}",True,True,False,False,"step 5 (SOA), "
boldbouldersite.com,amazon,"{""amazon"": ""third""}",True,True,False,False,"step 5 (SOA), "
bolt.eu,amazon,"{""amazon"": ""third""}",True,True,False,False,"step 5 (SOA), "
boltdns.net,amazon,"{""amazon"": ""third""}",True,True,False,False,"step 5 (SOA), "
boltsvc.net,amazon,"{""amazon"": ""third""}",True,True,False,False,"step 5 (SOA), "
bonchat.download,cloudflare,"{""cloudflare"": ""third""}",True,True,False,False,"step 5 (SOA), "
bongacams.com,cloudflare,"{""cloudflare"": ""third""}",True,True,False,False,"step 6, "
bongsterpong.com,cloudflare,"{""cloudflare"": ""third""}",True,True,False,False,"step 5 (SOA), "
bonusnun.com,cloudflare,"{""cloudflare"": ""third""}",True,True,False,False,"step 5 (SOA), "
book118.com,huawei,"{""huawei"": ""third""}",True,True,False,False,"step 6, "
bookcdn.com,cloudflare,"{""cloudflare"": ""third""}",True,True,False,False,"step 5 (SOA), "
booking.com,amazon,"{""amazon"": ""third""}",True,True,False,False,"step 5 (SOA), "
bookshop.org,cloudflare,"{""cloudflare"": ""third""}",True,True,False,False,"step 5 (SOA), "
boomio-cdn.com,cloudflare,"{""cloudflare"": ""third""}",True,True,False,False,"step 5 (SOA), "
boomplay.com,amazon,"{""amazon"": ""third""}",True,True,False,False,"step 5 (SOA), "
boomplaymusic.com,amazon,"{""amazon"": ""third""}",True,True,False,False,"step 5 (SOA), "
boomtrain.com,cloudflare,"{""cloudflare"": ""third""}",True,True,False,False,"step 5 (SOA), "
booth.pm,cloudflare,"{""cloudflare"": ""third""}",True,True,False,False,"step 7, "
boots.com,imperva,"{""imperva"": ""third""}",True,True,False,False,"step 6, "
bootstrapcdn.com,stackpath|cloudflare,"{""stackpath"": ""private"", ""cloudflare"": ""third""}",True,False,True,False,"step 2, step 5 (SOA), "
bose.io,amazon,"{""amazon"": ""third""}",True,True,False,False,"step 5 (SOA), "
bounceexchange.com,google,"{""google"": ""third""}",True,True,False,False,"step 5 (SOA), "
bouncex.net,google,"{""google"": ""third""}",True,True,False,False,"step 5 (SOA), "
box.com,cloudflare,"{""cloudflare"": ""third""}",True,True,False,False,"step 6, "
boxcdn.net,cloudflare,"{""cloudflare"": ""third""}",True,True,False,False,"step 6, "
boyfriendtv.com,cloudflare,"{""cloudflare"": ""third""}",True,True,False,False,"step 5 (SOA), "
boyuanhulian.com,akamai,"{""akamai"": ""third""}",True,True,False,False,"step 6, "
bpcyber.com,amazon,"{""amazon"": ""third""}",True,True,False,False,"step 5 (SOA), "
bqstreamer.com,cloudflare,"{""cloudflare"": ""third""}",True,True,False,False,"step 5 (SOA), "
bradesco.com.br,akamai,"{""akamai"": ""third""}",True,True,False,False,"step 6, "
braiins.com,cloudflare,"{""cloudflare"": ""third""}",True,True,False,False,"step 5 (SOA), "
braintree-api.com,amazon,"{""amazon"": ""third""}",True,True,False,False,"step 5 (SOA), "
branch.io,amazon,"{""amazon"": ""third""}",True,True,False,False,"step 5 (SOA), "
brand-display.com,amazon,"{""amazon"": ""third""}",True,True,False,False,"step 5 (SOA), "
brandcdn.com,amazon,"{""amazon"": ""third""}",True,True,False,False,"step 5 (SOA), "
brandmetrics.com,cloudflare,"{""cloudflare"": ""third""}",True,True,False,False,"step 5 (SOA), "
brave.com,cloudflare|amazon,"{""cloudflare"": ""third"", ""amazon"": ""third""}",True,False,True,True,"step 5 (SOA), step 6, "
bravesoftware.com,cloudflare|amazon,"{""cloudflare"": ""third"", ""amazon"": ""third""}",True,False,True,True,"step 5 (SOA), step 6, "
brawlstars.com,amazon,"{""amazon"": ""third""}",True,True,False,False,"step 5 (SOA), "
brawlstarsgame.com,amazon,"{""amazon"": ""third""}",True,True,False,False,"step 5 (SOA), "
braze-images.com,amazon,"{""amazon"": ""third""}",True,True,False,False,"step 5 (SOA), "
braze.com,amazon,"{""amazon"": ""third""}",True,True,False,False,"step 5 (SOA), "
braze.eu,amazon,"{""amazon"": ""third""}",True,True,False,False,"step 5 (SOA), "
brdtest.com,amazon|twitter,"{""amazon"": ""private"", ""twitter"": ""private""}",False,False,True,False,"step 5 (SOA), step 6, "
brdtnet.com,amazon,"{""amazon"": ""third""}",True,True,False,False,"step 5 (SOA), "
brevo.com,cloudflare,"{""cloudflare"": ""third""}",True,True,False,False,"step 5 (SOA), "
brew.sh,github,"{""github"": ""third""}",True,True,False,False,"step 6, "
bri.co.id,imperva,"{""imperva"": ""third""}",True,True,False,False,"step 6, "
bricklink.com,cloudflare|amazon,"{""cloudflare"": ""third"", ""amazon"": ""third""}",True,False,True,True,"step 5 (SOA), step 6, "
bricks-co.com,cloudflare,"{""cloudflare"": ""third""}",True,True,False,False,"step 5 (SOA), "
bridgeoos.com,amazon,"{""amazon"": ""third""}",True,True,False,False,"step 5 (SOA), "
bright-sdk.com,cloudflare,"{""cloudflare"": ""third""}",True,True,False,False,"step 5 (SOA), "
brightcloud.com,digicert|amazon,"{""digicert"": ""third"", ""amazon"": ""third""}",True,False,True,True,"step 5 (SOA), step 6, "
brightcove.com,amazon,"{""amazon"": ""third""}",True,True,False,False,"step 5 (SOA), "
brightcove.net,amazon,"{""amazon"": ""third""}",True,True,False,False,"step 5 (SOA), "
brightcovecdn.com,amazon|fastly,"{""amazon"": ""third"", ""fastly"": ""third""}",True,False,True,True,"step 5 (SOA), step 6, "
brightline.tv,digicert|cloudflare,"{""digicert"": ""third"", ""cloudflare"": ""third""}",True,False,True,True,"step 5 (SOA), step 7, "
brightspace.com,amazon,"{""amazon"": ""third""}",True,True,False,False,"step 5 (SOA), "
brightspotcdn.com,amazon,"{""amazon"": ""third""}",True,True,False,False,"step 5 (SOA), "
brightvpn.com,cloudflare,"{""cloudflare"": ""third""}",True,True,False,False,"step 5 (SOA), "
brilliant.tech,amazon|shopify,"{""amazon"": ""third"", ""shopify"": ""third""}",True,False,True,True,"step 5 (SOA), step 6, "
brilliantchap.com,amazon,"{""amazon"": ""third""}",True,True,False,False,"step 5 (SOA), "
brinkpos.net,amazon,"{""amazon"": ""third""}",True,True,False,False,"step 5 (SOA), "
britannica.com,amazon|cloudflare,"{""amazon"": ""third"", ""cloudflare"": ""third""}",True,False,True,True,"step 5 (SOA), step 6, "
brivo.com,amazon|wordpress,"{""amazon"": ""third"", ""wordpress"": ""third""}",True,False,True,True,"step 5 (SOA), step 6, "
bro-transsion.com,amazon,"{""amazon"": ""third""}",True,True,False,False,"step 5 (SOA), "
broadcom.com,cloudflare,"{""cloudflare"": ""private""}",False,False,False,False,"step 6, "
broadsign.com,amazon|netlify,"{""amazon"": ""third"", ""netlify"": ""third""}",True,False,True,True,"step 5 (SOA), step 6, "
bromium-online.com,cloudflare,"{""cloudflare"": ""third""}",True,True,False,False,"step 5 (SOA), "
bronze.systems,amazon,"{""amazon"": ""third""}",True,True,False,False,"step 5 (SOA), "
brother.co.jp,amazon,"{""amazon"": ""third""}",True,True,False,False,"step 6, "
brother.com,akamai,"{""akamai"": ""third""}",True,True,False,False,"step 6, "
browser-intake-datadoghq.com,amazon,"{""amazon"": ""third""}",True,True,False,False,"step 5 (SOA), "
browser-intake-datadoghq.eu,google,"{""google"": ""third""}",True,True,False,False,"step 5 (SOA), "
browser-intake-us3-datadoghq.com,microsoft,"{""microsoft"": ""third""}",True,True,False,False,"step 5 (SOA), "
browser-intake-us5-datadoghq.com,google,"{""google"": ""third""}",True,True,False,False,"step 5 (SOA), "
browser-update.org,cloudflare,"{""cloudflare"": ""third""}",True,True,False,False,"step 5 (SOA), "
browsiprod.com,amazon,"{""amazon"": ""third""}",True,True,False,False,"step 5 (SOA), "
bruteprotect.com,twitter,"{""twitter"": ""private""}",False,False,False,False,"step 6, "
bsclink.cn,baishan,"{""baishan"": ""private""}",False,False,False,False,"step 2, "
bsgslb.cn,baishan,"{""baishan"": ""private""}",False,False,False,False,"step 2, "
bsky.app,amazon,"{""amazon"": ""third""}",True,True,False,False,"step 5 (SOA), "
bsky.network,amazon,"{""amazon"": ""third""}",True,True,False,False,"step 5 (SOA), "
bsky.social,amazon,"{""amazon"": ""third""}",True,True,False,False,"step 5 (SOA), "
bsn.cloud,cloudflare,"{""cloudflare"": ""third""}",True,True,False,False,"step 5 (SOA), "
bstarstatic.com,google,"{""google"": ""third""}",True,True,False,False,"step 5 (SOA), "
bstatic.com,amazon,"{""amazon"": ""private""}",False,False,False,False,"step 5 (SOA), "
bstats.org,cloudflare,"{""cloudflare"": ""third""}",True,True,False,False,"step 5 (SOA), "
bt.co,amazon,"{""amazon"": ""third""}",True,True,False,False,"step 5 (SOA), "
bt.com,imperva,"{""imperva"": ""third""}",True,True,False,False,"step 6, "
bt4g.com,cloudflare,"{""cloudflare"": ""third""}",True,True,False,False,"step 5 (SOA), "
btcscan.org,cloudflare,"{""cloudflare"": ""third""}",True,True,False,False,"step 5 (SOA), "
btg360.com.br,cloudflare,"{""cloudflare"": ""third""}",True,True,False,False,"step 5 (SOA), "
btinternet.com,twitter|imperva,"{""twitter"": ""third"", ""imperva"": ""third""}",True,False,True,True,"step 6, step 6, "
btloader.com,cloudflare,"{""cloudflare"": ""third""}",True,True,False,False,"step 5 (SOA), "
btmessage.com,cloudflare,"{""cloudflare"": ""third""}",True,True,False,False,"step 5 (SOA), "
btttag.com,cloudflare,"{""cloudflare"": ""third""}",True,True,False,False,"step 5 (SOA), "
bu.edu,amazon,"{""amazon"": ""third""}",True,True,False,False,"step 6, "
bucoup.com,amazon,"{""amazon"": ""third""}",True,True,False,False,"step 5 (SOA), "
buecher.de,cloudflare,"{""cloudflare"": ""third""}",True,True,False,False,"step 5 (SOA), "
buffalo.jp,amazon,"{""amazon"": ""third""}",True,True,False,False,"step 5 (SOA), "
buffbuff.com,cloudflare,"{""cloudflare"": ""third""}",True,True,False,False,"step 5 (SOA), "
buffbuff.top,cloudflare,"{""cloudflare"": ""third""}",True,True,False,False,"step 5 (SOA), "
bugfender.com,cloudflare,"{""cloudflare"": ""third""}",True,True,False,False,"step 5 (SOA), "
bugherd.com,cloudflare,"{""cloudflare"": ""third""}",True,True,False,False,"step 5 (SOA), "
bugsnag.com,amazon|cloudflare,"{""amazon"": ""third"", ""cloudflare"": ""third""}",True,False,True,True,"step 5 (SOA), step 6, "
buienradar.nl,akamai,"{""akamai"": ""third""}",True,True,False,False,"step 6, "
builder.io,amazon,"{""amazon"": ""third""}",True,True,False,False,"step 6, "
bundlecdn.com,cloudflare,"{""cloudflare"": ""third""}",True,True,False,False,"step 5 (SOA), "
bungie.net,cloudflare,"{""cloudflare"": ""third""}",True,True,False,False,"step 5 (SOA), "
bunny.net,bunnycdn,"{""bunnycdn"": ""private""}",False,False,False,False,"step 2, "
bunnyinfra.net,bunnycdn,"{""bunnycdn"": ""private""}",False,False,False,False,"step 3, "
bureau.id,amazon,"{""amazon"": ""third""}",True,True,False,False,"step 5 (SOA), "
buscari.com,alibaba,"{""alibaba"": ""third""}",True,True,False,False,"step 6, "
business-spravka.xyz,amazon,"{""amazon"": ""third""}",True,True,False,False,"step 5 (SOA), "
businessinsider.com,fastly,"{""fastly"": ""third""}",True,True,False,False,"step 6, "
buyee.jp,amazon,"{""amazon"": ""third""}",True,True,False,False,"step 5 (SOA), "
buzocq.com,cloudflare,"{""cloudflare"": ""third""}",True,True,False,False,"step 5 (SOA), "
buzzfeed.com,amazon|fastly,"{""amazon"": ""third"", ""fastly"": ""third""}",True,False,True,True,"step 5 (SOA), step 6, "
buzzsprout.com,cloudflare,"{""cloudflare"": ""third""}",True,True,False,False,"step 5 (SOA), "
bvsalud.org,bunnycdn,"{""bunnycdn"": ""private""}",False,False,False,False,"step 5 (SOA), "
bx-msedge.net,microsoft,"{""microsoft"": ""private""}",False,False,False,False,"step 3, "
byabcde.com,amazon,"{""amazon"": ""third""}",True,True,False,False,"step 5 (SOA), "
byapps.net,amazon,"{""amazon"": ""third""}",True,True,False,False,"step 5 (SOA), "
bybdc6.com,amazon,"{""amazon"": ""third""}",True,True,False,False,"step 5 (SOA), "
bybit.biz,amazon|akamai,"{""amazon"": ""third"", ""akamai"": ""third""}",True,False,True,True,"step 5 (SOA), step 6, "
bybit.com,amazon|akamai,"{""amazon"": ""third"", ""akamai"": ""third""}",True,False,True,True,"step 5 (SOA), step 6, "
byd3c3.com,amazon,"{""amazon"": ""third""}",True,True,False,False,"step 5 (SOA), "
bydata.com,amazon,"{""amazon"": ""third""}",True,True,False,False,"step 5 (SOA), "
bystys.tech,amazon,"{""amazon"": ""third""}",True,True,False,False,"step 5 (SOA), "
bytebrew.io,google,"{""google"": ""third""}",True,True,False,False,"step 5 (SOA), "
bytecdn.cn,bytedance,"{""bytedance"": ""private""}",False,False,False,False,"step 2, "
byteconnect.io,cloudflare,"{""cloudflare"": ""third""}",True,True,False,False,"step 5 (SOA), "
bytedance.com,bytedance|tiktok|akamai,"{""bytedance"": ""private"", ""tiktok"": ""private"", ""akamai"": ""third""}",True,False,True,False,"step 2, step 3, step 6, "
bytedance.net,tiktok,"{""tiktok"": ""private""}",False,False,False,False,"step 3, "
bytegle.tech,amazon,"{""amazon"": ""third""}",True,True,False,False,"step 5 (SOA), "
byteigtm-us.com,amazon,"{""amazon"": ""third""}",True,True,False,False,"step 5 (SOA), "
byteigtm.com,amazon,"{""amazon"": ""third""}",True,True,False,False,"step 5 (SOA), "
byteimg.com,bytedance,"{""bytedance"": ""private""}",False,False,False,False,"step 2, "
bytello.com,amazon,"{""amazon"": ""private""}",False,False,False,False,"step 5 (SOA), "
bytevcloud.com,amazon,"{""amazon"": ""third""}",True,True,False,False,"step 5 (SOA), "
bzzcast.com,amazon,"{""amazon"": ""third""}",True,True,False,False,"step 5 (SOA), "
c1oudfront.com,amazon,"{""amazon"": ""third""}",True,True,False,False,"step 5 (SOA), "
c6bank.app,cloudflare,"{""cloudflare"": ""third""}",True,True,False,False,"step 5 (SOA), "
c6gj-static.net,amazon,"{""amazon"": ""private""}",False,False,False,False,"step 5 (SOA), "
ca.gov,cloudflare|microsoft,"{""cloudflare"": ""third"", ""microsoft"": ""third""}",True,False,True,True,"step 5 (SOA), step 6, "
cachefly.net,cachefly,"{""cachefly"": ""private""}",False,False,False,False,"step 2, "
cadent.com,amazon,"{""amazon"": ""third""}",True,True,False,False,"step 5 (SOA), "
cakeisalie.co.uk,cloudflare,"{""cloudflare"": ""third""}",True,True,False,False,"step 5 (SOA), "
calendly.com,cloudflare,"{""cloudflare"": ""third""}",True,True,False,False,"step 5 (SOA), "
calix.com,amazon|fastly,"{""amazon"": ""third"", ""fastly"": ""third""}",True,False,True,True,"step 5 (SOA), step 6, "
calldorado-api.com,amazon,"{""amazon"": ""third""}",True,True,False,False,"step 5 (SOA), "
calldorado.com,amazon,"{""amazon"": ""third""}",True,True,False,False,"step 5 (SOA), "
callofduty.com,akamai,"{""akamai"": ""third""}",True,True,False,False,"step 6, "
callrail.com,amazon,"{""amazon"": ""third""}",True,True,False,False,"step 5 (SOA), "
caltech.edu,cloudflare,"{""cloudflare"": ""third""}",True,True,False,False,"step 5 (SOA), "
cam4.com,amazon,"{""amazon"": ""third""}",True,True,False,False,"step 5 (SOA), "
cambaddies.com,cloudflare|twitter,"{""cloudflare"": ""third"", ""twitter"": ""third""}",True,False,True,True,"step 5 (SOA), step 6, "
cambiumnetworks.com,cloudflare|wordpress,"{""cloudflare"": ""third"", ""wordpress"": ""third""}",True,False,True,True,"step 5 (SOA), step 6, "
cambridge.org,cloudflare,"{""cloudflare"": ""third""}",True,True,False,False,"step 5 (SOA), "
campfirecroutondecorator.com,amazon,"{""amazon"": ""third""}",True,True,False,False,"step 5 (SOA), "
camscanner.com,amazon|cloudflare,"{""amazon"": ""third"", ""cloudflare"": ""third""}",True,False,True,True,"step 5 (SOA), step 6, "
camsoda.com,cloudflare,"{""cloudflare"": ""third""}",True,True,False,False,"step 5 (SOA), "
canada.ca,akamai,"{""akamai"": ""third""}",True,True,False,False,"step 6, "
canireachthe.net,amazon,"{""amazon"": ""private""}",False,False,False,False,"step 5 (SOA), "
canny.io,amazon,"{""amazon"": ""third""}",True,True,False,False,"step 5 (SOA), "
canva-apps.com,cloudflare,"{""cloudflare"": ""third""}",True,True,False,False,"step 5 (SOA), "
canva.com,amazon|cloudflare,"{""amazon"": ""third"", ""cloudflare"": ""third""}",True,False,True,True,"step 5 (SOA), step 6, "
canvas-user-content.com,amazon,"{""amazon"": ""third""}",True,True,False,False,"step 5 (SOA), "
capcut.com,akamai,"{""akamai"": ""third""}",True,True,False,False,"step 6, "
capcutw.us,akamai,"{""akamai"": ""third""}",True,True,False,False,"step 6, "
capitalone.com,akamai,"{""akamai"": ""third""}",True,True,False,False,"step 6, "
capitaloneshopping.com,cloudflare,"{""cloudflare"": ""third""}",True,True,False,False,"step 5 (SOA), "
capitaltop.org,cloudflare,"{""cloudflare"": ""third""}",True,True,False,False,"step 5 (SOA), "
caprofitx.com,amazon,"{""amazon"": ""third""}",True,True,False,False,"step 5 (SOA), "
capsolver.com,cloudflare,"{""cloudflare"": ""third""}",True,True,False,False,"step 5 (SOA), "
captcha-delivery.com,microsoft|amazon,"{""microsoft"": ""private"", ""amazon"": ""third""}",True,False,True,False,"step 3, step 5 (SOA), "
captioncall.com,amazon,"{""amazon"": ""third""}",True,True,False,False,"step 5 (SOA), "
cardinalcommerce.com,cloudflare,"{""cloudflare"": ""third""}",True,True,False,False,"step 5 (SOA), "
cargurus.com,amazon|fastly,"{""amazon"": ""third"", ""fastly"": ""third""}",True,False,True,True,"step 5 (SOA), step 6, "
cariad.digital,microsoft,"{""microsoft"": ""third""}",True,True,False,False,"step 5 (SOA), "
carrefour.fr,cloudflare,"{""cloudflare"": ""third""}",True,True,False,False,"step 5 (SOA), "
carriersignal.info,meta,"{""meta"": ""private""}",False,False,False,False,"step 5 (SOA), "
carrstuv.com,cloudflare,"{""cloudflare"": ""third""}",True,True,False,False,"step 6, "
cars.com,amazon|cloudflare,"{""amazon"": ""private"", ""cloudflare"": ""private""}",False,False,True,False,"step 5 (SOA), step 6, "
cart-bot.net,cloudflare,"{""cloudflare"": ""third""}",True,True,False,False,"step 5 (SOA), "
cartocdn.com,amazon,"{""amazon"": ""third""}",True,True,False,False,"step 5 (SOA), "
cartrawler.com,amazon,"{""amazon"": ""third""}",True,True,False,False,"step 6, "
casalemedia.com,cloudflare,"{""cloudflare"": ""third""}",True,True,False,False,"step 5 (SOA), "
casaos.app,cloudflare|github,"{""cloudflare"": ""third"", ""github"": ""third""}",True,False,True,True,"step 5 (SOA), step 6, "
casasbahia.com.br,akamai,"{""akamai"": ""third""}",True,True,False,False,"step 6, "
cashappapi.com,amazon,"{""amazon"": ""third""}",True,True,False,False,"step 5 (SOA), "
castbox.fm,cloudflare,"{""cloudflare"": ""third""}",True,True,False,False,"step 5 (SOA), "
cat.com,akamai,"{""akamai"": ""third""}",True,True,False,False,"step 6, "
catonet.works,amazon,"{""amazon"": ""third""}",True,True,False,False,"step 5 (SOA), "
catonetworks.com,amazon|imperva,"{""amazon"": ""third"", ""imperva"": ""third""}",True,False,True,True,"step 5 (SOA), step 6, "
catsonictp.com,amazon,"{""amazon"": ""third""}",True,True,False,False,"step 5 (SOA), "
cbc.ca,akamai,"{""akamai"": ""third""}",True,True,False,False,"step 6, "
cbhomes.com,amazon,"{""amazon"": ""third""}",True,True,False,False,"step 5 (SOA), "
cbs.com,fastly,"{""fastly"": ""private""}",False,False,False,False,"step 6, "
cbsaavideo.com,amazon,"{""amazon"": ""third""}",True,True,False,False,"step 5 (SOA), "
cbsivideo.com,amazon,"{""amazon"": ""third""}",True,True,False,False,"step 5 (SOA), "
cbsnews.com,fastly,"{""fastly"": ""third""}",True,True,False,False,"step 6, "
cbssports.com,fastly,"{""fastly"": ""third""}",True,True,False,False,"step 6, "
cc-ecdn.net,amazon,"{""amazon"": ""third""}",True,True,False,False,"step 5 (SOA), "
ccgateway.net,microsoft,"{""microsoft"": ""third""}",True,True,False,False,"step 5 (SOA), "
cctv.com,wangsu,"{""wangsu"": ""third""}",True,True,False,False,"step 6, "
cdiscount.com,twitter|cloudflare,"{""twitter"": ""third"", ""cloudflare"": ""third""}",True,False,True,True,"step 6, step 6, "
cdlib.org,amazon,"{""amazon"": ""third""}",True,True,False,False,"step 5 (SOA), "
cdn-api-weglot.com,cloudflare,"{""cloudflare"": ""third""}",True,True,False,False,"step 5 (SOA), "
cdn-apple.com,apple,"{""apple"": ""private""}",False,False,False,False,"step 2, "
cdn-cookieyes.com,cloudflare,"{""cloudflare"": ""third""}",True,True,False,False,"step 5 (SOA), "
cdn-fc.com,cloudflare,"{""cloudflare"": ""third""}",True,True,False,False,"step 5 (SOA), "
cdn-fileserver.com,cloudflare,"{""cloudflare"": ""third""}",True,True,False,False,"step 5 (SOA), "
cdn-go.cn,tencent,"{""tencent"": ""third""}",True,True,False,False,"step 6, "
cdn-lab.shop,cloudflare,"{""cloudflare"": ""third""}",True,True,False,False,"step 5 (SOA), "
cdn-net.com,amazon,"{""amazon"": ""third""}",True,True,False,False,"step 5 (SOA), "
cdn-redfin.com,amazon,"{""amazon"": ""third""}",True,True,False,False,"step 5 (SOA), "
cdn-sw.net,amazon,"{""amazon"": ""third""}",True,True,False,False,"step 5 (SOA), "
cdn-website.com,amazon,"{""amazon"": ""third""}",True,True,False,False,"step 5 (SOA), "
cdn4image.com,cloudflare,"{""cloudflare"": ""third""}",True,True,False,False,"step 5 (SOA), "
cdn77.org,cdn77,"{""cdn77"": ""private""}",False,False,False,False,"step 2, "
cdnbasket.net,google,"{""google"": ""third""}",True,True,False,False,"step 5 (SOA), "
cdnbye.com,cloudflare,"{""cloudflare"": ""third""}",True,True,False,False,"step 5 (SOA), "
cdndex.io,amazon,"{""amazon"": ""third""}",True,True,False,False,"step 5 (SOA), "
cdnfonts.com,cloudflare,"{""cloudflare"": ""third""}",True,True,False,False,"step 5 (SOA), "
cdngslb.com,alibaba,"{""alibaba"": ""private""}",False,False,False,False,"step 2, "
cdnhwc1.com,huawei,"{""huawei"": ""private""}",False,False,False,False,"step 2, "
cdnhwc2.com,huawei,"{""huawei"": ""private""}",False,False,False,False,"step 2, "
cdnhwc3.com,huawei,"{""huawei"": ""private""}",False,False,False,False,"step 2, "
cdnhwcchh18.com,apple,"{""apple"": ""third""}",True,True,False,False,"step 5 (SOA), "
cdnhwchcg02.com,apple,"{""apple"": ""third""}",True,True,False,False,"step 5 (SOA), "
cdnhwcjog12.com,apple,"{""apple"": ""third""}",True,True,False,False,"step 5 (SOA), "
cdnhwcoem01.com,apple,"{""apple"": ""third""}",True,True,False,False,"step 5 (SOA), "
cdnhwctnm107.com,apple,"{""apple"": ""third""}",True,True,False,False,"step 5 (SOA), "
cdnhwcxcy07.com,apple,"{""apple"": ""third""}",True,True,False,False,"step 5 (SOA), "
cdnhwczba04.com,apple,"{""apple"": ""third""}",True,True,False,False,"step 5 (SOA), "
cdninstagram.com,meta,"{""meta"": ""private""}",False,False,False,False,"step 2, "
cdnjs.com,cloudflare,"{""cloudflare"": ""third""}",True,True,False,False,"step 5 (SOA), "
cdnpf.com,cloudflare,"{""cloudflare"": ""third""}",True,True,False,False,"step 5 (SOA), "
cdnpure.com,cloudflare,"{""cloudflare"": ""third""}",True,True,False,False,"step 5 (SOA), "
cdnsolutions.media,cloudflare,"{""cloudflare"": ""third""}",True,True,False,False,"step 5 (SOA), "
cdnstream1.com,amazon,"{""amazon"": ""third""}",True,True,False,False,"step 5 (SOA), "
cdnvideo.ru,cdnvideo,"{""cdnvideo"": ""private""}",False,False,False,False,"step 2, "
cdnwidget.com,cloudflare,"{""cloudflare"": ""third""}",True,True,False,False,"step 5 (SOA), "
cdreader.com,akamai,"{""akamai"": ""third""}",True,True,False,False,"step 6, "
cdtx.co,amazon,"{""amazon"": ""third""}",True,True,False,False,"step 5 (SOA), "
cdw.com,akamai,"{""akamai"": ""third""}",True,True,False,False,"step 6, "
cebupacificair.com,akamai,"{""akamai"": ""third""}",True,True,False,False,"step 6, "
cellrebel.com,amazon,"{""amazon"": ""third""}",True,True,False,False,"step 5 (SOA), "
celtra.com,amazon|cloudflare,"{""amazon"": ""third"", ""cloudflare"": ""third""}",True,False,True,True,"step 5 (SOA), step 7, "
censys-scanner.com,google,"{""google"": ""third""}",True,True,False,False,"step 5 (SOA), "
centauro.com.br,akamai,"{""akamai"": ""third""}",True,True,False,False,"step 6, "
centrastage.net,amazon,"{""amazon"": ""third""}",True,True,False,False,"step 5 (SOA), "
centurygame.com,amazon,"{""amazon"": ""third""}",True,True,False,False,"step 5 (SOA), "
centurylink.net,fastly,"{""fastly"": ""third""}",True,True,False,False,"step 7, "
certainly.com,fastly,"{""fastly"": ""third""}",True,True,False,False,"step 6, "
cettire.com,amazon,"{""amazon"": ""third""}",True,True,False,False,"step 5 (SOA), "
cfx.re,akamai,"{""akamai"": ""third""}",True,True,False,False,"step 6, "
cgkthn.com,cloudflare,"{""cloudflare"": ""third""}",True,True,False,False,"step 5 (SOA), "
cgnx.net,amazon,"{""amazon"": ""third""}",True,True,False,False,"step 5 (SOA), "
cgtn.com,tencent,"{""tencent"": ""third""}",True,True,False,False,"step 6, "
chainnear.com,amazon,"{""amazon"": ""third""}",True,True,False,False,"step 5 (SOA), "
chameleon.io,amazon|fastly,"{""amazon"": ""third"", ""fastly"": ""third""}",True,False,True,True,"step 5 (SOA), step 6, "
chanel.com,akamai,"{""akamai"": ""third""}",True,True,False,False,"step 6, "
change.org,amazon,"{""amazon"": ""third""}",True,True,False,False,"step 5 (SOA), "
changelly.com,cloudflare,"{""cloudflare"": ""third""}",True,True,False,False,"step 5 (SOA), "
channel.io,amazon,"{""amazon"": ""third""}",True,True,False,False,"step 5 (SOA), "
channel4.com,amazon|akamai,"{""amazon"": ""third"", ""akamai"": ""third""}",True,False,True,True,"step 5 (SOA), step 6, "
channeladvisor.com,amazon,"{""amazon"": ""third""}",True,True,False,False,"step 5 (SOA), "
channelcom.tech,amazon,"{""amazon"": ""third""}",True,True,False,False,"step 5 (SOA), "
channelexco.com,amazon,"{""amazon"": ""third""}",True,True,False,False,"step 5 (SOA), "
chapturist.com,cloudflare,"{""cloudflare"": ""third""}",True,True,False,False,"step 5 (SOA), "
character.ai,cloudflare,"{""cloudflare"": ""third""}",True,True,False,False,"step 5 (SOA), "
characterai.io,cloudflare,"{""cloudflare"": ""third""}",True,True,False,False,"step 5 (SOA), "
chargebee.com,amazon,"{""amazon"": ""third""}",True,True,False,False,"step 5 (SOA), "
chargepoint.com,amazon|fastly,"{""amazon"": ""third"", ""fastly"": ""third""}",True,False,True,True,"step 5 (SOA), step 6, "
chartbeat.com,amazon|twitter,"{""amazon"": ""private"", ""twitter"": ""private""}",False,False,True,False,"step 5 (SOA), step 6, "
chartbeat.net,amazon,"{""amazon"": ""third""}",True,True,False,False,"step 5 (SOA), "
chartboost.com,amazon,"{""amazon"": ""third""}",True,True,False,False,"step 5 (SOA), "
charter.net,amazon,"{""amazon"": ""third""}",True,True,False,False,"step 6, "
chase.com,akamai,"{""akamai"": ""third""}",True,True,False,False,"step 6, "
chaseherbalpasty.com,amazon,"{""amazon"": ""third""}",True,True,False,False,"step 5 (SOA), "
chatgpt.com,cloudflare,"{""cloudflare"": ""third""}",True,True,False,False,"step 5 (SOA), "
chatra.io,cloudflare,"{""cloudflare"": ""third""}",True,True,False,False,"step 5 (SOA), "
chaturbate.com,cloudflare,"{""cloudflare"": ""third""}",True,True,False,False,"step 7, "
chatway.app,cloudflare,"{""cloudflare"": ""third""}",True,True,False,False,"step 5 (SOA), "
chatwoot.com,amazon|netlify,"{""amazon"": ""third"", ""netlify"": ""third""}",True,False,True,True,"step 5 (SOA), step 6, "
chavesnamao.com.br,cloudflare,"{""cloudflare"": ""third""}",True,True,False,False,"step 5 (SOA), "
check24.de,digicert,"{""digicert"": ""third""}",True,True,False,False,"step 5 (SOA), "
checkpoint.com,amazon,"{""amazon"": ""third""}",True,True,False,False,"step 6, "
checktrustworthiness.com,amazon,"{""amazon"": ""third""}",True,True,False,False,"step 5 (SOA), "
chegg.com,amazon,"{""amazon"": ""third""}",True,True,False,False,"step 5 (SOA), "
cheqzone.com,amazon,"{""amazon"": ""third""}",True,True,False,False,"step 5 (SOA), "
chess.com,cloudflare,"{""cloudflare"": ""third""}",True,True,False,False,"step 5 (SOA), "
chewy.com,akamai,"{""akamai"": ""third""}",True,True,False,False,"step 6, "
chime.aws,amazon,"{""amazon"": ""private""}",False,False,False,False,"step 3, "
chinacloudapi.cn,microsoft,"{""microsoft"": ""third""}",True,True,False,False,"step 5 (SOA), "
chinanetcenter.com,wangsu,"{""wangsu"": ""private""}",False,False,False,False,"step 2, "
chinanews.com,wangsu,"{""wangsu"": ""third""}",True,True,False,False,"step 6, "
chinatax.gov.cn,wangsu,"{""wangsu"": ""third""}",True,True,False,False,"step 6, "
chocolatey.org,cloudflare,"{""cloudflare"": ""third""}",True,True,False,False,"step 5 (SOA), "
chocopinglate.org,cloudflare,"{""cloudflare"": ""third""}",True,True,False,False,"step 5 (SOA), "
chordify.net,cloudflare,"{""cloudflare"": ""private""}",False,False,False,False,"step 5 (SOA), "
christianbook.com,akamai,"{""akamai"": ""third""}",True,True,False,False,"step 6, "
chrome.com,google,"{""google"": ""third""}",True,True,False,False,"step 5 (SOA), "
chromium.org,google,"{""google"": ""third""}",True,True,False,False,"step 5 (SOA), "
chrono24.com,cloudflare,"{""cloudflare"": ""third""}",True,True,False,False,"step 5 (SOA), "
chujingapp.com,cloudflare|amazon,"{""cloudflare"": ""third"", ""amazon"": ""third""}",True,False,True,True,"step 5 (SOA), step 6, "
churchofjesuschrist.org,akamai,"{""akamai"": ""third""}",True,True,False,False,"step 6, "
churnzero.net,amazon,"{""amazon"": ""private""}",False,False,False,False,"step 5 (SOA), "
ciciai.com,amazon|akamai,"{""amazon"": ""third"", ""akamai"": ""third""}",True,False,True,True,"step 5 (SOA), step 6, "
cielo.com.br,akamai,"{""akamai"": ""third""}",True,True,False,False,"step 6, "
cifraclub.com.br,amazon|akamai,"{""amazon"": ""third"", ""akamai"": ""third""}",True,False,True,True,"step 5 (SOA), step 6, "
cilema.xyz,cloudflare,"{""cloudflare"": ""third""}",True,True,False,False,"step 5 (SOA), "
cimri.com,cloudflare,"{""cloudflare"": ""third""}",True,True,False,False,"step 5 (SOA), "
cineca.it,cloudflare,"{""cloudflare"": ""private""}",False,False,False,False,"step 6, "
cira.ca,cloudflare,"{""cloudflare"": ""third""}",True,True,False,False,"step 6, "
circleci.com,amazon,"{""amazon"": ""third""}",True,True,False,False,"step 5 (SOA), "
cirrussystem.net,amazon,"{""amazon"": ""third""}",True,True,False,False,"step 5 (SOA), "
cisco.com,akamai,"{""akamai"": ""third""}",True,True,False,False,"step 6, "
ciscospark.com,amazon|akamai,"{""amazon"": ""third"", ""akamai"": ""third""}",True,False,True,True,"step 5 (SOA), step 6, "
citi.com,akamai,"{""akamai"": ""third""}",True,True,False,False,"step 6, "
citigroup.com,akamai,"{""akamai"": ""third""}",True,True,False,False,"step 6, "
citrix.com,cloudflare|akamai,"{""cloudflare"": ""third"", ""akamai"": ""third""}",True,False,True,True,"step 5 (SOA), step 6, "
citrixworkspacesapi.net,amazon,"{""amazon"": ""third""}",True,True,False,False,"step 5 (SOA), "
citymeal.com,amazon|cloudflare,"{""amazon"": ""third"", ""cloudflare"": ""third""}",True,False,True,True,"step 5 (SOA), step 6, "
civitai.com,cloudflare,"{""cloudflare"": ""third""}",True,True,False,False,"step 5 (SOA), "
cjmpxylza.com,gcore,"{""gcore"": ""third""}",True,True,False,False,"step 5 (SOA), "
ckeditor.com,amazon,"{""amazon"": ""third""}",True,True,False,False,"step 5 (SOA), "
clairvoyance.cloud,cloudflare,"{""cloudflare"": ""third""}",True,True,False,False,"step 5 (SOA), "
clamav.net,cloudflare,"{""cloudflare"": ""third""}",True,True,False,False,"step 6, "
clarip.com,fastly,"{""fastly"": ""third""}",True,True,False,False,"step 6, "
clarity.ms,microsoft,"{""microsoft"": ""third""}",True,True,False,False,"step 5 (SOA), "
clarium.io,amazon,"{""amazon"": ""third""}",True,True,False,False,"step 5 (SOA), "
claro.com.br,amazon,"{""amazon"": ""third""}",True,True,False,False,"step 6, "
clarobrasil.mobi,amazon,"{""amazon"": ""third""}",True,True,False,False,"step 5 (SOA), "
clashofclans.com,amazon,"{""amazon"": ""third""}",True,True,False,False,"step 5 (SOA), "
clashroyale.com,amazon,"{""amazon"": ""third""}",True,True,False,False,"step 5 (SOA), "
clashroyaleapp.com,amazon,"{""amazon"": ""third""}",True,True,False,False,"step 5 (SOA), "
claspws.tv,amazon,"{""amazon"": ""third""}",True,True,False,False,"step 5 (SOA), "
classdojo.com,amazon,"{""amazon"": ""third""}",True,True,False,False,"step 5 (SOA), "
classistatic.de,amazon,"{""amazon"": ""third""}",True,True,False,False,"step 5 (SOA), "
claude.ai,cloudflare,"{""cloudflare"": ""third""}",True,True,False,False,"step 5 (SOA), "
claude.com,cloudflare,"{""cloudflare"": ""third""}",True,True,False,False,"step 5 (SOA), "
claudeusercontent.com,cloudflare,"{""cloudflare"": ""third""}",True,True,False,False,"step 5 (SOA), "
claydar.com,cloudflare,"{""cloudflare"": ""third""}",True,True,False,False,"step 5 (SOA), "
clean.gg,amazon|google,"{""amazon"": ""third"", ""google"": ""third""}",True,False,True,True,"step 5 (SOA), step 7, "
cleantalk.org,amazon,"{""amazon"": ""private""}",False,False,False,False,"step 5 (SOA), "
clearsale.com.br,microsoft,"{""microsoft"": ""third""}",True,True,False,False,"step 5 (SOA), "
clerk.com,vercel,"{""vercel"": ""third""}",True,True,False,False,"step 6, "
clerk.io,amazon,"{""amazon"": ""third""}",True,True,False,False,"step 5 (SOA), "
clerkprod-cloudflare.net,cloudflare,"{""cloudflare"": ""private""}",False,False,False,False,"step 3, "
cleverpush.com,cloudflare,"{""cloudflare"": ""third""}",True,True,False,False,"step 5 (SOA), "
clevertap-prod.com,amazon,"{""amazon"": ""third""}",True,True,False,False,"step 5 (SOA), "
cleverwebserver.com,cloudflare,"{""cloudflare"": ""third""}",True,True,False,False,"step 5 (SOA), "
click-nrse.net,apple,"{""apple"": ""third""}",True,True,False,False,"step 5 (SOA), "
click2cart.com,amazon,"{""amazon"": ""third""}",True,True,False,False,"step 5 (SOA), "
clickadu.net,cloudflare,"{""cloudflare"": ""third""}",True,True,False,False,"step 5 (SOA), "
clickagy.com,amazon,"{""amazon"": ""third""}",True,True,False,False,"step 5 (SOA), "
clickcease.com,amazon,"{""amazon"": ""third""}",True,True,False,False,"step 5 (SOA), "
clickiocdn.com,amazon,"{""amazon"": ""third""}",True,True,False,False,"step 5 (SOA), "
clickon.kr,amazon,"{""amazon"": ""third""}",True,True,False,False,"step 5 (SOA), "
clicktale.net,amazon,"{""amazon"": ""third""}",True,True,False,False,"step 5 (SOA), "
clicktripz.com,amazon,"{""amazon"": ""private""}",False,False,False,False,"step 5 (SOA), "
clickup.com,amazon,"{""amazon"": ""third""}",True,True,False,False,"step 5 (SOA), "
clientgear.com,amazon,"{""amazon"": ""private""}",False,False,False,False,"step 5 (SOA), "
clinch.co,amazon,"{""amazon"": ""third""}",True,True,False,False,"step 5 (SOA), "
cline.bot,google|vercel,"{""google"": ""third"", ""vercel"": ""third""}",True,False,True,True,"step 5 (SOA), step 6, "
clip-studio.com,amazon,"{""amazon"": ""third""}",True,True,False,False,"step 5 (SOA), "
clipro.tv,microsoft,"{""microsoft"": ""third""}",True,True,False,False,"step 5 (SOA), "
clips4sale.com,amazon|cloudflare,"{""amazon"": ""third"", ""cloudflare"": ""third""}",True,False,True,True,"step 5 (SOA), step 6, "
cliqtrq.com,amazon,"{""amazon"": ""third""}",True,True,False,False,"step 5 (SOA), "
clixsight.com,amazon,"{""amazon"": ""third""}",True,True,False,False,"step 5 (SOA), "
clockify.me,amazon,"{""amazon"": ""third""}",True,True,False,False,"step 5 (SOA), "
closeli.com,amazon,"{""amazon"": ""third""}",True,True,False,False,"step 5 (SOA), "
cloud.com,amazon|fastly,"{""amazon"": ""third"", ""fastly"": ""third""}",True,False,True,True,"step 5 (SOA), step 6, "
cloud.microsoft,microsoft,"{""microsoft"": ""private""}",False,False,False,False,"step 1, "
cloudamqp.com,amazon,"{""amazon"": ""third""}",True,True,False,False,"step 5 (SOA), "
cloudapp.net,microsoft,"{""microsoft"": ""private""}",False,False,False,False,"step 2, "
cloudappsecurity.com,amazon|microsoft,"{""amazon"": ""third"", ""microsoft"": ""third""}",True,False,True,True,"step 5 (SOA), step 6, "
cloudbackup.management,amazon,"{""amazon"": ""private""}",False,False,False,False,"step 5 (SOA), "
cloudbeds.com,amazon,"{""amazon"": ""third""}",True,True,False,False,"step 5 (SOA), "
cloudbees.io,amazon,"{""amazon"": ""third""}",True,True,False,False,"step 5 (SOA), "
cloudcovermusic.com,amazon,"{""amazon"": ""third""}",True,True,False,False,"step 5 (SOA), "
cloudcpp.com,cloudflare|google,"{""cloudflare"": ""third"", ""google"": ""third""}",True,False,True,True,"step 5 (SOA), step 6, "
clouddatahub.net,microsoft,"{""microsoft"": ""third""}",True,True,False,False,"step 5 (SOA), "
clouddevice.io,microsoft,"{""microsoft"": ""third""}",True,True,False,False,"step 5 (SOA), "
cloudfilter.net,imperva,"{""imperva"": ""third""}",True,True,False,False,"step 6, "
cloudflare-dns.com,cloudflare,"{""cloudflare"": ""private""}",False,False,False,False,"step 2, "
cloudflare-ech.com,cloudflare,"{""cloudflare"": ""private""}",False,False,False,False,"step 3, "
cloudflare-eth.com,cloudflare,"{""cloudflare"": ""private""}",False,False,False,False,"step 3, "
cloudflare-gateway.com,cloudflare,"{""cloudflare"": ""private""}",False,False,False,False,"step 3, "
cloudflare.com,cloudflare,"{""cloudflare"": ""private""}",False,False,False,False,"step 2, "
cloudflare.dev,cloudflare,"{""cloudflare"": ""private""}",False,False,False,False,"step 3, "
cloudflare.net,cloudflare,"{""cloudflare"": ""private""}",False,False,False,False,"step 2, "
cloudflareaccess.com,cloudflare,"{""cloudflare"": ""private""}",False,False,False,False,"step 3, "
cloudflareclient.com,cloudflare,"{""cloudflare"": ""private""}",False,False,False,False,"step 3, "
cloudflarecp.com,cloudflare,"{""cloudflare"": ""private""}",False,False,False,False,"step 3, "
cloudflareinsights.com,cloudflare,"{""cloudflare"": ""private""}",False,False,False,False,"step 3, "
cloudflareok.com,cloudflare,"{""cloudflare"": ""private""}",False,False,False,False,"step 3, "
cloudflareportal.com,cloudflare,"{""cloudflare"": ""private""}",False,False,False,False,"step 3, "
cloudflareresolve.com,cloudflare,"{""cloudflare"": ""private""}",False,False,False,False,"step 3, "
cloudflaressl.com,cloudflare,"{""cloudflare"": ""private""}",False,False,False,False,"step 3, "
cloudflarestatus.com,cloudflare|google,"{""cloudflare"": ""private"", ""google"": ""third""}",True,False,True,False,"step 3, step 5 (SOA), "
cloudflarestorage.com,cloudflare,"{""cloudflare"": ""private""}",False,False,False,False,"step 3, "
cloudflarestream.com,cloudflare,"{""cloudflare"": ""private""}",False,False,False,False,"step 3, "
cloudfront.net,amazon,"{""amazon"": ""private""}",False,False,False,False,"step 2, "
cloudfunctions.net,google,"{""google"": ""third""}",True,True,False,False,"step 5 (SOA), "
cloudhub.io,amazon,"{""amazon"": ""private""}",False,False,False,False,"step 5 (SOA), "
cloudimg.io,amazon,"{""amazon"": ""private""}",False,False,False,False,"step 5 (SOA), "
cloudinary.com,cloudinary|amazon,"{""cloudinary"": ""private"", ""amazon"": ""third""}",True,False,True,False,"step 2, step 5 (SOA), "
cloudlinux.com,cloudflare,"{""cloudflare"": ""third""}",True,True,False,False,"step 5 (SOA), "
cloudmark.com,imperva,"{""imperva"": ""third""}",True,True,False,False,"step 6, "
cloudpath.live,microsoft|cloudflare,"{""microsoft"": ""private"", ""cloudflare"": ""third""}",True,False,True,False,"step 3, step 5 (SOA), "
cloudscdn.net,cloudflare,"{""cloudflare"": ""third""}",True,True,False,False,"step 5 (SOA), "
cloudsink.net,amazon,"{""amazon"": ""third""}",True,True,False,False,"step 5 (SOA), "
cloudtotvs.com.br,google,"{""google"": ""third""}",True,True,False,False,"step 5 (SOA), "
cloudtrax.com,amazon,"{""amazon"": ""third""}",True,True,False,False,"step 5 (SOA), "
cloudx.io,amazon,"{""amazon"": ""third""}",True,True,False,False,"step 5 (SOA), "
clrt.ai,cloudflare,"{""cloudflare"": ""third""}",True,True,False,False,"step 5 (SOA), "
clvrads.com,cloudflare,"{""cloudflare"": ""third""}",True,True,False,False,"step 5 (SOA), "
cmcm.com,baishan,"{""baishan"": ""third""}",True,True,False,False,"step 6, "
cmtelematics.com,amazon|wordpress,"{""amazon"": ""third"", ""wordpress"": ""third""}",True,False,True,True,"step 5 (SOA), step 6, "
cnbc.com,akamai,"{""akamai"": ""third""}",True,True,False,False,"step 6, "
cnet.com,cloudflare,"{""cloudflare"": ""third""}",True,True,False,False,"step 5 (SOA), "
cnn.com,amazon|fastly,"{""amazon"": ""third"", ""fastly"": ""third""}",True,False,True,True,"step 5 (SOA), step 6, "
cnn.io,amazon,"{""amazon"": ""third""}",True,True,False,False,"step 5 (SOA), "
cnnbrasil.com.br,microsoft,"{""microsoft"": ""third""}",True,True,False,False,"step 5 (SOA), "
cnnx.link,amazon,"{""amazon"": ""third""}",True,True,False,False,"step 5 (SOA), "
cnrd.io,google,"{""google"": ""third""}",True,True,False,False,"step 5 (SOA), "
cnstrc.com,amazon,"{""amazon"": ""third""}",True,True,False,False,"step 5 (SOA), "
cnt.my,amazon,"{""amazon"": ""third""}",True,True,False,False,"step 5 (SOA), "
coca-cola.com,microsoft|amazon,"{""microsoft"": ""third"", ""amazon"": ""third""}",True,False,True,True,"step 5 (SOA), step 6, "
cocogain.io,cloudflare,"{""cloudflare"": ""third""}",True,True,False,False,"step 5 (SOA), "
coconts.com,cloudflare,"{""cloudflare"": ""third""}",True,True,False,False,"step 5 (SOA), "
code.org,amazon,"{""amazon"": ""third""}",True,True,False,False,"step 5 (SOA), "
code42.com,cloudflare|microsoft,"{""cloudflare"": ""third"", ""microsoft"": ""third""}",True,False,True,True,"step 5 (SOA), step 6, "
codeblackbelt.com,cloudflare,"{""cloudflare"": ""third""}",True,True,False,False,"step 5 (SOA), "
codedish.co,amazon,"{""amazon"": ""third""}",True,True,False,False,"step 5 (SOA), "
codefusion.technology,amazon,"{""amazon"": ""third""}",True,True,False,False,"step 5 (SOA), "
codeium.com,google|vercel,"{""google"": ""third"", ""vercel"": ""third""}",True,False,True,True,"step 5 (SOA), step 6, "
cogeco.ca,cloudflare,"{""cloudflare"": ""third""}",True,True,False,False,"step 6, "
cognitivlabs.com,amazon,"{""amazon"": ""third""}",True,True,False,False,"step 5 (SOA), "
coherentpath.com,google,"{""google"": ""third""}",True,True,False,False,"step 5 (SOA), "
coinbase.com,cloudflare,"{""cloudflare"": ""third""}",True,True,False,False,"step 5 (SOA), "
coinex.com,cloudflare,"{""cloudflare"": ""third""}",True,True,False,False,"step 5 (SOA), "
coingecko.com,cloudflare,"{""cloudflare"": ""third""}",True,True,False,False,"step 5 (SOA), "
coinglass.com,amazon,"{""amazon"": ""third""}",True,True,False,False,"step 5 (SOA), "
coingraph-update.com,cloudflare,"{""cloudflare"": ""third""}",True,True,False,False,"step 5 (SOA), "
coinmarketcap.com,amazon,"{""amazon"": ""third""}",True,True,False,False,"step 5 (SOA), "
coles.com.au,imperva,"{""imperva"": ""third""}",True,True,False,False,"step 6, "
collegeboard.org,amazon|akamai,"{""amazon"": ""third"", ""akamai"": ""third""}",True,False,True,True,"step 5 (SOA), step 6, "
collinsdictionary.com,cloudflare,"{""cloudflare"": ""third""}",True,True,False,False,"step 5 (SOA), "
colnsedge.com,cloudflare,"{""cloudflare"": ""third""}",True,True,False,False,"step 5 (SOA), "
colorado.edu,fastly,"{""fastly"": ""third""}",True,True,False,False,"step 6, "
comcast.com,akamai,"{""akamai"": ""third""}",True,True,False,False,"step 6, "
comcast.net,akamai,"{""akamai"": ""third""}",True,True,False,False,"step 6, "
comfy.org,cloudflare,"{""cloudflare"": ""third""}",True,True,False,False,"step 5 (SOA), "
comix.to,cloudflare,"{""cloudflare"": ""third""}",True,True,False,False,"step 5 (SOA), "
comodoca.com,cloudflare,"{""cloudflare"": ""third""}",True,True,False,False,"step 6, "
company-target.com,amazon,"{""amazon"": ""third""}",True,True,False,False,"step 5 (SOA), "
companytravelinfoco.autos,cloudflare,"{""cloudflare"": ""third""}",True,True,False,False,"step 5 (SOA), "
complyauto.com,amazon,"{""amazon"": ""private""}",False,False,False,False,"step 5 (SOA), "
component-world.com,cloudflare,"{""cloudflare"": ""third""}",True,True,False,False,"step 5 (SOA), "
components-store.com,cloudflare,"{""cloudflare"": ""third""}",True,True,False,False,"step 5 (SOA), "
computrabajo.com,amazon,"{""amazon"": ""third""}",True,True,False,False,"step 5 (SOA), "
concursolutions.com,akamai,"{""akamai"": ""third""}",True,True,False,False,"step 6, "
conde.digital,amazon,"{""amazon"": ""third""}",True,True,False,False,"step 5 (SOA), "
condenastdigital.com,amazon,"{""amazon"": ""third""}",True,True,False,False,"step 5 (SOA), "
conectiva.io,cloudflare,"{""cloudflare"": ""third""}",True,True,False,False,"step 5 (SOA), "
conferdeploy.net,amazon,"{""amazon"": ""third""}",True,True,False,False,"step 5 (SOA), "
confiant-integrations.net,cloudflare,"{""cloudflare"": ""third""}",True,True,False,False,"step 5 (SOA), "
config-security.com,cloudflare,"{""cloudflare"": ""third""}",True,True,False,False,"step 5 (SOA), "
configcat.com,cloudflare,"{""cloudflare"": ""third""}",True,True,False,False,"step 5 (SOA), "
configurationcenter.com,google|cloudflare,"{""google"": ""third"", ""cloudflare"": ""third""}",True,False,True,True,"step 5 (SOA), step 6, "
confluent.cloud,amazon,"{""amazon"": ""third""}",True,True,False,False,"step 5 (SOA), "
congress.gov,cloudflare,"{""cloudflare"": ""third""}",True,True,False,False,"step 5 (SOA), "
connatix.com,amazon,"{""amazon"": ""third""}",True,True,False,False,"step 5 (SOA), "
connect.aws,amazon,"{""amazon"": ""private""}",False,False,False,False,"step 3, "
connectad.io,cloudflare,"{""cloudflare"": ""third""}",True,True,False,False,"step 5 (SOA), "
connecteam.com,cloudflare,"{""cloudflare"": ""third""}",True,True,False,False,"step 5 (SOA), "
connectedpdf.com,amazon,"{""amazon"": ""third""}",True,True,False,False,"step 5 (SOA), "
connectwise.com,amazon|cloudflare,"{""amazon"": ""third"", ""cloudflare"": ""third""}",True,False,True,True,"step 5 (SOA), step 6, "
connextra.com,amazon,"{""amazon"": ""third""}",True,True,False,False,"step 5 (SOA), "
consentframework.com,cloudflare,"{""cloudflare"": ""third""}",True,True,False,False,"step 5 (SOA), "
consentmanager.net,amazon|bunnycdn,"{""amazon"": ""third"", ""bunnycdn"": ""third""}",True,False,True,True,"step 5 (SOA), step 6, "
consentmo.com,cloudflare,"{""cloudflare"": ""third""}",True,True,False,False,"step 5 (SOA), "
constantcontact.com,cloudflare,"{""cloudflare"": ""third""}",True,True,False,False,"step 6, "
contactout.com,cloudflare,"{""cloudflare"": ""third""}",True,True,False,False,"step 5 (SOA), "
content-square.net,amazon,"{""amazon"": ""third""}",True,True,False,False,"step 5 (SOA), "
contentful.com,amazon|vercel,"{""amazon"": ""third"", ""vercel"": ""third""}",True,False,True,True,"step 5 (SOA), step 6, "
contentinsights.com,amazon,"{""amazon"": ""third""}",True,True,False,False,"step 5 (SOA), "
contentsquare.net,amazon,"{""amazon"": ""third""}",True,True,False,False,"step 5 (SOA), "
contentstack.com,amazon,"{""amazon"": ""third""}",True,True,False,False,"step 5 (SOA), "
contentstack.io,amazon,"{""amazon"": ""third""}",True,True,False,False,"step 5 (SOA), "
contextsdk.com,cloudflare,"{""cloudflare"": ""third""}",True,True,False,False,"step 5 (SOA), "
contextweb.com,twitter,"{""twitter"": ""third""}",True,True,False,False,"step 6, "
control4.com,amazon|cloudflare,"{""amazon"": ""third"", ""cloudflare"": ""third""}",True,False,True,True,"step 5 (SOA), step 6, "
controld.com,cloudflare,"{""cloudflare"": ""private""}",False,False,False,False,"step 5 (SOA), "
controlup.com,amazon,"{""amazon"": ""third""}",True,True,False,False,"step 5 (SOA), "
conversionbear.com,cloudflare,"{""cloudflare"": ""third""}",True,True,False,False,"step 5 (SOA), "
converteai.net,amazon,"{""amazon"": ""third""}",True,True,False,False,"step 5 (SOA), "
convertexperiments.com,amazon,"{""amazon"": ""third""}",True,True,False,False,"step 5 (SOA), "
convertkit.com,amazon,"{""amazon"": ""third""}",True,True,False,False,"step 5 (SOA), "
conviva.com,amazon|wordpress,"{""amazon"": ""third"", ""wordpress"": ""third""}",True,False,True,True,"step 5 (SOA), step 6, "
cookie-script.com,twitter,"{""twitter"": ""private""}",False,False,False,False,"step 6, "
cookiebot.com,cloudflare,"{""cloudflare"": ""third""}",True,True,False,False,"step 5 (SOA), "
cookiebot.eu,cloudflare,"{""cloudflare"": ""third""}",True,True,False,False,"step 5 (SOA), "
cookiefirst.com,twitter,"{""twitter"": ""private""}",False,False,False,False,"step 6, "
cookielaw.org,cloudflare,"{""cloudflare"": ""third""}",True,True,False,False,"step 5 (SOA), "
cookiepro.com,cloudflare,"{""cloudflare"": ""third""}",True,True,False,False,"step 5 (SOA), "
cookieyes.com,cloudflare,"{""cloudflare"": ""third""}",True,True,False,False,"step 5 (SOA), "
cookpad.com,amazon,"{""amazon"": ""third""}",True,True,False,False,"step 5 (SOA), "
coollabs.io,cloudflare,"{""cloudflare"": ""third""}",True,True,False,False,"step 5 (SOA), "
coosync.com,amazon,"{""amazon"": ""third""}",True,True,False,False,"step 5 (SOA), "
copart.com,digicert|imperva|twitter,"{""digicert"": ""private"", ""imperva"": ""private"", ""twitter"": ""private""}",False,False,True,False,"step 5 (SOA), step 6, step 6, "
copilot.com,microsoft|cloudflare,"{""microsoft"": ""third"", ""cloudflare"": ""third""}",True,False,True,True,"step 5 (SOA), step 6, "
coppel.com,akamai,"{""akamai"": ""third""}",True,True,False,False,"step 6, "
copper6.com,google|cloudflare,"{""google"": ""third"", ""cloudflare"": ""third""}",True,False,True,True,"step 5 (SOA), step 7, "
coralogix.com,cloudflare,"{""cloudflare"": ""private""}",False,False,False,False,"step 5 (SOA), "
core.microsoft,microsoft,"{""microsoft"": ""private""}",False,False,False,False,"step 1, "
corel.com,amazon|akamai,"{""amazon"": ""third"", ""akamai"": ""third""}",True,False,True,True,"step 5 (SOA), step 6, "
coreweave.com,cloudflare,"{""cloudflare"": ""third""}",True,True,False,False,"step 5 (SOA), "
cornell.edu,microsoft,"{""microsoft"": ""third""}",True,True,False,False,"step 6, "
cornfused.org,cloudflare,"{""cloudflare"": ""third""}",True,True,False,False,"step 5 (SOA), "
coronatodays.com,cloudflare,"{""cloudflare"": ""third""}",True,True,False,False,"step 5 (SOA), "
corriere.it,fastly,"{""fastly"": ""private""}",False,False,False,False,"step 6, "
corsair.com,cloudflare|akamai,"{""cloudflare"": ""third"", ""akamai"": ""third""}",True,False,True,True,"step 5 (SOA), step 6, "
cortana.ai,microsoft,"{""microsoft"": ""third""}",True,True,False,False,"step 5 (SOA), "
cosmicnarrativehub.com,cloudflare,"{""cloudflare"": ""third""}",True,True,False,False,"step 5 (SOA), "
cosmose.co,amazon,"{""amazon"": ""third""}",True,True,False,False,"step 5 (SOA), "
costco.com,akamai,"{""akamai"": ""third""}",True,True,False,False,"step 6, "
couchsurfing.com,amazon,"{""amazon"": ""third""}",True,True,False,False,"step 5 (SOA), "
country.is,cloudflare,"{""cloudflare"": ""third""}",True,True,False,False,"step 5 (SOA), "
coupahost.com,digicert,"{""digicert"": ""third""}",True,True,False,False,"step 5 (SOA), "
coupang.com,amazon|akamai,"{""amazon"": ""third"", ""akamai"": ""third""}",True,False,True,True,"step 5 (SOA), step 6, "
coupangcdn.com,amazon,"{""amazon"": ""third""}",True,True,False,False,"step 5 (SOA), "
coupert.com,cloudflare,"{""cloudflare"": ""third""}",True,True,False,False,"step 5 (SOA), "
coupertsh.com,cloudflare,"{""cloudflare"": ""third""}",True,True,False,False,"step 5 (SOA), "
coursehero.com,cloudflare,"{""cloudflare"": ""third""}",True,True,False,False,"step 5 (SOA), "
coursera.org,amazon,"{""amazon"": ""private""}",False,False,False,False,"step 5 (SOA), "
covatic.io,amazon,"{""amazon"": ""third""}",True,True,False,False,"step 5 (SOA), "
coveo.com,amazon,"{""amazon"": ""third""}",True,True,False,False,"step 5 (SOA), "
cpanel.net,cloudflare,"{""cloudflare"": ""third""}",True,True,False,False,"step 6, "
cpcdn.com,amazon,"{""amazon"": ""third""}",True,True,False,False,"step 5 (SOA), "
cpmstar.com,amazon|vercel,"{""amazon"": ""third"", ""vercel"": ""third""}",True,False,True,True,"step 5 (SOA), step 6, "
cppreference.com,cloudflare,"{""cloudflare"": ""third""}",True,True,False,False,"step 5 (SOA), "
cpx.to,amazon,"{""amazon"": ""private""}",False,False,False,False,"step 5 (SOA), "
cqloud.com,amazon,"{""amazon"": ""third""}",True,True,False,False,"step 5 (SOA), "
cquotient.com,amazon,"{""amazon"": ""third""}",True,True,False,False,"step 5 (SOA), "
crafspot.com,amazon,"{""amazon"": ""third""}",True,True,False,False,"step 5 (SOA), "
crashlytics.com,google,"{""google"": ""third""}",True,True,False,False,"step 5 (SOA), "
crates.io,amazon,"{""amazon"": ""third""}",True,True,False,False,"step 5 (SOA), "
crazyegg.com,amazon|cloudflare,"{""amazon"": ""third"", ""cloudflare"": ""third""}",True,False,True,True,"step 5 (SOA), step 6, "
crazygames.com,cloudflare,"{""cloudflare"": ""third""}",True,True,False,False,"step 5 (SOA), "
crcldu.com,cloudflare|fastly,"{""cloudflare"": ""third"", ""fastly"": ""third""}",True,False,True,True,"step 5 (SOA), step 7, "
crealitycloud.com,cloudflare,"{""cloudflare"": ""third""}",True,True,False,False,"step 6, "
creativecdn.com,google,"{""google"": ""third""}",True,True,False,False,"step 5 (SOA), "
creativecommons.org,cloudflare,"{""cloudflare"": ""third""}",True,True,False,False,"step 5 (SOA), "
creativefabrica.com,cloudflare,"{""cloudflare"": ""third""}",True,True,False,False,"step 5 (SOA), "
creditkarma.com,akamai,"{""akamai"": ""third""}",True,True,False,False,"step 6, "
creditsafe.com,cloudflare,"{""cloudflare"": ""third""}",True,True,False,False,"step 5 (SOA), "
cribl.cloud,amazon,"{""amazon"": ""third""}",True,True,False,False,"step 5 (SOA), "
cricbuzz.com,akamai,"{""akamai"": ""third""}",True,True,False,False,"step 6, "
cricheroes.com,cloudflare|amazon,"{""cloudflare"": ""third"", ""amazon"": ""third""}",True,False,True,True,"step 5 (SOA), step 6, "
cricut.com,amazon,"{""amazon"": ""third""}",True,True,False,False,"step 5 (SOA), "
crisp.chat,cloudflare,"{""cloudflare"": ""third""}",True,True,False,False,"step 7, "
criteo.com,criteo,"{""criteo"": ""private""}",False,False,False,False,"step 2, "
criteo.net,criteo,"{""criteo"": ""private""}",False,False,False,False,"step 2, "
crn77.com,cloudflare,"{""cloudflare"": ""third""}",True,True,False,False,"step 5 (SOA), "
crossref.org,amazon,"{""amazon"": ""third""}",True,True,False,False,"step 5 (SOA), "
crowd-umlaut.com,amazon,"{""amazon"": ""third""}",True,True,False,False,"step 5 (SOA), "
crowdin.net,amazon,"{""amazon"": ""private""}",False,False,False,False,"step 5 (SOA), "
crowdsec.net,vercel,"{""vercel"": ""third""}",True,True,False,False,"step 6, "
crowsember.com,cloudflare,"{""cloudflare"": ""third""}",True,True,False,False,"step 5 (SOA), "
crunchbase.com,cloudflare,"{""cloudflare"": ""third""}",True,True,False,False,"step 5 (SOA), "
crunchyroll.com,cloudflare,"{""cloudflare"": ""third""}",True,True,False,False,"step 5 (SOA), "
crunchyrollcdn.com,amazon,"{""amazon"": ""third""}",True,True,False,False,"step 5 (SOA), "
crunchyrollsvc.com,amazon,"{""amazon"": ""third""}",True,True,False,False,"step 5 (SOA), "
crushon.ai,cloudflare,"{""cloudflare"": ""third""}",True,True,False,False,"step 5 (SOA), "
crwdcntrl.net,amazon,"{""amazon"": ""third""}",True,True,False,False,"step 5 (SOA), "
crypto.com,cloudflare,"{""cloudflare"": ""third""}",True,True,False,False,"step 5 (SOA), "
csasecurityapp.com,cloudflare,"{""cloudflare"": ""third""}",True,True,False,False,"step 5 (SOA), "
csdata3.com,cloudflare,"{""cloudflare"": ""third""}",True,True,False,False,"step 5 (SOA), "
csdnimg.cn,baishan,"{""baishan"": ""third""}",True,True,False,False,"step 6, "
csfloat.com,cloudflare,"{""cloudflare"": ""third""}",True,True,False,False,"step 5 (SOA), "
csgo.com,cloudflare,"{""cloudflare"": ""private""}",False,False,False,False,"step 5 (SOA), "
cspserver.net,amazon,"{""amazon"": ""third""}",True,True,False,False,"step 5 (SOA), "
cstatic-images.com,amazon,"{""amazon"": ""third""}",True,True,False,False,"step 5 (SOA), "
ctfassets.net,amazon,"{""amazon"": ""third""}",True,True,False,False,"step 5 (SOA), "
ctrip.com,akamai,"{""akamai"": ""third""}",True,True,False,False,"step 6, "
ctrliq.cloud,google,"{""google"": ""third""}",True,True,False,False,"step 5 (SOA), "
ctsmnfx.com,cloudflare,"{""cloudflare"": ""third""}",True,True,False,False,"step 5 (SOA), "
cubecraft.net,cloudflare,"{""cloudflare"": ""third""}",True,True,False,False,"step 5 (SOA), "
cuckcapital.cr,cloudflare,"{""cloudflare"": ""third""}",True,True,False,False,"step 5 (SOA), "
cudaops.com,amazon,"{""amazon"": ""third""}",True,True,False,False,"step 5 (SOA), "
cudasvc.com,amazon,"{""amazon"": ""third""}",True,True,False,False,"step 5 (SOA), "
cults3d.com,cloudflare,"{""cloudflare"": ""third""}",True,True,False,False,"step 5 (SOA), "
curalate.com,amazon|wordpress,"{""amazon"": ""third"", ""wordpress"": ""third""}",True,False,True,True,"step 5 (SOA), step 6, "
curseforge.com,cloudflare,"{""cloudflare"": ""third""}",True,True,False,False,"step 5 (SOA), "
cursor.com,amazon|vercel,"{""amazon"": ""third"", ""vercel"": ""third""}",True,False,True,True,"step 5 (SOA), step 6, "
cursor.sh,amazon|vercel,"{""amazon"": ""third"", ""vercel"": ""third""}",True,False,True,True,"step 5 (SOA), step 6, "
cust-service.com,amazon,"{""amazon"": ""third""}",True,True,False,False,"step 5 (SOA), "
customer.io,amazon|vercel|nextjs,"{""amazon"": ""third"", ""vercel"": ""third"", ""nextjs"": ""third""}",True,False,True,True,"step 5 (SOA), step 6, step 7, "
cvent.com,amazon,"{""amazon"": ""third""}",True,True,False,False,"step 5 (SOA), "
cvs.com,akamai,"{""akamai"": ""third""}",True,True,False,False,"step 6, "
cwi.re,amazon,"{""amazon"": ""third""}",True,True,False,False,"step 5 (SOA), "
cwmars.org,google|cloudflare,"{""google"": ""third"", ""cloudflare"": ""third""}",True,False,True,True,"step 5 (SOA), step 7, "
cxense.com,amazon,"{""amazon"": ""third""}",True,True,False,False,"step 5 (SOA), "
cyberark.cloud,amazon|cloudflare,"{""amazon"": ""third"", ""cloudflare"": ""third""}",True,False,True,True,"step 5 (SOA), step 7, "
cyberark.com,cloudflare,"{""cloudflare"": ""third""}",True,True,False,False,"step 5 (SOA), "
cyberghostvpn.com,cloudflare,"{""cloudflare"": ""third""}",True,True,False,False,"step 5 (SOA), "
cyberhaven.io,cloudflare,"{""cloudflare"": ""third""}",True,True,False,False,"step 5 (SOA), "
cybersource.com,cloudflare,"{""cloudflare"": ""third""}",True,True,False,False,"step 5 (SOA), "
cybo.com,cloudflare,"{""cloudflare"": ""third""}",True,True,False,False,"step 5 (SOA), "
cylance.com,amazon,"{""amazon"": ""third""}",True,True,False,False,"step 5 (SOA), "
cynet.com,cloudflare|wordpress,"{""cloudflare"": ""third"", ""wordpress"": ""third""}",True,False,True,True,"step 5 (SOA), step 6, "
cytracom.net,amazon,"{""amazon"": ""private""}",False,False,False,False,"step 5 (SOA), "
d2-apps.net,amazon|firebase,"{""amazon"": ""third"", ""firebase"": ""third""}",True,False,True,True,"step 5 (SOA), step 6, "
dable.io,amazon,"{""amazon"": ""third""}",True,True,False,False,"step 5 (SOA), "
dafiti.com.br,amazon|azion,"{""amazon"": ""third"", ""azion"": ""third""}",True,False,True,True,"step 5 (SOA), step 6, "
dailyforecast.net,google,"{""google"": ""third""}",True,True,False,False,"step 7, "
dailyhunt.in,akamai,"{""akamai"": ""third""}",True,True,False,False,"step 6, "
dailymail.co.uk,akamai,"{""akamai"": ""third""}",True,True,False,False,"step 6, "
dailymail.com,akamai,"{""akamai"": ""third""}",True,True,False,False,"step 6, "
dailymotion.com,dailymotion|amazon,"{""dailymotion"": ""private"", ""amazon"": ""third""}",True,False,True,False,"step 6, step 6, "
dakgg.io,amazon,"{""amazon"": ""third""}",True,True,False,False,"step 5 (SOA), "
daleelerah.info,cloudflare,"{""cloudflare"": ""third""}",True,True,False,False,"step 5 (SOA), "
dalyfeds.com,akamai,"{""akamai"": ""third""}",True,True,False,False,"step 6, "
dana.id,amazon|akamai,"{""amazon"": ""third"", ""akamai"": ""third""}",True,False,True,True,"step 5 (SOA), step 6, "
danawa.com,akamai,"{""akamai"": ""third""}",True,True,False,False,"step 6, "
dandb.com,amazon|cloudflare,"{""amazon"": ""third"", ""cloudflare"": ""third""}",True,False,True,True,"step 5 (SOA), step 6, "
darkreader.org,fastly,"{""fastly"": ""third""}",True,True,False,False,"step 7, "
dashapi.com,cloudflare,"{""cloudflare"": ""third""}",True,True,False,False,"step 5 (SOA), "
dashlane.com,amazon|cloudflare,"{""amazon"": ""third"", ""cloudflare"": ""third""}",True,False,True,True,"step 5 (SOA), step 6, "
databricks.com,cloudflare,"{""cloudflare"": ""third""}",True,True,False,False,"step 6, "
databridges.tech,cloudflare,"{""cloudflare"": ""third""}",True,True,False,False,"step 5 (SOA), "
datacamp.com,amazon|cloudflare,"{""amazon"": ""private"", ""cloudflare"": ""private""}",False,False,True,False,"step 5 (SOA), step 6, "
datadoghq-browser-agent.com,amazon,"{""amazon"": ""third""}",True,True,False,False,"step 5 (SOA), "
datadoghq.com,amazon,"{""amazon"": ""third""}",True,True,False,False,"step 5 (SOA), "
datadoghq.eu,google,"{""google"": ""third""}",True,True,False,False,"step 5 (SOA), "
datadome.co,amazon,"{""amazon"": ""third""}",True,True,False,False,"step 5 (SOA), "
datagrail.io,amazon,"{""amazon"": ""third""}",True,True,False,False,"step 5 (SOA), "
datahive.ai,cloudflare|firebase,"{""cloudflare"": ""third"", ""firebase"": ""third""}",True,False,True,True,"step 5 (SOA), step 6, "
dataimpulse.com,cloudflare,"{""cloudflare"": ""third""}",True,True,False,False,"step 5 (SOA), "
datarize.io,amazon,"{""amazon"": ""third""}",True,True,False,False,"step 5 (SOA), "
datatables.net,cloudflare,"{""cloudflare"": ""third""}",True,True,False,False,"step 5 (SOA), "
datto.io,amazon,"{""amazon"": ""third""}",True,True,False,False,"step 5 (SOA), "
daxinlicai.com,amazon,"{""amazon"": ""third""}",True,True,False,False,"step 5 (SOA), "
dayforcehcm.com,microsoft|cloudflare,"{""microsoft"": ""third"", ""cloudflare"": ""third""}",True,False,True,True,"step 5 (SOA), step 6, "
dazn.com,amazon,"{""amazon"": ""third""}",True,True,False,False,"step 5 (SOA), "
db-ip.com,cloudflare,"{""cloudflare"": ""third""}",True,True,False,False,"step 5 (SOA), "
dcard.tw,cloudflare,"{""cloudflare"": ""third""}",True,True,False,False,"step 5 (SOA), "
dcbosf.com,cloudflare,"{""cloudflare"": ""third""}",True,True,False,False,"step 5 (SOA), "
dcloud.net.cn,tencent,"{""tencent"": ""third""}",True,True,False,False,"step 6, "
ddog-gov.com,amazon,"{""amazon"": ""third""}",True,True,False,False,"step 5 (SOA), "
de17a.com,cloudflare,"{""cloudflare"": ""third""}",True,True,False,False,"step 5 (SOA), "
dealerinspire.com,amazon,"{""amazon"": ""third""}",True,True,False,False,"step 5 (SOA), "
dealeron.com,digicert|wordpress|cloudflare,"{""digicert"": ""third"", ""wordpress"": ""third"", ""cloudflare"": ""third""}",True,False,True,True,"step 5 (SOA), step 6, step 7, "
debank.com,amazon,"{""amazon"": ""third""}",True,True,False,False,"step 5 (SOA), "
debugbear.com,cloudflare,"{""cloudflare"": ""third""}",True,True,False,False,"step 5 (SOA), "
decibelinsight.net,amazon,"{""amazon"": ""third""}",True,True,False,False,"step 5 (SOA), "
decodo.com,cloudflare,"{""cloudflare"": ""third""}",True,True,False,False,"step 5 (SOA), "
deepernetworks.org,cloudflare,"{""cloudflare"": ""third""}",True,True,False,False,"step 5 (SOA), "
deepintent.com,cloudflare,"{""cloudflare"": ""third""}",True,True,False,False,"step 5 (SOA), "
deepl.com,cloudflare,"{""cloudflare"": ""third""}",True,True,False,False,"step 5 (SOA), "
deeplink.dev,amazon,"{""amazon"": ""third""}",True,True,False,False,"step 5 (SOA), "
deepseek.com,amazon,"{""amazon"": ""third""}",True,True,False,False,"step 6, "
deezer.com,amazon|akamai,"{""amazon"": ""third"", ""akamai"": ""third""}",True,False,True,True,"step 5 (SOA), step 6, "
defensx.com,cloudflare,"{""cloudflare"": ""third""}",True,True,False,False,"step 5 (SOA), "
degoo.com,cloudflare,"{""cloudflare"": ""third""}",True,True,False,False,"step 5 (SOA), "
deliv12.com,cloudflare,"{""cloudflare"": ""third""}",True,True,False,False,"step 5 (SOA), "
deliveryhero.io,microsoft|cloudflare,"{""microsoft"": ""private"", ""cloudflare"": ""third""}",True,False,True,False,"step 3, step 5 (SOA), "
deliveryhero.net,microsoft|cloudflare,"{""microsoft"": ""private"", ""cloudflare"": ""third""}",True,False,True,False,"step 3, step 5 (SOA), "
dell.com,akamai,"{""akamai"": ""third""}",True,True,False,False,"step 6, "
deloitte.com,akamai,"{""akamai"": ""third""}",True,True,False,False,"step 6, "
delta.com,akamai,"{""akamai"": ""third""}",True,True,False,False,"step 6, "
demandbase.com,amazon,"{""amazon"": ""third""}",True,True,False,False,"step 5 (SOA), "
demdex.net,adobe|amazon,"{""adobe"": ""private"", ""amazon"": ""private""}",False,False,True,False,"step 2, step 6, "
demonii.com,cloudflare,"{""cloudflare"": ""third""}",True,True,False,False,"step 5 (SOA), "
demonii.si,cloudflare,"{""cloudflare"": ""third""}",True,True,False,False,"step 5 (SOA), "
demonoid.ch,cloudflare,"{""cloudflare"": ""third""}",True,True,False,False,"step 5 (SOA), "
demonware.net,akamai,"{""akamai"": ""third""}",True,True,False,False,"step 6, "
denik.cz,cloudflare,"{""cloudflare"": ""third""}",True,True,False,False,"step 5 (SOA), "
depop.com,amazon|cloudflare,"{""amazon"": ""third"", ""cloudflare"": ""third""}",True,False,True,True,"step 5 (SOA), step 6, "
deriv.com,cloudflare,"{""cloudflare"": ""third""}",True,True,False,False,"step 5 (SOA), "
detailroi.com,amazon,"{""amazon"": ""third""}",True,True,False,False,"step 6, "
dev.microsoft,microsoft,"{""microsoft"": ""private""}",False,False,False,False,"step 1, "
devcycle.com,cloudflare,"{""cloudflare"": ""third""}",True,True,False,False,"step 5 (SOA), "
devexpress.com,cloudflare,"{""cloudflare"": ""third""}",True,True,False,False,"step 5 (SOA), "
deviantart.com,amazon,"{""amazon"": ""third""}",True,True,False,False,"step 5 (SOA), "
deviantart.net,amazon|twitter,"{""amazon"": ""third"", ""twitter"": ""third""}",True,False,True,True,"step 5 (SOA), step 6, "
device.report,cloudflare,"{""cloudflare"": ""third""}",True,True,False,False,"step 5 (SOA), "
device9.com,amazon,"{""amazon"": ""third""}",True,True,False,False,"step 5 (SOA), "
devicenative.com,cloudflare,"{""cloudflare"": ""third""}",True,True,False,False,"step 5 (SOA), "
devicetrust.com,cloudflare,"{""cloudflare"": ""third""}",True,True,False,False,"step 5 (SOA), "
devtodev.com,amazon,"{""amazon"": ""third""}",True,True,False,False,"step 5 (SOA), "
devvit.net,amazon,"{""amazon"": ""third""}",True,True,False,False,"step 5 (SOA), "
dewrain.life,google,"{""google"": ""third""}",True,True,False,False,"step 5 (SOA), "
dewrain.site,google,"{""google"": ""third""}",True,True,False,False,"step 5 (SOA), "
dexcom.com,google|cloudflare,"{""google"": ""third"", ""cloudflare"": ""third""}",True,False,True,True,"step 5 (SOA), step 6, "
dexscreener.com,cloudflare,"{""cloudflare"": ""third""}",True,True,False,False,"step 5 (SOA), "
dgshen.com,amazon,"{""amazon"": ""third""}",True,True,False,False,"step 5 (SOA), "
dhgate.com,akamai,"{""akamai"": ""third""}",True,True,False,False,"step 6, "
dhl.com,akamai,"{""akamai"": ""third""}",True,True,False,False,"step 6, "
dhresource.com,akamai,"{""akamai"": ""third""}",True,True,False,False,"step 6, "
dhs.gov,cloudflare|akamai,"{""cloudflare"": ""third"", ""akamai"": ""third""}",True,False,True,True,"step 5 (SOA), step 6, "
diabrowser.engineering,cloudflare,"{""cloudflare"": ""third""}",True,True,False,False,"step 5 (SOA), "
diagramjawlineunhappy.com,amazon,"{""amazon"": ""third""}",True,True,False,False,"step 5 (SOA), "
dialpad.com,amazon|cloudflare,"{""amazon"": ""third"", ""cloudflare"": ""third""}",True,False,True,True,"step 5 (SOA), step 6, "
dianomi.com,cloudflare,"{""cloudflare"": ""third""}",True,True,False,False,"step 5 (SOA), "
dickssportinggoods.com,akamai,"{""akamai"": ""third""}",True,True,False,False,"step 6, "
digicert.cn,digicert,"{""digicert"": ""private""}",False,False,False,False,"step 3, "
digicert.com,digicert|imperva,"{""digicert"": ""private"", ""imperva"": ""third""}",True,False,True,False,"step 3, step 6, "
digikey.com,cloudflare,"{""cloudflare"": ""third""}",True,True,False,False,"step 6, "
digitalarsenal.net,cloudflare,"{""cloudflare"": ""third""}",True,True,False,False,"step 5 (SOA), "
digitalcertvalidation.com,digicert,"{""digicert"": ""third""}",True,True,False,False,"step 5 (SOA), "
digitaleast.mobi,amazon,"{""amazon"": ""third""}",True,True,False,False,"step 5 (SOA), "
digitalfernsehen.de,cloudflare,"{""cloudflare"": ""third""}",True,True,False,False,"step 5 (SOA), "
digitalgov.gov,amazon,"{""amazon"": ""third""}",True,True,False,False,"step 5 (SOA), "
digitalocean.com,digitalocean|cloudflare,"{""digitalocean"": ""private"", ""cloudflare"": ""third""}",True,False,True,False,"step 2, step 5 (SOA), "
digitaloceanspaces.com,digitalocean|cloudflare,"{""digitalocean"": ""private"", ""cloudflare"": ""third""}",True,False,True,False,"step 2, step 5 (SOA), "
digitalturbine.com,cloudflare,"{""cloudflare"": ""third""}",True,True,False,False,"step 7, "
dimensions.ai,amazon,"{""amazon"": ""private""}",False,False,False,False,"step 5 (SOA), "
dior.com,akamai,"{""akamai"": ""third""}",True,True,False,False,"step 6, "
directv.com,akamai,"{""akamai"": ""third""}",True,True,False,False,"step 6, "
directvgo.com,amazon,"{""amazon"": ""third""}",True,True,False,False,"step 5 (SOA), "
discogs.com,amazon|cloudflare,"{""amazon"": ""third"", ""cloudflare"": ""third""}",True,False,True,True,"step 5 (SOA), step 6, "
discomax.com,amazon,"{""amazon"": ""third""}",True,True,False,False,"step 5 (SOA), "
discord.com,cloudflare,"{""cloudflare"": ""third""}",True,True,False,False,"step 5 (SOA), "
discord.gg,cloudflare,"{""cloudflare"": ""third""}",True,True,False,False,"step 5 (SOA), "
discord.media,cloudflare,"{""cloudflare"": ""third""}",True,True,False,False,"step 5 (SOA), "
discordapp.com,discord|cloudflare,"{""discord"": ""private"", ""cloudflare"": ""third""}",True,False,True,False,"step 2, step 5 (SOA), "
discordapp.net,discord|cloudflare,"{""discord"": ""private"", ""cloudflare"": ""third""}",True,False,True,False,"step 2, step 5 (SOA), "
discourse-cdn.com,amazon,"{""amazon"": ""third""}",True,True,False,False,"step 5 (SOA), "
discovery.com,amazon|akamai,"{""amazon"": ""third"", ""akamai"": ""third""}",True,False,True,True,"step 5 (SOA), step 6, "
dishanywhere.com,digicert,"{""digicert"": ""private""}",False,False,False,False,"step 5 (SOA), "
dishtech.org,amazon,"{""amazon"": ""third""}",True,True,False,False,"step 5 (SOA), "
disney.co.jp,akamai,"{""akamai"": ""third""}",True,True,False,False,"step 6, "
disney.com,akamai,"{""akamai"": ""third""}",True,True,False,False,"step 6, "
disneyplus.com,akamai,"{""akamai"": ""third""}",True,True,False,False,"step 6, "
displayvertising.com,digicert|cdn77,"{""digicert"": ""third"", ""cdn77"": ""third""}",True,False,True,True,"step 5 (SOA), step 6, "
disqus.com,amazon|fastly,"{""amazon"": ""third"", ""fastly"": ""third""}",True,False,True,True,"step 5 (SOA), step 6, "
disquscdn.com,amazon,"{""amazon"": ""third""}",True,True,False,False,"step 5 (SOA), "
dixa.io,amazon,"{""amazon"": ""third""}",True,True,False,False,"step 5 (SOA), "
dji.com,amazon,"{""amazon"": ""third""}",True,True,False,False,"step 5 (SOA), "
dler.com,cloudflare,"{""cloudflare"": ""third""}",True,True,False,False,"step 5 (SOA), "
dler.org,cloudflare,"{""cloudflare"": ""third""}",True,True,False,False,"step 5 (SOA), "
dlink.com,cloudflare,"{""cloudflare"": ""third""}",True,True,False,False,"step 5 (SOA), "
dloria.cc,cloudflare,"{""cloudflare"": ""third""}",True,True,False,False,"step 5 (SOA), "
dlsite.com,amazon|cloudflare,"{""amazon"": ""third"", ""cloudflare"": ""third""}",True,False,True,True,"step 5 (SOA), step 6, "
dmca.com,amazon,"{""amazon"": ""third""}",True,True,False,False,"step 5 (SOA), "
dmcdn.net,dailymotion,"{""dailymotion"": ""private""}",False,False,False,False,"step 2, "
dmv.org,amazon,"{""amazon"": ""third""}",True,True,False,False,"step 5 (SOA), "
dmxleo.com,amazon,"{""amazon"": ""third""}",True,True,False,False,"step 5 (SOA), "
dnb.com,cloudflare,"{""cloudflare"": ""third""}",True,True,False,False,"step 6, "
dndbeyond.com,amazon|fastly,"{""amazon"": ""third"", ""fastly"": ""third""}",True,False,True,True,"step 5 (SOA), step 6, "
dnofd.com,amazon,"{""amazon"": ""third""}",True,True,False,False,"step 5 (SOA), "
dns-finder.com,cloudflare|google,"{""cloudflare"": ""third"", ""google"": ""third""}",True,False,True,True,"step 5 (SOA), step 7, "
dns-tm.com,microsoft,"{""microsoft"": ""third""}",True,True,False,False,"step 5 (SOA), "
dns.google,google,"{""google"": ""private""}",False,False,False,False,"step 1, "
dns.sb,cloudflare,"{""cloudflare"": ""third""}",True,True,False,False,"step 6, "
dnsmadeeasy.com,fastly,"{""fastly"": ""private""}",False,False,False,False,"step 7, "
dnsv1.com,tencent,"{""tencent"": ""private""}",False,False,False,False,"step 2, "
doceree.com,amazon,"{""amazon"": ""third""}",True,True,False,False,"step 5 (SOA), "
docker.com,amazon,"{""amazon"": ""third""}",True,True,False,False,"step 5 (SOA), "
docker.io,amazon,"{""amazon"": ""third""}",True,True,False,False,"step 5 (SOA), "
docs.rs,amazon,"{""amazon"": ""third""}",True,True,False,False,"step 5 (SOA), "
docusign.com,akamai,"{""akamai"": ""third""}",True,True,False,False,"step 6, "
docusign.net,akamai,"{""akamai"": ""third""}",True,True,False,False,"step 6, "
dodois.io,microsoft,"{""microsoft"": ""third""}",True,True,False,False,"step 5 (SOA), "
doem-0tpdlqj.com,amazon,"{""amazon"": ""third""}",True,True,False,False,"step 5 (SOA), "
doi.org,cloudflare|amazon,"{""cloudflare"": ""third"", ""amazon"": ""third""}",True,False,True,True,"step 5 (SOA), step 6, "
dola.com,akamai,"{""akamai"": ""third""}",True,True,False,False,"step 6, "
dollargeneral.com,akamai,"{""akamai"": ""third""}",True,True,False,False,"step 6, "
dollphoin.site,amazon,"{""amazon"": ""third""}",True,True,False,False,"step 5 (SOA), "
dolphin-anty-api.com,amazon,"{""amazon"": ""third""}",True,True,False,False,"step 5 (SOA), "
dolynkcloud.com,amazon,"{""amazon"": ""third""}",True,True,False,False,"step 5 (SOA), "
dome9.com,amazon,"{""amazon"": ""private""}",False,False,False,False,"step 5 (SOA), "
domotz.com,amazon|cloudflare,"{""amazon"": ""third"", ""cloudflare"": ""third""}",True,False,True,True,"step 5 (SOA), step 6, "
dongchedi.com,alibaba,"{""alibaba"": ""third""}",True,True,False,False,"step 6, "
donlgx.net,amazon,"{""amazon"": ""third""}",True,True,False,False,"step 5 (SOA), "
donmai.us,cloudflare,"{""cloudflare"": ""third""}",True,True,False,False,"step 5 (SOA), "
doodcdn.io,cloudflare,"{""cloudflare"": ""third""}",True,True,False,False,"step 5 (SOA), "
doofinder.com,amazon,"{""amazon"": ""third""}",True,True,False,False,"step 5 (SOA), "
doppiocdn.com,cloudflare,"{""cloudflare"": ""third""}",True,True,False,False,"step 5 (SOA), "
doppiocdn.media,cloudflare,"{""cloudflare"": ""third""}",True,True,False,False,"step 5 (SOA), "
doppiocdn.net,cloudflare,"{""cloudflare"": ""third""}",True,True,False,False,"step 5 (SOA), "
doppiocdn.org,cloudflare,"{""cloudflare"": ""third""}",True,True,False,False,"step 5 (SOA), "
doppiostreams.com,cloudflare,"{""cloudflare"": ""third""}",True,True,False,False,"step 5 (SOA), "
dot.gov,akamai,"{""akamai"": ""third""}",True,True,False,False,"step 6, "
dotfashion.cn,amazon,"{""amazon"": ""third""}",True,True,False,False,"step 5 (SOA), "
dotmetrics.net,amazon,"{""amazon"": ""third""}",True,True,False,False,"step 5 (SOA), "
dotomi.com,akamai,"{""akamai"": ""third""}",True,True,False,False,"step 6, "
dotus.ir,cloudflare,"{""cloudflare"": ""third""}",True,True,False,False,"step 5 (SOA), "
doubleclick-cn.net,google,"{""google"": ""private""}",False,False,False,False,"step 3, "
doubleclick.net,google,"{""google"": ""private""}",False,False,False,False,"step 3, "
douglas.de,akamai,"{""akamai"": ""third""}",True,True,False,False,"step 6, "
dowjones.io,amazon,"{""amazon"": ""third""}",True,True,False,False,"step 5 (SOA), "
draftkings.com,akamai,"{""akamai"": ""third""}",True,True,False,False,"step 6, "
dramabloom.com,amazon,"{""amazon"": ""third""}",True,True,False,False,"step 5 (SOA), "
dramaboxdb.com,amazon,"{""amazon"": ""third""}",True,True,False,False,"step 5 (SOA), "
dramaboxvideo.com,google,"{""google"": ""third""}",True,True,False,False,"step 5 (SOA), "
dramahue.com,google|amazon,"{""google"": ""third"", ""amazon"": ""third""}",True,False,True,True,"step 5 (SOA), step 6, "
drdrab.com,amazon,"{""amazon"": ""third""}",True,True,False,False,"step 5 (SOA), "
dreamserve.dev,cloudflare,"{""cloudflare"": ""third""}",True,True,False,False,"step 5 (SOA), "
dreamstime.com,amazon,"{""amazon"": ""private""}",False,False,False,False,"step 5 (SOA), "
dreamwidth.org,bunnycdn|amazon,"{""bunnycdn"": ""third"", ""amazon"": ""third""}",True,False,True,True,"step 5 (SOA), step 6, "
drift.com,amazon|cloudflare,"{""amazon"": ""third"", ""cloudflare"": ""third""}",True,False,True,True,"step 5 (SOA), step 6, "
driftpixel.live,microsoft|cloudflare,"{""microsoft"": ""private"", ""cloudflare"": ""third""}",True,False,True,False,"step 3, step 5 (SOA), "
driftt.com,amazon,"{""amazon"": ""third""}",True,True,False,False,"step 5 (SOA), "
drivecentric.io,amazon,"{""amazon"": ""third""}",True,True,False,False,"step 5 (SOA), "
drmgms.com,amazon,"{""amazon"": ""third""}",True,True,False,False,"step 5 (SOA), "
drogaraia.com.br,amazon|akamai,"{""amazon"": ""third"", ""akamai"": ""third""}",True,False,True,True,"step 5 (SOA), step 6, "
drogasil.com.br,amazon|akamai,"{""amazon"": ""third"", ""akamai"": ""third""}",True,False,True,True,"step 5 (SOA), step 6, "
dropbox.com,amazon,"{""amazon"": ""third""}",True,True,False,False,"step 5 (SOA), "
dropboxapi.com,amazon,"{""amazon"": ""third""}",True,True,False,False,"step 5 (SOA), "
dropboxstatic.com,amazon,"{""amazon"": ""third""}",True,True,False,False,"step 5 (SOA), "
dropboxusercontent.com,amazon,"{""amazon"": ""third""}",True,True,False,False,"step 5 (SOA), "
dropcam.com,google,"{""google"": ""third""}",True,True,False,False,"step 5 (SOA), "
drpc.org,cloudflare,"{""cloudflare"": ""third""}",True,True,False,False,"step 5 (SOA), "
drunkenslug.com,cloudflare,"{""cloudflare"": ""third""}",True,True,False,False,"step 5 (SOA), "
druva.com,amazon|fastly,"{""amazon"": ""third"", ""fastly"": ""third""}",True,False,True,True,"step 5 (SOA), step 6, "
dsmcdn.com,cloudflare,"{""cloudflare"": ""third""}",True,True,False,False,"step 5 (SOA), "
dspx.tv,cloudflare,"{""cloudflare"": ""third""}",True,True,False,False,"step 5 (SOA), "
dssott.com,telegram,"{""telegram"": ""private""}",False,False,False,False,"step 6, "
dstatbot.win,cloudflare,"{""cloudflare"": ""third""}",True,True,False,False,"step 5 (SOA), "
dstillery.com,cloudflare,"{""cloudflare"": ""third""}",True,True,False,False,"step 5 (SOA), "
dstud.io,cloudflare,"{""cloudflare"": ""third""}",True,True,False,False,"step 5 (SOA), "
dstv.com,amazon,"{""amazon"": ""third""}",True,True,False,False,"step 5 (SOA), "
dtscdn.com,cloudflare,"{""cloudflare"": ""third""}",True,True,False,False,"step 5 (SOA), "
dtscout.com,cloudflare,"{""cloudflare"": ""third""}",True,True,False,False,"step 5 (SOA), "
dtssrv.com,cloudflare,"{""cloudflare"": ""third""}",True,True,False,False,"step 5 (SOA), "
dual-s-dc-msedge.net,microsoft,"{""microsoft"": ""private""}",False,False,False,False,"step 3, "
dual-s-msedge.net,microsoft,"{""microsoft"": ""private""}",False,False,False,False,"step 3, "
duapps.com,amazon,"{""amazon"": ""private""}",False,False,False,False,"step 5 (SOA), "
dubizzle.com.eg,cloudflare,"{""cloudflare"": ""third""}",True,True,False,False,"step 6, "
duckdns.org,amazon,"{""amazon"": ""third""}",True,True,False,False,"step 6, "
ducks.party,cloudflare,"{""cloudflare"": ""third""}",True,True,False,False,"step 5 (SOA), "
duetdisplay.com,cloudflare,"{""cloudflare"": ""third""}",True,True,False,False,"step 6, "
duhrawhide.com,cloudflare,"{""cloudflare"": ""third""}",True,True,False,False,"step 5 (SOA), "
duolingo.com,amazon,"{""amazon"": ""third""}",True,True,False,False,"step 5 (SOA), "
duosecurity.com,amazon,"{""amazon"": ""third""}",True,True,False,False,"step 5 (SOA), "
durationmedia.net,cloudflare,"{""cloudflare"": ""third""}",True,True,False,False,"step 5 (SOA), "
durevpn.com,cloudflare|vercel,"{""cloudflare"": ""third"", ""vercel"": ""third""}",True,False,True,True,"step 5 (SOA), step 6, "
dv.tech,google,"{""google"": ""third""}",True,True,False,False,"step 5 (SOA), "
dw.com,akamai,"{""akamai"": ""third""}",True,True,False,False,"step 6, "
dwcdn.net,cloudflare,"{""cloudflare"": ""third""}",True,True,False,False,"step 5 (SOA), "
dweb.link,cloudflare,"{""cloudflare"": ""third""}",True,True,False,False,"step 5 (SOA), "
dwin1.com,amazon,"{""amazon"": ""third""}",True,True,False,False,"step 5 (SOA), "
dxtech.ai,cloudflare,"{""cloudflare"": ""third""}",True,True,False,False,"step 5 (SOA), "
dynadot.com,cloudflare,"{""cloudflare"": ""third""}",True,True,False,False,"step 5 (SOA), "
dynamic-m.com,amazon,"{""amazon"": ""third""}",True,True,False,False,"step 5 (SOA), "
dynamics.com,microsoft,"{""microsoft"": ""private""}",False,False,False,False,"step 5 (SOA), "
dynamicyield.com,amazon|cloudflare,"{""amazon"": ""third"", ""cloudflare"": ""third""}",True,False,True,True,"step 5 (SOA), step 6, "
dynatrace.com,amazon,"{""amazon"": ""third""}",True,True,False,False,"step 6, "
dyson.com,cloudflare,"{""cloudflare"": ""third""}",True,True,False,False,"step 6, "
dyson.it,cloudflare,"{""cloudflare"": ""third""}",True,True,False,False,"step 6, "
dzcdn.net,amazon|akamai,"{""amazon"": ""third"", ""akamai"": ""third""}",True,False,True,True,"step 5 (SOA), step 6, "
dzdas.com,amazon,"{""amazon"": ""third""}",True,True,False,False,"step 5 (SOA), "
e-hentai.org,cloudflare,"{""cloudflare"": ""third""}",True,True,False,False,"step 5 (SOA), "
e-msedge.net,microsoft,"{""microsoft"": ""private""}",False,False,False,False,"step 3, "
e-n-c-r-y-p-t.net,cloudflare,"{""cloudflare"": ""third""}",True,True,False,False,"step 5 (SOA), "
e-planning.net,amazon,"{""amazon"": ""third""}",True,True,False,False,"step 5 (SOA), "
e-volution.ai,amazon,"{""amazon"": ""private""}",False,False,False,False,"step 5 (SOA), "
e2ro.com,amazon,"{""amazon"": ""third""}",True,True,False,False,"step 5 (SOA), "
e621.net,cloudflare,"{""cloudflare"": ""third""}",True,True,False,False,"step 5 (SOA), "
e911cloud.com,amazon,"{""amazon"": ""third""}",True,True,False,False,"step 5 (SOA), "
ea.com,akamai,"{""akamai"": ""third""}",True,True,False,False,"step 6, "
eagle-insight.com,google,"{""google"": ""third""}",True,True,False,False,"step 5 (SOA), "
eaqbr.com.br,amazon,"{""amazon"": ""third""}",True,True,False,False,"step 5 (SOA), "
earmuffpostnasalrisotto.com,amazon,"{""amazon"": ""third""}",True,True,False,False,"step 5 (SOA), "
earn.fm,cloudflare,"{""cloudflare"": ""third""}",True,True,False,False,"step 5 (SOA), "
earthdoc.org,cloudflare,"{""cloudflare"": ""third""}",True,True,False,False,"step 5 (SOA), "
earthlink.net,cloudflare,"{""cloudflare"": ""third""}",True,True,False,False,"step 5 (SOA), "
easemob.com,alibaba,"{""alibaba"": ""third""}",True,True,False,False,"step 6, "
easports.com,akamai,"{""akamai"": ""third""}",True,True,False,False,"step 6, "
eastmoney.com,alibaba,"{""alibaba"": ""third""}",True,True,False,False,"step 6, "
easy4ipcloud.com,amazon,"{""amazon"": ""third""}",True,True,False,False,"step 5 (SOA), "
easybrain.com,cloudflare,"{""cloudflare"": ""third""}",True,True,False,False,"step 5 (SOA), "
easygoosutilitytol.com,amazon,"{""amazon"": ""third""}",True,True,False,False,"step 5 (SOA), "
easyjet.com,akamai,"{""akamai"": ""third""}",True,True,False,False,"step 6, "
ebally.co.uk,cloudflare,"{""cloudflare"": ""third""}",True,True,False,False,"step 5 (SOA), "
ebay.ca,akamai,"{""akamai"": ""third""}",True,True,False,False,"step 6, "
ebay.co.uk,akamai,"{""akamai"": ""third""}",True,True,False,False,"step 6, "
ebay.com,akamai,"{""akamai"": ""third""}",True,True,False,False,"step 6, "
ebay.com.au,akamai,"{""akamai"": ""third""}",True,True,False,False,"step 6, "
ebay.de,akamai,"{""akamai"": ""third""}",True,True,False,False,"step 6, "
ebayimg.com,yahoo,"{""yahoo"": ""private""}",False,False,False,False,"step 3, "
ebxcdn.com,cloudflare,"{""cloudflare"": ""third""}",True,True,False,False,"step 5 (SOA), "
ecal.com,amazon|wordpress,"{""amazon"": ""third"", ""wordpress"": ""third""}",True,False,True,True,"step 5 (SOA), step 6, "
ecbsn.com,amazon|akamai,"{""amazon"": ""third"", ""akamai"": ""third""}",True,False,True,True,"step 5 (SOA), step 6, "
echosign.com,amazon,"{""amazon"": ""third""}",True,True,False,False,"step 5 (SOA), "
ecoflow.com,amazon|microsoft,"{""amazon"": ""third"", ""microsoft"": ""third""}",True,False,True,True,"step 5 (SOA), step 6, "
ecomposer.app,cloudflare,"{""cloudflare"": ""third""}",True,True,False,False,"step 5 (SOA), "
ecomsend.com,cloudflare,"{""cloudflare"": ""third""}",True,True,False,False,"step 5 (SOA), "
economist.com,cloudflare,"{""cloudflare"": ""third""}",True,True,False,False,"step 6, "
ecorebates.com,amazon,"{""amazon"": ""third""}",True,True,False,False,"step 5 (SOA), "
ecosense.io,cloudflare|shopify,"{""cloudflare"": ""third"", ""shopify"": ""third""}",True,False,True,True,"step 5 (SOA), step 6, "
ecosia.org,amazon|cloudflare,"{""amazon"": ""third"", ""cloudflare"": ""third""}",True,False,True,True,"step 5 (SOA), step 6, "
ecwid.com,amazon,"{""amazon"": ""private""}",False,False,False,False,"step 5 (SOA), "
ed.gov,microsoft,"{""microsoft"": ""third""}",True,True,False,False,"step 6, "
edgcdn.net,cloudflare,"{""cloudflare"": ""third""}",True,True,False,False,"step 5 (SOA), "
edge-retina.net,meta,"{""meta"": ""third""}",True,True,False,False,"step 5 (SOA), "
edge.apple,apple,"{""apple"": ""private""}",False,False,False,False,"step 1, "
edgedns-tm.info,microsoft,"{""microsoft"": ""third""}",True,True,False,False,"step 5 (SOA), "
edgekey.net,akamai,"{""akamai"": ""private""}",False,False,False,False,"step 2, "
edgekey88.net,akamai,"{""akamai"": ""private""}",False,False,False,False,"step 3, "
edgesuite.net,akamai,"{""akamai"": ""private""}",False,False,False,False,"step 2, "
editmysite.com,amazon,"{""amazon"": ""third""}",True,True,False,False,"step 5 (SOA), "
edmunds.com,amazon|akamai,"{""amazon"": ""third"", ""akamai"": ""third""}",True,False,True,True,"step 5 (SOA), step 6, "
edna.id,cloudflare,"{""cloudflare"": ""third""}",True,True,False,False,"step 5 (SOA), "
edoinc.com,amazon,"{""amazon"": ""third""}",True,True,False,False,"step 5 (SOA), "
edx.org,amazon,"{""amazon"": ""third""}",True,True,False,False,"step 5 (SOA), "
ee-share.com,cloudflare,"{""cloudflare"": ""third""}",True,True,False,False,"step 5 (SOA), "
eero.com,amazon,"{""amazon"": ""third""}",True,True,False,False,"step 5 (SOA), "
eeroup.com,amazon,"{""amazon"": ""third""}",True,True,False,False,"step 5 (SOA), "
eeyeful.com,amazon,"{""amazon"": ""third""}",True,True,False,False,"step 5 (SOA), "
egain.cloud,amazon,"{""amazon"": ""third""}",True,True,False,False,"step 5 (SOA), "
egcvi.com,amazon,"{""amazon"": ""third""}",True,True,False,False,"step 5 (SOA), "
egnyte.com,google|fastly,"{""google"": ""third"", ""fastly"": ""third""}",True,False,True,True,"step 5 (SOA), step 6, "
eiscprts.com,cloudflare,"{""cloudflare"": ""third""}",True,True,False,False,"step 5 (SOA), "
eizzih.com,cloudflare,"{""cloudflare"": ""third""}",True,True,False,False,"step 5 (SOA), "
ekatox-ru.com,apple,"{""apple"": ""third""}",True,True,False,False,"step 5 (SOA), "
ekatox.com,amazon|google,"{""amazon"": ""third"", ""google"": ""third""}",True,False,True,True,"step 5 (SOA), step 7, "
elastic-cloud.com,amazon,"{""amazon"": ""third""}",True,True,False,False,"step 5 (SOA), "
elastic.co,amazon|fastly,"{""amazon"": ""third"", ""fastly"": ""third""}",True,False,True,True,"step 5 (SOA), step 6, "
elasticbeanstalk.com,amazon,"{""amazon"": ""third""}",True,True,False,False,"step 5 (SOA), "
ele.me,eleme,"{""eleme"": ""third""}",True,True,False,False,"step 6, "
electricitymaps.com,cloudflare,"{""cloudflare"": ""third""}",True,True,False,False,"step 5 (SOA), "
element.io,cloudflare,"{""cloudflare"": ""third""}",True,True,False,False,"step 5 (SOA), "
elementor.com,cloudflare,"{""cloudflare"": ""third""}",True,True,False,False,"step 5 (SOA), "
elevenlabs.io,google,"{""google"": ""third""}",True,True,False,False,"step 5 (SOA), "
elfsight.com,cloudflare,"{""cloudflare"": ""third""}",True,True,False,False,"step 5 (SOA), "
elfsightcdn.com,cloudflare,"{""cloudflare"": ""third""}",True,True,False,False,"step 5 (SOA), "
elgato.com,amazon|akamai,"{""amazon"": ""third"", ""akamai"": ""third""}",True,False,True,True,"step 5 (SOA), step 6, "
elpais.com,fastly,"{""fastly"": ""third""}",True,True,False,False,"step 6, "
elsevier.com,cloudflare,"{""cloudflare"": ""third""}",True,True,False,False,"step 6, "
elsevierhealth.com,amazon|cloudflare,"{""amazon"": ""third"", ""cloudflare"": ""third""}",True,False,True,True,"step 5 (SOA), step 6, "
elsevierpure.com,amazon|cloudflare,"{""amazon"": ""third"", ""cloudflare"": ""third""}",True,False,True,True,"step 5 (SOA), step 6, "
emag.ro,amazon,"{""amazon"": ""third""}",True,True,False,False,"step 6, "
emarsys.net,digicert,"{""digicert"": ""private""}",False,False,False,False,"step 5 (SOA), "
emb-api.com,amazon,"{""amazon"": ""third""}",True,True,False,False,"step 5 (SOA), "
emc.com,akamai,"{""akamai"": ""third""}",True,True,False,False,"step 6, "
emerald.com,cloudflare,"{""cloudflare"": ""third""}",True,True,False,False,"step 5 (SOA), "
emergingthreats.net,amazon,"{""amazon"": ""third""}",True,True,False,False,"step 5 (SOA), "
emirates.com,akamai,"{""akamai"": ""third""}",True,True,False,False,"step 6, "
empik.com,cloudflare,"{""cloudflare"": ""third""}",True,True,False,False,"step 5 (SOA), "
emporiaenergy.com,cloudflare|amazon,"{""cloudflare"": ""third"", ""amazon"": ""third""}",True,False,True,True,"step 5 (SOA), step 6, "
emusprint.com,twitter,"{""twitter"": ""private""}",False,False,False,False,"step 6, "
emxdgt.com,amazon,"{""amazon"": ""third""}",True,True,False,False,"step 5 (SOA), "
enchanted.gg,cloudflare,"{""cloudflare"": ""third""}",True,True,False,False,"step 5 (SOA), "
encipher.io,amazon,"{""amazon"": ""third""}",True,True,False,False,"step 5 (SOA), "
encycolorpedia.com,cloudflare,"{""cloudflare"": ""third""}",True,True,False,False,"step 5 (SOA), "
endowmentoverhangutmost.com,amazon,"{""amazon"": ""third""}",True,True,False,False,"step 5 (SOA), "
eneba.com,cloudflare,"{""cloudflare"": ""third""}",True,True,False,False,"step 5 (SOA), "
engage7.com,amazon,"{""amazon"": ""third""}",True,True,False,False,"step 5 (SOA), "
engageforce.net,amazon,"{""amazon"": ""third""}",True,True,False,False,"step 5 (SOA), "
engagelab.cc,amazon,"{""amazon"": ""third""}",True,True,False,False,"step 5 (SOA), "
engagelab.com,amazon,"{""amazon"": ""third""}",True,True,False,False,"step 5 (SOA), "
engenius.ai,amazon,"{""amazon"": ""third""}",True,True,False,False,"step 5 (SOA), "
engineersaustralia.org.au,cloudflare,"{""cloudflare"": ""third""}",True,True,False,False,"step 5 (SOA), "
enjoei.com.br,amazon|cloudflare,"{""amazon"": ""third"", ""cloudflare"": ""third""}",True,False,True,True,"step 5 (SOA), step 6, "
ensighten.com,amazon,"{""amazon"": ""third""}",True,True,False,False,"step 5 (SOA), "
envato.com,cloudflare,"{""cloudflare"": ""third""}",True,True,False,False,"step 5 (SOA), "
envatousercontent.com,cloudflare,"{""cloudflare"": ""third""}",True,True,False,False,"step 5 (SOA), "
eol.org,cloudflare,"{""cloudflare"": ""third""}",True,True,False,False,"step 5 (SOA), "
epa.gov,amazon,"{""amazon"": ""third""}",True,True,False,False,"step 6, "
epicgames.com,amazon|cloudflare,"{""amazon"": ""private"", ""cloudflare"": ""private""}",False,False,True,False,"step 5 (SOA), step 6, "
epicgames.dev,amazon,"{""amazon"": ""private""}",False,False,False,False,"step 5 (SOA), "
epicgamescdn.com,amazon,"{""amazon"": ""third""}",True,True,False,False,"step 5 (SOA), "
epinfraservices.com,amazon,"{""amazon"": ""third""}",True,True,False,False,"step 5 (SOA), "
episerver.net,amazon,"{""amazon"": ""third""}",True,True,False,False,"step 5 (SOA), "
eppo.cloud,google,"{""google"": ""third""}",True,True,False,False,"step 5 (SOA), "
epson.biz,amazon,"{""amazon"": ""third""}",True,True,False,False,"step 5 (SOA), "
epson.com,amazon,"{""amazon"": ""third""}",True,True,False,False,"step 5 (SOA), "
epson.net,amazon,"{""amazon"": ""third""}",True,True,False,False,"step 5 (SOA), "
epsonconnect.com,amazon,"{""amazon"": ""third""}",True,True,False,False,"step 6, "
eqads.com,google,"{""google"": ""third""}",True,True,False,False,"step 5 (SOA), "
equalweb.com,cloudflare,"{""cloudflare"": ""third""}",True,True,False,False,"step 5 (SOA), "
erome.com,cloudflare|bunnycdn,"{""cloudflare"": ""third"", ""bunnycdn"": ""third""}",True,False,True,True,"step 5 (SOA), step 6, "
eromecdn.com,cloudflare,"{""cloudflare"": ""third""}",True,True,False,False,"step 5 (SOA), "
es.io,amazon,"{""amazon"": ""third""}",True,True,False,False,"step 5 (SOA), "
escapefromtarkov.com,cloudflare,"{""cloudflare"": ""third""}",True,True,False,False,"step 5 (SOA), "
eset.com,akamai|microsoft,"{""akamai"": ""third"", ""microsoft"": ""third""}",True,False,True,True,"step 6, step 6, "
esimdiscovery.com,google,"{""google"": ""third""}",True,True,False,False,"step 5 (SOA), "
eskimi.com,cloudflare,"{""cloudflare"": ""third""}",True,True,False,False,"step 5 (SOA), "
esm.sh,cloudflare,"{""cloudflare"": ""third""}",True,True,False,False,"step 5 (SOA), "
esm1.net,amazon,"{""amazon"": ""third""}",True,True,False,False,"step 5 (SOA), "
esmplus.com,amazon,"{""amazon"": ""third""}",True,True,False,False,"step 5 (SOA), "
esper.cloud,amazon,"{""amazon"": ""third""}",True,True,False,False,"step 5 (SOA), "
espn.com,amazon,"{""amazon"": ""third""}",True,True,False,False,"step 5 (SOA), "
espn.net,amazon,"{""amazon"": ""third""}",True,True,False,False,"step 5 (SOA), "
espncdn.com,amazon,"{""amazon"": ""third""}",True,True,False,False,"step 5 (SOA), "
espncricinfo.com,amazon|akamai,"{""amazon"": ""third"", ""akamai"": ""third""}",True,False,True,True,"step 5 (SOA), step 6, "
esportesdasorte.bet.br,cloudflare|amazon,"{""cloudflare"": ""third"", ""amazon"": ""third""}",True,False,True,True,"step 5 (SOA), step 7, "
esputnik.com,amazon,"{""amazon"": ""third""}",True,True,False,False,"step 5 (SOA), "
esri.com,amazon|akamai,"{""amazon"": ""third"", ""akamai"": ""third""}",True,False,True,True,"step 5 (SOA), step 6, "
etermun.com,amazon|twitter,"{""amazon"": ""third"", ""twitter"": ""third""}",True,False,True,True,"step 5 (SOA), step 6, "
etherscan.io,cloudflare,"{""cloudflare"": ""third""}",True,True,False,False,"step 5 (SOA), "
etherstress.su,cloudflare,"{""cloudflare"": ""third""}",True,True,False,False,"step 5 (SOA), "
etoro.com,cloudflare|akamai,"{""cloudflare"": ""third"", ""akamai"": ""third""}",True,False,True,True,"step 6, step 6, "
etrade.com,akamai,"{""akamai"": ""private""}",False,False,False,False,"step 6, "
etrusted.com,amazon,"{""amazon"": ""third""}",True,True,False,False,"step 5 (SOA), "
etsy.com,fastly,"{""fastly"": ""private""}",False,False,False,False,"step 6, "
eu-1-id5-sync.com,cloudflare,"{""cloudflare"": ""third""}",True,True,False,False,"step 5 (SOA), "
eu-3-id5-sync.com,cloudflare,"{""cloudflare"": ""third""}",True,True,False,False,"step 5 (SOA), "
eu-4-id5-sync.com,amazon,"{""amazon"": ""third""}",True,True,False,False,"step 5 (SOA), "
eum-appdynamics.com,amazon,"{""amazon"": ""private""}",False,False,False,False,"step 5 (SOA), "
eurekamag.com,cloudflare,"{""cloudflare"": ""third""}",True,True,False,False,"step 5 (SOA), "
euronews.com,amazon|fastly,"{""amazon"": ""third"", ""fastly"": ""third""}",True,False,True,True,"step 5 (SOA), step 6, "
europeanparslogokick.com,fastly,"{""fastly"": ""third""}",True,True,False,False,"step 6, "
evan.im,cloudflare,"{""cloudflare"": ""third""}",True,True,False,False,"step 5 (SOA), "
evapqnina.com,amazon,"{""amazon"": ""third""}",True,True,False,False,"step 5 (SOA), "
eventbrite.com,amazon,"{""amazon"": ""third""}",True,True,False,False,"step 5 (SOA), "
eventmonitoringpro.com,cloudflare,"{""cloudflare"": ""third""}",True,True,False,False,"step 5 (SOA), "
eveonline.com,amazon,"{""amazon"": ""third""}",True,True,False,False,"step 5 (SOA), "
everestjs.net,akamai,"{""akamai"": ""third""}",True,True,False,False,"step 6, "
everestop.io,cloudflare,"{""cloudflare"": ""third""}",True,True,False,False,"step 5 (SOA), "
evergage.com,amazon,"{""amazon"": ""third""}",True,True,False,False,"step 5 (SOA), "
evernote.com,google|fastly,"{""google"": ""third"", ""fastly"": ""third""}",True,False,True,True,"step 5 (SOA), step 6, "
evetech.net,amazon,"{""amazon"": ""third""}",True,True,False,False,"step 5 (SOA), "
evgnet.com,amazon,"{""amazon"": ""third""}",True,True,False,False,"step 5 (SOA), "
evidence.com,amazon,"{""amazon"": ""third""}",True,True,False,False,"step 5 (SOA), "
evidon.com,amazon,"{""amazon"": ""third""}",True,True,False,False,"step 5 (SOA), "
evodevicemanager.com,amazon|google,"{""amazon"": ""third"", ""google"": ""third""}",True,False,True,True,"step 5 (SOA), step 7, "
ex.co,amazon|wordpress,"{""amazon"": ""third"", ""wordpress"": ""third""}",True,False,True,True,"step 5 (SOA), step 6, "
exacttarget.com,salesforce,"{""salesforce"": ""private""}",False,False,False,False,"step 2, "
example.com,cloudflare,"{""cloudflare"": ""third""}",True,True,False,False,"step 5 (SOA), "
example.org,cloudflare,"{""cloudflare"": ""third""}",True,True,False,False,"step 5 (SOA), "
exclaimer.net,cloudflare,"{""cloudflare"": ""third""}",True,True,False,False,"step 5 (SOA), "
exclusivetvs.com,cloudflare,"{""cloudflare"": ""third""}",True,True,False,False,"step 5 (SOA), "
exitgames.com,amazon|microsoft,"{""amazon"": ""third"", ""microsoft"": ""third""}",True,False,True,True,"step 5 (SOA), step 6, "
exitlag.net,cloudflare,"{""cloudflare"": ""third""}",True,True,False,False,"step 5 (SOA), "
exlibrisgroup.com,fastly,"{""fastly"": ""third""}",True,True,False,False,"step 7, "
exodus.io,cloudflare,"{""cloudflare"": ""third""}",True,True,False,False,"step 5 (SOA), "
exp-tas.com,microsoft,"{""microsoft"": ""third""}",True,True,False,False,"step 5 (SOA), "
exp.host,cloudflare|google,"{""cloudflare"": ""third"", ""google"": ""third""}",True,False,True,True,"step 5 (SOA), step 7, "
expedia.com,akamai,"{""akamai"": ""third""}",True,True,False,False,"step 6, "
expertini.com,cloudflare,"{""cloudflare"": ""third""}",True,True,False,False,"step 5 (SOA), "
expireddomains.com,cloudflare,"{""cloudflare"": ""third""}",True,True,False,False,"step 5 (SOA), "
explained.today,cloudflare,"{""cloudflare"": ""third""}",True,True,False,False,"step 5 (SOA), "
expo.dev,cloudflare,"{""cloudflare"": ""third""}",True,True,False,False,"step 5 (SOA), "
exponea.com,google|cloudflare,"{""google"": ""third"", ""cloudflare"": ""third""}",True,False,True,True,"step 5 (SOA), step 7, "
express.co.uk,amazon,"{""amazon"": ""third""}",True,True,False,False,"step 5 (SOA), "
expressapisv2.net,amazon,"{""amazon"": ""private""}",False,False,False,False,"step 5 (SOA), "
expressvpn.com,amazon,"{""amazon"": ""third""}",True,True,False,False,"step 5 (SOA), "
exshinetech.com,cloudflare,"{""cloudflare"": ""third""}",True,True,False,False,"step 5 (SOA), "
ext-twitch.tv,amazon,"{""amazon"": ""third""}",True,True,False,False,"step 5 (SOA), "
exteragram.app,cloudflare,"{""cloudflare"": ""third""}",True,True,False,False,"step 5 (SOA), "
externulls.com,cloudflare,"{""cloudflare"": ""private""}",False,False,False,False,"step 5 (SOA), "
extra.com.br,akamai,"{""akamai"": ""third""}",True,True,False,False,"step 6, "
extremecloudiq.com,amazon,"{""amazon"": ""private""}",False,False,False,False,"step 5 (SOA), "
extremereach.io,amazon,"{""amazon"": ""third""}",True,True,False,False,"step 5 (SOA), "
ey.com,microsoft,"{""microsoft"": ""third""}",True,True,False,False,"step 6, "
eyeota.net,amazon,"{""amazon"": ""third""}",True,True,False,False,"step 5 (SOA), "
ezlo.com,bunnycdn|shopify,"{""bunnycdn"": ""third"", ""shopify"": ""third""}",True,False,True,True,"step 5 (SOA), step 6, "
ezmob.com,cloudflare,"{""cloudflare"": ""third""}",True,True,False,False,"step 5 (SOA), "
ezodn.com,cloudflare,"{""cloudflare"": ""third""}",True,True,False,False,"step 5 (SOA), "
ezoic.com,amazon|vercel,"{""amazon"": ""third"", ""vercel"": ""third""}",True,False,True,True,"step 5 (SOA), step 6, "
ezoic.net,amazon,"{""amazon"": ""third""}",True,True,False,False,"step 5 (SOA), "
ezojs.com,cloudflare,"{""cloudflare"": ""third""}",True,True,False,False,"step 6, "
eztvx.to,cloudflare,"{""cloudflare"": ""third""}",True,True,False,False,"step 5 (SOA), "
ezviz7.com,amazon,"{""amazon"": ""private""}",False,False,False,False,"step 6, "
ezvizlife.com,amazon,"{""amazon"": ""third""}",True,True,False,False,"step 5 (SOA), "
f-1-g-h.com,cloudflare,"{""cloudflare"": ""third""}",True,True,False,False,"step 5 (SOA), "
f-cdn.com,amazon|fastly,"{""amazon"": ""third"", ""fastly"": ""third""}",True,False,True,True,"step 5 (SOA), step 6, "
f-secure.com,akamai,"{""akamai"": ""third""}",True,True,False,False,"step 6, "
f2pool.com,amazon|cloudflare,"{""amazon"": ""third"", ""cloudflare"": ""third""}",True,False,True,True,"step 5 (SOA), step 6, "
f95zone.to,cloudflare,"{""cloudflare"": ""third""}",True,True,False,False,"step 5 (SOA), "
fab.com,amazon|cloudflare,"{""amazon"": ""third"", ""cloudflare"": ""third""}",True,False,True,True,"step 5 (SOA), step 6, "
faceapp.io,cloudflare,"{""cloudflare"": ""third""}",True,True,False,False,"step 5 (SOA), "
facebook-hardware.com,meta,"{""meta"": ""private""}",False,False,False,False,"step 3, "
facebook.com,meta,"{""meta"": ""private""}",False,False,False,False,"step 3, "
facebook.net,meta,"{""meta"": ""private""}",False,False,False,False,"step 2, "
facecast.xyz,amazon,"{""amazon"": ""third""}",True,True,False,False,"step 5 (SOA), "
faceit-cdn.net,cloudflare,"{""cloudflare"": ""third""}",True,True,False,False,"step 5 (SOA), "
faceit.com,cloudflare,"{""cloudflare"": ""third""}",True,True,False,False,"step 5 (SOA), "
facemojikeyboard.com,amazon|google,"{""amazon"": ""third"", ""google"": ""third""}",True,False,True,True,"step 5 (SOA), step 7, "
facepunch.com,cloudflare,"{""cloudflare"": ""third""}",True,True,False,False,"step 5 (SOA), "
faceueditor.com,akamai,"{""akamai"": ""third""}",True,True,False,False,"step 6, "
faire.com,amazon|cloudflare,"{""amazon"": ""third"", ""cloudflare"": ""third""}",True,False,True,True,"step 5 (SOA), step 6, "
fajar.co.id,cloudflare,"{""cloudflare"": ""third""}",True,True,False,False,"step 5 (SOA), "
fakestoreapi.com,cloudflare,"{""cloudflare"": ""third""}",True,True,False,False,"step 5 (SOA), "
falabella.com,cloudflare,"{""cloudflare"": ""third""}",True,True,False,False,"step 5 (SOA), "
familysearch.org,amazon|imperva,"{""amazon"": ""third"", ""imperva"": ""third""}",True,False,True,True,"step 5 (SOA), step 6, "
fandango.com,akamai,"{""akamai"": ""third""}",True,True,False,False,"step 6, "
fandom.com,amazon|cloudflare,"{""amazon"": ""third"", ""cloudflare"": ""third""}",True,False,True,True,"step 5 (SOA), step 6, "
fanduel.com,amazon,"{""amazon"": ""third""}",True,True,False,False,"step 5 (SOA), "
fang.com,yunaq,"{""yunaq"": ""third""}",True,True,False,False,"step 6, "
fansly.com,cloudflare|amazon,"{""cloudflare"": ""third"", ""amazon"": ""third""}",True,False,True,True,"step 5 (SOA), step 6, "
fao.org,amazon|cloudflare,"{""amazon"": ""third"", ""cloudflare"": ""third""}",True,False,True,True,"step 5 (SOA), step 6, "
fapello.com,cloudflare,"{""cloudflare"": ""third""}",True,True,False,False,"step 5 (SOA), "
faphouse.com,cloudflare,"{""cloudflare"": ""third""}",True,True,False,False,"step 5 (SOA), "
faphouse2.com,cloudflare,"{""cloudflare"": ""third""}",True,True,False,False,"step 5 (SOA), "
fareharbor.com,amazon,"{""amazon"": ""third""}",True,True,False,False,"step 5 (SOA), "
fareharbor.engineering,amazon,"{""amazon"": ""third""}",True,True,False,False,"step 5 (SOA), "
farfetch-contents.com,digicert,"{""digicert"": ""third""}",True,True,False,False,"step 5 (SOA), "
farfetch.com,digicert|akamai,"{""digicert"": ""third"", ""akamai"": ""third""}",True,False,True,True,"step 5 (SOA), step 6, "
farfetch.net,digicert,"{""digicert"": ""third""}",True,True,False,False,"step 5 (SOA), "
farlightgames.com,amazon|alibaba,"{""amazon"": ""third"", ""alibaba"": ""third""}",True,False,True,True,"step 5 (SOA), step 6, "
fashionnova.com,shopify,"{""shopify"": ""third""}",True,True,False,False,"step 6, "
fastbundle.co,cloudflare,"{""cloudflare"": ""third""}",True,True,False,False,"step 5 (SOA), "
fastercapital.com,cloudflare,"{""cloudflare"": ""third""}",True,True,False,False,"step 5 (SOA), "
fastly-edge.com,fastly,"{""fastly"": ""private""}",False,False,False,False,"step 2, "
fastly-insights.com,fastly|google,"{""fastly"": ""private"", ""google"": ""third""}",True,False,True,False,"step 3, step 5 (SOA), "
fastly-masque.net,fastly,"{""fastly"": ""private""}",False,False,False,False,"step 3, "
fastly.com,fastly,"{""fastly"": ""private""}",False,False,False,False,"step 2, "
fastly.net,fastly,"{""fastly"": ""private""}",False,False,False,False,"step 2, "
fastlydns.net,fastly,"{""fastly"": ""private""}",False,False,False,False,"step 3, "
fastlylb.net,fastly,"{""fastly"": ""private""}",False,False,False,False,"step 2, "
fastmail.com,cloudflare,"{""cloudflare"": ""third""}",True,True,False,False,"step 6, "
fastor.cc,cloudflare,"{""cloudflare"": ""third""}",True,True,False,False,"step 5 (SOA), "
fastsimon.com,cloudflare|fastly,"{""cloudflare"": ""third"", ""fastly"": ""third""}",True,False,True,True,"step 5 (SOA), step 6, "
fathom.video,cloudflare,"{""cloudflare"": ""third""}",True,True,False,False,"step 5 (SOA), "
fatsecret.com,amazon|cloudflare,"{""amazon"": ""third"", ""cloudflare"": ""third""}",True,False,True,True,"step 5 (SOA), step 6, "
favorit.work,amazon,"{""amazon"": ""third""}",True,True,False,False,"step 5 (SOA), "
faz.net,akamai,"{""akamai"": ""third""}",True,True,False,False,"step 6, "
fb-t-msedge.net,microsoft,"{""microsoft"": ""private""}",False,False,False,False,"step 3, "
fb.com,meta,"{""meta"": ""private""}",False,False,False,False,"step 2, "
fb.gg,meta,"{""meta"": ""third""}",True,True,False,False,"step 5 (SOA), "
fb.me,meta,"{""meta"": ""private""}",False,False,False,False,"step 2, "
fbcdn.net,meta,"{""meta"": ""private""}",False,False,False,False,"step 2, "
fbot.me,amazon,"{""amazon"": ""third""}",True,True,False,False,"step 5 (SOA), "
fbpigeon.com,amazon,"{""amazon"": ""third""}",True,True,False,False,"step 5 (SOA), "
fbs1-t-msedge.net,microsoft,"{""microsoft"": ""private""}",False,False,False,False,"step 3, "
fbsbx.com,meta,"{""meta"": ""private""}",False,False,False,False,"step 2, "
fc2.com,amazon,"{""amazon"": ""third""}",True,True,False,False,"step 5 (SOA), "
fcc.gov,akamai,"{""akamai"": ""third""}",True,True,False,False,"step 6, "
fd-api.com,cloudflare,"{""cloudflare"": ""third""}",True,True,False,False,"step 5 (SOA), "
fdown.net,cloudflare,"{""cloudflare"": ""third""}",True,True,False,False,"step 5 (SOA), "
feathermc.com,cloudflare,"{""cloudflare"": ""third""}",True,True,False,False,"step 5 (SOA), "
feathr.co,cloudflare,"{""cloudflare"": ""third""}",True,True,False,False,"step 5 (SOA), "
featureassets.org,amazon|google,"{""amazon"": ""third"", ""google"": ""third""}",True,False,True,True,"step 5 (SOA), step 7, "
featuregates.org,amazon|google,"{""amazon"": ""third"", ""google"": ""third""}",True,False,True,True,"step 5 (SOA), step 7, "
fedex.com,akamai,"{""akamai"": ""third""}",True,True,False,False,"step 6, "
feedburner.com,google,"{""google"": ""third""}",True,True,False,False,"step 5 (SOA), "
feednews.com,amazon,"{""amazon"": ""third""}",True,True,False,False,"step 5 (SOA), "
feefo.com,cloudflare,"{""cloudflare"": ""third""}",True,True,False,False,"step 5 (SOA), "
feishewang.cn,cloudflare,"{""cloudflare"": ""third""}",True,True,False,False,"step 5 (SOA), "
femd.ws,cloudflare,"{""cloudflare"": ""third""}",True,True,False,False,"step 5 (SOA), "
fengpongshu.com,cloudflare,"{""cloudflare"": ""third""}",True,True,False,False,"step 5 (SOA), "
fepoth.com,cloudflare,"{""cloudflare"": ""third""}",True,True,False,False,"step 5 (SOA), "
feroot.com,amazon,"{""amazon"": ""third""}",True,True,False,False,"step 5 (SOA), "
fetlife.com,cloudflare,"{""cloudflare"": ""third""}",True,True,False,False,"step 5 (SOA), "
feverup.com,amazon,"{""amazon"": ""third""}",True,True,False,False,"step 5 (SOA), "
ffbbbdc6d3c353211fe2ba39c9f744cd.com,amazon,"{""amazon"": ""third""}",True,True,False,False,"step 5 (SOA), "
fh-wgt.com,cloudflare,"{""cloudflare"": ""third""}",True,True,False,False,"step 5 (SOA), "
fhcdngroup.online,cloudflare,"{""cloudflare"": ""third""}",True,True,False,False,"step 5 (SOA), "
fhcdnmedia.online,cloudflare,"{""cloudflare"": ""third""}",True,True,False,False,"step 5 (SOA), "
fhgte.com,cloudflare,"{""cloudflare"": ""third""}",True,True,False,False,"step 5 (SOA), "
fhvfd.com,amazon,"{""amazon"": ""third""}",True,True,False,False,"step 5 (SOA), "
fibaro.com,cloudflare,"{""cloudflare"": ""third""}",True,True,False,False,"step 5 (SOA), "
fidelity.com,akamai,"{""akamai"": ""third""}",True,True,False,False,"step 6, "
fifa.com,akamai,"{""akamai"": ""third""}",True,True,False,False,"step 6, "
figma.com,amazon,"{""amazon"": ""third""}",True,True,False,False,"step 5 (SOA), "
figpii.com,cloudflare,"{""cloudflare"": ""third""}",True,True,False,False,"step 5 (SOA), "
figshare.com,amazon,"{""amazon"": ""private""}",False,False,False,False,"step 5 (SOA), "
filedownload-csw-lenovo.com,amazon,"{""amazon"": ""third""}",True,True,False,False,"step 5 (SOA), "
filedownloadlink.xyz,cloudflare,"{""cloudflare"": ""third""}",True,True,False,False,"step 5 (SOA), "
filemail.com,cloudflare,"{""cloudflare"": ""third""}",True,True,False,False,"step 5 (SOA), "
files.fm,cloudflare,"{""cloudflare"": ""third""}",True,True,False,False,"step 5 (SOA), "
fillr.com,amazon,"{""amazon"": ""third""}",True,True,False,False,"step 5 (SOA), "
filmaffinity.com,cloudflare,"{""cloudflare"": ""third""}",True,True,False,False,"step 5 (SOA), "
finalfantasyxiv.com,akamai,"{""akamai"": ""third""}",True,True,False,False,"step 6, "
financialcontent.com,amazon|twitter,"{""amazon"": ""private"", ""twitter"": ""private""}",False,False,True,False,"step 5 (SOA), step 6, "
finanzen.net,microsoft|akamai,"{""microsoft"": ""third"", ""akamai"": ""third""}",True,False,True,True,"step 5 (SOA), step 6, "
findagrave.com,cloudflare,"{""cloudflare"": ""third""}",True,True,False,False,"step 5 (SOA), "
findglocal.com,cloudflare,"{""cloudflare"": ""third""}",True,True,False,False,"step 5 (SOA), "
fineartamerica.com,amazon,"{""amazon"": ""private""}",False,False,False,False,"step 5 (SOA), "
fing.com,amazon,"{""amazon"": ""third""}",True,True,False,False,"step 5 (SOA), "
fing.io,amazon,"{""amazon"": ""third""}",True,True,False,False,"step 5 (SOA), "
fingerhi.net,amazon,"{""amazon"": ""third""}",True,True,False,False,"step 5 (SOA), "
finna.fi,cloudflare,"{""cloudflare"": ""third""}",True,True,False,False,"step 5 (SOA), "
firebaseapp.com,firebase|google,"{""firebase"": ""private"", ""google"": ""third""}",True,False,True,False,"step 2, step 5 (SOA), "
firebasedatabase.app,google,"{""google"": ""third""}",True,True,False,False,"step 5 (SOA), "
firebaseio.com,google,"{""google"": ""third""}",True,True,False,False,"step 5 (SOA), "
fireeye.com,cloudflare,"{""cloudflare"": ""third""}",True,True,False,False,"step 5 (SOA), "
fireoscaptiveportal.com,amazon,"{""amazon"": ""third""}",True,True,False,False,"step 5 (SOA), "
firetvcaptiveportal.com,amazon,"{""amazon"": ""private""}",False,False,False,False,"step 5 (SOA), "
fireworktv.com,amazon,"{""amazon"": ""third""}",True,True,False,False,"step 5 (SOA), "
first-id.fr,amazon,"{""amazon"": ""third""}",True,True,False,False,"step 5 (SOA), "
fish.audio,cloudflare,"{""cloudflare"": ""third""}",True,True,False,False,"step 5 (SOA), "
fit-pay.com,cloudflare,"{""cloudflare"": ""third""}",True,True,False,False,"step 5 (SOA), "
fitanalytics.com,cloudflare,"{""cloudflare"": ""third""}",True,True,False,False,"step 5 (SOA), "
fitbit.com,google|twitter,"{""google"": ""private"", ""twitter"": ""private""}",False,False,True,False,"step 5 (SOA), step 6, "
five9.com,cloudflare|fastly,"{""cloudflare"": ""third"", ""fastly"": ""third""}",True,False,True,True,"step 5 (SOA), step 6, "
fivem.net,akamai,"{""akamai"": ""third""}",True,True,False,False,"step 6, "
fiverr.com,cloudflare,"{""cloudflare"": ""third""}",True,True,False,False,"step 5 (SOA), "
flagcdn.com,cloudflare,"{""cloudflare"": ""third""}",True,True,False,False,"step 5 (SOA), "
flairadscpc.com,amazon,"{""amazon"": ""private""}",False,False,False,False,"step 5 (SOA), "
flareflow.tv,amazon,"{""amazon"": ""third""}",True,True,False,False,"step 5 (SOA), "
flashb.id,cloudflare,"{""cloudflare"": ""third""}",True,True,False,False,"step 5 (SOA), "
flashbots.net,cloudflare|vercel,"{""cloudflare"": ""third"", ""vercel"": ""third""}",True,False,True,True,"step 5 (SOA), step 6, "
flashget.com,cloudflare|twitter,"{""cloudflare"": ""third"", ""twitter"": ""third""}",True,False,True,True,"step 5 (SOA), step 6, "
flashintel.ai,cloudflare,"{""cloudflare"": ""third""}",True,True,False,False,"step 5 (SOA), "
flaticon.com,digicert|akamai,"{""digicert"": ""third"", ""akamai"": ""third""}",True,False,True,True,"step 5 (SOA), step 6, "
flatuslifir.is,cloudflare,"{""cloudflare"": ""third""}",True,True,False,False,"step 5 (SOA), "
fleetdm.com,cloudflare,"{""cloudflare"": ""third""}",True,True,False,False,"step 5 (SOA), "
fleraprt.com,amazon,"{""amazon"": ""third""}",True,True,False,False,"step 5 (SOA), "
flickr.com,amazon,"{""amazon"": ""third""}",True,True,False,False,"step 5 (SOA), "
flightradar24.com,cloudflare,"{""cloudflare"": ""third""}",True,True,False,False,"step 5 (SOA), "
flingo.tv,amazon,"{""amazon"": ""private""}",False,False,False,False,"step 5 (SOA), "
flipboard.com,amazon,"{""amazon"": ""third""}",True,True,False,False,"step 5 (SOA), "
fliphtml5.com,cloudflare,"{""cloudflare"": ""third""}",True,True,False,False,"step 5 (SOA), "
flipkart.com,akamai,"{""akamai"": ""third""}",True,True,False,False,"step 6, "
flipp.com,amazon|nextjs,"{""amazon"": ""third"", ""nextjs"": ""third""}",True,False,True,True,"step 5 (SOA), step 7, "
flippback.com,amazon,"{""amazon"": ""third""}",True,True,False,False,"step 5 (SOA), "
flirtify.com,cloudflare,"{""cloudflare"": ""third""}",True,True,False,False,"step 5 (SOA), "
flix360.com,amazon,"{""amazon"": ""private""}",False,False,False,False,"step 5 (SOA), "
flixcar.com,amazon,"{""amazon"": ""private""}",False,False,False,False,"step 5 (SOA), "
flixcdn.com,cloudflare,"{""cloudflare"": ""third""}",True,True,False,False,"step 5 (SOA), "
flodesk.com,cloudflare,"{""cloudflare"": ""third""}",True,True,False,False,"step 5 (SOA), "
floors.dev,google,"{""google"": ""third""}",True,True,False,False,"step 5 (SOA), "
flourish.studio,amazon,"{""amazon"": ""third""}",True,True,False,False,"step 5 (SOA), "
flow.chat,cloudflare,"{""cloudflare"": ""third""}",True,True,False,False,"step 5 (SOA), "
flowgpt.com,cloudflare,"{""cloudflare"": ""third""}",True,True,False,False,"step 5 (SOA), "
flowroute.com,amazon|cloudflare,"{""amazon"": ""third"", ""cloudflare"": ""third""}",True,False,True,True,"step 5 (SOA), step 7, "
flux.jp,microsoft,"{""microsoft"": ""private""}",False,False,False,False,"step 5 (SOA), "
fly.dev,fly,"{""fly"": ""private""}",False,False,False,False,"step 2, "
flyfrontier.com,fastly,"{""fastly"": ""third""}",True,True,False,False,"step 6, "
flykatyusha.net,cloudflare,"{""cloudflare"": ""third""}",True,True,False,False,"step 5 (SOA), "
fmkorea.com,amazon|akamai,"{""amazon"": ""third"", ""akamai"": ""third""}",True,False,True,True,"step 5 (SOA), step 6, "
fmonline.app,alibaba,"{""alibaba"": ""third""}",True,True,False,False,"step 6, "
fn-pz.com,amazon,"{""amazon"": ""third""}",True,True,False,False,"step 5 (SOA), "
fnac.com,akamai,"{""akamai"": ""third""}",True,True,False,False,"step 6, "
fnyfeds.com,akamai,"{""akamai"": ""third""}",True,True,False,False,"step 6, "
focus.cn,tencent,"{""tencent"": ""third""}",True,True,False,False,"step 6, "
focus.de,akamai,"{""akamai"": ""third""}",True,True,False,False,"step 6, "
fongo.com,cloudflare,"{""cloudflare"": ""third""}",True,True,False,False,"step 5 (SOA), "
fontawesome.com,amazon|cloudflare,"{""amazon"": ""third"", ""cloudflare"": ""third""}",True,False,True,True,"step 5 (SOA), step 7, "
fonts.net,cloudflare,"{""cloudflare"": ""third""}",True,True,False,False,"step 5 (SOA), "
foodnetwork.com,amazon|akamai,"{""amazon"": ""third"", ""akamai"": ""third""}",True,False,True,True,"step 5 (SOA), step 6, "
forbes.com,amazon|fastly,"{""amazon"": ""third"", ""fastly"": ""third""}",True,False,True,True,"step 5 (SOA), step 6, "
force.com,akamai,"{""akamai"": ""third""}",True,True,False,False,"step 6, "
ford.com,akamai,"{""akamai"": ""third""}",True,True,False,False,"step 6, "
fordaq.com,cloudflare,"{""cloudflare"": ""third""}",True,True,False,False,"step 7, "
forebears.io,cloudflare,"{""cloudflare"": ""third""}",True,True,False,False,"step 5 (SOA), "
foreca.net,cloudflare,"{""cloudflare"": ""third""}",True,True,False,False,"step 5 (SOA), "
foresee.com,amazon|fastly,"{""amazon"": ""third"", ""fastly"": ""third""}",True,False,True,True,"step 5 (SOA), step 7, "
forethought.ai,cloudflare,"{""cloudflare"": ""third""}",True,True,False,False,"step 5 (SOA), "
forexpros.com,cloudflare,"{""cloudflare"": ""third""}",True,True,False,False,"step 5 (SOA), "
forgecdn.net,amazon,"{""amazon"": ""third""}",True,True,False,False,"step 5 (SOA), "
forgen.cc,cloudflare,"{""cloudflare"": ""third""}",True,True,False,False,"step 5 (SOA), "
forms.gle,google|fastly,"{""google"": ""third"", ""fastly"": ""third""}",True,False,True,True,"step 5 (SOA), step 7, "
formula1.com,amazon,"{""amazon"": ""third""}",True,True,False,False,"step 6, "
forscprts.com,cloudflare,"{""cloudflare"": ""third""}",True,True,False,False,"step 5 (SOA), "
forter.com,amazon|cloudflare,"{""amazon"": ""third"", ""cloudflare"": ""third""}",True,False,True,True,"step 5 (SOA), step 7, "
fortevillageresort.com,akamai,"{""akamai"": ""third""}",True,True,False,False,"step 6, "
forticloud.com,apple,"{""apple"": ""private""}",False,False,False,False,"step 3, "
fortiedr.com,google|cloudflare,"{""google"": ""private"", ""cloudflare"": ""private""}",False,False,True,False,"step 5 (SOA), step 7, "
fortigslb.com,amazon,"{""amazon"": ""third""}",True,True,False,False,"step 5 (SOA), "
fortisase.com,amazon,"{""amazon"": ""third""}",True,True,False,False,"step 5 (SOA), "
forvo.com,cloudflare,"{""cloudflare"": ""third""}",True,True,False,False,"step 5 (SOA), "
forzamotorsport.net,microsoft|twitter,"{""microsoft"": ""third"", ""twitter"": ""third""}",True,False,True,True,"step 5 (SOA), step 6, "
fos5echocaptiveportal.com,amazon,"{""amazon"": ""third""}",True,True,False,False,"step 5 (SOA), "
fotmob.com,amazon,"{""amazon"": ""third""}",True,True,False,False,"step 5 (SOA), "
fotoscapes.com,amazon|fastly,"{""amazon"": ""third"", ""fastly"": ""third""}",True,False,True,True,"step 5 (SOA), step 7, "
found.io,amazon,"{""amazon"": ""third""}",True,True,False,False,"step 5 (SOA), "
fourhoi.com,cloudflare,"{""cloudflare"": ""third""}",True,True,False,False,"step 5 (SOA), "
foursquare.com,amazon|fastly,"{""amazon"": ""private"", ""fastly"": ""private""}",False,False,True,False,"step 5 (SOA), step 7, "
fourthwall.com,google,"{""google"": ""third""}",True,True,False,False,"step 5 (SOA), "
fox.com,fastly,"{""fastly"": ""third""}",True,True,False,False,"step 6, "
foxbusiness.com,akamai,"{""akamai"": ""third""}",True,True,False,False,"step 6, "
foxdor.cc,cloudflare,"{""cloudflare"": ""third""}",True,True,False,False,"step 5 (SOA), "
foxit.com,amazon|cloudflare,"{""amazon"": ""third"", ""cloudflare"": ""third""}",True,False,True,True,"step 5 (SOA), step 6, "
foxitsoftware.com,amazon|cloudflare,"{""amazon"": ""third"", ""cloudflare"": ""third""}",True,False,True,True,"step 5 (SOA), step 6, "
foxnews.com,fastly,"{""fastly"": ""third""}",True,True,False,False,"step 6, "
foxsports.com,akamai,"{""akamai"": ""third""}",True,True,False,False,"step 6, "
fpcdn.io,amazon,"{""amazon"": ""third""}",True,True,False,False,"step 5 (SOA), "
fpjs.io,amazon,"{""amazon"": ""third""}",True,True,False,False,"step 5 (SOA), "
frame.io,amazon|vercel|nextjs,"{""amazon"": ""third"", ""vercel"": ""third"", ""nextjs"": ""third""}",True,False,True,True,"step 5 (SOA), step 6, step 7, "
frameo.net,cloudflare,"{""cloudflare"": ""third""}",True,True,False,False,"step 5 (SOA), "
framer.com,amazon,"{""amazon"": ""third""}",True,True,False,False,"step 5 (SOA), "
framerstatic.com,amazon,"{""amazon"": ""third""}",True,True,False,False,"step 5 (SOA), "
framerusercontent.com,amazon,"{""amazon"": ""third""}",True,True,False,False,"step 5 (SOA), "
frankerfacez.com,cloudflare,"{""cloudflare"": ""third""}",True,True,False,False,"step 5 (SOA), "
free-reels.com,alibaba,"{""alibaba"": ""third""}",True,True,False,False,"step 6, "
free-scores.com,cloudflare,"{""cloudflare"": ""third""}",True,True,False,False,"step 5 (SOA), "
freecash.com,cloudflare,"{""cloudflare"": ""third""}",True,True,False,False,"step 5 (SOA), "
freedom.to,cloudflare,"{""cloudflare"": ""third""}",True,True,False,False,"step 5 (SOA), "
freefiremobile.com,amazon,"{""amazon"": ""third""}",True,True,False,False,"step 5 (SOA), "
freeipapi.com,cloudflare,"{""cloudflare"": ""third""}",True,True,False,False,"step 5 (SOA), "
freelancer.com,amazon|fastly,"{""amazon"": ""third"", ""fastly"": ""third""}",True,False,True,True,"step 5 (SOA), step 6, "
freenet.de,cloudflare,"{""cloudflare"": ""third""}",True,True,False,False,"step 5 (SOA), "
freepik.com,digicert|akamai,"{""digicert"": ""third"", ""akamai"": ""third""}",True,False,True,True,"step 5 (SOA), step 6, "
freeterabox.com,amazon,"{""amazon"": ""third""}",True,True,False,False,"step 5 (SOA), "
fresh8.co,amazon,"{""amazon"": ""third""}",True,True,False,False,"step 5 (SOA), "
fresha.com,amazon,"{""amazon"": ""third""}",True,True,False,False,"step 5 (SOA), "
freshchat.com,amazon,"{""amazon"": ""third""}",True,True,False,False,"step 5 (SOA), "
freshdesk.com,amazon,"{""amazon"": ""third""}",True,True,False,False,"step 5 (SOA), "
freshedge.net,amazon,"{""amazon"": ""third""}",True,True,False,False,"step 5 (SOA), "
freshservice.com,amazon,"{""amazon"": ""private""}",False,False,False,False,"step 5 (SOA), "
freshworks.com,amazon,"{""amazon"": ""third""}",True,True,False,False,"step 5 (SOA), "
freshworksapi.com,amazon,"{""amazon"": ""third""}",True,True,False,False,"step 5 (SOA), "
fril.jp,amazon,"{""amazon"": ""private""}",False,False,False,False,"step 5 (SOA), "
frontapp.com,amazon,"{""amazon"": ""third""}",True,True,False,False,"step 5 (SOA), "
frontiersin.org,microsoft,"{""microsoft"": ""third""}",True,True,False,False,"step 5 (SOA), "
frontrics.site,amazon,"{""amazon"": ""third""}",True,True,False,False,"step 5 (SOA), "
frs2c.com,cloudflare,"{""cloudflare"": ""third""}",True,True,False,False,"step 5 (SOA), "
fsrv.io,cloudflare,"{""cloudflare"": ""third""}",True,True,False,False,"step 5 (SOA), "
fstr.rocks,amazon,"{""amazon"": ""third""}",True,True,False,False,"step 5 (SOA), "
ft.com,amazon|cloudflare,"{""amazon"": ""third"", ""cloudflare"": ""third""}",True,False,True,True,"step 5 (SOA), step 6, "
ftcdn.net,amazon,"{""amazon"": ""third""}",True,True,False,False,"step 5 (SOA), "
ftd.agency,cloudflare,"{""cloudflare"": ""third""}",True,True,False,False,"step 5 (SOA), "
ftpub.net,amazon,"{""amazon"": ""third""}",True,True,False,False,"step 5 (SOA), "
ftvlist.com,google,"{""google"": ""third""}",True,True,False,False,"step 5 (SOA), "
fubo.tv,amazon|fastly,"{""amazon"": ""third"", ""fastly"": ""third""}",True,False,True,True,"step 5 (SOA), step 6, "
fujitsu.com,akamai,"{""akamai"": ""third""}",True,True,False,False,"step 6, "
fullstory.com,google,"{""google"": ""third""}",True,True,False,False,"step 5 (SOA), "
fullview.io,amazon,"{""amazon"": ""third""}",True,True,False,False,"step 5 (SOA), "
funcaptcha.com,amazon,"{""amazon"": ""third""}",True,True,False,False,"step 5 (SOA), "
funmora.com,amazon,"{""amazon"": ""third""}",True,True,False,False,"step 5 (SOA), "
funpay.com,cloudflare,"{""cloudflare"": ""private""}",False,False,False,False,"step 5 (SOA), "
funplus.com,amazon|cloudflare,"{""amazon"": ""third"", ""cloudflare"": ""third""}",True,False,True,True,"step 5 (SOA), step 7, "
furaffinity.net,cloudflare,"{""cloudflare"": ""third""}",True,True,False,False,"step 5 (SOA), "
furbo.co,amazon,"{""amazon"": ""third""}",True,True,False,False,"step 5 (SOA), "
furry-paws.com,amazon|cloudflare,"{""amazon"": ""private"", ""cloudflare"": ""third""}",True,False,True,False,"step 3, step 5 (SOA), "
fuseplatform.net,google,"{""google"": ""third""}",True,True,False,False,"step 5 (SOA), "
fusion-platform.com,amazon,"{""amazon"": ""private""}",False,False,False,False,"step 5 (SOA), "
futbin.com,cloudflare,"{""cloudflare"": ""third""}",True,True,False,False,"step 5 (SOA), "
futbol24.com,cloudflare,"{""cloudflare"": ""third""}",True,True,False,False,"step 5 (SOA), "
futurecdn.net,amazon,"{""amazon"": ""third""}",True,True,False,False,"step 5 (SOA), "
fuximain.com,cloudflare,"{""cloudflare"": ""private""}",False,False,False,False,"step 5 (SOA), "
fvnkonnect.com,amazon,"{""amazon"": ""third""}",True,True,False,False,"step 5 (SOA), "
fw-cdn.com,amazon,"{""amazon"": ""third""}",True,True,False,False,"step 5 (SOA), "
fwcdn3.com,amazon,"{""amazon"": ""third""}",True,True,False,False,"step 5 (SOA), "
fwmrm.net,wordpress,"{""wordpress"": ""third""}",True,True,False,False,"step 6, "
fwpixel.com,amazon,"{""amazon"": ""third""}",True,True,False,False,"step 5 (SOA), "
fwupd.org,cloudflare,"{""cloudflare"": ""private""}",False,False,False,False,"step 5 (SOA), "
fyber.com,fastly,"{""fastly"": ""third""}",True,True,False,False,"step 6, "
fzbox.tools,amazon|gcore,"{""amazon"": ""third"", ""gcore"": ""third""}",True,False,True,True,"step 5 (SOA), step 7, "
g.cn,google,"{""google"": ""third""}",True,True,False,False,"step 5 (SOA), "
g2.com,cloudflare,"{""cloudflare"": ""third""}",True,True,False,False,"step 5 (SOA), "
g2288.com,cloudflare,"{""cloudflare"": ""third""}",True,True,False,False,"step 5 (SOA), "
g2a.com,cloudflare|akamai,"{""cloudflare"": ""third"", ""akamai"": ""third""}",True,False,True,True,"step 5 (SOA), step 6, "
g2afse.com,amazon,"{""amazon"": ""third""}",True,True,False,False,"step 5 (SOA), "
g2crowd.com,cloudflare,"{""cloudflare"": ""third""}",True,True,False,False,"step 5 (SOA), "
gadsme.com,google,"{""google"": ""private""}",False,False,False,False,"step 5 (SOA), "
gaiaonline.com,amazon,"{""amazon"": ""third""}",True,True,False,False,"step 5 (SOA), "
gaijin.net,amazon,"{""amazon"": ""private""}",False,False,False,False,"step 5 (SOA), "
gaijinent.com,amazon|twitter,"{""amazon"": ""private"", ""twitter"": ""private""}",False,False,True,False,"step 5 (SOA), step 6, "
galaxite.net,amazon|fastly,"{""amazon"": ""third"", ""fastly"": ""third""}",True,False,True,True,"step 5 (SOA), step 6, "
game-mode.net,amazon,"{""amazon"": ""third""}",True,True,False,False,"step 5 (SOA), "
game-sdk.com,amazon,"{""amazon"": ""third""}",True,True,False,False,"step 5 (SOA), "
game8.co,amazon,"{""amazon"": ""third""}",True,True,False,False,"step 5 (SOA), "
gameanalytics.com,amazon,"{""amazon"": ""third""}",True,True,False,False,"step 5 (SOA), "
gameassists.co.uk,twitter,"{""twitter"": ""third""}",True,True,False,False,"step 6, "
gamebanana.com,cloudflare,"{""cloudflare"": ""third""}",True,True,False,False,"step 5 (SOA), "
gamedistribution.com,cloudflare|amazon,"{""cloudflare"": ""third"", ""amazon"": ""third""}",True,False,True,True,"step 5 (SOA), step 6, "
gameloft.com,cloudflare,"{""cloudflare"": ""third""}",True,True,False,False,"step 5 (SOA), "
gameloop.com,cloudflare,"{""cloudflare"": ""third""}",True,True,False,False,"step 5 (SOA), "
gamepass.com,microsoft,"{""microsoft"": ""private""}",False,False,False,False,"step 5 (SOA), "
gamer.com.tw,cloudflare,"{""cloudflare"": ""third""}",True,True,False,False,"step 5 (SOA), "
gameresourceshub.top,cloudflare,"{""cloudflare"": ""third""}",True,True,False,False,"step 5 (SOA), "
gamersky.com,baishan,"{""baishan"": ""third""}",True,True,False,False,"step 6, "
gamespot.com,google|cloudflare,"{""google"": ""third"", ""cloudflare"": ""third""}",True,False,True,True,"step 5 (SOA), step 6, "
gaming-sdk.com,cloudflare,"{""cloudflare"": ""third""}",True,True,False,False,"step 5 (SOA), "
gamma.app,cloudflare,"{""cloudflare"": ""third""}",True,True,False,False,"step 5 (SOA), "
gammaplatform.com,amazon,"{""amazon"": ""private""}",False,False,False,False,"step 5 (SOA), "
gamoshi.io,amazon,"{""amazon"": ""third""}",True,True,False,False,"step 5 (SOA), "
gandi.net,fastly,"{""fastly"": ""third""}",True,True,False,False,"step 6, "
gannett-cdn.com,fastly,"{""fastly"": ""third""}",True,True,False,False,"step 6, "
gap.com,akamai,"{""akamai"": ""third""}",True,True,False,False,"step 6, "
gapixus.com,cloudflare,"{""cloudflare"": ""third""}",True,True,False,False,"step 5 (SOA), "
garena.com,amazon,"{""amazon"": ""third""}",True,True,False,False,"step 5 (SOA), "
garenanow.com,amazon|twitter,"{""amazon"": ""third"", ""twitter"": ""third""}",True,False,True,True,"step 5 (SOA), step 6, "
garmin.com,cloudflare,"{""cloudflare"": ""third""}",True,True,False,False,"step 6, "
gastecnologia.com.br,amazon,"{""amazon"": ""third""}",True,True,False,False,"step 5 (SOA), "
gate.com,amazon|akamai,"{""amazon"": ""third"", ""akamai"": ""third""}",True,False,True,True,"step 5 (SOA), step 6, "
gateio.ws,amazon,"{""amazon"": ""private""}",False,False,False,False,"step 5 (SOA), "
gatekeeperconsent.com,cloudflare,"{""cloudflare"": ""third""}",True,True,False,False,"step 5 (SOA), "
gbif.org,amazon|cloudflare,"{""amazon"": ""third"", ""cloudflare"": ""third""}",True,False,True,True,"step 5 (SOA), step 6, "
gbitt.info,cloudflare,"{""cloudflare"": ""third""}",True,True,False,False,"step 5 (SOA), "
gboxlab.com,cloudflare,"{""cloudflare"": ""third""}",True,True,False,False,"step 5 (SOA), "
gbqofs.com,cloudflare,"{""cloudflare"": ""third""}",True,True,False,False,"step 5 (SOA), "
gbqofs.io,amazon,"{""amazon"": ""third""}",True,True,False,False,"step 5 (SOA), "
gc.com,amazon,"{""amazon"": ""third""}",True,True,False,False,"step 5 (SOA), "
gcash.com,amazon,"{""amazon"": ""third""}",True,True,False,False,"step 5 (SOA), "
gccdn.net,cdnetworks,"{""cdnetworks"": ""private""}",False,False,False,False,"step 2, "
gcdn.co,gcore,"{""gcore"": ""private""}",False,False,False,False,"step 2, "
gcore.com,gcore,"{""gcore"": ""private""}",False,False,False,False,"step 2, "
gcprivacy.id,amazon,"{""amazon"": ""third""}",True,True,False,False,"step 5 (SOA), "
gcprivacy.net,amazon,"{""amazon"": ""third""}",True,True,False,False,"step 5 (SOA), "
gcr.io,google,"{""google"": ""third""}",True,True,False,False,"step 5 (SOA), "
gcrenwp.top,cloudflare,"{""cloudflare"": ""third""}",True,True,False,False,"step 5 (SOA), "
gdefence.io,amazon,"{""amazon"": ""third""}",True,True,False,False,"step 5 (SOA), "
gdms.cloud,amazon,"{""amazon"": ""third""}",True,True,False,False,"step 5 (SOA), "
gdtimg.com,tencent,"{""tencent"": ""third""}",True,True,False,False,"step 6, "
gearbox.com,amazon,"{""amazon"": ""third""}",True,True,False,False,"step 5 (SOA), "
geckoterminal.com,cloudflare,"{""cloudflare"": ""third""}",True,True,False,False,"step 5 (SOA), "
geeksforgeeks.org,amazon,"{""amazon"": ""third""}",True,True,False,False,"step 5 (SOA), "
geetest.com,alibaba|twitter,"{""alibaba"": ""third"", ""twitter"": ""third""}",True,False,True,True,"step 6, step 6, "
geforce.com,akamai,"{""akamai"": ""third""}",True,True,False,False,"step 6, "
geneanet.org,cloudflare,"{""cloudflare"": ""third""}",True,True,False,False,"step 6, "
geni.com,imperva,"{""imperva"": ""third""}",True,True,False,False,"step 6, "
geniee.jp,amazon,"{""amazon"": ""third""}",True,True,False,False,"step 5 (SOA), "
genieesspv.jp,amazon,"{""amazon"": ""third""}",True,True,False,False,"step 5 (SOA), "
geniex.com,apple,"{""apple"": ""third""}",True,True,False,False,"step 5 (SOA), "
genius.com,cloudflare,"{""cloudflare"": ""third""}",True,True,False,False,"step 5 (SOA), "
geniussports.com,amazon|vercel,"{""amazon"": ""third"", ""vercel"": ""third""}",True,False,True,True,"step 5 (SOA), step 6, "
genspark.ai,cloudflare,"{""cloudflare"": ""third""}",True,True,False,False,"step 5 (SOA), "
gentoo.org,fastly,"{""fastly"": ""private""}",False,False,False,False,"step 6, "
geocomply.com,amazon|cloudflare,"{""amazon"": ""third"", ""cloudflare"": ""third""}",True,False,True,True,"step 5 (SOA), step 6, "
geode-sdk.org,cloudflare,"{""cloudflare"": ""third""}",True,True,False,False,"step 5 (SOA), "
geodema.network,cloudflare,"{""cloudflare"": ""third""}",True,True,False,False,"step 5 (SOA), "
geoedge.be,amazon,"{""amazon"": ""third""}",True,True,False,False,"step 5 (SOA), "
geojs.io,cloudflare|netlify,"{""cloudflare"": ""third"", ""netlify"": ""third""}",True,False,True,True,"step 5 (SOA), step 6, "
geoplugin.net,cloudflare,"{""cloudflare"": ""private""}",False,False,False,False,"step 5 (SOA), "
geoproapp.com,cloudflare,"{""cloudflare"": ""third""}",True,True,False,False,"step 5 (SOA), "
geotrust.com,digicert|imperva,"{""digicert"": ""third"", ""imperva"": ""third""}",True,False,True,True,"step 5 (SOA), step 6, "
ger7.com.br,cloudflare,"{""cloudflare"": ""third""}",True,True,False,False,"step 5 (SOA), "
getadblock.com,cloudflare|akamai,"{""cloudflare"": ""third"", ""akamai"": ""third""}",True,False,True,True,"step 5 (SOA), step 6, "
getbeamer.com,cloudflare,"{""cloudflare"": ""third""}",True,True,False,False,"step 5 (SOA), "
getclicky.com,cloudflare,"{""cloudflare"": ""third""}",True,True,False,False,"step 5 (SOA), "
getcontact.com,amazon|twitter|google,"{""amazon"": ""private"", ""twitter"": ""private"", ""google"": ""private""}",False,False,True,False,"step 5 (SOA), step 6, step 7, "
getdropbox.com,amazon,"{""amazon"": ""third""}",True,True,False,False,"step 5 (SOA), "
getelevar.com,cloudflare,"{""cloudflare"": ""third""}",True,True,False,False,"step 5 (SOA), "
getflowbox.com,amazon|cloudflare,"{""amazon"": ""third"", ""cloudflare"": ""third""}",True,False,True,True,"step 5 (SOA), step 7, "
getgocdn.com,amazon,"{""amazon"": ""third""}",True,True,False,False,"step 5 (SOA), "
getgrass.io,cloudflare,"{""cloudflare"": ""third""}",True,True,False,False,"step 5 (SOA), "
getmicrosoftkey.com,microsoft|akamai,"{""microsoft"": ""private"", ""akamai"": ""third""}",True,False,True,False,"step 3, step 6, "
getninjas.com.br,amazon,"{""amazon"": ""third""}",True,True,False,False,"step 5 (SOA), "
getpocket.com,amazon,"{""amazon"": ""third""}",True,True,False,False,"step 5 (SOA), "
getpostman.com,amazon,"{""amazon"": ""third""}",True,True,False,False,"step 5 (SOA), "
getpublica.com,amazon|cloudflare,"{""amazon"": ""third"", ""cloudflare"": ""third""}",True,False,True,True,"step 5 (SOA), step 7, "
getredo.com,amazon,"{""amazon"": ""third""}",True,True,False,False,"step 5 (SOA), "
getrockerbox.com,cloudflare,"{""cloudflare"": ""third""}",True,True,False,False,"step 5 (SOA), "
getscreen.me,cloudflare,"{""cloudflare"": ""private""}",False,False,False,False,"step 5 (SOA), "
getsitecontrol.com,cloudflare,"{""cloudflare"": ""third""}",True,True,False,False,"step 5 (SOA), "
getsitectrl.com,amazon,"{""amazon"": ""third""}",True,True,False,False,"step 5 (SOA), "
gettyimages.com,amazon,"{""amazon"": ""third""}",True,True,False,False,"step 5 (SOA), "
getyarn.io,cloudflare,"{""cloudflare"": ""third""}",True,True,False,False,"step 5 (SOA), "
getyourguide.com,cloudflare,"{""cloudflare"": ""third""}",True,True,False,False,"step 6, "
geysermc.org,cloudflare,"{""cloudflare"": ""third""}",True,True,False,False,"step 5 (SOA), "
gfx.ms,microsoft,"{""microsoft"": ""private""}",False,False,False,False,"step 2, "
ggblueshark.com,amazon,"{""amazon"": ""third""}",True,True,False,False,"step 5 (SOA), "
ggmax.com.br,cloudflare,"{""cloudflare"": ""third""}",True,True,False,False,"step 5 (SOA), "
ggpht.com,google,"{""google"": ""private""}",False,False,False,False,"step 2, "
ggpolarbear.com,amazon,"{""amazon"": ""third""}",True,True,False,False,"step 5 (SOA), "
ggwhitehawk.com,amazon,"{""amazon"": ""third""}",True,True,False,False,"step 5 (SOA), "
ghabovethec.info,cloudflare,"{""cloudflare"": ""third""}",True,True,False,False,"step 5 (SOA), "
ghost.io,cloudflare|fastly,"{""cloudflare"": ""third"", ""fastly"": ""third""}",True,False,True,True,"step 5 (SOA), step 6, "
ghostery.com,amazon,"{""amazon"": ""third""}",True,True,False,False,"step 5 (SOA), "
ghostery.net,amazon,"{""amazon"": ""third""}",True,True,False,False,"step 5 (SOA), "
gianteagle.com,microsoft|amazon,"{""microsoft"": ""third"", ""amazon"": ""third""}",True,False,True,True,"step 5 (SOA), step 6, "
gigabyte.com,akamai,"{""akamai"": ""third""}",True,True,False,False,"step 6, "
gigya.com,amazon,"{""amazon"": ""third""}",True,True,False,False,"step 5 (SOA), "
giraff.io,cloudflare,"{""cloudflare"": ""third""}",True,True,False,False,"step 5 (SOA), "
gismeteo.ru,cloudflare,"{""cloudflare"": ""private""}",False,False,False,False,"step 5 (SOA), "
gist.build,cloudflare,"{""cloudflare"": ""third""}",True,True,False,False,"step 5 (SOA), "
gitbook.com,cloudflare,"{""cloudflare"": ""third""}",True,True,False,False,"step 5 (SOA), "
gitbook.io,cloudflare,"{""cloudflare"": ""third""}",True,True,False,False,"step 5 (SOA), "
github.com,amazon,"{""amazon"": ""private""}",False,False,False,False,"step 5 (SOA), "
github.io,github,"{""github"": ""private""}",False,False,False,False,"step 2, "
githubassets.com,github,"{""github"": ""private""}",False,False,False,False,"step 2, "
githubusercontent.com,github,"{""github"": ""private""}",False,False,False,False,"step 2, "
gitkraken.com,cloudflare,"{""cloudflare"": ""third""}",True,True,False,False,"step 5 (SOA), "
gitkraken.dev,cloudflare,"{""cloudflare"": ""third""}",True,True,False,False,"step 5 (SOA), "
gitlab.com,cloudflare,"{""cloudflare"": ""private""}",False,False,False,False,"step 5 (SOA), "
gitlab.io,gitlab|cloudflare,"{""gitlab"": ""private"", ""cloudflare"": ""third""}",True,False,True,False,"step 2, step 5 (SOA), "
gitlab.net,cloudflare,"{""cloudflare"": ""third""}",True,True,False,False,"step 5 (SOA), "
givefreely.com,cloudflare|vercel,"{""cloudflare"": ""third"", ""vercel"": ""third""}",True,False,True,True,"step 5 (SOA), step 6, "
gjacky.com,amazon,"{""amazon"": ""third""}",True,True,False,False,"step 5 (SOA), "
gladly.com,amazon|vercel,"{""amazon"": ""third"", ""vercel"": ""third""}",True,False,True,True,"step 5 (SOA), step 6, "
glamira.com,amazon|akamai,"{""amazon"": ""third"", ""akamai"": ""third""}",True,False,True,True,"step 5 (SOA), step 6, "
glance-cdn.com,google,"{""google"": ""third""}",True,True,False,False,"step 5 (SOA), "
glance.com,google,"{""google"": ""third""}",True,True,False,False,"step 5 (SOA), "
glance.net,amazon,"{""amazon"": ""third""}",True,True,False,False,"step 5 (SOA), "
glanceapis.com,google,"{""google"": ""third""}",True,True,False,False,"step 5 (SOA), "
glancecdn.net,amazon,"{""amazon"": ""third""}",True,True,False,False,"step 5 (SOA), "
glassdoor.com,cloudflare,"{""cloudflare"": ""third""}",True,True,False,False,"step 5 (SOA), "
glasswire.com,amazon,"{""amazon"": ""third""}",True,True,False,False,"step 5 (SOA), "
gleap.io,cloudflare,"{""cloudflare"": ""third""}",True,True,False,False,"step 5 (SOA), "
glia.com,amazon,"{""amazon"": ""third""}",True,True,False,False,"step 5 (SOA), "
gliacloud.com,cloudflare,"{""cloudflare"": ""third""}",True,True,False,False,"step 5 (SOA), "
gliastudios.com,cloudflare,"{""cloudflare"": ""third""}",True,True,False,False,"step 5 (SOA), "
glip.com,amazon,"{""amazon"": ""third""}",True,True,False,False,"step 5 (SOA), "
global-e.com,amazon|cloudflare,"{""amazon"": ""third"", ""cloudflare"": ""third""}",True,False,True,True,"step 5 (SOA), step 6, "
globalping.io,cloudflare,"{""cloudflare"": ""third""}",True,True,False,False,"step 5 (SOA), "
globalsign.com,fastly,"{""fastly"": ""third""}",True,True,False,False,"step 6, "
globalsigncdn.com,cloudflare,"{""cloudflare"": ""third""}",True,True,False,False,"step 6, "
globe.com.ph,cloudflare,"{""cloudflare"": ""third""}",True,True,False,False,"step 6, "
globed.dev,cloudflare,"{""cloudflare"": ""third""}",True,True,False,False,"step 5 (SOA), "
glomex.com,amazon,"{""amazon"": ""third""}",True,True,False,False,"step 5 (SOA), "
glosbe.com,cloudflare,"{""cloudflare"": ""private""}",False,False,False,False,"step 5 (SOA), "
glotgrx.com,cloudflare,"{""cloudflare"": ""third""}",True,True,False,False,"step 5 (SOA), "
glulive.com,microsoft|amazon,"{""microsoft"": ""private"", ""amazon"": ""third""}",True,False,True,False,"step 3, step 5 (SOA), "
gluops.com,amazon,"{""amazon"": ""third""}",True,True,False,False,"step 5 (SOA), "
gm.com,akamai,"{""akamai"": ""third""}",True,True,False,False,"step 6, "
gmail.com,google,"{""google"": ""private""}",False,False,False,False,"step 3, "
gmarket.co.kr,amazon|twitter|cloudflare,"{""amazon"": ""private"", ""twitter"": ""private"", ""cloudflare"": ""private""}",False,False,True,False,"step 5 (SOA), step 6, step 6, "
gmarket.com,amazon,"{""amazon"": ""third""}",True,True,False,False,"step 5 (SOA), "
gmgn.ai,amazon|cloudflare,"{""amazon"": ""third"", ""cloudflare"": ""third""}",True,False,True,True,"step 5 (SOA), step 6, "
gmlinteractive.com,cloudflare|wordpress,"{""cloudflare"": ""third"", ""wordpress"": ""third""}",True,False,True,True,"step 5 (SOA), step 6, "
gmossp-sp.jp,google,"{""google"": ""third""}",True,True,False,False,"step 5 (SOA), "
gnome.org,fastly,"{""fastly"": ""third""}",True,True,False,False,"step 6, "
go.dev,google,"{""google"": ""third""}",True,True,False,False,"step 5 (SOA), "
go0gles.cc,cloudflare,"{""cloudflare"": ""third""}",True,True,False,False,"step 5 (SOA), "
go2cloud.org,amazon,"{""amazon"": ""third""}",True,True,False,False,"step 5 (SOA), "
goadopt.io,cloudflare,"{""cloudflare"": ""third""}",True,True,False,False,"step 5 (SOA), "
goairgap.com,amazon,"{""amazon"": ""third""}",True,True,False,False,"step 5 (SOA), "
goal.com,amazon|akamai,"{""amazon"": ""third"", ""akamai"": ""third""}",True,False,True,True,"step 5 (SOA), step 6, "
gocarrot.com,amazon,"{""amazon"": ""third""}",True,True,False,False,"step 5 (SOA), "
godaddy.com,akamai,"{""akamai"": ""third""}",True,True,False,False,"step 6, "
godagree.com,cloudflare,"{""cloudflare"": ""third""}",True,True,False,False,"step 5 (SOA), "
godapply.com,cloudflare,"{""cloudflare"": ""third""}",True,True,False,False,"step 5 (SOA), "
godkc.com,cloudflare,"{""cloudflare"": ""third""}",True,True,False,False,"step 5 (SOA), "
gofile.io,amazon,"{""amazon"": ""third""}",True,True,False,False,"step 5 (SOA), "
gofundme.com,amazon,"{""amazon"": ""third""}",True,True,False,False,"step 5 (SOA), "
gog.com,cloudflare|fastly,"{""cloudflare"": ""third"", ""fastly"": ""third""}",True,False,True,True,"step 5 (SOA), step 6, "
gogl9.com,cloudflare,"{""cloudflare"": ""third""}",True,True,False,False,"step 5 (SOA), "
goguardian.com,amazon,"{""amazon"": ""third""}",True,True,False,False,"step 5 (SOA), "
goibibo.com,amazon|akamai,"{""amazon"": ""third"", ""akamai"": ""third""}",True,False,True,True,"step 5 (SOA), step 6, "
goindigo.in,akamai,"{""akamai"": ""third""}",True,True,False,False,"step 6, "
gokwik.co,amazon,"{""amazon"": ""third""}",True,True,False,False,"step 5 (SOA), "
golang.org,google,"{""google"": ""private""}",False,False,False,False,"step 5 (SOA), "
goldapple.ru,apple,"{""apple"": ""private""}",False,False,False,False,"step 3, "
goldprice.org,cloudflare|amazon,"{""cloudflare"": ""third"", ""amazon"": ""third""}",True,False,True,True,"step 5 (SOA), step 7, "
gomotive.com,amazon,"{""amazon"": ""private""}",False,False,False,False,"step 5 (SOA), "
goo.gl,google,"{""google"": ""third""}",True,True,False,False,"step 5 (SOA), "
goodnotes-devops.com,amazon,"{""amazon"": ""third""}",True,True,False,False,"step 5 (SOA), "
goodnotes.com,amazon,"{""amazon"": ""third""}",True,True,False,False,"step 5 (SOA), "
goodnovel.com,amazon|akamai,"{""amazon"": ""third"", ""akamai"": ""third""}",True,False,True,True,"step 5 (SOA), step 6, "
goodreads.com,amazon,"{""amazon"": ""private""}",False,False,False,False,"step 5 (SOA), "
goodreels.com,amazon,"{""amazon"": ""third""}",True,True,False,False,"step 5 (SOA), "
goodrx.com,amazon|fastly,"{""amazon"": ""third"", ""fastly"": ""third""}",True,False,True,True,"step 5 (SOA), step 6, "
goodtherapy.org,cloudflare,"{""cloudflare"": ""third""}",True,True,False,False,"step 5 (SOA), "
goodwe-power.com,amazon,"{""amazon"": ""third""}",True,True,False,False,"step 5 (SOA), "
googl.com,google,"{""google"": ""third""}",True,True,False,False,"step 5 (SOA), "
google-analytics.com,google,"{""google"": ""private""}",False,False,False,False,"step 2, "
google.ad,google,"{""google"": ""private""}",False,False,False,False,"step 3, "
google.ae,google,"{""google"": ""private""}",False,False,False,False,"step 3, "
google.al,google,"{""google"": ""private""}",False,False,False,False,"step 3, "
google.am,google,"{""google"": ""private""}",False,False,False,False,"step 3, "
google.as,google,"{""google"": ""private""}",False,False,False,False,"step 3, "
google.at,google,"{""google"": ""private""}",False,False,False,False,"step 3, "
google.az,google,"{""google"": ""private""}",False,False,False,False,"step 3, "
google.ba,google,"{""google"": ""private""}",False,False,False,False,"step 3, "
google.be,google,"{""google"": ""private""}",False,False,False,False,"step 3, "
google.bf,google,"{""google"": ""private""}",False,False,False,False,"step 3, "
google.bg,google,"{""google"": ""private""}",False,False,False,False,"step 3, "
google.bi,google,"{""google"": ""private""}",False,False,False,False,"step 3, "
google.bj,google,"{""google"": ""private""}",False,False,False,False,"step 3, "
google.bs,google,"{""google"": ""private""}",False,False,False,False,"step 3, "
google.bt,google,"{""google"": ""private""}",False,False,False,False,"step 3, "
google.by,google,"{""google"": ""private""}",False,False,False,False,"step 3, "
google.ca,google,"{""google"": ""private""}",False,False,False,False,"step 3, "
google.cat,google,"{""google"": ""private""}",False,False,False,False,"step 3, "
google.cd,google,"{""google"": ""private""}",False,False,False,False,"step 3, "
google.cf,google,"{""google"": ""private""}",False,False,False,False,"step 3, "
google.cg,google,"{""google"": ""private""}",False,False,False,False,"step 3, "
google.ch,google,"{""google"": ""private""}",False,False,False,False,"step 3, "
google.ci,google,"{""google"": ""private""}",False,False,False,False,"step 3, "
google.cl,google,"{""google"": ""private""}",False,False,False,False,"step 3, "
google.cm,google,"{""google"": ""private""}",False,False,False,False,"step 3, "
google.cn,google,"{""google"": ""private""}",False,False,False,False,"step 3, "
google.co.ao,google,"{""google"": ""private""}",False,False,False,False,"step 3, "
google.co.bw,google,"{""google"": ""private""}",False,False,False,False,"step 3, "
google.co.ck,google,"{""google"": ""private""}",False,False,False,False,"step 3, "
google.co.cr,google,"{""google"": ""private""}",False,False,False,False,"step 3, "
google.co.id,google,"{""google"": ""private""}",False,False,False,False,"step 3, "
google.co.il,google,"{""google"": ""private""}",False,False,False,False,"step 3, "
google.co.in,google,"{""google"": ""private""}",False,False,False,False,"step 3, "
google.co.jp,google,"{""google"": ""private""}",False,False,False,False,"step 3, "
google.co.ke,google,"{""google"": ""private""}",False,False,False,False,"step 3, "
google.co.kr,google,"{""google"": ""private""}",False,False,False,False,"step 3, "
google.co.ls,google,"{""google"": ""private""}",False,False,False,False,"step 3, "
google.co.ma,google,"{""google"": ""private""}",False,False,False,False,"step 3, "
google.co.mz,google,"{""google"": ""private""}",False,False,False,False,"step 3, "
google.co.nz,google,"{""google"": ""private""}",False,False,False,False,"step 3, "
google.co.th,google,"{""google"": ""private""}",False,False,False,False,"step 3, "
google.co.tz,google,"{""google"": ""private""}",False,False,False,False,"step 3, "
google.co.ug,google,"{""google"": ""private""}",False,False,False,False,"step 3, "
google.co.uk,google,"{""google"": ""private""}",False,False,False,False,"step 3, "
google.co.uz,google,"{""google"": ""private""}",False,False,False,False,"step 3, "
google.co.ve,google,"{""google"": ""private""}",False,False,False,False,"step 3, "
google.co.vi,google,"{""google"": ""private""}",False,False,False,False,"step 3, "
google.co.za,google,"{""google"": ""private""}",False,False,False,False,"step 3, "
google.co.zm,google,"{""google"": ""private""}",False,False,False,False,"step 3, "
google.co.zw,google,"{""google"": ""private""}",False,False,False,False,"step 3, "
google.com,google,"{""google"": ""private""}",False,False,False,False,"step 2, "
google.com.af,google,"{""google"": ""private""}",False,False,False,False,"step 3, "
google.com.ag,google,"{""google"": ""private""}",False,False,False,False,"step 3, "
google.com.ai,google,"{""google"": ""private""}",False,False,False,False,"step 3, "
google.com.ar,google,"{""google"": ""private""}",False,False,False,False,"step 3, "
google.com.au,google,"{""google"": ""private""}",False,False,False,False,"step 3, "
google.com.bd,google,"{""google"": ""private""}",False,False,False,False,"step 3, "
google.com.bh,google,"{""google"": ""private""}",False,False,False,False,"step 3, "
google.com.bn,google,"{""google"": ""private""}",False,False,False,False,"step 3, "
google.com.bo,google,"{""google"": ""private""}",False,False,False,False,"step 3, "
google.com.br,google,"{""google"": ""private""}",False,False,False,False,"step 3, "
google.com.bz,google,"{""google"": ""private""}",False,False,False,False,"step 3, "
google.com.co,google,"{""google"": ""private""}",False,False,False,False,"step 3, "
google.com.cu,google,"{""google"": ""private""}",False,False,False,False,"step 3, "
google.com.cy,google,"{""google"": ""private""}",False,False,False,False,"step 3, "
google.com.do,google,"{""google"": ""private""}",False,False,False,False,"step 3, "
google.com.ec,google,"{""google"": ""private""}",False,False,False,False,"step 3, "
google.com.eg,google,"{""google"": ""private""}",False,False,False,False,"step 3, "
google.com.et,google,"{""google"": ""private""}",False,False,False,False,"step 3, "
google.com.fj,google,"{""google"": ""private""}",False,False,False,False,"step 3, "
google.com.gh,google,"{""google"": ""private""}",False,False,False,False,"step 3, "
google.com.gi,google,"{""google"": ""private""}",False,False,False,False,"step 3, "
google.com.gt,google,"{""google"": ""private""}",False,False,False,False,"step 3, "
google.com.hk,google,"{""google"": ""private""}",False,False,False,False,"step 3, "
google.com.jm,google,"{""google"": ""private""}",False,False,False,False,"step 3, "
google.com.kh,google,"{""google"": ""private""}",False,False,False,False,"step 3, "
google.com.kw,google,"{""google"": ""private""}",False,False,False,False,"step 3, "
google.com.lb,google,"{""google"": ""private""}",False,False,False,False,"step 3, "
google.com.ly,google,"{""google"": ""private""}",False,False,False,False,"step 3, "
google.com.mm,google,"{""google"": ""private""}",False,False,False,False,"step 3, "
google.com.mt,google,"{""google"": ""private""}",False,False,False,False,"step 3, "
google.com.mx,google,"{""google"": ""private""}",False,False,False,False,"step 3, "
google.com.my,google,"{""google"": ""private""}",False,False,False,False,"step 3, "
google.com.na,google,"{""google"": ""private""}",False,False,False,False,"step 3, "
google.com.nf,google,"{""google"": ""private""}",False,False,False,False,"step 3, "
google.com.ng,google,"{""google"": ""private""}",False,False,False,False,"step 3, "
google.com.ni,google,"{""google"": ""private""}",False,False,False,False,"step 3, "
google.com.np,google,"{""google"": ""private""}",False,False,False,False,"step 3, "
google.com.om,google,"{""google"": ""private""}",False,False,False,False,"step 3, "
google.com.pa,google,"{""google"": ""private""}",False,False,False,False,"step 3, "
google.com.pe,google,"{""google"": ""private""}",False,False,False,False,"step 3, "
google.com.pg,google,"{""google"": ""private""}",False,False,False,False,"step 3, "
google.com.ph,google,"{""google"": ""private""}",False,False,False,False,"step 3, "
google.com.pk,google,"{""google"": ""private""}",False,False,False,False,"step 3, "
google.com.pr,google,"{""google"": ""private""}",False,False,False,False,"step 3, "
google.com.py,google,"{""google"": ""private""}",False,False,False,False,"step 3, "
google.com.qa,google,"{""google"": ""private""}",False,False,False,False,"step 3, "
google.com.sa,google,"{""google"": ""private""}",False,False,False,False,"step 3, "
google.com.sb,google,"{""google"": ""private""}",False,False,False,False,"step 3, "
google.com.sg,google,"{""google"": ""private""}",False,False,False,False,"step 3, "
google.com.sl,google,"{""google"": ""private""}",False,False,False,False,"step 3, "
google.com.sv,google,"{""google"": ""private""}",False,False,False,False,"step 3, "
google.com.tj,google,"{""google"": ""private""}",False,False,False,False,"step 3, "
google.com.tr,google,"{""google"": ""private""}",False,False,False,False,"step 3, "
google.com.tw,google,"{""google"": ""private""}",False,False,False,False,"step 3, "
google.com.ua,google,"{""google"": ""private""}",False,False,False,False,"step 3, "
google.com.uy,google,"{""google"": ""private""}",False,False,False,False,"step 3, "
google.com.vc,google,"{""google"": ""private""}",False,False,False,False,"step 3, "
google.com.vn,google,"{""google"": ""private""}",False,False,False,False,"step 3, "
google.cv,google,"{""google"": ""private""}",False,False,False,False,"step 3, "
google.cz,google,"{""google"": ""private""}",False,False,False,False,"step 3, "
google.de,google,"{""google"": ""private""}",False,False,False,False,"step 3, "
google.dj,google,"{""google"": ""private""}",False,False,False,False,"step 3, "
google.dk,google,"{""google"": ""private""}",False,False,False,False,"step 3, "
google.dm,google,"{""google"": ""private""}",False,False,False,False,"step 3, "
google.dz,google,"{""google"": ""private""}",False,False,False,False,"step 3, "
google.ee,google,"{""google"": ""private""}",False,False,False,False,"step 3, "
google.es,google,"{""google"": ""private""}",False,False,False,False,"step 3, "
google.eu,google,"{""google"": ""private""}",False,False,False,False,"step 3, "
google.fi,google,"{""google"": ""private""}",False,False,False,False,"step 3, "
google.fm,google,"{""google"": ""private""}",False,False,False,False,"step 3, "
google.fr,google,"{""google"": ""private""}",False,False,False,False,"step 3, "
google.ga,google,"{""google"": ""private""}",False,False,False,False,"step 3, "
google.ge,google,"{""google"": ""private""}",False,False,False,False,"step 3, "
google.gg,google,"{""google"": ""private""}",False,False,False,False,"step 3, "
google.gl,google,"{""google"": ""private""}",False,False,False,False,"step 3, "
google.gm,google,"{""google"": ""private""}",False,False,False,False,"step 3, "
google.gp,google,"{""google"": ""private""}",False,False,False,False,"step 3, "
google.gr,google,"{""google"": ""private""}",False,False,False,False,"step 3, "
google.gy,google,"{""google"": ""private""}",False,False,False,False,"step 3, "
google.hn,google,"{""google"": ""private""}",False,False,False,False,"step 3, "
google.hr,google,"{""google"": ""private""}",False,False,False,False,"step 3, "
google.ht,google,"{""google"": ""private""}",False,False,False,False,"step 3, "
google.hu,google,"{""google"": ""private""}",False,False,False,False,"step 3, "
google.ie,google,"{""google"": ""private""}",False,False,False,False,"step 3, "
google.im,google,"{""google"": ""private""}",False,False,False,False,"step 3, "
google.in,google,"{""google"": ""private""}",False,False,False,False,"step 3, "
google.iq,google,"{""google"": ""private""}",False,False,False,False,"step 3, "
google.is,google,"{""google"": ""private""}",False,False,False,False,"step 3, "
google.it,google,"{""google"": ""private""}",False,False,False,False,"step 3, "
google.je,google,"{""google"": ""private""}",False,False,False,False,"step 3, "
google.jo,google,"{""google"": ""private""}",False,False,False,False,"step 3, "
google.kg,google,"{""google"": ""private""}",False,False,False,False,"step 3, "
google.ki,google,"{""google"": ""private""}",False,False,False,False,"step 3, "
google.kz,google,"{""google"": ""private""}",False,False,False,False,"step 3, "
google.la,google,"{""google"": ""private""}",False,False,False,False,"step 3, "
google.li,google,"{""google"": ""private""}",False,False,False,False,"step 3, "
google.lk,google,"{""google"": ""private""}",False,False,False,False,"step 3, "
google.lt,google,"{""google"": ""private""}",False,False,False,False,"step 3, "
google.lu,google,"{""google"": ""private""}",False,False,False,False,"step 3, "
google.lv,google,"{""google"": ""private""}",False,False,False,False,"step 3, "
google.md,google,"{""google"": ""private""}",False,False,False,False,"step 3, "
google.me,google,"{""google"": ""private""}",False,False,False,False,"step 3, "
google.mg,google,"{""google"": ""private""}",False,False,False,False,"step 3, "
google.mk,google,"{""google"": ""private""}",False,False,False,False,"step 3, "
google.ml,google,"{""google"": ""private""}",False,False,False,False,"step 3, "
google.mn,google,"{""google"": ""private""}",False,False,False,False,"step 3, "
google.ms,google,"{""google"": ""private""}",False,False,False,False,"step 3, "
google.mu,google,"{""google"": ""private""}",False,False,False,False,"step 3, "
google.mv,google,"{""google"": ""private""}",False,False,False,False,"step 3, "
google.mw,google,"{""google"": ""private""}",False,False,False,False,"step 3, "
google.ne,google,"{""google"": ""private""}",False,False,False,False,"step 3, "
google.net,google,"{""google"": ""private""}",False,False,False,False,"step 3, "
google.nl,google,"{""google"": ""private""}",False,False,False,False,"step 3, "
google.no,google,"{""google"": ""private""}",False,False,False,False,"step 3, "
google.nr,google,"{""google"": ""private""}",False,False,False,False,"step 3, "
google.nu,google,"{""google"": ""private""}",False,False,False,False,"step 3, "
google.org,google,"{""google"": ""private""}",False,False,False,False,"step 3, "
google.pl,google,"{""google"": ""private""}",False,False,False,False,"step 3, "
google.pn,google,"{""google"": ""private""}",False,False,False,False,"step 3, "
google.ps,google,"{""google"": ""private""}",False,False,False,False,"step 3, "
google.pt,google,"{""google"": ""private""}",False,False,False,False,"step 3, "
google.ro,google,"{""google"": ""private""}",False,False,False,False,"step 3, "
google.rs,google,"{""google"": ""private""}",False,False,False,False,"step 3, "
google.ru,google,"{""google"": ""private""}",False,False,False,False,"step 3, "
google.rw,google,"{""google"": ""private""}",False,False,False,False,"step 3, "
google.sc,google,"{""google"": ""private""}",False,False,False,False,"step 3, "
google.se,google,"{""google"": ""private""}",False,False,False,False,"step 3, "
google.sh,google,"{""google"": ""private""}",False,False,False,False,"step 3, "
google.si,google,"{""google"": ""private""}",False,False,False,False,"step 3, "
google.sk,google,"{""google"": ""private""}",False,False,False,False,"step 3, "
google.sm,google,"{""google"": ""private""}",False,False,False,False,"step 3, "
google.sn,google,"{""google"": ""private""}",False,False,False,False,"step 3, "
google.so,google,"{""google"": ""private""}",False,False,False,False,"step 3, "
google.sr,google,"{""google"": ""private""}",False,False,False,False,"step 3, "
google.st,google,"{""google"": ""private""}",False,False,False,False,"step 3, "
google.td,google,"{""google"": ""private""}",False,False,False,False,"step 3, "
google.tg,google,"{""google"": ""private""}",False,False,False,False,"step 3, "
google.tk,google,"{""google"": ""private""}",False,False,False,False,"step 3, "
google.tl,google,"{""google"": ""private""}",False,False,False,False,"step 3, "
google.tm,google,"{""google"": ""private""}",False,False,False,False,"step 3, "
google.tn,google,"{""google"": ""private""}",False,False,False,False,"step 3, "
google.to,google,"{""google"": ""private""}",False,False,False,False,"step 3, "
google.tt,google,"{""google"": ""private""}",False,False,False,False,"step 3, "
google.us,google,"{""google"": ""private""}",False,False,False,False,"step 3, "
google.vg,google,"{""google"": ""private""}",False,False,False,False,"step 3, "
google.vu,google,"{""google"": ""private""}",False,False,False,False,"step 3, "
google.ws,google,"{""google"": ""private""}",False,False,False,False,"step 3, "
googleadservices.com,google,"{""google"": ""private""}",False,False,False,False,"step 2, "
googleapis.cn,google,"{""google"": ""private""}",False,False,False,False,"step 3, "
googleapis.com,google,"{""google"": ""private""}",False,False,False,False,"step 2, "
googlebot.com,google,"{""google"": ""private""}",False,False,False,False,"step 3, "
googlecode.com,google,"{""google"": ""private""}",False,False,False,False,"step 3, "
googledomains.com,google,"{""google"": ""private""}",False,False,False,False,"step 3, "
googlehosted.com,google,"{""google"": ""private""}",False,False,False,False,"step 2, "
googlemail.com,google,"{""google"": ""private""}",False,False,False,False,"step 3, "
googleoptimize.com,google,"{""google"": ""private""}",False,False,False,False,"step 3, "
googlesource.com,google,"{""google"": ""private""}",False,False,False,False,"step 3, "
googlesyndication.com,google,"{""google"": ""private""}",False,False,False,False,"step 2, "
googletagmanager.com,google,"{""google"": ""private""}",False,False,False,False,"step 2, "
googletagservices.com,google,"{""google"": ""private""}",False,False,False,False,"step 2, "
googleusercontent.com,google,"{""google"": ""private""}",False,False,False,False,"step 2, "
googlevideo.com,google,"{""google"": ""private""}",False,False,False,False,"step 2, "
googlezip.net,google,"{""google"": ""private""}",False,False,False,False,"step 3, "
gopayapi.com,amazon,"{""amazon"": ""third""}",True,True,False,False,"step 5 (SOA), "
gorgias-convert.com,cloudflare,"{""cloudflare"": ""third""}",True,True,False,False,"step 5 (SOA), "
gorgias.chat,cloudflare,"{""cloudflare"": ""third""}",True,True,False,False,"step 5 (SOA), "
gorgias.help,cloudflare,"{""cloudflare"": ""third""}",True,True,False,False,"step 5 (SOA), "
gos-gsp.io,amazon,"{""amazon"": ""third""}",True,True,False,False,"step 5 (SOA), "
gotii.com,apple,"{""apple"": ""third""}",True,True,False,False,"step 5 (SOA), "
gotinder.com,amazon,"{""amazon"": ""private""}",False,False,False,False,"step 5 (SOA), "
goto.com,akamai,"{""akamai"": ""third""}",True,True,False,False,"step 6, "
gotoassist.at,amazon,"{""amazon"": ""third""}",True,True,False,False,"step 6, "
gotoda.co,amazon,"{""amazon"": ""private""}",False,False,False,False,"step 5 (SOA), "
gotolstoy.com,amazon,"{""amazon"": ""third""}",True,True,False,False,"step 5 (SOA), "
gotomeet.me,amazon,"{""amazon"": ""third""}",True,True,False,False,"step 5 (SOA), "
gotomeeting.com,akamai,"{""akamai"": ""third""}",True,True,False,False,"step 6, "
gotomypc.com,akamai,"{""akamai"": ""third""}",True,True,False,False,"step 6, "
gotoresolve.com,amazon,"{""amazon"": ""third""}",True,True,False,False,"step 5 (SOA), "
gotostage.com,amazon,"{""amazon"": ""third""}",True,True,False,False,"step 5 (SOA), "
gotrackier.com,cloudflare,"{""cloudflare"": ""third""}",True,True,False,False,"step 5 (SOA), "
govee.com,amazon,"{""amazon"": ""third""}",True,True,False,False,"step 5 (SOA), "
gp4f.com,amazon,"{""amazon"": ""third""}",True,True,False,False,"step 5 (SOA), "
gpcloudservice.com,amazon,"{""amazon"": ""third""}",True,True,False,False,"step 5 (SOA), "
gpsonextra.net,amazon,"{""amazon"": ""third""}",True,True,False,False,"step 5 (SOA), "
gr-assets.com,amazon,"{""amazon"": ""third""}",True,True,False,False,"step 5 (SOA), "
grab.com,amazon,"{""amazon"": ""third""}",True,True,False,False,"step 5 (SOA), "
grabcad.com,amazon,"{""amazon"": ""third""}",True,True,False,False,"step 5 (SOA), "
grabtaxi.com,amazon,"{""amazon"": ""private""}",False,False,False,False,"step 5 (SOA), "
grafana.com,amazon|google,"{""amazon"": ""private"", ""google"": ""private""}",False,False,True,False,"step 5 (SOA), step 7, "
grafana.net,amazon,"{""amazon"": ""private""}",False,False,False,False,"step 5 (SOA), "
grafana.org,amazon,"{""amazon"": ""third""}",True,True,False,False,"step 5 (SOA), "
grailed.com,cloudflare,"{""cloudflare"": ""third""}",True,True,False,False,"step 5 (SOA), "
grainger.com,akamai,"{""akamai"": ""third""}",True,True,False,False,"step 6, "
grammarly.com,amazon,"{""amazon"": ""third""}",True,True,False,False,"step 5 (SOA), "
grammarly.io,amazon,"{""amazon"": ""third""}",True,True,False,False,"step 5 (SOA), "
grammarly.net,amazon,"{""amazon"": ""third""}",True,True,False,False,"step 5 (SOA), "
grandstream.com,amazon,"{""amazon"": ""third""}",True,True,False,False,"step 5 (SOA), "
granify.com,amazon,"{""amazon"": ""third""}",True,True,False,False,"step 5 (SOA), "
granola.ai,amazon|vercel,"{""amazon"": ""third"", ""vercel"": ""third""}",True,False,True,True,"step 5 (SOA), step 6, "
graphicriver.net,cloudflare,"{""cloudflare"": ""third""}",True,True,False,False,"step 5 (SOA), "
grass.io,cloudflare|amazon,"{""cloudflare"": ""third"", ""amazon"": ""third""}",True,False,True,True,"step 5 (SOA), step 6, "
gravatar.com,gravatar,"{""gravatar"": ""private""}",False,False,False,False,"step 2, "
gravitec.net,cloudflare,"{""cloudflare"": ""private""}",False,False,False,False,"step 5 (SOA), "
greasyfork.org,cloudflare,"{""cloudflare"": ""third""}",True,True,False,False,"step 5 (SOA), "
greenhouse.io,amazon,"{""amazon"": ""private""}",False,False,False,False,"step 5 (SOA), "
greentreeone.com,amazon|cloudflare,"{""amazon"": ""third"", ""cloudflare"": ""third""}",True,False,True,True,"step 5 (SOA), step 6, "
greenvideo.io,amazon,"{""amazon"": ""third""}",True,True,False,False,"step 5 (SOA), "
grento.cc,cloudflare,"{""cloudflare"": ""third""}",True,True,False,False,"step 5 (SOA), "
grindr.com,amazon|cloudflare,"{""amazon"": ""third"", ""cloudflare"": ""third""}",True,False,True,True,"step 5 (SOA), step 6, "
grindr.mobi,cloudflare,"{""cloudflare"": ""third""}",True,True,False,False,"step 5 (SOA), "
grok.com,cloudflare,"{""cloudflare"": ""third""}",True,True,False,False,"step 5 (SOA), "
grokipedia.com,cloudflare,"{""cloudflare"": ""third""}",True,True,False,False,"step 5 (SOA), "
groovinads.com,cloudflare,"{""cloudflare"": ""third""}",True,True,False,False,"step 5 (SOA), "
groq.com,cloudflare|nextjs,"{""cloudflare"": ""third"", ""nextjs"": ""third""}",True,False,True,True,"step 5 (SOA), step 7, "
groupme.com,amazon,"{""amazon"": ""third""}",True,True,False,False,"step 5 (SOA), "
grow.me,cloudflare,"{""cloudflare"": ""third""}",True,True,False,False,"step 5 (SOA), "
growave.io,cloudflare,"{""cloudflare"": ""third""}",True,True,False,False,"step 5 (SOA), "
growcdnssedge.com,cloudflare,"{""cloudflare"": ""third""}",True,True,False,False,"step 5 (SOA), "
growplow.events,cloudflare,"{""cloudflare"": ""third""}",True,True,False,False,"step 5 (SOA), "
growthbook.io,amazon,"{""amazon"": ""third""}",True,True,False,False,"step 5 (SOA), "
growthrx.in,akamai,"{""akamai"": ""third""}",True,True,False,False,"step 6, "
growtopia2.com,amazon,"{""amazon"": ""third""}",True,True,False,False,"step 5 (SOA), "
groww.in,cloudflare,"{""cloudflare"": ""third""}",True,True,False,False,"step 5 (SOA), "
grubhub.com,fastly,"{""fastly"": ""third""}",True,True,False,False,"step 6, "
gryphline.com,alibaba,"{""alibaba"": ""third""}",True,True,False,False,"step 6, "
gsspat.jp,amazon,"{""amazon"": ""third""}",True,True,False,False,"step 5 (SOA), "
gssprt.jp,amazon,"{""amazon"": ""third""}",True,True,False,False,"step 5 (SOA), "
gstatic.cn,google,"{""google"": ""private""}",False,False,False,False,"step 3, "
gstatic.com,google,"{""google"": ""private""}",False,False,False,False,"step 2, "
gstcpx.site,cloudflare,"{""cloudflare"": ""third""}",True,True,False,False,"step 5 (SOA), "
gtconnectedservices.com,microsoft,"{""microsoft"": ""third""}",True,True,False,False,"step 5 (SOA), "
gtimg.cn,tencent,"{""tencent"": ""private""}",False,False,False,False,"step 2, "
gtimg.com,tencent,"{""tencent"": ""private""}",False,False,False,False,"step 2, "
gtranslate.net,cloudflare,"{""cloudflare"": ""third""}",True,True,False,False,"step 5 (SOA), "
guard.io,google,"{""google"": ""third""}",True,True,False,False,"step 5 (SOA), "
guardingvision.com,amazon,"{""amazon"": ""private""}",False,False,False,False,"step 5 (SOA), "
guardsquare.com,google,"{""google"": ""third""}",True,True,False,False,"step 5 (SOA), "
gubagoo.io,amazon,"{""amazon"": ""third""}",True,True,False,False,"step 5 (SOA), "
guildwars2.com,amazon,"{""amazon"": ""third""}",True,True,False,False,"step 5 (SOA), "
guim.co.uk,fastly,"{""fastly"": ""third""}",True,True,False,False,"step 7, "
gumgum.com,amazon|cloudflare,"{""amazon"": ""third"", ""cloudflare"": ""third""}",True,False,True,True,"step 5 (SOA), step 7, "
gumroad.com,cloudflare,"{""cloudflare"": ""third""}",True,True,False,False,"step 5 (SOA), "
gumtree.com,google,"{""google"": ""third""}",True,True,False,False,"step 5 (SOA), "
gupy.io,cloudflare,"{""cloudflare"": ""third""}",True,True,False,False,"step 5 (SOA), "
gurufocus.com,cloudflare,"{""cloudflare"": ""third""}",True,True,False,False,"step 5 (SOA), "
gutefrage.net,cloudflare,"{""cloudflare"": ""third""}",True,True,False,False,"step 5 (SOA), "
gvt1.com,google,"{""google"": ""private""}",False,False,False,False,"step 2, "
gvt2.com,google,"{""google"": ""private""}",False,False,False,False,"step 2, "
gvt3.com,google,"{""google"": ""private""}",False,False,False,False,"step 2, "
gwn.cloud,amazon,"{""amazon"": ""third""}",True,True,False,False,"step 5 (SOA), "
gx.games,amazon,"{""amazon"": ""third""}",True,True,False,False,"step 5 (SOA), "
gx.me,amazon,"{""amazon"": ""third""}",True,True,False,False,"step 5 (SOA), "
gxcorner.games,cloudflare,"{""cloudflare"": ""third""}",True,True,False,False,"step 5 (SOA), "
gzhls.at,cloudflare,"{""cloudflare"": ""third""}",True,True,False,False,"step 6, "
h-cdn.com,amazon,"{""amazon"": ""third""}",True,True,False,False,"step 5 (SOA), "
h264.io,amazon,"{""amazon"": ""third""}",True,True,False,False,"step 5 (SOA), "
h3c.com,cloudflare|microsoft,"{""cloudflare"": ""third"", ""microsoft"": ""third""}",True,False,True,True,"step 6, step 6, "
hacs.xyz,cloudflare,"{""cloudflare"": ""third""}",True,True,False,False,"step 5 (SOA), "
hadronid.net,cloudflare,"{""cloudflare"": ""third""}",True,True,False,False,"step 5 (SOA), "
hai8g.com,cloudflare,"{""cloudflare"": ""third""}",True,True,False,False,"step 5 (SOA), "
halara.com,amazon,"{""amazon"": ""third""}",True,True,False,False,"step 5 (SOA), "
handtalk.me,cloudflare,"{""cloudflare"": ""third""}",True,True,False,False,"step 5 (SOA), "
hansha.online,fastly,"{""fastly"": ""third""}",True,True,False,False,"step 6, "
hao123.com,baidu,"{""baidu"": ""third""}",True,True,False,False,"step 6, "
haokan.mobi,cloudflare,"{""cloudflare"": ""third""}",True,True,False,False,"step 5 (SOA), "
haplorrhini.com,google,"{""google"": ""third""}",True,True,False,False,"step 5 (SOA), "
happ.su,cloudflare,"{""cloudflare"": ""third""}",True,True,False,False,"step 5 (SOA), "
happycolorapp.com,cloudflare,"{""cloudflare"": ""third""}",True,True,False,False,"step 5 (SOA), "
harica.gr,amazon,"{""amazon"": ""third""}",True,True,False,False,"step 5 (SOA), "
harman.com,amazon,"{""amazon"": ""third""}",True,True,False,False,"step 5 (SOA), "
harness.io,google,"{""google"": ""third""}",True,True,False,False,"step 5 (SOA), "
harry.lu,cloudflare,"{""cloudflare"": ""private""}",False,False,False,False,"step 5 (SOA), "
hashicorp.com,amazon|vercel,"{""amazon"": ""third"", ""vercel"": ""third""}",True,False,True,True,"step 5 (SOA), step 6, "
haskell.org,cloudflare,"{""cloudflare"": ""third""}",True,True,False,False,"step 5 (SOA), "
hatenablog.com,amazon,"{""amazon"": ""third""}",True,True,False,False,"step 5 (SOA), "
havasedge.com,microsoft,"{""microsoft"": ""third""}",True,True,False,False,"step 5 (SOA), "
havegreatday.co.uk,cloudflare,"{""cloudflare"": ""third""}",True,True,False,False,"step 5 (SOA), "
hayamp.com,cloudflare,"{""cloudflare"": ""third""}",True,True,False,False,"step 5 (SOA), "
haydaygame.com,amazon,"{""amazon"": ""third""}",True,True,False,False,"step 5 (SOA), "
haystack.es,amazon,"{""amazon"": ""third""}",True,True,False,False,"step 5 (SOA), "
hbo.com,amazon|fastly,"{""amazon"": ""third"", ""fastly"": ""third""}",True,False,True,True,"step 5 (SOA), step 6, "
hbomax.com,amazon|akamai,"{""amazon"": ""third"", ""akamai"": ""third""}",True,False,True,True,"step 5 (SOA), step 6, "
hbr.org,amazon,"{""amazon"": ""private""}",False,False,False,False,"step 5 (SOA), "
hbrd.io,cloudflare,"{""cloudflare"": ""third""}",True,True,False,False,"step 5 (SOA), "
hbwrapper.com,cloudflare,"{""cloudflare"": ""private""}",False,False,False,False,"step 5 (SOA), "
hc-ping.com,cloudflare,"{""cloudflare"": ""third""}",True,True,False,False,"step 5 (SOA), "
hcapp-dc.com,amazon,"{""amazon"": ""third""}",True,True,False,False,"step 5 (SOA), "
hcaptcha.com,cloudflare,"{""cloudflare"": ""third""}",True,True,False,False,"step 5 (SOA), "
hcn.health,amazon|wordpress,"{""amazon"": ""third"", ""wordpress"": ""third""}",True,False,True,True,"step 5 (SOA), step 6, "
hdslb.com,bilibili,"{""bilibili"": ""private""}",False,False,False,False,"step 2, "
headtopics.com,cloudflare,"{""cloudflare"": ""third""}",True,True,False,False,"step 5 (SOA), "
healthline.com,amazon,"{""amazon"": ""third""}",True,True,False,False,"step 5 (SOA), "
heap-api.com,amazon,"{""amazon"": ""third""}",True,True,False,False,"step 5 (SOA), "
heapanalytics.com,amazon,"{""amazon"": ""private""}",False,False,False,False,"step 5 (SOA), "
hearstapps.com,amazon,"{""amazon"": ""third""}",True,True,False,False,"step 5 (SOA), "
heatmap.com,amazon,"{""amazon"": ""third""}",True,True,False,False,"step 5 (SOA), "
heatmapcore.com,amazon,"{""amazon"": ""third""}",True,True,False,False,"step 5 (SOA), "
heb.com,imperva,"{""imperva"": ""third""}",True,True,False,False,"step 6, "
heimdalsecurity.com,amazon,"{""amazon"": ""private""}",False,False,False,False,"step 5 (SOA), "
helium.io,amazon,"{""amazon"": ""third""}",True,True,False,False,"step 5 (SOA), "
helius-rpc.com,cloudflare,"{""cloudflare"": ""third""}",True,True,False,False,"step 5 (SOA), "
hellay.net,amazon,"{""amazon"": ""third""}",True,True,False,False,"step 5 (SOA), "
hellomoon.io,cloudflare,"{""cloudflare"": ""third""}",True,True,False,False,"step 5 (SOA), "
helpcrunch.com,cloudflare,"{""cloudflare"": ""third""}",True,True,False,False,"step 5 (SOA), "
helpme.net,amazon,"{""amazon"": ""third""}",True,True,False,False,"step 5 (SOA), "
helpscout.net,amazon,"{""amazon"": ""third""}",True,True,False,False,"step 5 (SOA), "
helpshift.com,amazon|cloudflare,"{""amazon"": ""third"", ""cloudflare"": ""third""}",True,False,True,True,"step 5 (SOA), step 6, "
hely.tech,amazon,"{""amazon"": ""third""}",True,True,False,False,"step 5 (SOA), "
hembed.com,cloudflare|fastly,"{""cloudflare"": ""third"", ""fastly"": ""third""}",True,False,True,True,"step 5 (SOA), step 7, "
hengam.io,cloudflare,"{""cloudflare"": ""third""}",True,True,False,False,"step 5 (SOA), "
hepsiburada.com,google|akamai,"{""google"": ""third"", ""akamai"": ""third""}",True,False,True,True,"step 5 (SOA), step 6, "
here.com,amazon,"{""amazon"": ""third""}",True,True,False,False,"step 6, "
hermes.com,cloudflare,"{""cloudflare"": ""third""}",True,True,False,False,"step 6, "
hero-sms.com,cloudflare,"{""cloudflare"": ""third""}",True,True,False,False,"step 5 (SOA), "
heroku.com,heroku,"{""heroku"": ""private""}",False,False,False,False,"step 2, "
herokuapp.com,heroku,"{""heroku"": ""private""}",False,False,False,False,"step 2, "
hetrixtools.net,cloudflare,"{""cloudflare"": ""third""}",True,True,False,False,"step 5 (SOA), "
hetvomaug.com,gcore,"{""gcore"": ""third""}",True,True,False,False,"step 5 (SOA), "
heureka.cz,cloudflare,"{""cloudflare"": ""third""}",True,True,False,False,"step 5 (SOA), "
hexagon-analytics.com,google,"{""google"": ""third""}",True,True,False,False,"step 5 (SOA), "
hexnodemdm.com,amazon,"{""amazon"": ""third""}",True,True,False,False,"step 5 (SOA), "
hextom.com,amazon,"{""amazon"": ""third""}",True,True,False,False,"step 5 (SOA), "
heytapdl.com,amazon,"{""amazon"": ""third""}",True,True,False,False,"step 5 (SOA), "
heytapimg.com,amazon,"{""amazon"": ""third""}",True,True,False,False,"step 5 (SOA), "
heytapmobile.com,amazon,"{""amazon"": ""third""}",True,True,False,False,"step 5 (SOA), "
hf.co,amazon,"{""amazon"": ""third""}",True,True,False,False,"step 5 (SOA), "
hgtv.com,amazon|akamai,"{""amazon"": ""third"", ""akamai"": ""third""}",True,False,True,True,"step 5 (SOA), step 6, "
hibid.com,cloudflare,"{""cloudflare"": ""third""}",True,True,False,False,"step 5 (SOA), "
hichee.com,cloudflare,"{""cloudflare"": ""third""}",True,True,False,False,"step 5 (SOA), "
hicloud.com,huawei|apple,"{""huawei"": ""private"", ""apple"": ""private""}",False,False,True,False,"step 2, step 3, "
hidglobal.com,cloudflare,"{""cloudflare"": ""third""}",True,True,False,False,"step 6, "
higgsfield.ai,cloudflare,"{""cloudflare"": ""third""}",True,True,False,False,"step 5 (SOA), "
highspeedinternet.com,cloudflare,"{""cloudflare"": ""third""}",True,True,False,False,"step 5 (SOA), "
hightouch-events.com,amazon,"{""amazon"": ""third""}",True,True,False,False,"step 5 (SOA), "
hihonor.com,akamai,"{""akamai"": ""third""}",True,True,False,False,"step 6, "
hik-connect.com,amazon|twitter,"{""amazon"": ""private"", ""twitter"": ""private""}",False,False,True,False,"step 5 (SOA), step 6, "
hik-partner.com,amazon,"{""amazon"": ""third""}",True,True,False,False,"step 5 (SOA), "
hikcentralconnect.com,amazon,"{""amazon"": ""third""}",True,True,False,False,"step 5 (SOA), "
hilookview.com,amazon,"{""amazon"": ""third""}",True,True,False,False,"step 5 (SOA), "
hilton.com,akamai,"{""akamai"": ""third""}",True,True,False,False,"step 6, "
hingeaws.net,amazon,"{""amazon"": ""private""}",False,False,False,False,"step 3, "
hingenexus.com,google,"{""google"": ""third""}",True,True,False,False,"step 5 (SOA), "
hingeprod.net,amazon,"{""amazon"": ""third""}",True,True,False,False,"step 5 (SOA), "
hipporeels.com,google,"{""google"": ""third""}",True,True,False,False,"step 5 (SOA), "
histats.com,cloudflare,"{""cloudflare"": ""third""}",True,True,False,False,"step 6, "
hive.blog,cloudflare,"{""cloudflare"": ""third""}",True,True,False,False,"step 5 (SOA), "
hiveos.farm,cloudflare,"{""cloudflare"": ""third""}",True,True,False,False,"step 5 (SOA), "
hiwaifu.com,cloudflare,"{""cloudflare"": ""third""}",True,True,False,False,"step 5 (SOA), "
hiyaapi.com,amazon,"{""amazon"": ""third""}",True,True,False,False,"step 5 (SOA), "
hltv.org,cloudflare,"{""cloudflare"": ""third""}",True,True,False,False,"step 5 (SOA), "
hlx.page,google|fastly,"{""google"": ""third"", ""fastly"": ""third""}",True,False,True,True,"step 5 (SOA), step 6, "
hm.com,akamai,"{""akamai"": ""third""}",True,True,False,False,"step 6, "
hmecloud.com,microsoft,"{""microsoft"": ""third""}",True,True,False,False,"step 6, "
hmgroup.com,akamai,"{""akamai"": ""third""}",True,True,False,False,"step 6, "
hola.org,amazon,"{""amazon"": ""private""}",False,False,False,False,"step 5 (SOA), "
holahupa.com,amazon,"{""amazon"": ""third""}",True,True,False,False,"step 5 (SOA), "
holidu.com,amazon,"{""amazon"": ""third""}",True,True,False,False,"step 5 (SOA), "
hollywoodbets.net,cloudflare,"{""cloudflare"": ""third""}",True,True,False,False,"step 5 (SOA), "
home-assistant.io,cloudflare,"{""cloudflare"": ""third""}",True,True,False,False,"step 5 (SOA), "
homedepot.com,akamai,"{""akamai"": ""third""}",True,True,False,False,"step 6, "
homes.com,akamai,"{""akamai"": ""third""}",True,True,False,False,"step 6, "
honda.com,akamai,"{""akamai"": ""third""}",True,True,False,False,"step 6, "
honey.io,google,"{""google"": ""private""}",False,False,False,False,"step 5 (SOA), "
honeycomb.io,amazon,"{""amazon"": ""third""}",True,True,False,False,"step 5 (SOA), "
honeygain.com,cloudflare,"{""cloudflare"": ""third""}",True,True,False,False,"step 5 (SOA), "
honeyping.com,cloudflare,"{""cloudflare"": ""third""}",True,True,False,False,"step 5 (SOA), "
honeywell.com,cloudflare|akamai,"{""cloudflare"": ""third"", ""akamai"": ""third""}",True,False,True,True,"step 5 (SOA), step 6, "
honor.com,akamai,"{""akamai"": ""third""}",True,True,False,False,"step 6, "
hookspf.com,amazon,"{""amazon"": ""third""}",True,True,False,False,"step 5 (SOA), "
horde.org,cloudflare,"{""cloudflare"": ""private""}",False,False,False,False,"step 5 (SOA), "
hornet.com,amazon,"{""amazon"": ""third""}",True,True,False,False,"step 5 (SOA), "
hornetsecurity.com,cloudflare,"{""cloudflare"": ""third""}",True,True,False,False,"step 5 (SOA), "
hostedrmm.com,amazon,"{""amazon"": ""third""}",True,True,False,False,"step 5 (SOA), "
hostgator.com,cloudflare,"{""cloudflare"": ""third""}",True,True,False,False,"step 5 (SOA), "
hostifi.com,cloudflare,"{""cloudflare"": ""third""}",True,True,False,False,"step 5 (SOA), "
hostingersite.com,cloudflare,"{""cloudflare"": ""third""}",True,True,False,False,"step 5 (SOA), "
hotels.com,akamai,"{""akamai"": ""third""}",True,True,False,False,"step 6, "
hotjar.com,amazon,"{""amazon"": ""third""}",True,True,False,False,"step 5 (SOA), "
hotjar.io,amazon,"{""amazon"": ""third""}",True,True,False,False,"step 5 (SOA), "
hotmail.com,microsoft,"{""microsoft"": ""third""}",True,True,False,False,"step 5 (SOA), "
hotmart.com,amazon,"{""amazon"": ""third""}",True,True,False,False,"step 5 (SOA), "
hotminidrama.com,amazon,"{""amazon"": ""third""}",True,True,False,False,"step 5 (SOA), "
hotpads.com,amazon,"{""amazon"": ""private""}",False,False,False,False,"step 5 (SOA), "
hotstar.com,amazon|akamai,"{""amazon"": ""third"", ""akamai"": ""third""}",True,False,True,True,"step 5 (SOA), step 6, "
house.gov,akamai,"{""akamai"": ""private""}",False,False,False,False,"step 6, "
houzz.com,amazon|fastly,"{""amazon"": ""third"", ""fastly"": ""third""}",True,False,True,True,"step 5 (SOA), step 6, "
hover92.cc,cloudflare,"{""cloudflare"": ""third""}",True,True,False,False,"step 5 (SOA), "
hoymiles.com,amazon,"{""amazon"": ""third""}",True,True,False,False,"step 6, "
hoyolab.com,amazon,"{""amazon"": ""third""}",True,True,False,False,"step 5 (SOA), "
hoyoverse.com,amazon,"{""amazon"": ""third""}",True,True,False,False,"step 6, "
hp.com,akamai,"{""akamai"": ""third""}",True,True,False,False,"step 6, "
hp10.us,amazon,"{""amazon"": ""third""}",True,True,False,False,"step 5 (SOA), "
hpanalytics.net,amazon,"{""amazon"": ""third""}",True,True,False,False,"step 5 (SOA), "
hpdaas.com,amazon,"{""amazon"": ""third""}",True,True,False,False,"step 5 (SOA), "
hpe.com,akamai,"{""akamai"": ""third""}",True,True,False,False,"step 6, "
hpeprint.com,amazon,"{""amazon"": ""third""}",True,True,False,False,"step 6, "
hpsmart.com,amazon|cloudflare,"{""amazon"": ""third"", ""cloudflare"": ""third""}",True,False,True,True,"step 5 (SOA), step 6, "
hpwolf.com,cloudflare,"{""cloudflare"": ""third""}",True,True,False,False,"step 5 (SOA), "
hpytimes.info,akamai,"{""akamai"": ""third""}",True,True,False,False,"step 6, "
hrzn-nxt.com,amazon,"{""amazon"": ""third""}",True,True,False,False,"step 5 (SOA), "
hs-analytics.net,cloudflare,"{""cloudflare"": ""third""}",True,True,False,False,"step 5 (SOA), "
hs-banner.com,hubspot|cloudflare,"{""hubspot"": ""private"", ""cloudflare"": ""third""}",True,False,True,False,"step 2, step 5 (SOA), "
hs-scripts.com,cloudflare,"{""cloudflare"": ""third""}",True,True,False,False,"step 5 (SOA), "
hs-sites.com,hubspot|cloudflare,"{""hubspot"": ""private"", ""cloudflare"": ""third""}",True,False,True,False,"step 2, step 5 (SOA), "
hsadspixel.net,cloudflare,"{""cloudflare"": ""third""}",True,True,False,False,"step 5 (SOA), "
hsappstatic.net,hubspot|cloudflare,"{""hubspot"": ""private"", ""cloudflare"": ""third""}",True,False,True,False,"step 2, step 5 (SOA), "
hsbc.com,akamai,"{""akamai"": ""third""}",True,True,False,False,"step 6, "
hsbrowserreports.com,digicert,"{""digicert"": ""third""}",True,True,False,False,"step 5 (SOA), "
hscollectedforms.net,cloudflare,"{""cloudflare"": ""third""}",True,True,False,False,"step 5 (SOA), "
hsforms.com,cloudflare,"{""cloudflare"": ""third""}",True,True,False,False,"step 5 (SOA), "
hsforms.net,cloudflare,"{""cloudflare"": ""third""}",True,True,False,False,"step 5 (SOA), "
hsprotect.net,google,"{""google"": ""third""}",True,True,False,False,"step 5 (SOA), "
htlbid.com,amazon,"{""amazon"": ""third""}",True,True,False,False,"step 5 (SOA), "
html-load.cc,cloudflare,"{""cloudflare"": ""third""}",True,True,False,False,"step 5 (SOA), "
html-load.com,cloudflare,"{""cloudflare"": ""third""}",True,True,False,False,"step 5 (SOA), "
htplayground.com,amazon,"{""amazon"": ""third""}",True,True,False,False,"step 5 (SOA), "
httpbin.org,amazon,"{""amazon"": ""third""}",True,True,False,False,"step 5 (SOA), "
htx.com,amazon|akamai,"{""amazon"": ""third"", ""akamai"": ""third""}",True,False,True,True,"step 5 (SOA), step 6, "
hu-manity.co,cloudflare|wordpress,"{""cloudflare"": ""third"", ""wordpress"": ""third""}",True,False,True,True,"step 5 (SOA), step 6, "
huawei.com,akamai,"{""akamai"": ""third""}",True,True,False,False,"step 6, "
huaweicloud.com,huawei|apple|akamai,"{""huawei"": ""private"", ""apple"": ""private"", ""akamai"": ""third""}",True,False,True,False,"step 2, step 3, step 6, "
huaweicloudwaf.com,apple,"{""apple"": ""private""}",False,False,False,False,"step 3, "
huayoucn.com,cloudflare,"{""cloudflare"": ""third""}",True,True,False,False,"step 5 (SOA), "
hubapi.com,cloudflare,"{""cloudflare"": ""third""}",True,True,False,False,"step 5 (SOA), "
hubble.in,amazon,"{""amazon"": ""private""}",False,False,False,False,"step 5 (SOA), "
hubspot.com,hubspot|cloudflare,"{""hubspot"": ""private"", ""cloudflare"": ""third""}",True,False,True,False,"step 2, step 5 (SOA), "
hubspot.net,cloudflare,"{""cloudflare"": ""private""}",False,False,False,False,"step 5 (SOA), "
hubspotfeedback.com,cloudflare,"{""cloudflare"": ""third""}",True,True,False,False,"step 5 (SOA), "
hubspotusercontent-na1.net,cloudflare,"{""cloudflare"": ""third""}",True,True,False,False,"step 5 (SOA), "
hubvisor.io,google,"{""google"": ""third""}",True,True,False,False,"step 5 (SOA), "
hudl.com,amazon,"{""amazon"": ""third""}",True,True,False,False,"step 5 (SOA), "
hueadsxml.com,amazon,"{""amazon"": ""private""}",False,False,False,False,"step 5 (SOA), "
huedatastore.com,amazon,"{""amazon"": ""third""}",True,True,False,False,"step 5 (SOA), "
hugedomains.com,cloudflare,"{""cloudflare"": ""third""}",True,True,False,False,"step 5 (SOA), "
huggingface.co,amazon,"{""amazon"": ""private""}",False,False,False,False,"step 5 (SOA), "
hulu.com,akamai,"{""akamai"": ""third""}",True,True,False,False,"step 6, "
humeysha.com,cloudflare,"{""cloudflare"": ""third""}",True,True,False,False,"step 5 (SOA), "
huntress.io,amazon,"{""amazon"": ""third""}",True,True,False,False,"step 5 (SOA), "
huobi.pro,amazon|cloudflare,"{""amazon"": ""third"", ""cloudflare"": ""third""}",True,False,True,True,"step 5 (SOA), step 6, "
huoshanlive.com,microsoft,"{""microsoft"": ""private""}",False,False,False,False,"step 3, "
hurelax.com,amazon,"{""amazon"": ""third""}",True,True,False,False,"step 6, "
hushmail.com,cloudflare,"{""cloudflare"": ""third""}",True,True,False,False,"step 5 (SOA), "
hwcdn.ru,apple,"{""apple"": ""third""}",True,True,False,False,"step 5 (SOA), "
hwrescdn.com,amazon,"{""amazon"": ""third""}",True,True,False,False,"step 5 (SOA), "
hyatt.com,akamai,"{""akamai"": ""third""}",True,True,False,False,"step 6, "
hybrid.ai,cloudflare,"{""cloudflare"": ""third""}",True,True,False,False,"step 5 (SOA), "
hydrawise.com,amazon,"{""amazon"": ""third""}",True,True,False,False,"step 5 (SOA), "
hyper-torrent.com,cloudflare,"{""cloudflare"": ""third""}",True,True,False,False,"step 5 (SOA), "
hyperliquid.xyz,amazon,"{""amazon"": ""third""}",True,True,False,False,"step 5 (SOA), "
hyperotics.com,amazon,"{""amazon"": ""third""}",True,True,False,False,"step 5 (SOA), "
hypersolutions.co,amazon|nextjs,"{""amazon"": ""third"", ""nextjs"": ""third""}",True,False,True,True,"step 5 (SOA), step 7, "
hypic.com,akamai,"{""akamai"": ""third""}",True,True,False,False,"step 7, "
hypixel.net,cloudflare,"{""cloudflare"": ""third""}",True,True,False,False,"step 5 (SOA), "
hyprmx.com,amazon,"{""amazon"": ""third""}",True,True,False,False,"step 5 (SOA), "
i-j-2-k.com,cloudflare,"{""cloudflare"": ""third""}",True,True,False,False,"step 5 (SOA), "
i-mobile.co.jp,amazon,"{""amazon"": ""third""}",True,True,False,False,"step 5 (SOA), "
iadvize.com,amazon,"{""amazon"": ""third""}",True,True,False,False,"step 5 (SOA), "
iana.org,cloudflare,"{""cloudflare"": ""third""}",True,True,False,False,"step 6, "
ibge.gov.br,cloudflare,"{""cloudflare"": ""third""}",True,True,False,False,"step 7, "
ibispaint.com,amazon,"{""amazon"": ""third""}",True,True,False,False,"step 5 (SOA), "
ibm.com,akamai,"{""akamai"": ""third""}",True,True,False,False,"step 6, "
ibook.info,apple|akamai,"{""apple"": ""third"", ""akamai"": ""third""}",True,False,True,True,"step 5 (SOA), step 6, "
ibosscloud.com,amazon|cloudflare,"{""amazon"": ""third"", ""cloudflare"": ""third""}",True,False,True,True,"step 5 (SOA), step 6, "
ibsrv.net,cloudflare,"{""cloudflare"": ""private""}",False,False,False,False,"step 5 (SOA), "
ibyteimg.com,bytedance,"{""bytedance"": ""private""}",False,False,False,False,"step 2, "
ic-components.com,cloudflare,"{""cloudflare"": ""third""}",True,True,False,False,"step 5 (SOA), "
icanbwell.com,amazon,"{""amazon"": ""third""}",True,True,False,False,"step 5 (SOA), "
icanhazip.com,cloudflare,"{""cloudflare"": ""third""}",True,True,False,False,"step 5 (SOA), "
icann.org,cloudflare,"{""cloudflare"": ""third""}",True,True,False,False,"step 6, "
icarcdn.com,google,"{""google"": ""private""}",False,False,False,False,"step 5 (SOA), "
icbc.com.cn,wangsu,"{""wangsu"": ""third""}",True,True,False,False,"step 6, "
ice.com,cloudflare,"{""cloudflare"": ""third""}",True,True,False,False,"step 6, "
icg-in.com,cloudflare,"{""cloudflare"": ""third""}",True,True,False,False,"step 5 (SOA), "
ichgcp.net,cloudflare,"{""cloudflare"": ""third""}",True,True,False,False,"step 5 (SOA), "
icicibank.com,akamai,"{""akamai"": ""third""}",True,True,False,False,"step 6, "
icims.com,amazon,"{""amazon"": ""third""}",True,True,False,False,"step 5 (SOA), "
icloseli.com,amazon,"{""amazon"": ""third""}",True,True,False,False,"step 5 (SOA), "
icloud-content.com,apple,"{""apple"": ""private""}",False,False,False,False,"step 2, "
icloud.com,apple|akamai,"{""apple"": ""private"", ""akamai"": ""third""}",True,False,True,False,"step 3, step 6, "
icloud.com.cn,apple|akamai,"{""apple"": ""private"", ""akamai"": ""third""}",True,False,True,False,"step 3, step 6, "
icomoon.io,amazon,"{""amazon"": ""third""}",True,True,False,False,"step 5 (SOA), "
iconify.design,cloudflare,"{""cloudflare"": ""third""}",True,True,False,False,"step 5 (SOA), "
icons8.com,cloudflare,"{""cloudflare"": ""third""}",True,True,False,False,"step 5 (SOA), "
iconscout.com,cloudflare,"{""cloudflare"": ""third""}",True,True,False,False,"step 5 (SOA), "
icpsuawn1zy5amys.com,cloudflare,"{""cloudflare"": ""third""}",True,True,False,False,"step 5 (SOA), "
icpublic.com,amazon,"{""amazon"": ""third""}",True,True,False,False,"step 5 (SOA), "
id.me,cloudflare,"{""cloudflare"": ""third""}",True,True,False,False,"step 5 (SOA), "
id5-sync.com,cloudflare,"{""cloudflare"": ""private""}",False,False,False,False,"step 5 (SOA), "
idailybible.com,google,"{""google"": ""third""}",True,True,False,False,"step 7, "
idealista.com,amazon|fastly,"{""amazon"": ""third"", ""fastly"": ""third""}",True,False,True,True,"step 5 (SOA), step 6, "
idealmedia.io,cloudflare,"{""cloudflare"": ""third""}",True,True,False,False,"step 5 (SOA), "
idealo.com,amazon,"{""amazon"": ""third""}",True,True,False,False,"step 5 (SOA), "
idealo.de,amazon|akamai,"{""amazon"": ""third"", ""akamai"": ""third""}",True,False,True,True,"step 5 (SOA), step 6, "
ident.me,cloudflare|twitter,"{""cloudflare"": ""third"", ""twitter"": ""third""}",True,False,True,True,"step 5 (SOA), step 6, "
identitydigital.services,amazon,"{""amazon"": ""third""}",True,True,False,False,"step 5 (SOA), "
idexx.com,amazon,"{""amazon"": ""third""}",True,True,False,False,"step 6, "
idrive.com,amazon,"{""amazon"": ""third""}",True,True,False,False,"step 5 (SOA), "
ieee.org,amazon,"{""amazon"": ""third""}",True,True,False,False,"step 6, "
iesdev.com,cloudflare,"{""cloudflare"": ""third""}",True,True,False,False,"step 5 (SOA), "
ietf.org,cloudflare,"{""cloudflare"": ""third""}",True,True,False,False,"step 5 (SOA), "
ifconfig.co,cloudflare,"{""cloudflare"": ""third""}",True,True,False,False,"step 5 (SOA), "
ifconfig.io,cloudflare,"{""cloudflare"": ""third""}",True,True,False,False,"step 5 (SOA), "
ifconfig.me,google,"{""google"": ""third""}",True,True,False,False,"step 5 (SOA), "
ifeng.com,tencent,"{""tencent"": ""third""}",True,True,False,False,"step 6, "
ifit.com,amazon|twitter,"{""amazon"": ""private"", ""twitter"": ""private""}",False,False,True,False,"step 5 (SOA), step 6, "
ifood.com.br,amazon|cloudflare,"{""amazon"": ""third"", ""cloudflare"": ""third""}",True,False,True,True,"step 5 (SOA), step 6, "
ig.com.br,amazon|cloudflare,"{""amazon"": ""third"", ""cloudflare"": ""third""}",True,False,True,True,"step 5 (SOA), step 6, "
ig.me,meta,"{""meta"": ""private""}",False,False,False,False,"step 5 (SOA), "
igg.com,amazon|akamai,"{""amazon"": ""third"", ""akamai"": ""third""}",True,False,True,True,"step 5 (SOA), step 6, "
ign.com,amazon|fastly,"{""amazon"": ""third"", ""fastly"": ""third""}",True,False,True,True,"step 5 (SOA), step 6, "
ignimgs.com,amazon|fastly,"{""amazon"": ""third"", ""fastly"": ""third""}",True,False,True,True,"step 5 (SOA), step 6, "
igodigital.com,amazon,"{""amazon"": ""third""}",True,True,False,False,"step 5 (SOA), "
iheart.com,fastly,"{""fastly"": ""third""}",True,True,False,False,"step 6, "
iherb.com,cloudflare,"{""cloudflare"": ""third""}",True,True,False,False,"step 5 (SOA), "
ihfjsrkdw.com,gcore,"{""gcore"": ""third""}",True,True,False,False,"step 5 (SOA), "
ihg.com,akamai,"{""akamai"": ""third""}",True,True,False,False,"step 6, "
ihuoshanlive.com,microsoft,"{""microsoft"": ""private""}",False,False,False,False,"step 3, "
iii.com,amazon,"{""amazon"": ""third""}",True,True,False,False,"step 5 (SOA), "
iiivega.com,amazon,"{""amazon"": ""third""}",True,True,False,False,"step 5 (SOA), "
ijt10.com,apple,"{""apple"": ""third""}",True,True,False,False,"step 5 (SOA), "
ikarem.io,amazon,"{""amazon"": ""third""}",True,True,False,False,"step 5 (SOA), "
ikea.com,cloudflare,"{""cloudflare"": ""third""}",True,True,False,False,"step 6, "
illusionblack.com,amazon,"{""amazon"": ""third""}",True,True,False,False,"step 5 (SOA), "
ilovepdf.com,cloudflare,"{""cloudflare"": ""third""}",True,True,False,False,"step 5 (SOA), "
im-apps.net,google,"{""google"": ""third""}",True,True,False,False,"step 7, "
imagedelivery.net,microsoft|cloudflare,"{""microsoft"": ""private"", ""cloudflare"": ""third""}",True,False,True,False,"step 3, step 5 (SOA), "
imagekit.io,imagekit|amazon,"{""imagekit"": ""private"", ""amazon"": ""private""}",False,False,True,False,"step 2, step 5 (SOA), "
imagerenderer.com,amazon,"{""amazon"": ""third""}",True,True,False,False,"step 5 (SOA), "
images-amazon.com,amazon,"{""amazon"": ""private""}",False,False,False,False,"step 2, "
images-iherb.com,cloudflare,"{""cloudflare"": ""third""}",True,True,False,False,"step 5 (SOA), "
imagetwist.com,cloudflare,"{""cloudflare"": ""third""}",True,True,False,False,"step 5 (SOA), "
imall.net,cloudflare,"{""cloudflare"": ""third""}",True,True,False,False,"step 5 (SOA), "
imdb.com,amazon,"{""amazon"": ""private""}",False,False,False,False,"step 5 (SOA), "
img-static.tech,amazon,"{""amazon"": ""third""}",True,True,False,False,"step 5 (SOA), "
imgbox.com,cloudflare,"{""cloudflare"": ""private""}",False,False,False,False,"step 5 (SOA), "
imggaming.com,amazon,"{""amazon"": ""private""}",False,False,False,False,"step 5 (SOA), "
imghosts.com,cloudflare,"{""cloudflare"": ""third""}",True,True,False,False,"step 5 (SOA), "
imgix.net,imgix|google|fastly,"{""imgix"": ""private"", ""google"": ""third"", ""fastly"": ""third""}",True,False,True,True,"step 2, step 5 (SOA), step 6, "
imgur.com,amazon|fastly,"{""amazon"": ""third"", ""fastly"": ""third""}",True,False,True,True,"step 5 (SOA), step 6, "
imhentai.xxx,cloudflare,"{""cloudflare"": ""third""}",True,True,False,False,"step 5 (SOA), "
imimg.com,amazon,"{""amazon"": ""third""}",True,True,False,False,"step 5 (SOA), "
immedia-semi.com,amazon,"{""amazon"": ""third""}",True,True,False,False,"step 5 (SOA), "
immersivetranslate.com,cloudflare,"{""cloudflare"": ""third""}",True,True,False,False,"step 5 (SOA), "
immich.cloud,cloudflare,"{""cloudflare"": ""third""}",True,True,False,False,"step 5 (SOA), "
immobilienscout24.de,amazon,"{""amazon"": ""third""}",True,True,False,False,"step 5 (SOA), "
immy.bot,cloudflare,"{""cloudflare"": ""third""}",True,True,False,False,"step 5 (SOA), "
imo.im,amazon,"{""amazon"": ""third""}",True,True,False,False,"step 5 (SOA), "
imoim.app,amazon,"{""amazon"": ""third""}",True,True,False,False,"step 5 (SOA), "
imolive.tv,microsoft,"{""microsoft"": ""private""}",False,False,False,False,"step 3, "
imolive2.com,microsoft|amazon,"{""microsoft"": ""private"", ""amazon"": ""third""}",True,False,True,False,"step 3, step 5 (SOA), "
imostatic.com,amazon,"{""amazon"": ""third""}",True,True,False,False,"step 5 (SOA), "
impact-ad.jp,amazon|fastly,"{""amazon"": ""third"", ""fastly"": ""third""}",True,False,True,True,"step 5 (SOA), step 7, "
impact.com,amazon|cloudflare,"{""amazon"": ""third"", ""cloudflare"": ""third""}",True,False,True,True,"step 5 (SOA), step 6, "
impactcdn.com,amazon,"{""amazon"": ""third""}",True,True,False,False,"step 5 (SOA), "
impactradius-event.com,amazon,"{""amazon"": ""third""}",True,True,False,False,"step 5 (SOA), "
impel.io,amazon,"{""amazon"": ""third""}",True,True,False,False,"step 5 (SOA), "
impervadns.net,imperva|incapsula,"{""imperva"": ""private"", ""incapsula"": ""private""}",False,False,True,False,"step 2, step 3, "
impression.link,amazon,"{""amazon"": ""third""}",True,True,False,False,"step 5 (SOA), "
imso1055.top,apple,"{""apple"": ""third""}",True,True,False,False,"step 5 (SOA), "
imtwjwoasak.com,amazon,"{""amazon"": ""third""}",True,True,False,False,"step 5 (SOA), "
imunify.com,cloudflare,"{""cloudflare"": ""third""}",True,True,False,False,"step 5 (SOA), "
imunify360.com,cloudflare,"{""cloudflare"": ""third""}",True,True,False,False,"step 5 (SOA), "
imweb.me,amazon,"{""amazon"": ""third""}",True,True,False,False,"step 5 (SOA), "
in2detailing.co.uk,shopify,"{""shopify"": ""third""}",True,True,False,False,"step 6, "
inaccuracy.net,cloudflare,"{""cloudflare"": ""third""}",True,True,False,False,"step 5 (SOA), "
inadsexchange.com,cloudflare,"{""cloudflare"": ""third""}",True,True,False,False,"step 5 (SOA), "
inaturalist.org,cloudflare,"{""cloudflare"": ""third""}",True,True,False,False,"step 6, "
inbake.com,amazon,"{""amazon"": ""third""}",True,True,False,False,"step 5 (SOA), "
incapdns.net,imperva,"{""imperva"": ""private""}",False,False,False,False,"step 2, "
incognia.com,cloudflare,"{""cloudflare"": ""third""}",True,True,False,False,"step 5 (SOA), "
indazn.com,amazon,"{""amazon"": ""third""}",True,True,False,False,"step 5 (SOA), "
indcat.cc,cloudflare,"{""cloudflare"": ""third""}",True,True,False,False,"step 5 (SOA), "
indeed.com,cloudflare,"{""cloudflare"": ""third""}",True,True,False,False,"step 5 (SOA), "
independent.co.uk,cloudflare|fastly,"{""cloudflare"": ""third"", ""fastly"": ""third""}",True,False,True,True,"step 5 (SOA), step 6, "
indexww.com,cloudflare,"{""cloudflare"": ""third""}",True,True,False,False,"step 5 (SOA), "
indiamart.com,amazon|google,"{""amazon"": ""third"", ""google"": ""third""}",True,False,True,True,"step 5 (SOA), step 7, "
indiatimes.com,akamai,"{""akamai"": ""third""}",True,True,False,False,"step 6, "
inditex.com,akamai,"{""akamai"": ""third""}",True,True,False,False,"step 6, "
indriverapp.com,google,"{""google"": ""third""}",True,True,False,False,"step 5 (SOA), "
indusappstore.com,amazon|cloudflare,"{""amazon"": ""third"", ""cloudflare"": ""third""}",True,False,True,True,"step 5 (SOA), step 6, "
infeng.site,amazon,"{""amazon"": ""third""}",True,True,False,False,"step 5 (SOA), "
infinitepay.io,cloudflare,"{""cloudflare"": ""third""}",True,True,False,False,"step 5 (SOA), "
infinity-component.com,cloudflare,"{""cloudflare"": ""third""}",True,True,False,False,"step 5 (SOA), "
influxdata.com,amazon|cloudflare,"{""amazon"": ""third"", ""cloudflare"": ""third""}",True,False,True,True,"step 5 (SOA), step 6, "
infobae.com,google|akamai,"{""google"": ""third"", ""akamai"": ""third""}",True,False,True,True,"step 5 (SOA), step 6, "
infobip.com,amazon|cloudflare,"{""amazon"": ""third"", ""cloudflare"": ""third""}",True,False,True,True,"step 5 (SOA), step 6, "
infoblox.com,fastly,"{""fastly"": ""third""}",True,True,False,False,"step 6, "
infocyte.com,amazon,"{""amazon"": ""private""}",False,False,False,False,"step 5 (SOA), "
infojobs.net,amazon,"{""amazon"": ""third""}",True,True,False,False,"step 5 (SOA), "
infolinks.com,cloudflare,"{""cloudflare"": ""third""}",True,True,False,False,"step 5 (SOA), "
inforcloudsuite.com,amazon,"{""amazon"": ""third""}",True,True,False,False,"step 5 (SOA), "
informer.com,cloudflare,"{""cloudflare"": ""third""}",True,True,False,False,"step 5 (SOA), "
infra-moonactive.net,amazon,"{""amazon"": ""third""}",True,True,False,False,"step 5 (SOA), "
infura.io,amazon,"{""amazon"": ""third""}",True,True,False,False,"step 5 (SOA), "
ing.com,akamai,"{""akamai"": ""third""}",True,True,False,False,"step 6, "
ingaa.xyz,amazon,"{""amazon"": ""private""}",False,False,False,False,"step 5 (SOA), "
ingage.tech,cloudflare,"{""cloudflare"": ""third""}",True,True,False,False,"step 5 (SOA), "
inhouseclick.net,cloudflare,"{""cloudflare"": ""third""}",True,True,False,False,"step 5 (SOA), "
inhousedsp.com,amazon,"{""amazon"": ""third""}",True,True,False,False,"step 5 (SOA), "
inmobi-choice.io,amazon,"{""amazon"": ""third""}",True,True,False,False,"step 5 (SOA), "
inmobi.com,google,"{""google"": ""private""}",False,False,False,False,"step 5 (SOA), "
inmobicdn.net,google,"{""google"": ""third""}",True,True,False,False,"step 5 (SOA), "
inmotionhosting.com,cloudflare,"{""cloudflare"": ""third""}",True,True,False,False,"step 6, "
innersloth.com,cloudflare,"{""cloudflare"": ""third""}",True,True,False,False,"step 5 (SOA), "
inpvp.net,cloudflare,"{""cloudflare"": ""third""}",True,True,False,False,"step 5 (SOA), "
inscloudgate.net,amazon,"{""amazon"": ""third""}",True,True,False,False,"step 5 (SOA), "
inshot.cc,google,"{""google"": ""third""}",True,True,False,False,"step 5 (SOA), "
insiad.com,amazon,"{""amazon"": ""third""}",True,True,False,False,"step 5 (SOA), "
inside-graph.com,amazon,"{""amazon"": ""private""}",False,False,False,False,"step 5 (SOA), "
insightexpressai.com,microsoft,"{""microsoft"": ""third""}",True,True,False,False,"step 6, "
instabridge.com,cloudflare,"{""cloudflare"": ""third""}",True,True,False,False,"step 5 (SOA), "
instabug.com,amazon,"{""amazon"": ""third""}",True,True,False,False,"step 5 (SOA), "
instacart.com,amazon,"{""amazon"": ""third""}",True,True,False,False,"step 5 (SOA), "
instagram.com,meta,"{""meta"": ""private""}",False,False,False,False,"step 3, "
instana.io,amazon,"{""amazon"": ""third""}",True,True,False,False,"step 5 (SOA), "
instant.audio,cloudflare,"{""cloudflare"": ""third""}",True,True,False,False,"step 5 (SOA), "
instant.one,cloudflare,"{""cloudflare"": ""third""}",True,True,False,False,"step 5 (SOA), "
instaview.ai,amazon,"{""amazon"": ""private""}",False,False,False,False,"step 5 (SOA), "
instiengage.com,cloudflare,"{""cloudflare"": ""third""}",True,True,False,False,"step 5 (SOA), "
instructure.com,amazon|fastly,"{""amazon"": ""third"", ""fastly"": ""third""}",True,False,True,True,"step 5 (SOA), step 6, "
insurads.com,amazon|cloudflare,"{""amazon"": ""third"", ""cloudflare"": ""third""}",True,False,True,True,"step 5 (SOA), step 7, "
int08h.com,fastly,"{""fastly"": ""third""}",True,True,False,False,"step 7, "
intel.com,akamai,"{""akamai"": ""third""}",True,True,False,False,"step 6, "
intelbras.com.br,amazon,"{""amazon"": ""third""}",True,True,False,False,"step 5 (SOA), "
intelbrasp2p.com.br,google,"{""google"": ""private""}",False,False,False,False,"step 5 (SOA), "
intelligems.io,amazon,"{""amazon"": ""third""}",True,True,False,False,"step 5 (SOA), "
intellij.net,amazon,"{""amazon"": ""third""}",True,True,False,False,"step 5 (SOA), "
intellimize.co,amazon,"{""amazon"": ""third""}",True,True,False,False,"step 5 (SOA), "
intentiq.com,amazon,"{""amazon"": ""third""}",True,True,False,False,"step 5 (SOA), "
intercom.com,amazon,"{""amazon"": ""third""}",True,True,False,False,"step 5 (SOA), "
intercom.io,amazon,"{""amazon"": ""third""}",True,True,False,False,"step 5 (SOA), "
intercomassets.com,amazon,"{""amazon"": ""third""}",True,True,False,False,"step 5 (SOA), "
intercomcdn.com,amazon,"{""amazon"": ""third""}",True,True,False,False,"step 5 (SOA), "
intergi.com,cloudflare,"{""cloudflare"": ""third""}",True,True,False,False,"step 5 (SOA), "
intergient.com,amazon,"{""amazon"": ""third""}",True,True,False,False,"step 5 (SOA), "
internalfb.com,meta,"{""meta"": ""third""}",True,True,False,False,"step 5 (SOA), "
internet-measurement.com,cloudflare,"{""cloudflare"": ""third""}",True,True,False,False,"step 5 (SOA), "
internethealthtest.org,cloudflare,"{""cloudflare"": ""third""}",True,True,False,False,"step 5 (SOA), "
interntp.com,cloudflare,"{""cloudflare"": ""third""}",True,True,False,False,"step 5 (SOA), "
intools.dev,google,"{""google"": ""third""}",True,True,False,False,"step 5 (SOA), "
intsig.net,amazon,"{""amazon"": ""private""}",False,False,False,False,"step 5 (SOA), "
intsmarthub.com,amazon,"{""amazon"": ""third""}",True,True,False,False,"step 5 (SOA), "
intuit.com,akamai,"{""akamai"": ""third""}",True,True,False,False,"step 6, "
invaluable.com,amazon,"{""amazon"": ""third""}",True,True,False,False,"step 5 (SOA), "
investing.com,cloudflare,"{""cloudflare"": ""third""}",True,True,False,False,"step 5 (SOA), "
iom.int,akamai,"{""akamai"": ""third""}",True,True,False,False,"step 6, "
ionicframework.com,cloudflare,"{""cloudflare"": ""third""}",True,True,False,False,"step 5 (SOA), "
ioriveredge.net,amazon,"{""amazon"": ""third""}",True,True,False,False,"step 5 (SOA), "
iot-dns.com,amazon,"{""amazon"": ""third""}",True,True,False,False,"step 5 (SOA), "
iotbing.com,microsoft|amazon,"{""microsoft"": ""private"", ""amazon"": ""third""}",True,False,True,False,"step 3, step 5 (SOA), "
iotcplatform.com,amazon,"{""amazon"": ""third""}",True,True,False,False,"step 5 (SOA), "
iothings.site,amazon,"{""amazon"": ""third""}",True,True,False,False,"step 5 (SOA), "
iovmcmjatl1.com,cloudflare,"{""cloudflare"": ""third""}",True,True,False,False,"step 5 (SOA), "
ip.sb,cloudflare,"{""cloudflare"": ""third""}",True,True,False,False,"step 6, "
ip138.com,wangsu,"{""wangsu"": ""third""}",True,True,False,False,"step 6, "
ip2location.io,cloudflare,"{""cloudflare"": ""third""}",True,True,False,False,"step 5 (SOA), "
ipaddress.com,cloudflare,"{""cloudflare"": ""third""}",True,True,False,False,"step 5 (SOA), "
ipapi.co,cloudflare,"{""cloudflare"": ""third""}",True,True,False,False,"step 5 (SOA), "
ipapi.is,microsoft,"{""microsoft"": ""third""}",True,True,False,False,"step 5 (SOA), "
ipbase.com,cloudflare,"{""cloudflare"": ""third""}",True,True,False,False,"step 5 (SOA), "
ipcheckerapi.com,cloudflare,"{""cloudflare"": ""third""}",True,True,False,False,"step 5 (SOA), "
ipecho.net,google,"{""google"": ""third""}",True,True,False,False,"step 5 (SOA), "
iperceptions.com,amazon,"{""amazon"": ""third""}",True,True,False,False,"step 5 (SOA), "
iperson.xyz,cloudflare,"{""cloudflare"": ""third""}",True,True,False,False,"step 5 (SOA), "
ipfs.io,cloudflare|bunnycdn,"{""cloudflare"": ""third"", ""bunnycdn"": ""third""}",True,False,True,True,"step 5 (SOA), step 6, "
ipgeolocation.io,cloudflare|nextjs,"{""cloudflare"": ""third"", ""nextjs"": ""third""}",True,False,True,True,"step 5 (SOA), step 7, "
ipify.org,cloudflare|amazon,"{""cloudflare"": ""third"", ""amazon"": ""third""}",True,False,True,True,"step 5 (SOA), step 6, "
ipinfo.io,google,"{""google"": ""third""}",True,True,False,False,"step 5 (SOA), "
ipinfodb.com,cloudflare,"{""cloudflare"": ""third""}",True,True,False,False,"step 5 (SOA), "
ipip.net,cloudflare,"{""cloudflare"": ""third""}",True,True,False,False,"step 6, "
iplocation.net,cloudflare,"{""cloudflare"": ""third""}",True,True,False,False,"step 5 (SOA), "
iploop.io,cloudflare,"{""cloudflare"": ""third""}",True,True,False,False,"step 5 (SOA), "
ipproxys.com,cloudflare,"{""cloudflare"": ""third""}",True,True,False,False,"step 5 (SOA), "
ipredictive.com,amazon,"{""amazon"": ""third""}",True,True,False,False,"step 5 (SOA), "
iprom.net,cloudflare,"{""cloudflare"": ""third""}",True,True,False,False,"step 5 (SOA), "
iproyal.com,cloudflare,"{""cloudflare"": ""third""}",True,True,False,False,"step 5 (SOA), "
ipsolver.com,amazon,"{""amazon"": ""third""}",True,True,False,False,"step 5 (SOA), "
ipstack.com,cloudflare,"{""cloudflare"": ""private""}",False,False,False,False,"step 5 (SOA), "
ipstatp.com,amazon,"{""amazon"": ""third""}",True,True,False,False,"step 5 (SOA), "
ipvanish.com,cloudflare,"{""cloudflare"": ""third""}",True,True,False,False,"step 6, "
ipwho.is,cloudflare,"{""cloudflare"": ""third""}",True,True,False,False,"step 5 (SOA), "
iq.com,akamai,"{""akamai"": ""third""}",True,True,False,False,"step 6, "
iqiyi.com,akamai,"{""akamai"": ""third""}",True,True,False,False,"step 6, "
iqiyipic.com,akamai,"{""akamai"": ""third""}",True,True,False,False,"step 6, "
iqm.com,amazon,"{""amazon"": ""third""}",True,True,False,False,"step 5 (SOA), "
iqolsys.com,amazon,"{""amazon"": ""third""}",True,True,False,False,"step 5 (SOA), "
iqzonertb.live,microsoft|cloudflare,"{""microsoft"": ""private"", ""cloudflare"": ""third""}",True,False,True,False,"step 3, step 5 (SOA), "
iracing.com,amazon,"{""amazon"": ""third""}",True,True,False,False,"step 5 (SOA), "
irdeto.com,amazon|cloudflare,"{""amazon"": ""third"", ""cloudflare"": ""third""}",True,False,True,True,"step 5 (SOA), step 7, "
iroh.link,amazon,"{""amazon"": ""third""}",True,True,False,False,"step 5 (SOA), "
isappcloud.com,amazon,"{""amazon"": ""third""}",True,True,False,False,"step 5 (SOA), "
isharing-gps.com,amazon,"{""amazon"": ""third""}",True,True,False,False,"step 5 (SOA), "
isharing.io,cloudflare,"{""cloudflare"": ""third""}",True,True,False,False,"step 5 (SOA), "
island.io,amazon,"{""amazon"": ""third""}",True,True,False,False,"step 5 (SOA), "
isnssdk.com,amazon,"{""amazon"": ""third""}",True,True,False,False,"step 5 (SOA), "
ispot.tv,amazon|cloudflare,"{""amazon"": ""third"", ""cloudflare"": ""third""}",True,False,True,True,"step 5 (SOA), step 6, "
issuu.com,amazon|fastly,"{""amazon"": ""third"", ""fastly"": ""third""}",True,False,True,True,"step 5 (SOA), step 6, "
istatmenus.app,bunnycdn,"{""bunnycdn"": ""third""}",True,True,False,False,"step 5 (SOA), "
istockphoto.com,amazon,"{""amazon"": ""third""}",True,True,False,False,"step 5 (SOA), "
itau.com.br,akamai,"{""akamai"": ""third""}",True,True,False,False,"step 6, "
itch.io,cloudflare,"{""cloudflare"": ""third""}",True,True,False,False,"step 5 (SOA), "
itch.zone,cloudflare,"{""cloudflare"": ""third""}",True,True,False,False,"step 5 (SOA), "
iteldrive.com,amazon,"{""amazon"": ""third""}",True,True,False,False,"step 5 (SOA), "
iterable.com,amazon|fastly,"{""amazon"": ""third"", ""fastly"": ""third""}",True,False,True,True,"step 5 (SOA), step 7, "
iteratehq.com,cloudflare,"{""cloudflare"": ""third""}",True,True,False,False,"step 5 (SOA), "
itglue.com,amazon|cloudflare,"{""amazon"": ""third"", ""cloudflare"": ""third""}",True,False,True,True,"step 5 (SOA), step 7, "
itools.info,apple|akamai,"{""apple"": ""third"", ""akamai"": ""third""}",True,False,True,True,"step 5 (SOA), step 6, "
itsupport247.net,cloudflare,"{""cloudflare"": ""third""}",True,True,False,False,"step 5 (SOA), "
itunes.com,apple,"{""apple"": ""private""}",False,False,False,False,"step 3, "
itv.com,akamai,"{""akamai"": ""third""}",True,True,False,False,"step 6, "
iubenda.com,amazon|bunnycdn,"{""amazon"": ""third"", ""bunnycdn"": ""third""}",True,False,True,True,"step 5 (SOA), step 6, "
ivanti.com,cloudflare,"{""cloudflare"": ""third""}",True,True,False,False,"step 5 (SOA), "
ivanticloud.com,apple|cloudflare,"{""apple"": ""private"", ""cloudflare"": ""third""}",True,False,True,False,"step 3, step 5 (SOA), "
ivaws.com,amazon|cloudflare,"{""amazon"": ""private"", ""cloudflare"": ""third""}",True,False,True,False,"step 3, step 5 (SOA), "
ivoox.com,amazon,"{""amazon"": ""third""}",True,True,False,False,"step 5 (SOA), "
ivymobile.com,cloudflare,"{""cloudflare"": ""private""}",False,False,False,False,"step 5 (SOA), "
iwara.tv,cloudflare,"{""cloudflare"": ""third""}",True,True,False,False,"step 5 (SOA), "
ixsystems.com,keycdn,"{""keycdn"": ""third""}",True,True,False,False,"step 6, "
ixxx.com,cloudflare,"{""cloudflare"": ""third""}",True,True,False,False,"step 5 (SOA), "
iyf.tv,cloudflare,"{""cloudflare"": ""third""}",True,True,False,False,"step 5 (SOA), "
izooto.com,cloudflare,"{""cloudflare"": ""private""}",False,False,False,False,"step 5 (SOA), "
j-3-x-r.com,cloudflare,"{""cloudflare"": ""third""}",True,True,False,False,"step 5 (SOA), "
jable.tv,cloudflare,"{""cloudflare"": ""third""}",True,True,False,False,"step 5 (SOA), "
jabra.com,microsoft,"{""microsoft"": ""third""}",True,True,False,False,"step 6, "
jaco.live,microsoft,"{""microsoft"": ""private""}",False,False,False,False,"step 3, "
jads.co,amazon,"{""amazon"": ""third""}",True,True,False,False,"step 5 (SOA), "
jagat.io,amazon,"{""amazon"": ""third""}",True,True,False,False,"step 5 (SOA), "
jam.dev,cloudflare,"{""cloudflare"": ""third""}",True,True,False,False,"step 5 (SOA), "
jamf.com,amazon,"{""amazon"": ""third""}",True,True,False,False,"step 5 (SOA), "
jamfcloud.com,amazon,"{""amazon"": ""private""}",False,False,False,False,"step 5 (SOA), "
jampp.com,amazon,"{""amazon"": ""third""}",True,True,False,False,"step 5 (SOA), "
janitorai.com,cloudflare,"{""cloudflare"": ""third""}",True,True,False,False,"step 5 (SOA), "
janusaent.com,cloudflare,"{""cloudflare"": ""third""}",True,True,False,False,"step 5 (SOA), "
java.com,akamai|cloudflare,"{""akamai"": ""third"", ""cloudflare"": ""third""}",True,False,True,True,"step 6, step 6, "
javadoc.io,cloudflare,"{""cloudflare"": ""third""}",True,True,False,False,"step 5 (SOA), "
javidol.org,cloudflare,"{""cloudflare"": ""third""}",True,True,False,False,"step 5 (SOA), "
jcpenney.com,akamai,"{""akamai"": ""third""}",True,True,False,False,"step 6, "
jcplatform.dev,amazon,"{""amazon"": ""third""}",True,True,False,False,"step 5 (SOA), "
jd.com,jd,"{""jd"": ""private""}",False,False,False,False,"step 6, "
jenkins.io,microsoft|fastly,"{""microsoft"": ""third"", ""fastly"": ""third""}",True,False,True,True,"step 5 (SOA), step 6, "
jet-external.com,amazon,"{""amazon"": ""third""}",True,True,False,False,"step 5 (SOA), "
jet.amazon,amazon,"{""amazon"": ""private""}",False,False,False,False,"step 3, "
jetblue.com,fastly,"{""fastly"": ""third""}",True,True,False,False,"step 6, "
jetbrains.ai,amazon,"{""amazon"": ""third""}",True,True,False,False,"step 5 (SOA), "
jetbrains.cloud,amazon,"{""amazon"": ""third""}",True,True,False,False,"step 5 (SOA), "
jetbrains.com,amazon,"{""amazon"": ""third""}",True,True,False,False,"step 5 (SOA), "
jetphotos.com,cloudflare,"{""cloudflare"": ""third""}",True,True,False,False,"step 5 (SOA), "
jetstar.com,akamai,"{""akamai"": ""third""}",True,True,False,False,"step 6, "
jfit.co,amazon|twitter,"{""amazon"": ""private"", ""twitter"": ""private""}",False,False,True,False,"step 5 (SOA), step 6, "
jfrog.io,amazon,"{""amazon"": ""private""}",False,False,False,False,"step 5 (SOA), "
jftechsoft.com,twitter,"{""twitter"": ""third""}",True,True,False,False,"step 6, "
jgrqyxupl.com,cloudflare,"{""cloudflare"": ""third""}",True,True,False,False,"step 5 (SOA), "
jhu.edu,cloudflare,"{""cloudflare"": ""third""}",True,True,False,False,"step 6, "
jihulab.com,wangsu,"{""wangsu"": ""third""}",True,True,False,False,"step 6, "
jimdo.com,amazon|cloudflare,"{""amazon"": ""third"", ""cloudflare"": ""third""}",True,False,True,True,"step 5 (SOA), step 6, "
jito.wtf,amazon,"{""amazon"": ""third""}",True,True,False,False,"step 5 (SOA), "
jive.com,amazon,"{""amazon"": ""third""}",True,True,False,False,"step 5 (SOA), "
jiveip.net,amazon,"{""amazon"": ""third""}",True,True,False,False,"step 5 (SOA), "
jivetel.net,cloudflare,"{""cloudflare"": ""third""}",True,True,False,False,"step 5 (SOA), "
jivox.com,amazon|cloudflare,"{""amazon"": ""third"", ""cloudflare"": ""third""}",True,False,True,True,"step 5 (SOA), step 7, "
jixie.io,amazon,"{""amazon"": ""third""}",True,True,False,False,"step 5 (SOA), "
jksolapp.com,amazon,"{""amazon"": ""third""}",True,True,False,False,"step 5 (SOA), "
jlcpcb.com,amazon,"{""amazon"": ""third""}",True,True,False,False,"step 6, "
jmmobi.com,amazon,"{""amazon"": ""private""}",False,False,False,False,"step 5 (SOA), "
jobstreet.com,amazon|cloudflare,"{""amazon"": ""third"", ""cloudflare"": ""third""}",True,False,True,True,"step 5 (SOA), step 6, "
joingotomeeting.com,amazon,"{""amazon"": ""third""}",True,True,False,False,"step 6, "
joinhoney.com,google,"{""google"": ""private""}",False,False,False,False,"step 5 (SOA), "
joinmassive.com,amazon,"{""amazon"": ""third""}",True,True,False,False,"step 5 (SOA), "
jointraining.com,amazon,"{""amazon"": ""third""}",True,True,False,False,"step 6, "
joinwebinar.com,amazon,"{""amazon"": ""third""}",True,True,False,False,"step 6, "
joom.com,amazon,"{""amazon"": ""third""}",True,True,False,False,"step 5 (SOA), "
joom.it,amazon,"{""amazon"": ""third""}",True,True,False,False,"step 5 (SOA), "
joomcdn.net,amazon,"{""amazon"": ""third""}",True,True,False,False,"step 5 (SOA), "
jooto.com,amazon,"{""amazon"": ""third""}",True,True,False,False,"step 5 (SOA), "
jotform.com,cloudflare,"{""cloudflare"": ""third""}",True,True,False,False,"step 5 (SOA), "
journeymv.com,cloudflare,"{""cloudflare"": ""third""}",True,True,False,False,"step 5 (SOA), "
joybuy.com,amazon,"{""amazon"": ""third""}",True,True,False,False,"step 5 (SOA), "
joyn.de,amazon|vercel,"{""amazon"": ""third"", ""vercel"": ""third""}",True,False,True,True,"step 5 (SOA), step 6, "
jpmorgan.com,akamai,"{""akamai"": ""third""}",True,True,False,False,"step 6, "
jpush.cn,apple,"{""apple"": ""third""}",True,True,False,False,"step 5 (SOA), "
jpush.io,apple,"{""apple"": ""third""}",True,True,False,False,"step 5 (SOA), "
jquery.com,cloudflare,"{""cloudflare"": ""third""}",True,True,False,False,"step 5 (SOA), "
js7k.com,yahoo,"{""yahoo"": ""private""}",False,False,False,False,"step 5 (SOA), "
jscrambler.com,cloudflare,"{""cloudflare"": ""third""}",True,True,False,False,"step 5 (SOA), "
jsdelivr.com,jsdelivr|cloudflare,"{""jsdelivr"": ""private"", ""cloudflare"": ""third""}",True,False,True,False,"step 2, step 5 (SOA), "
jsdelivr.net,jsdelivr,"{""jsdelivr"": ""private""}",False,False,False,False,"step 2, "
jsr.io,cloudflare,"{""cloudflare"": ""third""}",True,True,False,False,"step 5 (SOA), "
jstor.org,fastly,"{""fastly"": ""third""}",True,True,False,False,"step 6, "
jtvnw.net,twitch|amazon,"{""twitch"": ""private"", ""amazon"": ""third""}",True,False,True,False,"step 2, step 5 (SOA), "
judge.me,amazon,"{""amazon"": ""third""}",True,True,False,False,"step 6, "
juicyads.com,amazon,"{""amazon"": ""third""}",True,True,False,False,"step 5 (SOA), "
juicyads.me,amazon,"{""amazon"": ""third""}",True,True,False,False,"step 5 (SOA), "
jumpcloud.com,cloudflare,"{""cloudflare"": ""third""}",True,True,False,False,"step 5 (SOA), "
jumpjump.io,cloudflare,"{""cloudflare"": ""third""}",True,True,False,False,"step 5 (SOA), "
junglefrog.com,cloudflare,"{""cloudflare"": ""third""}",True,True,False,False,"step 5 (SOA), "
juniper.net,fastly,"{""fastly"": ""third""}",True,True,False,False,"step 6, "
junosaent.com,cloudflare,"{""cloudflare"": ""third""}",True,True,False,False,"step 5 (SOA), "
jup.ag,cloudflare,"{""cloudflare"": ""third""}",True,True,False,False,"step 5 (SOA), "
jusbrasil.com.br,cloudflare,"{""cloudflare"": ""third""}",True,True,False,False,"step 5 (SOA), "
juspay.in,amazon,"{""amazon"": ""private""}",False,False,False,False,"step 5 (SOA), "
just-eat.co.uk,amazon|cloudflare,"{""amazon"": ""third"", ""cloudflare"": ""third""}",True,False,True,True,"step 5 (SOA), step 6, "
justanswer.com,cloudflare,"{""cloudflare"": ""third""}",True,True,False,False,"step 6, "
justdial.com,akamai,"{""akamai"": ""third""}",True,True,False,False,"step 6, "
justia.com,amazon|cloudflare,"{""amazon"": ""third"", ""cloudflare"": ""third""}",True,False,True,True,"step 5 (SOA), step 6, "
justice.gov,cloudflare|akamai,"{""cloudflare"": ""third"", ""akamai"": ""third""}",True,False,True,True,"step 5 (SOA), step 6, "
justservingfiles.net,cloudflare,"{""cloudflare"": ""third""}",True,True,False,False,"step 5 (SOA), "
justwatch.com,amazon,"{""amazon"": ""third""}",True,True,False,False,"step 5 (SOA), "
jw-cdn.org,amazon,"{""amazon"": ""third""}",True,True,False,False,"step 5 (SOA), "
jw.org,amazon,"{""amazon"": ""third""}",True,True,False,False,"step 6, "
jwpcdn.com,jwplayer|amazon,"{""jwplayer"": ""private"", ""amazon"": ""third""}",True,False,True,False,"step 2, step 5 (SOA), "
jwplatform.com,amazon,"{""amazon"": ""third""}",True,True,False,False,"step 5 (SOA), "
jwplayer.com,amazon,"{""amazon"": ""third""}",True,True,False,False,"step 5 (SOA), "
jwpltx.com,amazon,"{""amazon"": ""third""}",True,True,False,False,"step 5 (SOA), "
jwpsrv.com,amazon,"{""amazon"": ""third""}",True,True,False,False,"step 5 (SOA), "
k-2-j-d.com,cloudflare,"{""cloudflare"": ""third""}",True,True,False,False,"step 5 (SOA), "
k-img.com,amazon,"{""amazon"": ""third""}",True,True,False,False,"step 5 (SOA), "
k-words.io,cloudflare,"{""cloudflare"": ""third""}",True,True,False,False,"step 5 (SOA), "
k8s.io,google,"{""google"": ""private""}",False,False,False,False,"step 5 (SOA), "
k8slens.dev,amazon|imperva,"{""amazon"": ""third"", ""imperva"": ""third""}",True,False,True,True,"step 5 (SOA), step 6, "
kabum.com.br,amazon,"{""amazon"": ""third""}",True,True,False,False,"step 5 (SOA), "
kabutan.jp,amazon,"{""amazon"": ""private""}",False,False,False,False,"step 5 (SOA), "
kabutoservices.com,cloudflare,"{""cloudflare"": ""third""}",True,True,False,False,"step 5 (SOA), "
kahoot.it,amazon,"{""amazon"": ""private""}",False,False,False,False,"step 5 (SOA), "
kaik.ai,cloudflare,"{""cloudflare"": ""third""}",True,True,False,False,"step 5 (SOA), "
kaizengaming.com,cloudflare,"{""cloudflare"": ""third""}",True,True,False,False,"step 5 (SOA), "
kakaocdn.net,kakao,"{""kakao"": ""private""}",False,False,False,False,"step 2, "
kalshi.com,cloudflare,"{""cloudflare"": ""third""}",True,True,False,False,"step 5 (SOA), "
kambicdn.com,amazon,"{""amazon"": ""third""}",True,True,False,False,"step 5 (SOA), "
kameleoon.eu,cloudflare,"{""cloudflare"": ""third""}",True,True,False,False,"step 5 (SOA), "
kameleoon.io,cloudflare,"{""cloudflare"": ""third""}",True,True,False,False,"step 5 (SOA), "
kampyle.com,amazon|cloudflare,"{""amazon"": ""third"", ""cloudflare"": ""third""}",True,False,True,True,"step 5 (SOA), step 7, "
kandji.io,amazon|netlify,"{""amazon"": ""third"", ""netlify"": ""third""}",True,False,True,True,"step 5 (SOA), step 6, "
kaptcha.com,amazon,"{""amazon"": ""third""}",True,True,False,False,"step 5 (SOA), "
kargo.com,amazon,"{""amazon"": ""third""}",True,True,False,False,"step 5 (SOA), "
karte.io,amazon,"{""amazon"": ""third""}",True,True,False,False,"step 5 (SOA), "
kartoshka.co.uk,cloudflare,"{""cloudflare"": ""third""}",True,True,False,False,"step 5 (SOA), "
kaufland.de,cloudflare,"{""cloudflare"": ""third""}",True,True,False,False,"step 6, "
kayak.com,fastly,"{""fastly"": ""third""}",True,True,False,False,"step 6, "
kayzen.io,amazon,"{""amazon"": ""private""}",False,False,False,False,"step 5 (SOA), "
kbb.com,akamai,"{""akamai"": ""third""}",True,True,False,False,"step 6, "
kbz0pwvxmv.com,amazon,"{""amazon"": ""private""}",False,False,False,False,"step 5 (SOA), "
kbzpay.com,amazon,"{""amazon"": ""third""}",True,True,False,False,"step 5 (SOA), "
keeflys.com,cloudflare,"{""cloudflare"": ""third""}",True,True,False,False,"step 5 (SOA), "
keepa.com,cloudflare,"{""cloudflare"": ""third""}",True,True,False,False,"step 5 (SOA), "
keepersecurity.com,amazon,"{""amazon"": ""third""}",True,True,False,False,"step 5 (SOA), "
keeptruckin.com,amazon,"{""amazon"": ""private""}",False,False,False,False,"step 5 (SOA), "
keplr.app,amazon,"{""amazon"": ""third""}",True,True,False,False,"step 5 (SOA), "
kernel.org,fastly,"{""fastly"": ""third""}",True,True,False,False,"step 6, "
ketchcdn.com,amazon|fastly,"{""amazon"": ""third"", ""fastly"": ""third""}",True,False,True,True,"step 5 (SOA), step 7, "
ketchjs.com,amazon,"{""amazon"": ""third""}",True,True,False,False,"step 5 (SOA), "
keymetrics.io,amazon,"{""amazon"": ""third""}",True,True,False,False,"step 5 (SOA), "
kfzimg.com,tencent,"{""tencent"": ""third""}",True,True,False,False,"step 6, "
kg-br.com,cloudflare,"{""cloudflare"": ""third""}",True,True,False,False,"step 5 (SOA), "
khanacademy.org,amazon|fastly,"{""amazon"": ""third"", ""fastly"": ""third""}",True,False,True,True,"step 5 (SOA), step 6, "
kia.com,cloudflare,"{""cloudflare"": ""third""}",True,True,False,False,"step 6, "
kick.com,cloudflare,"{""cloudflare"": ""third""}",True,True,False,False,"step 5 (SOA), "
kickoffo.site,amazon,"{""amazon"": ""third""}",True,True,False,False,"step 5 (SOA), "
kickstarter.com,cloudflare,"{""cloudflare"": ""third""}",True,True,False,False,"step 5 (SOA), "
kidoodle.tv,amazon,"{""amazon"": ""third""}",True,True,False,False,"step 5 (SOA), "
kidoz.net,amazon,"{""amazon"": ""third""}",True,True,False,False,"step 5 (SOA), "
kijiji.ca,google,"{""google"": ""third""}",True,True,False,False,"step 5 (SOA), "
kikakeyboard.com,amazon,"{""amazon"": ""third""}",True,True,False,False,"step 5 (SOA), "
kimi.com,cloudflare,"{""cloudflare"": ""third""}",True,True,False,False,"step 6, "
king.com,google|twitter,"{""google"": ""third"", ""twitter"": ""third""}",True,False,True,True,"step 5 (SOA), step 6, "
kingqf.com,cloudflare,"{""cloudflare"": ""third""}",True,True,False,False,"step 5 (SOA), "
kingsgroupgames.com,amazon,"{""amazon"": ""third""}",True,True,False,False,"step 5 (SOA), "
kinsta.cloud,cloudflare,"{""cloudflare"": ""third""}",True,True,False,False,"step 5 (SOA), "
kiro.dev,amazon,"{""amazon"": ""third""}",True,True,False,False,"step 5 (SOA), "
kit.com,cloudflare,"{""cloudflare"": ""third""}",True,True,False,False,"step 5 (SOA), "
kitco.com,microsoft,"{""microsoft"": ""third""}",True,True,False,False,"step 5 (SOA), "
kiwisizing.com,cloudflare,"{""cloudflare"": ""private""}",False,False,False,False,"step 5 (SOA), "
klarnaservices.com,amazon,"{""amazon"": ""third""}",True,True,False,False,"step 5 (SOA), "
klaviyo.com,amazon|cloudflare,"{""amazon"": ""third"", ""cloudflare"": ""third""}",True,False,True,True,"step 5 (SOA), step 6, "
klclick.com,amazon,"{""amazon"": ""third""}",True,True,False,False,"step 5 (SOA), "
kleinanzeigen.de,google|akamai,"{""google"": ""third"", ""akamai"": ""third""}",True,False,True,True,"step 5 (SOA), step 6, "
klevu.com,amazon,"{""amazon"": ""third""}",True,True,False,False,"step 5 (SOA), "
klingai.com,akamai,"{""akamai"": ""third""}",True,True,False,False,"step 6, "
klipy.com,cloudflare,"{""cloudflare"": ""third""}",True,True,False,False,"step 5 (SOA), "
klook.com,amazon|cloudflare,"{""amazon"": ""third"", ""cloudflare"": ""third""}",True,False,True,True,"step 5 (SOA), step 6, "
kmart.com.au,akamai,"{""akamai"": ""third""}",True,True,False,False,"step 6, "
knaben.org,cloudflare,"{""cloudflare"": ""third""}",True,True,False,False,"step 5 (SOA), "
knock.app,cloudflare,"{""cloudflare"": ""third""}",True,True,False,False,"step 5 (SOA), "
knotch-cdn.com,amazon,"{""amazon"": ""third""}",True,True,False,False,"step 5 (SOA), "
knotch.it,amazon,"{""amazon"": ""third""}",True,True,False,False,"step 5 (SOA), "
knowbe4.com,amazon,"{""amazon"": ""third""}",True,True,False,False,"step 5 (SOA), "
knox-matrix.com,amazon,"{""amazon"": ""third""}",True,True,False,False,"step 5 (SOA), "
kobo.com,google|cloudflare,"{""google"": ""third"", ""cloudflare"": ""third""}",True,False,True,True,"step 5 (SOA), step 6, "
kochava.com,google,"{""google"": ""private""}",False,False,False,False,"step 5 (SOA), "
kohls.com,akamai,"{""akamai"": ""third""}",True,True,False,False,"step 6, "
kolide.com,amazon,"{""amazon"": ""third""}",True,True,False,False,"step 5 (SOA), "
komect.com,twitter,"{""twitter"": ""private""}",False,False,False,False,"step 6, "
kommo.com,digicert|cloudflare,"{""digicert"": ""private"", ""cloudflare"": ""private""}",False,False,True,False,"step 5 (SOA), step 6, "
komoot.com,amazon,"{""amazon"": ""third""}",True,True,False,False,"step 5 (SOA), "
kompas.com,amazon,"{""amazon"": ""third""}",True,True,False,False,"step 5 (SOA), "
kompass.com,microsoft,"{""microsoft"": ""third""}",True,True,False,False,"step 6, "
konami.net,google,"{""google"": ""third""}",True,True,False,False,"step 5 (SOA), "
konfidency.com.br,cloudflare,"{""cloudflare"": ""third""}",True,True,False,False,"step 5 (SOA), "
konghq.com,amazon,"{""amazon"": ""third""}",True,True,False,False,"step 5 (SOA), "
kookjar.com,cloudflare,"{""cloudflare"": ""third""}",True,True,False,False,"step 5 (SOA), "
kpnmail.nl,amazon,"{""amazon"": ""third""}",True,True,False,False,"step 6, "
kraken.com,cloudflare,"{""cloudflare"": ""third""}",True,True,False,False,"step 5 (SOA), "
krisp.ai,cloudflare,"{""cloudflare"": ""third""}",True,True,False,False,"step 5 (SOA), "
kroger.com,akamai,"{""akamai"": ""third""}",True,True,False,False,"step 6, "
kropozel.com,cloudflare,"{""cloudflare"": ""third""}",True,True,False,False,"step 5 (SOA), "
kryptex.network,cloudflare,"{""cloudflare"": ""third""}",True,True,False,False,"step 5 (SOA), "
ks-cdn.com,kingsoft,"{""kingsoft"": ""private""}",False,False,False,False,"step 2, "
ks-live.com,microsoft,"{""microsoft"": ""private""}",False,False,False,False,"step 3, "
ksearchnet.com,amazon,"{""amazon"": ""third""}",True,True,False,False,"step 5 (SOA), "
kslawin.com,amazon|akamai,"{""amazon"": ""private"", ""akamai"": ""private""}",False,False,True,False,"step 5 (SOA), step 6, "
ksyuncdn.com,kingsoft,"{""kingsoft"": ""private""}",False,False,False,False,"step 2, "
ksztone.com,baishan,"{""baishan"": ""third""}",True,True,False,False,"step 6, "
ktfpkjt.com,cloudflare,"{""cloudflare"": ""third""}",True,True,False,False,"step 5 (SOA), "
ktrackers.com,cloudflare,"{""cloudflare"": ""third""}",True,True,False,False,"step 5 (SOA), "
kucoin.com,amazon|cloudflare,"{""amazon"": ""third"", ""cloudflare"": ""third""}",True,False,True,True,"step 5 (SOA), step 6, "
kueezrtb.com,cloudflare,"{""cloudflare"": ""third""}",True,True,False,False,"step 5 (SOA), "
kueezssp.com,cloudflare,"{""cloudflare"": ""third""}",True,True,False,False,"step 5 (SOA), "
kugou.com,wangsu,"{""wangsu"": ""third""}",True,True,False,False,"step 6, "
kumulos.com,cloudflare,"{""cloudflare"": ""third""}",True,True,False,False,"step 5 (SOA), "
kurogames.net,twitter,"{""twitter"": ""third""}",True,True,False,False,"step 6, "
kustomerapp.com,amazon,"{""amazon"": ""third""}",True,True,False,False,"step 5 (SOA), "
kvaedit.site,google,"{""google"": ""third""}",True,True,False,False,"step 5 (SOA), "
kw.com,amazon|cloudflare,"{""amazon"": ""third"", ""cloudflare"": ""third""}",True,False,True,True,"step 5 (SOA), step 6, "
kwai-pay.com,akamai,"{""akamai"": ""private""}",False,False,False,False,"step 6, "
kwai-pro.com,akamai,"{""akamai"": ""private""}",False,False,False,False,"step 6, "
kwai.com,akamai,"{""akamai"": ""private""}",False,False,False,False,"step 6, "
kwaipay.app,amazon,"{""amazon"": ""private""}",False,False,False,False,"step 5 (SOA), "
kwcdn.com,microsoft,"{""microsoft"": ""third""}",True,True,False,False,"step 5 (SOA), "
kwork.com,amazon,"{""amazon"": ""private""}",False,False,False,False,"step 5 (SOA), "
kwsp.gov.my,cloudflare,"{""cloudflare"": ""third""}",True,True,False,False,"step 6, "
kxcdn.com,keycdn|amazon,"{""keycdn"": ""private"", ""amazon"": ""private""}",False,False,True,False,"step 2, step 5 (SOA), "
kxmp.cf,cloudflare,"{""cloudflare"": ""third""}",True,True,False,False,"step 5 (SOA), "
kytira.cc,cloudflare,"{""cloudflare"": ""third""}",True,True,False,False,"step 5 (SOA), "
l-agent.me,amazon,"{""amazon"": ""third""}",True,True,False,False,"step 5 (SOA), "
l-cdn.com,amazon,"{""amazon"": ""third""}",True,True,False,False,"step 5 (SOA), "
l-err.biz,amazon,"{""amazon"": ""third""}",True,True,False,False,"step 5 (SOA), "
l1wt.com,cloudflare,"{""cloudflare"": ""third""}",True,True,False,False,"step 5 (SOA), "
labadena.com,amazon,"{""amazon"": ""third""}",True,True,False,False,"step 5 (SOA), "
labs.google,google,"{""google"": ""private""}",False,False,False,False,"step 1, "
lacrossetechnology.com,amazon|shopify,"{""amazon"": ""third"", ""shopify"": ""third""}",True,False,True,True,"step 5 (SOA), step 6, "
lacunads.com,amazon,"{""amazon"": ""third""}",True,True,False,False,"step 5 (SOA), "
ladesk.com,amazon,"{""amazon"": ""third""}",True,True,False,False,"step 5 (SOA), "
ladsp.com,amazon,"{""amazon"": ""third""}",True,True,False,False,"step 5 (SOA), "
lalamove.com,amazon,"{""amazon"": ""third""}",True,True,False,False,"step 5 (SOA), "
languagetool.org,cloudflare,"{""cloudflare"": ""third""}",True,True,False,False,"step 5 (SOA), "
languagetoolplus.com,cloudflare,"{""cloudflare"": ""third""}",True,True,False,False,"step 5 (SOA), "
lansweeper.com,cloudflare,"{""cloudflare"": ""third""}",True,True,False,False,"step 5 (SOA), "
larksuite.com,akamai,"{""akamai"": ""third""}",True,True,False,False,"step 6, "
last.fm,fastly,"{""fastly"": ""third""}",True,True,False,False,"step 6, "
lastpass.com,akamai,"{""akamai"": ""third""}",True,True,False,False,"step 6, "
lastwar.com,alibaba,"{""alibaba"": ""third""}",True,True,False,False,"step 6, "
lastwarapp.net,cloudflare,"{""cloudflare"": ""third""}",True,True,False,False,"step 5 (SOA), "
latamairlines.com,cloudflare|akamai,"{""cloudflare"": ""third"", ""akamai"": ""third""}",True,False,True,True,"step 5 (SOA), step 6, "
launchdarkly.com,amazon|nextjs,"{""amazon"": ""third"", ""nextjs"": ""third""}",True,False,True,True,"step 5 (SOA), step 7, "
laztys.tech,amazon,"{""amazon"": ""third""}",True,True,False,False,"step 5 (SOA), "
lazybumblebee.com,cloudflare,"{""cloudflare"": ""third""}",True,True,False,False,"step 5 (SOA), "
lbank.com,amazon|cloudflare,"{""amazon"": ""third"", ""cloudflare"": ""third""}",True,False,True,True,"step 5 (SOA), step 6, "
lbkrs.com,alibaba,"{""alibaba"": ""private""}",False,False,False,False,"step 6, "
lbsg.net,amazon|cloudflare,"{""amazon"": ""third"", ""cloudflare"": ""third""}",True,False,True,True,"step 5 (SOA), step 6, "
ldplayer.net,akamai,"{""akamai"": ""private""}",False,False,False,False,"step 6, "
ldpskeotj.com,gcore,"{""gcore"": ""third""}",True,True,False,False,"step 5 (SOA), "
le1twed.com,cloudflare,"{""cloudflare"": ""third""}",True,True,False,False,"step 5 (SOA), "
leadconnectorhq.com,cloudflare,"{""cloudflare"": ""third""}",True,True,False,False,"step 5 (SOA), "
leadinfo.net,amazon,"{""amazon"": ""third""}",True,True,False,False,"step 5 (SOA), "
leagueofgraphs.com,cloudflare,"{""cloudflare"": ""third""}",True,True,False,False,"step 5 (SOA), "
leagueoflegends.com,amazon,"{""amazon"": ""third""}",True,True,False,False,"step 5 (SOA), "
leapevents.com,amazon|cloudflare,"{""amazon"": ""third"", ""cloudflare"": ""third""}",True,False,True,True,"step 5 (SOA), step 6, "
learnings.ai,amazon,"{""amazon"": ""third""}",True,True,False,False,"step 5 (SOA), "
leboncoin.fr,amazon,"{""amazon"": ""third""}",True,True,False,False,"step 5 (SOA), "
ledger.com,cloudflare,"{""cloudflare"": ""third""}",True,True,False,False,"step 5 (SOA), "
lefigaro.fr,akamai,"{""akamai"": ""third""}",True,True,False,False,"step 6, "
legacy.com,cloudflare,"{""cloudflare"": ""third""}",True,True,False,False,"step 6, "
lego.com,cloudflare,"{""cloudflare"": ""third""}",True,True,False,False,"step 5 (SOA), "
leiniao.com,akamai,"{""akamai"": ""third""}",True,True,False,False,"step 6, "
lemmy.world,cloudflare,"{""cloudflare"": ""third""}",True,True,False,False,"step 5 (SOA), "
lemon8-app.com,akamai,"{""akamai"": ""third""}",True,True,False,False,"step 6, "
lemonde.fr,google|fastly,"{""google"": ""third"", ""fastly"": ""third""}",True,False,True,True,"step 5 (SOA), step 6, "
lemonpi.io,amazon,"{""amazon"": ""third""}",True,True,False,False,"step 5 (SOA), "
lencr.org,cloudflare|netlify,"{""cloudflare"": ""third"", ""netlify"": ""third""}",True,False,True,True,"step 5 (SOA), step 6, "
lenovo.com,akamai,"{""akamai"": ""third""}",True,True,False,False,"step 6, "
lenovo.com.cn,wangsu|akamai,"{""wangsu"": ""third"", ""akamai"": ""third""}",True,False,True,True,"step 6, step 7, "
lenta.tech,cloudflare,"{""cloudflare"": ""third""}",True,True,False,False,"step 5 (SOA), "
lequipe.fr,akamai,"{""akamai"": ""private""}",False,False,False,False,"step 6, "
leroymerlin.com.br,cloudflare,"{""cloudflare"": ""third""}",True,True,False,False,"step 5 (SOA), "
leroymerlin.fr,fastly,"{""fastly"": ""third""}",True,True,False,False,"step 6, "
lesoir.be,akamai,"{""akamai"": ""third""}",True,True,False,False,"step 6, "
letsencrypt.org,cloudflare|netlify,"{""cloudflare"": ""third"", ""netlify"": ""third""}",True,False,True,True,"step 5 (SOA), step 6, "
letterboxd.com,cloudflare,"{""cloudflare"": ""third""}",True,True,False,False,"step 5 (SOA), "
letyshops.com,amazon,"{""amazon"": ""third""}",True,True,False,False,"step 5 (SOA), "
leuchtstark.de,cloudflare,"{""cloudflare"": ""third""}",True,True,False,False,"step 5 (SOA), "
levect.com,alibaba,"{""alibaba"": ""third""}",True,True,False,False,"step 6, "
lever.co,amazon,"{""amazon"": ""third""}",True,True,False,False,"step 5 (SOA), "
lexisnexis.com,amazon,"{""amazon"": ""third""}",True,True,False,False,"step 6, "
lfeeder.com,amazon,"{""amazon"": ""third""}",True,True,False,False,"step 5 (SOA), "
lg.com,akamai,"{""akamai"": ""third""}",True,True,False,False,"step 6, "
lgbusinesscloud.com,amazon,"{""amazon"": ""third""}",True,True,False,False,"step 5 (SOA), "
lgrckt-in.com,cloudflare,"{""cloudflare"": ""private""}",False,False,False,False,"step 5 (SOA), "
lgtvcommon.com,amazon,"{""amazon"": ""third""}",True,True,False,False,"step 5 (SOA), "
liangxin1.xyz,cloudflare,"{""cloudflare"": ""third""}",True,True,False,False,"step 5 (SOA), "
libbyapp.com,amazon,"{""amazon"": ""private""}",False,False,False,False,"step 5 (SOA), "
libbyshelf.com,amazon,"{""amazon"": ""private""}",False,False,False,False,"step 5 (SOA), "
libero.it,amazon,"{""amazon"": ""third""}",True,True,False,False,"step 6, "
libp2p.direct,amazon,"{""amazon"": ""third""}",True,True,False,False,"step 5 (SOA), "
library.link,amazon,"{""amazon"": ""private""}",False,False,False,False,"step 5 (SOA), "
librarything.com,cloudflare,"{""cloudflare"": ""third""}",True,True,False,False,"step 5 (SOA), "
libreview.io,cloudflare,"{""cloudflare"": ""third""}",True,True,False,False,"step 5 (SOA), "
libria.fun,cloudflare,"{""cloudflare"": ""third""}",True,True,False,False,"step 5 (SOA), "
libsyn.com,cloudflare,"{""cloudflare"": ""third""}",True,True,False,False,"step 7, "
licdn.com,linkedin,"{""linkedin"": ""private""}",False,False,False,False,"step 2, "
licensingstack.com,amazon,"{""amazon"": ""third""}",True,True,False,False,"step 5 (SOA), "
lichess.org,cloudflare,"{""cloudflare"": ""private""}",False,False,False,False,"step 5 (SOA), "
lidlplus.com,akamai,"{""akamai"": ""third""}",True,True,False,False,"step 6, "
life360.com,amazon|cloudflare,"{""amazon"": ""private"", ""cloudflare"": ""private""}",False,False,True,False,"step 5 (SOA), step 6, "
lifeaiot.com,amazon,"{""amazon"": ""third""}",True,True,False,False,"step 5 (SOA), "
lifelock.com,akamai,"{""akamai"": ""third""}",True,True,False,False,"step 6, "
lifesizecloud.com,amazon,"{""amazon"": ""private""}",False,False,False,False,"step 5 (SOA), "
liftdsp.com,cloudflare,"{""cloudflare"": ""third""}",True,True,False,False,"step 5 (SOA), "
liftoff-creatives.io,amazon,"{""amazon"": ""third""}",True,True,False,False,"step 5 (SOA), "
liftoff.io,amazon|cloudflare,"{""amazon"": ""private"", ""cloudflare"": ""private""}",False,False,True,False,"step 5 (SOA), step 7, "
liftyad.xyz,amazon,"{""amazon"": ""third""}",True,True,False,False,"step 5 (SOA), "
lightboxcdn.com,cloudflare,"{""cloudflare"": ""third""}",True,True,False,False,"step 5 (SOA), "
lightspeed.app,cloudflare,"{""cloudflare"": ""third""}",True,True,False,False,"step 5 (SOA), "
lijit.com,twitter|amazon,"{""twitter"": ""private"", ""amazon"": ""private""}",False,False,True,False,"step 6, step 7, "
like.video,amazon,"{""amazon"": ""private""}",False,False,False,False,"step 5 (SOA), "
likee.com,amazon,"{""amazon"": ""third""}",True,True,False,False,"step 5 (SOA), "
likee.video,amazon,"{""amazon"": ""third""}",True,True,False,False,"step 5 (SOA), "
likr.tw,cloudflare,"{""cloudflare"": ""third""}",True,True,False,False,"step 5 (SOA), "
lilith.com,alibaba,"{""alibaba"": ""third""}",True,True,False,False,"step 6, "
limetorrents.fun,cloudflare,"{""cloudflare"": ""third""}",True,True,False,False,"step 5 (SOA), "
line-scdn.net,line,"{""line"": ""private""}",False,False,False,False,"step 2, "
line.me,amazon,"{""amazon"": ""third""}",True,True,False,False,"step 6, "
linear.app,cloudflare,"{""cloudflare"": ""third""}",True,True,False,False,"step 5 (SOA), "
linewize.net,amazon,"{""amazon"": ""third""}",True,True,False,False,"step 5 (SOA), "
link.me,cloudflare,"{""cloudflare"": ""third""}",True,True,False,False,"step 5 (SOA), "
linke.ai,amazon|alibaba,"{""amazon"": ""third"", ""alibaba"": ""third""}",True,False,True,True,"step 5 (SOA), step 6, "
linkedin.com,cloudflare,"{""cloudflare"": ""private""}",False,False,False,False,"step 6, "
linkfire.com,amazon,"{""amazon"": ""third""}",True,True,False,False,"step 5 (SOA), "
linkme.global,cloudflare,"{""cloudflare"": ""third""}",True,True,False,False,"step 5 (SOA), "
linkplay.com,amazon,"{""amazon"": ""third""}",True,True,False,False,"step 5 (SOA), "
linksys.com,cloudflare,"{""cloudflare"": ""third""}",True,True,False,False,"step 5 (SOA), "
linksyssmartwifi.com,amazon,"{""amazon"": ""third""}",True,True,False,False,"step 5 (SOA), "
linktr.ee,amazon|fastly,"{""amazon"": ""third"", ""fastly"": ""third""}",True,False,True,True,"step 5 (SOA), step 6, "
linkvertise.com,cloudflare,"{""cloudflare"": ""third""}",True,True,False,False,"step 5 (SOA), "
linode.com,akamai,"{""akamai"": ""third""}",True,True,False,False,"step 6, "
linux.do,cloudflare,"{""cloudflare"": ""third""}",True,True,False,False,"step 5 (SOA), "
listdl.com,amazon,"{""amazon"": ""third""}",True,True,False,False,"step 5 (SOA), "
listrakbi.com,amazon|cloudflare,"{""amazon"": ""third"", ""cloudflare"": ""third""}",True,False,True,True,"step 5 (SOA), step 6, "
litespeedtech.com,cloudflare,"{""cloudflare"": ""third""}",True,True,False,False,"step 5 (SOA), "
litix.io,amazon,"{""amazon"": ""private""}",False,False,False,False,"step 5 (SOA), "
littlepinepark.com,amazon,"{""amazon"": ""third""}",True,True,False,False,"step 5 (SOA), "
live-video.net,microsoft|amazon,"{""microsoft"": ""private"", ""amazon"": ""third""}",True,False,True,False,"step 3, step 5 (SOA), "
live.com,microsoft,"{""microsoft"": ""private""}",False,False,False,False,"step 3, "
live.net,microsoft,"{""microsoft"": ""private""}",False,False,False,False,"step 3, "
liveauctioneers.com,microsoft|amazon|imperva,"{""microsoft"": ""private"", ""amazon"": ""third"", ""imperva"": ""third""}",True,False,True,True,"step 3, step 5 (SOA), step 6, "
livechatinc.com,microsoft|cloudflare|akamai,"{""microsoft"": ""private"", ""cloudflare"": ""third"", ""akamai"": ""third""}",True,False,True,True,"step 3, step 5 (SOA), step 6, "
liveintent.com,microsoft|amazon|cloudflare,"{""microsoft"": ""private"", ""amazon"": ""third"", ""cloudflare"": ""third""}",True,False,True,True,"step 3, step 5 (SOA), step 7, "
livejasmin.com,microsoft,"{""microsoft"": ""private""}",False,False,False,False,"step 3, "
livejournal.com,microsoft,"{""microsoft"": ""private""}",False,False,False,False,"step 3, "
livejournal.net,microsoft,"{""microsoft"": ""private""}",False,False,False,False,"step 3, "
livekit.cloud,microsoft|amazon,"{""microsoft"": ""private"", ""amazon"": ""third""}",True,False,True,False,"step 3, step 5 (SOA), "
livemediahost.com,microsoft|cloudflare|twitter,"{""microsoft"": ""private"", ""cloudflare"": ""private"", ""twitter"": ""private""}",False,False,True,False,"step 3, step 5 (SOA), step 6, "
liveperson.net,microsoft,"{""microsoft"": ""private""}",False,False,False,False,"step 3, "
liveramp.com,microsoft|amazon|cloudflare,"{""microsoft"": ""private"", ""amazon"": ""third"", ""cloudflare"": ""third""}",True,False,True,True,"step 3, step 5 (SOA), step 7, "
liverpool.com.mx,microsoft|akamai,"{""microsoft"": ""private"", ""akamai"": ""third""}",True,False,True,False,"step 3, step 6, "
livescore.com,microsoft|google,"{""microsoft"": ""private"", ""google"": ""third""}",True,False,True,False,"step 3, step 5 (SOA), "
livesport.services,microsoft,"{""microsoft"": ""private""}",False,False,False,False,"step 3, "
livesportmedia.eu,microsoft,"{""microsoft"": ""private""}",False,False,False,False,"step 3, "
livetex.ru,microsoft,"{""microsoft"": ""private""}",False,False,False,False,"step 3, "
liveworksheets.com,microsoft|cloudflare,"{""microsoft"": ""private"", ""cloudflare"": ""third""}",True,False,True,False,"step 3, step 5 (SOA), "
lkdgdcg1.com,cloudflare,"{""cloudflare"": ""third""}",True,True,False,False,"step 5 (SOA), "
llamarpc.com,cloudflare,"{""cloudflare"": ""third""}",True,True,False,False,"step 5 (SOA), "
llvpn.com,cloudflare,"{""cloudflare"": ""third""}",True,True,False,False,"step 5 (SOA), "
lmstudio.ai,cloudflare,"{""cloudflare"": ""third""}",True,True,False,False,"step 5 (SOA), "
ln-msedge.net,microsoft,"{""microsoft"": ""private""}",False,False,False,False,"step 3, "
lngtd.com,amazon,"{""amazon"": ""third""}",True,True,False,False,"step 5 (SOA), "
loadbee.com,amazon,"{""amazon"": ""third""}",True,True,False,False,"step 5 (SOA), "
loc.gov,cloudflare,"{""cloudflare"": ""third""}",True,True,False,False,"step 5 (SOA), "
locale.online,cloudflare,"{""cloudflare"": ""third""}",True,True,False,False,"step 5 (SOA), "
localnowapi.com,amazon,"{""amazon"": ""third""}",True,True,False,False,"step 5 (SOA), "
localytics.com,amazon|nextjs,"{""amazon"": ""third"", ""nextjs"": ""third""}",True,False,True,True,"step 5 (SOA), step 7, "
locaweb.com.br,akamai,"{""akamai"": ""third""}",True,True,False,False,"step 6, "
locketcamera.com,google,"{""google"": ""third""}",True,True,False,False,"step 5 (SOA), "
lockly.com,shopify,"{""shopify"": ""third""}",True,True,False,False,"step 6, "
logbase.io,amazon,"{""amazon"": ""third""}",True,True,False,False,"step 5 (SOA), "
logdna.com,amazon,"{""amazon"": ""third""}",True,True,False,False,"step 5 (SOA), "
logentries.com,amazon,"{""amazon"": ""third""}",True,True,False,False,"step 5 (SOA), "
loggi.com,amazon|cloudflare,"{""amazon"": ""third"", ""cloudflare"": ""third""}",True,False,True,True,"step 5 (SOA), step 6, "
loggly.com,amazon|akamai,"{""amazon"": ""third"", ""akamai"": ""third""}",True,False,True,True,"step 5 (SOA), step 6, "
logi.com,amazon,"{""amazon"": ""third""}",True,True,False,False,"step 6, "
logicmonitor.com,amazon,"{""amazon"": ""third""}",True,True,False,False,"step 5 (SOA), "
logicnow.us,amazon,"{""amazon"": ""third""}",True,True,False,False,"step 5 (SOA), "
logitech.com,amazon,"{""amazon"": ""third""}",True,True,False,False,"step 6, "
logitech.io,amazon,"{""amazon"": ""third""}",True,True,False,False,"step 5 (SOA), "
logitechg.com,amazon,"{""amazon"": ""third""}",True,True,False,False,"step 6, "
logly.co.jp,amazon,"{""amazon"": ""third""}",True,True,False,False,"step 5 (SOA), "
logmein.com,akamai,"{""akamai"": ""third""}",True,True,False,False,"step 6, "
logmeininc.com,amazon,"{""amazon"": ""third""}",True,True,False,False,"step 5 (SOA), "
logos.com,amazon,"{""amazon"": ""private""}",False,False,False,False,"step 5 (SOA), "
logr-in.com,cloudflare,"{""cloudflare"": ""private""}",False,False,False,False,"step 5 (SOA), "
logr-ingest.com,cloudflare|twitter,"{""cloudflare"": ""private"", ""twitter"": ""private""}",False,False,True,False,"step 5 (SOA), step 6, "
logsanalytics.net,amazon|google,"{""amazon"": ""third"", ""google"": ""third""}",True,False,True,True,"step 5 (SOA), step 6, "
lokalise.co,amazon,"{""amazon"": ""third""}",True,True,False,False,"step 5 (SOA), "
lokalise.com,amazon,"{""amazon"": ""third""}",True,True,False,False,"step 5 (SOA), "
lolesports.com,amazon,"{""amazon"": ""third""}",True,True,False,False,"step 5 (SOA), "
loli.net,cloudflare,"{""cloudflare"": ""third""}",True,True,False,False,"step 6, "
loo3laej.com,cloudflare,"{""cloudflare"": ""third""}",True,True,False,False,"step 5 (SOA), "
looker.com,amazon,"{""amazon"": ""third""}",True,True,False,False,"step 5 (SOA), "
lookout-life.com,amazon,"{""amazon"": ""third""}",True,True,False,False,"step 5 (SOA), "
lookout.com,amazon,"{""amazon"": ""third""}",True,True,False,False,"step 5 (SOA), "
loom.com,amazon,"{""amazon"": ""third""}",True,True,False,False,"step 5 (SOA), "
loomgames.com,cloudflare,"{""cloudflare"": ""third""}",True,True,False,False,"step 5 (SOA), "
loopme.me,google,"{""google"": ""third""}",True,True,False,False,"step 5 (SOA), "
loopmertb.com,google,"{""google"": ""third""}",True,True,False,False,"step 5 (SOA), "
loox.io,cloudflare,"{""cloudflare"": ""third""}",True,True,False,False,"step 5 (SOA), "
loudecho.ai,cloudflare,"{""cloudflare"": ""third""}",True,True,False,False,"step 5 (SOA), "
louisvuitton.com,akamai,"{""akamai"": ""third""}",True,True,False,False,"step 6, "
lovable.app,cloudflare,"{""cloudflare"": ""third""}",True,True,False,False,"step 5 (SOA), "
lovable.dev,cloudflare,"{""cloudflare"": ""third""}",True,True,False,False,"step 5 (SOA), "
lovart.ai,cloudflare,"{""cloudflare"": ""third""}",True,True,False,False,"step 6, "
lovense-api.com,cloudflare,"{""cloudflare"": ""third""}",True,True,False,False,"step 5 (SOA), "
lovescape.com,cloudflare,"{""cloudflare"": ""third""}",True,True,False,False,"step 5 (SOA), "
lovetrue.co.uk,cloudflare,"{""cloudflare"": ""third""}",True,True,False,False,"step 5 (SOA), "
lowes.com,akamai,"{""akamai"": ""third""}",True,True,False,False,"step 6, "
lowescdn.com,akamai,"{""akamai"": ""third""}",True,True,False,False,"step 6, "
lowlaglabs.io,amazon,"{""amazon"": ""third""}",True,True,False,False,"step 5 (SOA), "
lowyat.net,cloudflare,"{""cloudflare"": ""third""}",True,True,False,False,"step 5 (SOA), "
loxonecloud.com,amazon,"{""amazon"": ""third""}",True,True,False,False,"step 5 (SOA), "
loyaltylion.net,amazon,"{""amazon"": ""third""}",True,True,False,False,"step 5 (SOA), "
lpomxfbjs.com,gcore,"{""gcore"": ""third""}",True,True,False,False,"step 5 (SOA), "
lporirxe.com,cloudflare,"{""cloudflare"": ""third""}",True,True,False,False,"step 5 (SOA), "
lrclib.net,cloudflare,"{""cloudflare"": ""third""}",True,True,False,False,"step 5 (SOA), "
lrkt-in.com,cloudflare,"{""cloudflare"": ""private""}",False,False,False,False,"step 5 (SOA), "
lscr.io,cloudflare,"{""cloudflare"": ""third""}",True,True,False,False,"step 5 (SOA), "
lsdwedsfsc.site,gcore,"{""gcore"": ""third""}",True,True,False,False,"step 5 (SOA), "
lsfilter.com,amazon,"{""amazon"": ""third""}",True,True,False,False,"step 5 (SOA), "
lsmedia1.com,google,"{""google"": ""third""}",True,True,False,False,"step 5 (SOA), "
lswf.net,amazon,"{""amazon"": ""third""}",True,True,False,False,"step 5 (SOA), "
ltguevmavv.com,amazon,"{""amazon"": ""third""}",True,True,False,False,"step 5 (SOA), "
ltmsphrcl.net,amazon,"{""amazon"": ""third""}",True,True,False,False,"step 5 (SOA), "
ltwebstatic.com,amazon,"{""amazon"": ""third""}",True,True,False,False,"step 5 (SOA), "
luarmor.net,cloudflare,"{""cloudflare"": ""third""}",True,True,False,False,"step 5 (SOA), "
lucid.app,akamai,"{""akamai"": ""third""}",True,True,False,False,"step 6, "
lucidhq.cloud,amazon,"{""amazon"": ""third""}",True,True,False,False,"step 5 (SOA), "
luckyorange.com,cloudflare,"{""cloudflare"": ""third""}",True,True,False,False,"step 5 (SOA), "
ludwig.guru,cloudflare,"{""cloudflare"": ""third""}",True,True,False,False,"step 5 (SOA), "
luigisbox.com,amazon,"{""amazon"": ""third""}",True,True,False,False,"step 5 (SOA), "
luigisbox.tech,amazon,"{""amazon"": ""third""}",True,True,False,False,"step 5 (SOA), "
lululemon.com,akamai,"{""akamai"": ""third""}",True,True,False,False,"step 6, "
lum-sdk.io,amazon,"{""amazon"": ""third""}",True,True,False,False,"step 5 (SOA), "
lumtest.com,amazon|twitter,"{""amazon"": ""private"", ""twitter"": ""private""}",False,False,True,False,"step 5 (SOA), step 6, "
lunalabs.io,cloudflare,"{""cloudflare"": ""third""}",True,True,False,False,"step 5 (SOA), "
lunamedia.live,microsoft|cloudflare,"{""microsoft"": ""private"", ""cloudflare"": ""third""}",True,False,True,False,"step 3, step 5 (SOA), "
lunarclient.com,cloudflare,"{""cloudflare"": ""third""}",True,True,False,False,"step 5 (SOA), "
lunarclientprod.com,cloudflare,"{""cloudflare"": ""third""}",True,True,False,False,"step 5 (SOA), "
lura.live,microsoft|cloudflare,"{""microsoft"": ""private"", ""cloudflare"": ""private""}",False,False,True,False,"step 3, step 5 (SOA), "
luxcdn.com,amazon,"{""amazon"": ""third""}",True,True,False,False,"step 5 (SOA), "
luxedecor.com,cloudflare,"{""cloudflare"": ""third""}",True,True,False,False,"step 5 (SOA), "
lww.com,amazon|cloudflare,"{""amazon"": ""third"", ""cloudflare"": ""third""}",True,False,True,True,"step 5 (SOA), step 6, "
lxdns.com,wangsu,"{""wangsu"": ""private""}",False,False,False,False,"step 2, "
lyft.com,amazon,"{""amazon"": ""third""}",True,True,False,False,"step 5 (SOA), "
lync.com,microsoft,"{""microsoft"": ""third""}",True,True,False,False,"step 5 (SOA), "
lyst.com,amazon|cloudflare,"{""amazon"": ""third"", ""cloudflare"": ""third""}",True,False,True,True,"step 5 (SOA), step 6, "
lytics.io,cloudflare,"{""cloudflare"": ""third""}",True,True,False,False,"step 5 (SOA), "
m2catalyst.com,amazon,"{""amazon"": ""third""}",True,True,False,False,"step 6, "
ma-tag.com,google,"{""google"": ""third""}",True,True,False,False,"step 5 (SOA), "
macrium.com,cloudflare,"{""cloudflare"": ""third""}",True,True,False,False,"step 5 (SOA), "
macroaxis.com,amazon,"{""amazon"": ""private""}",False,False,False,False,"step 5 (SOA), "
macromedia.com,akamai,"{""akamai"": ""third""}",True,True,False,False,"step 6, "
macrumors.com,cloudflare,"{""cloudflare"": ""third""}",True,True,False,False,"step 5 (SOA), "
macys.com,akamai,"{""akamai"": ""third""}",True,True,False,False,"step 6, "
macysassets.com,microsoft|akamai,"{""microsoft"": ""third"", ""akamai"": ""third""}",True,False,True,True,"step 5 (SOA), step 6, "
made-in-china.com,amazon|cloudflare,"{""amazon"": ""third"", ""cloudflare"": ""third""}",True,False,True,True,"step 5 (SOA), step 6, "
maersk.com,akamai,"{""akamai"": ""third""}",True,True,False,False,"step 6, "
magazineluiza.com.br,amazon|akamai,"{""amazon"": ""third"", ""akamai"": ""third""}",True,False,True,True,"step 5 (SOA), step 6, "
magnacom.net,cloudflare,"{""cloudflare"": ""third""}",True,True,False,False,"step 5 (SOA), "
magnite.com,amazon|fastly,"{""amazon"": ""third"", ""fastly"": ""third""}",True,False,True,True,"step 5 (SOA), step 6, "
mail-archive.com,cloudflare,"{""cloudflare"": ""third""}",True,True,False,False,"step 5 (SOA), "
mail.tm,cloudflare,"{""cloudflare"": ""third""}",True,True,False,False,"step 5 (SOA), "
mailchimp.com,akamai,"{""akamai"": ""third""}",True,True,False,False,"step 6, "
mailerlite.com,cloudflare,"{""cloudflare"": ""third""}",True,True,False,False,"step 5 (SOA), "
mailgun.net,amazon,"{""amazon"": ""private""}",False,False,False,False,"step 5 (SOA), "
mailgun.org,amazon,"{""amazon"": ""third""}",True,True,False,False,"step 5 (SOA), "
mailspike.net,amazon,"{""amazon"": ""third""}",True,True,False,False,"step 6, "
mainadv.com,cloudflare,"{""cloudflare"": ""third""}",True,True,False,False,"step 5 (SOA), "
mainroll.com,amazon,"{""amazon"": ""third""}",True,True,False,False,"step 5 (SOA), "
maissbt.com,amazon,"{""amazon"": ""third""}",True,True,False,False,"step 5 (SOA), "
make.com,amazon,"{""amazon"": ""third""}",True,True,False,False,"step 5 (SOA), "
makemytrip.com,akamai,"{""akamai"": ""third""}",True,True,False,False,"step 6, "
makerworld.com,cloudflare,"{""cloudflare"": ""third""}",True,True,False,False,"step 5 (SOA), "
malwarebytes.com,amazon,"{""amazon"": ""third""}",True,True,False,False,"step 5 (SOA), "
managed-protection.com,amazon,"{""amazon"": ""third""}",True,True,False,False,"step 5 (SOA), "
mandrillapp.com,amazon|akamai,"{""amazon"": ""third"", ""akamai"": ""third""}",True,False,True,True,"step 5 (SOA), step 6, "
mangago.me,cloudflare,"{""cloudflare"": ""third""}",True,True,False,False,"step 5 (SOA), "
mangapicgallery.com,cloudflare,"{""cloudflare"": ""third""}",True,True,False,False,"step 5 (SOA), "
mango.com,amazon|akamai,"{""amazon"": ""third"", ""akamai"": ""third""}",True,False,True,True,"step 5 (SOA), step 6, "
mangomob.net,alibaba,"{""alibaba"": ""third""}",True,True,False,False,"step 6, "
mantis-intelligence.com,amazon,"{""amazon"": ""private""}",False,False,False,False,"step 5 (SOA), "
manuals.plus,cloudflare,"{""cloudflare"": ""third""}",True,True,False,False,"step 5 (SOA), "
manualslib.com,cloudflare,"{""cloudflare"": ""third""}",True,True,False,False,"step 5 (SOA), "
manus.im,amazon,"{""amazon"": ""third""}",True,True,False,False,"step 5 (SOA), "
manyvids.com,amazon,"{""amazon"": ""third""}",True,True,False,False,"step 5 (SOA), "
mapbox.com,amazon|fastly,"{""amazon"": ""third"", ""fastly"": ""third""}",True,False,True,True,"step 5 (SOA), step 6, "
mapq.st,amazon,"{""amazon"": ""third""}",True,True,False,False,"step 5 (SOA), "
mapquest.com,amazon,"{""amazon"": ""third""}",True,True,False,False,"step 5 (SOA), "
maptiler.com,cloudflare,"{""cloudflare"": ""third""}",True,True,False,False,"step 5 (SOA), "
maptons.com,cloudflare,"{""cloudflare"": ""third""}",True,True,False,False,"step 5 (SOA), "
marathonbet.com,cloudflare,"{""cloudflare"": ""third""}",True,True,False,False,"step 5 (SOA), "
marca.com,microsoft|fastly,"{""microsoft"": ""third"", ""fastly"": ""third""}",True,False,True,True,"step 5 (SOA), step 6, "
marinetraffic.com,cloudflare,"{""cloudflare"": ""third""}",True,True,False,False,"step 5 (SOA), "
markbroumand.com,shopify,"{""shopify"": ""third""}",True,True,False,False,"step 6, "
marker.io,cloudflare,"{""cloudflare"": ""third""}",True,True,False,False,"step 5 (SOA), "
marketiq.com,amazon|google,"{""amazon"": ""private"", ""google"": ""private""}",False,False,True,False,"step 5 (SOA), step 7, "
marketscreener.com,akamai,"{""akamai"": ""third""}",True,True,False,False,"step 6, "
marketwatch.com,amazon,"{""amazon"": ""third""}",True,True,False,False,"step 5 (SOA), "
marktplaats.nl,amazon,"{""amazon"": ""third""}",True,True,False,False,"step 5 (SOA), "
marphezis.com,amazon,"{""amazon"": ""private""}",False,False,False,False,"step 5 (SOA), "
marriott.com,akamai,"{""akamai"": ""third""}",True,True,False,False,"step 6, "
marzaent.com,cloudflare,"{""cloudflare"": ""third""}",True,True,False,False,"step 5 (SOA), "
mastercard.com,akamai,"{""akamai"": ""third""}",True,True,False,False,"step 6, "
mastodon.social,fastly,"{""fastly"": ""third""}",True,True,False,False,"step 6, "
match.com,cloudflare,"{""cloudflare"": ""third""}",True,True,False,False,"step 5 (SOA), "
matheranalytics.com,google,"{""google"": ""third""}",True,True,False,False,"step 5 (SOA), "
mathtag.com,amazon,"{""amazon"": ""third""}",True,True,False,False,"step 5 (SOA), "
mathworks.com,amazon|akamai,"{""amazon"": ""third"", ""akamai"": ""third""}",True,False,True,True,"step 5 (SOA), step 6, "
maticooads.com,amazon,"{""amazon"": ""private""}",False,False,False,False,"step 5 (SOA), "
matomo.cloud,amazon,"{""amazon"": ""third""}",True,True,False,False,"step 5 (SOA), "
matrix.org,cloudflare,"{""cloudflare"": ""third""}",True,True,False,False,"step 5 (SOA), "
mattel163.com,amazon,"{""amazon"": ""third""}",True,True,False,False,"step 5 (SOA), "
matterport.com,amazon|cloudflare,"{""amazon"": ""third"", ""cloudflare"": ""third""}",True,False,True,True,"step 5 (SOA), step 6, "
maven.org,amazon,"{""amazon"": ""third""}",True,True,False,False,"step 5 (SOA), "
mavrtracktor.com,cloudflare,"{""cloudflare"": ""third""}",True,True,False,False,"step 5 (SOA), "
max.com,amazon|akamai,"{""amazon"": ""third"", ""akamai"": ""third""}",True,False,True,True,"step 5 (SOA), step 6, "
maxesads.com,amazon,"{""amazon"": ""third""}",True,True,False,False,"step 5 (SOA), "
maxhost.io,cloudflare,"{""cloudflare"": ""third""}",True,True,False,False,"step 5 (SOA), "
maxmind.com,cloudflare,"{""cloudflare"": ""third""}",True,True,False,False,"step 5 (SOA), "
maxon.net,cloudflare,"{""cloudflare"": ""third""}",True,True,False,False,"step 5 (SOA), "
maxpreps.com,fastly,"{""fastly"": ""third""}",True,True,False,False,"step 6, "
maxxxcdn.com,cloudflare,"{""cloudflare"": ""private""}",False,False,False,False,"step 5 (SOA), "
mayips.com,cloudflare,"{""cloudflare"": ""third""}",True,True,False,False,"step 5 (SOA), "
mayoclinic.org,akamai,"{""akamai"": ""third""}",True,True,False,False,"step 6, "
mayzaent.com,cloudflare,"{""cloudflare"": ""third""}",True,True,False,False,"step 5 (SOA), "
maze.co,amazon,"{""amazon"": ""third""}",True,True,False,False,"step 5 (SOA), "
mb-cdn.com,amazon,"{""amazon"": ""third""}",True,True,False,False,"step 5 (SOA), "
mbga.jp,amazon|akamai,"{""amazon"": ""third"", ""akamai"": ""third""}",True,False,True,True,"step 5 (SOA), step 6, "
mcafee.com,akamai,"{""akamai"": ""private""}",False,False,False,False,"step 6, "
mcas.ms,microsoft,"{""microsoft"": ""third""}",True,True,False,False,"step 5 (SOA), "
mcmaster.com,akamai,"{""akamai"": ""third""}",True,True,False,False,"step 6, "
mcr-msedge.net,microsoft,"{""microsoft"": ""private""}",False,False,False,False,"step 3, "
mcusercontent.com,google,"{""google"": ""third""}",True,True,False,False,"step 5 (SOA), "
mczbf.com,amazon,"{""amazon"": ""third""}",True,True,False,False,"step 5 (SOA), "
mdhv.io,google,"{""google"": ""third""}",True,True,False,False,"step 5 (SOA), "
mdpi-res.com,cloudflare,"{""cloudflare"": ""third""}",True,True,False,False,"step 5 (SOA), "
mdpi.com,cloudflare|akamai,"{""cloudflare"": ""third"", ""akamai"": ""third""}",True,False,True,True,"step 5 (SOA), step 6, "
mdstrm.com,amazon,"{""amazon"": ""private""}",False,False,False,False,"step 5 (SOA), "
me.com,apple,"{""apple"": ""third""}",True,True,False,False,"step 5 (SOA), "
mearicloud.com,apple,"{""apple"": ""private""}",False,False,False,False,"step 3, "
measurementlab.net,google,"{""google"": ""third""}",True,True,False,False,"step 5 (SOA), "
meater.com,amazon|nextjs,"{""amazon"": ""third"", ""nextjs"": ""third""}",True,False,True,True,"step 5 (SOA), step 7, "
medal.tv,cloudflare,"{""cloudflare"": ""third""}",True,True,False,False,"step 5 (SOA), "
medallia.com,amazon,"{""amazon"": ""third""}",True,True,False,False,"step 5 (SOA), "
medallia.eu,amazon,"{""amazon"": ""third""}",True,True,False,False,"step 5 (SOA), "
media-amazon.com,amazon,"{""amazon"": ""private""}",False,False,False,False,"step 2, "
media-imdb.com,amazon,"{""amazon"": ""third""}",True,True,False,False,"step 5 (SOA), "
media.net,akamai,"{""akamai"": ""third""}",True,True,False,False,"step 6, "
media6degrees.com,cloudflare,"{""cloudflare"": ""third""}",True,True,False,False,"step 5 (SOA), "
mediacategory.com,amazon,"{""amazon"": ""third""}",True,True,False,False,"step 5 (SOA), "
mediadelivery.net,microsoft|bunnycdn,"{""microsoft"": ""private"", ""bunnycdn"": ""third""}",True,False,True,False,"step 3, step 5 (SOA), "
mediaexpert.pl,cloudflare,"{""cloudflare"": ""third""}",True,True,False,False,"step 5 (SOA), "
mediafire.com,cloudflare,"{""cloudflare"": ""third""}",True,True,False,False,"step 5 (SOA), "
mediago.com,amazon,"{""amazon"": ""third""}",True,True,False,False,"step 5 (SOA), "
mediago.io,amazon,"{""amazon"": ""third""}",True,True,False,False,"step 5 (SOA), "
mediagotechnology.com,google,"{""google"": ""third""}",True,True,False,False,"step 5 (SOA), "
mediamathrdrt.com,cloudflare,"{""cloudflare"": ""third""}",True,True,False,False,"step 5 (SOA), "
mediamelon.com,cloudflare,"{""cloudflare"": ""third""}",True,True,False,False,"step 7, "
mediaplex.com,akamai,"{""akamai"": ""third""}",True,True,False,False,"step 6, "
mediation.goog,google,"{""google"": ""third""}",True,True,False,False,"step 5 (SOA), "
mediaverse.ai,cloudflare,"{""cloudflare"": ""third""}",True,True,False,False,"step 5 (SOA), "
mediavine.com,mediavine|google|fastly,"{""mediavine"": ""private"", ""google"": ""third"", ""fastly"": ""third""}",True,False,True,True,"step 2, step 5 (SOA), step 6, "
mediawallahscript.com,amazon,"{""amazon"": ""third""}",True,True,False,False,"step 5 (SOA), "
mediawiki.org,wikimedia,"{""wikimedia"": ""third""}",True,True,False,False,"step 5 (SOA), "
medium.com,cloudflare,"{""cloudflare"": ""third""}",True,True,False,False,"step 5 (SOA), "
medrxiv.org,cloudflare,"{""cloudflare"": ""third""}",True,True,False,False,"step 5 (SOA), "
medscape.com,cloudflare,"{""cloudflare"": ""third""}",True,True,False,False,"step 5 (SOA), "
meeff.com,amazon,"{""amazon"": ""third""}",True,True,False,False,"step 5 (SOA), "
meesho.com,google|akamai,"{""google"": ""third"", ""akamai"": ""third""}",True,False,True,True,"step 5 (SOA), step 6, "
meeshoapi.com,google,"{""google"": ""private""}",False,False,False,False,"step 5 (SOA), "
meetcircle-netgear.co,amazon,"{""amazon"": ""third""}",True,True,False,False,"step 5 (SOA), "
meetflo.com,amazon,"{""amazon"": ""third""}",True,True,False,False,"step 5 (SOA), "
meetscale.com,cloudflare,"{""cloudflare"": ""third""}",True,True,False,False,"step 5 (SOA), "
meetup.com,amazon|fastly,"{""amazon"": ""third"", ""fastly"": ""third""}",True,False,True,True,"step 5 (SOA), step 6, "
megabrain.co,google|vercel,"{""google"": ""third"", ""vercel"": ""third""}",True,False,True,True,"step 5 (SOA), step 6, "
megaphone.fm,amazon,"{""amazon"": ""third""}",True,True,False,False,"step 5 (SOA), "
megasmp.gg,cloudflare,"{""cloudflare"": ""third""}",True,True,False,False,"step 5 (SOA), "
meitu.com,wangsu,"{""wangsu"": ""third""}",True,True,False,False,"step 6, "
melcloud.com,amazon|microsoft,"{""amazon"": ""third"", ""microsoft"": ""third""}",True,False,True,True,"step 5 (SOA), step 6, "
meli-iot.systems,amazon,"{""amazon"": ""third""}",True,True,False,False,"step 5 (SOA), "
meli.com,amazon,"{""amazon"": ""third""}",True,True,False,False,"step 5 (SOA), "
meliuz.com.br,amazon,"{""amazon"": ""third""}",True,True,False,False,"step 5 (SOA), "
membrana.media,amazon,"{""amazon"": ""third""}",True,True,False,False,"step 5 (SOA), "
menards.com,imperva,"{""imperva"": ""third""}",True,True,False,False,"step 6, "
mendeley.com,amazon|cloudflare,"{""amazon"": ""third"", ""cloudflare"": ""third""}",True,False,True,True,"step 5 (SOA), step 6, "
mender.io,google,"{""google"": ""third""}",True,True,False,False,"step 5 (SOA), "
menlosecurity.com,amazon,"{""amazon"": ""third""}",True,True,False,False,"step 5 (SOA), "
menuweb.menu,cloudflare,"{""cloudflare"": ""third""}",True,True,False,False,"step 5 (SOA), "
meraki-sdavc-saas.com,amazon,"{""amazon"": ""third""}",True,True,False,False,"step 5 (SOA), "
meraki.com,amazon,"{""amazon"": ""third""}",True,True,False,False,"step 5 (SOA), "
mercadoclics.com,amazon,"{""amazon"": ""third""}",True,True,False,False,"step 5 (SOA), "
mercadolibre.cl,amazon,"{""amazon"": ""third""}",True,True,False,False,"step 5 (SOA), "
mercadolibre.com,amazon,"{""amazon"": ""third""}",True,True,False,False,"step 5 (SOA), "
mercadolibre.com.ar,amazon,"{""amazon"": ""third""}",True,True,False,False,"step 5 (SOA), "
mercadolibre.com.co,amazon,"{""amazon"": ""third""}",True,True,False,False,"step 5 (SOA), "
mercadolibre.com.mx,amazon,"{""amazon"": ""third""}",True,True,False,False,"step 5 (SOA), "
mercadolivre.com.br,amazon,"{""amazon"": ""third""}",True,True,False,False,"step 5 (SOA), "
mercadopago.com,amazon,"{""amazon"": ""third""}",True,True,False,False,"step 5 (SOA), "
mercadopago.com.br,amazon,"{""amazon"": ""third""}",True,True,False,False,"step 5 (SOA), "
mercari.com,amazon|cloudflare,"{""amazon"": ""third"", ""cloudflare"": ""third""}",True,False,True,True,"step 5 (SOA), step 6, "
mercari.jp,amazon,"{""amazon"": ""private""}",False,False,False,False,"step 5 (SOA), "
mercdn.net,amazon,"{""amazon"": ""third""}",True,True,False,False,"step 5 (SOA), "
mercedes-benz.com,akamai,"{""akamai"": ""third""}",True,True,False,False,"step 6, "
merchant-center-analytics.goog,google,"{""google"": ""third""}",True,True,False,False,"step 5 (SOA), "
mercusyscloud.com,amazon,"{""amazon"": ""third""}",True,True,False,False,"step 5 (SOA), "
merequartz.com,amazon,"{""amazon"": ""third""}",True,True,False,False,"step 5 (SOA), "
mergeab.com,amazon,"{""amazon"": ""third""}",True,True,False,False,"step 5 (SOA), "
mergecola.com,amazon,"{""amazon"": ""third""}",True,True,False,False,"step 5 (SOA), "
mergesigma.com,amazon,"{""amazon"": ""third""}",True,True,False,False,"step 5 (SOA), "
merkle.io,cloudflare,"{""cloudflare"": ""third""}",True,True,False,False,"step 5 (SOA), "
meross.com,amazon,"{""amazon"": ""third""}",True,True,False,False,"step 5 (SOA), "
merriam-webster.com,amazon|cloudflare,"{""amazon"": ""third"", ""cloudflare"": ""third""}",True,False,True,True,"step 5 (SOA), step 6, "
meshare.com,cloudflare,"{""cloudflare"": ""third""}",True,True,False,False,"step 5 (SOA), "
meshify.cloud,cloudflare,"{""cloudflare"": ""third""}",True,True,False,False,"step 5 (SOA), "
messenger.com,meta,"{""meta"": ""third""}",True,True,False,False,"step 5 (SOA), "
met.no,fastly,"{""fastly"": ""third""}",True,True,False,False,"step 6, "
meta.com,meta,"{""meta"": ""private""}",False,False,False,False,"step 5 (SOA), "
metamask.io,cloudflare,"{""cloudflare"": ""third""}",True,True,False,False,"step 5 (SOA), "
metaxads.com,amazon,"{""amazon"": ""third""}",True,True,False,False,"step 5 (SOA), "
meteoblue.com,cloudflare,"{""cloudflare"": ""third""}",True,True,False,False,"step 5 (SOA), "
meteored.com,cloudflare,"{""cloudflare"": ""third""}",True,True,False,False,"step 5 (SOA), "
metica.com,amazon,"{""amazon"": ""third""}",True,True,False,False,"step 5 (SOA), "
metricool.com,cloudflare,"{""cloudflare"": ""third""}",True,True,False,False,"step 5 (SOA), "
metrix.ir,cloudflare,"{""cloudflare"": ""third""}",True,True,False,False,"step 5 (SOA), "
mevblocker.io,cloudflare,"{""cloudflare"": ""third""}",True,True,False,False,"step 5 (SOA), "
mews.com,cloudflare,"{""cloudflare"": ""third""}",True,True,False,False,"step 5 (SOA), "
mexc.com,amazon|akamai,"{""amazon"": ""third"", ""akamai"": ""third""}",True,False,True,True,"step 5 (SOA), step 6, "
mf.gov.pl,incapsula|imperva,"{""incapsula"": ""third"", ""imperva"": ""third""}",True,False,True,True,"step 5 (SOA), step 6, "
mfadsrvr.com,amazon,"{""amazon"": ""third""}",True,True,False,False,"step 5 (SOA), "
mgaru.dev,cloudflare,"{""cloudflare"": ""third""}",True,True,False,False,"step 5 (SOA), "
mgid.com,cloudflare,"{""cloudflare"": ""third""}",True,True,False,False,"step 5 (SOA), "
mgln.ai,cloudflare,"{""cloudflare"": ""third""}",True,True,False,False,"step 5 (SOA), "
mgo.com,akamai,"{""akamai"": ""third""}",True,True,False,False,"step 6, "
mgslb.com,baishan,"{""baishan"": ""third""}",True,True,False,False,"step 6, "
mgtv.com,tencent,"{""tencent"": ""third""}",True,True,False,False,"step 6, "
mi.com,akamai,"{""akamai"": ""private""}",False,False,False,False,"step 6, "
michaels.com,akamai,"{""akamai"": ""third""}",True,True,False,False,"step 6, "
micpn.com,amazon,"{""amazon"": ""third""}",True,True,False,False,"step 5 (SOA), "
micro-semiconductor.hk,cloudflare,"{""cloudflare"": ""third""}",True,True,False,False,"step 5 (SOA), "
microsoft.com,microsoft|akamai,"{""microsoft"": ""private"", ""akamai"": ""third""}",True,False,True,False,"step 3, step 6, "
microsoft.net,microsoft|twitter,"{""microsoft"": ""private"", ""twitter"": ""third""}",True,False,True,False,"step 3, step 6, "
microsoft.us,microsoft,"{""microsoft"": ""private""}",False,False,False,False,"step 3, "
microsoft365.com,microsoft,"{""microsoft"": ""private""}",False,False,False,False,"step 3, "
microsoftapp.net,microsoft,"{""microsoft"": ""private""}",False,False,False,False,"step 3, "
microsoftazuread-sso.com,microsoft,"{""microsoft"": ""private""}",False,False,False,False,"step 3, "
microsoftcasualgames.com,microsoft,"{""microsoft"": ""private""}",False,False,False,False,"step 3, "
microsoftonline-p.com,microsoft,"{""microsoft"": ""private""}",False,False,False,False,"step 3, "
microsoftonline-p.net,microsoft,"{""microsoft"": ""private""}",False,False,False,False,"step 3, "
microsoftonline.cn,microsoft,"{""microsoft"": ""private""}",False,False,False,False,"step 3, "
microsoftonline.com,microsoft,"{""microsoft"": ""private""}",False,False,False,False,"step 3, "
microsoftonline.us,microsoft,"{""microsoft"": ""private""}",False,False,False,False,"step 3, "
microsoftpersonalcontent.com,microsoft,"{""microsoft"": ""private""}",False,False,False,False,"step 3, "
microsofttranslator.com,microsoft|akamai,"{""microsoft"": ""private"", ""akamai"": ""third""}",True,False,True,False,"step 3, step 6, "
micstatic.com,amazon|cloudflare,"{""amazon"": ""third"", ""cloudflare"": ""third""}",True,False,True,True,"step 5 (SOA), step 6, "
midasplayer.cloud,google,"{""google"": ""third""}",True,True,False,False,"step 5 (SOA), "
midasplayer.com,google,"{""google"": ""third""}",True,True,False,False,"step 5 (SOA), "
midasplayer.net,google,"{""google"": ""third""}",True,True,False,False,"step 5 (SOA), "
midea.com,amazon,"{""amazon"": ""third""}",True,True,False,False,"step 6, "
midjourney.com,cloudflare,"{""cloudflare"": ""third""}",True,True,False,False,"step 5 (SOA), "
mihoyo.com,alibaba,"{""alibaba"": ""third""}",True,True,False,False,"step 6, "
mikmak.ai,amazon,"{""amazon"": ""private""}",False,False,False,False,"step 5 (SOA), "
mil.gov.ua,cloudflare,"{""cloudflare"": ""third""}",True,True,False,False,"step 5 (SOA), "
milvus.com.br,amazon,"{""amazon"": ""third""}",True,True,False,False,"step 5 (SOA), "
mimecast.com,microsoft,"{""microsoft"": ""third""}",True,True,False,False,"step 6, "
mindtos.com,cloudflare,"{""cloudflare"": ""third""}",True,True,False,False,"step 5 (SOA), "
mindworks-creative.com,amazon,"{""amazon"": ""third""}",True,True,False,False,"step 5 (SOA), "
minecraft-services.net,microsoft,"{""microsoft"": ""third""}",True,True,False,False,"step 5 (SOA), "
minecraft.net,microsoft|akamai,"{""microsoft"": ""third"", ""akamai"": ""third""}",True,False,True,True,"step 5 (SOA), step 6, "
minecraftservices.com,microsoft,"{""microsoft"": ""third""}",True,True,False,False,"step 5 (SOA), "
minepi.com,cloudflare,"{""cloudflare"": ""third""}",True,True,False,False,"step 7, "
miniclip.com,amazon,"{""amazon"": ""third""}",True,True,False,False,"step 5 (SOA), "
miniclippt.com,amazon,"{""amazon"": ""third""}",True,True,False,False,"step 5 (SOA), "
minimax.io,akamai,"{""akamai"": ""third""}",True,True,False,False,"step 6, "
minionplatform.com,amazon,"{""amazon"": ""third""}",True,True,False,False,"step 5 (SOA), "
minlib.net,microsoft,"{""microsoft"": ""third""}",True,True,False,False,"step 5 (SOA), "
mintegral.com,amazon,"{""amazon"": ""third""}",True,True,False,False,"step 5 (SOA), "
mintegral.net,amazon,"{""amazon"": ""third""}",True,True,False,False,"step 5 (SOA), "
minutemedia-prebid.com,amazon,"{""amazon"": ""third""}",True,True,False,False,"step 5 (SOA), "
minutemediacdn.com,amazon,"{""amazon"": ""third""}",True,True,False,False,"step 5 (SOA), "
minutemediaservices.com,amazon,"{""amazon"": ""third""}",True,True,False,False,"step 5 (SOA), "
mios.com,bunnycdn,"{""bunnycdn"": ""third""}",True,True,False,False,"step 5 (SOA), "
miraheze.org,cloudflare,"{""cloudflare"": ""third""}",True,True,False,False,"step 5 (SOA), "
mirakl.net,amazon,"{""amazon"": ""third""}",True,True,False,False,"step 5 (SOA), "
miro.com,amazon,"{""amazon"": ""third""}",True,True,False,False,"step 5 (SOA), "
mirostatic.com,amazon,"{""amazon"": ""third""}",True,True,False,False,"step 5 (SOA), "
mirror.co.uk,amazon,"{""amazon"": ""third""}",True,True,False,False,"step 5 (SOA), "
missav.live,microsoft|cloudflare,"{""microsoft"": ""private"", ""cloudflare"": ""third""}",True,False,True,False,"step 3, step 5 (SOA), "
missav.ws,cloudflare,"{""cloudflare"": ""third""}",True,True,False,False,"step 5 (SOA), "
missena.io,amazon,"{""amazon"": ""third""}",True,True,False,False,"step 5 (SOA), "
mist.com,amazon,"{""amazon"": ""third""}",True,True,False,False,"step 5 (SOA), "
mistral.ai,cloudflare,"{""cloudflare"": ""third""}",True,True,False,False,"step 5 (SOA), "
mistsys.net,amazon,"{""amazon"": ""third""}",True,True,False,False,"step 5 (SOA), "
mit.edu,akamai,"{""akamai"": ""third""}",True,True,False,False,"step 6, "
mitel.io,amazon,"{""amazon"": ""private""}",False,False,False,False,"step 5 (SOA), "
mitiendanube.com,amazon|cloudflare,"{""amazon"": ""third"", ""cloudflare"": ""third""}",True,False,True,True,"step 5 (SOA), step 6, "
miwifi.com,wangsu,"{""wangsu"": ""third""}",True,True,False,False,"step 6, "
mixcloud.com,cloudflare,"{""cloudflare"": ""third""}",True,True,False,False,"step 5 (SOA), "
mixpanel.com,google,"{""google"": ""private""}",False,False,False,False,"step 5 (SOA), "
mixtubeapp.com,amazon,"{""amazon"": ""third""}",True,True,False,False,"step 5 (SOA), "
ml314.com,amazon|google,"{""amazon"": ""private"", ""google"": ""private""}",False,False,True,False,"step 5 (SOA), step 7, "
mlb.com,amazon|fastly,"{""amazon"": ""third"", ""fastly"": ""third""}",True,False,True,True,"step 5 (SOA), step 6, "
mlbinfra.com,amazon,"{""amazon"": ""third""}",True,True,False,False,"step 5 (SOA), "
mlbstatic.com,amazon|fastly,"{""amazon"": ""third"", ""fastly"": ""third""}",True,False,True,True,"step 5 (SOA), step 6, "
mlcdn.com.br,amazon,"{""amazon"": ""third""}",True,True,False,False,"step 5 (SOA), "
mlstatic.com,amazon,"{""amazon"": ""third""}",True,True,False,False,"step 5 (SOA), "
mmapiws.com,cloudflare,"{""cloudflare"": ""third""}",True,True,False,False,"step 5 (SOA), "
mmcdn.com,cloudflare,"{""cloudflare"": ""third""}",True,True,False,False,"step 5 (SOA), "
mmechocaptiveportal.com,amazon,"{""amazon"": ""third""}",True,True,False,False,"step 5 (SOA), "
mmvideocdn.com,amazon,"{""amazon"": ""third""}",True,True,False,False,"step 5 (SOA), "
mnaspm.com,cloudflare,"{""cloudflare"": ""third""}",True,True,False,False,"step 5 (SOA), "
mnbvcxzas.com,amazon,"{""amazon"": ""third""}",True,True,False,False,"step 5 (SOA), "
mncdn.com,medianova,"{""medianova"": ""private""}",False,False,False,False,"step 2, "
moack.co.kr,cloudflare,"{""cloudflare"": ""third""}",True,True,False,False,"step 5 (SOA), "
mobaelo2000.cc,cloudflare,"{""cloudflare"": ""third""}",True,True,False,False,"step 5 (SOA), "
mobalytics.gg,cloudflare,"{""cloudflare"": ""third""}",True,True,False,False,"step 5 (SOA), "
mobicontrolcloud.com,amazon,"{""amazon"": ""third""}",True,True,False,False,"step 5 (SOA), "
mobikwik.com,cloudflare,"{""cloudflare"": ""third""}",True,True,False,False,"step 6, "
mobil123.com,cloudflare,"{""cloudflare"": ""third""}",True,True,False,False,"step 5 (SOA), "
mobile.de,amazon|akamai,"{""amazon"": ""third"", ""akamai"": ""third""}",True,False,True,True,"step 5 (SOA), step 6, "
mobilefuse.com,amazon,"{""amazon"": ""third""}",True,True,False,False,"step 5 (SOA), "
mobilegamestats.com,amazon,"{""amazon"": ""third""}",True,True,False,False,"step 5 (SOA), "
mobileiron.com,amazon|cloudflare,"{""amazon"": ""third"", ""cloudflare"": ""third""}",True,False,True,True,"step 5 (SOA), step 6, "
mobilejump.mobi,cloudflare,"{""cloudflare"": ""third""}",True,True,False,False,"step 5 (SOA), "
mobileposse.com,amazon|fastly,"{""amazon"": ""third"", ""fastly"": ""third""}",True,False,True,True,"step 5 (SOA), step 7, "
mobilityware.com,amazon,"{""amazon"": ""third""}",True,True,False,False,"step 5 (SOA), "
mobiuspace.net,amazon,"{""amazon"": ""third""}",True,True,False,False,"step 5 (SOA), "
mobolize.com,amazon,"{""amazon"": ""third""}",True,True,False,False,"step 5 (SOA), "
mobon.net,amazon,"{""amazon"": ""third""}",True,True,False,False,"step 5 (SOA), "
mocortech.com,amazon,"{""amazon"": ""third""}",True,True,False,False,"step 5 (SOA), "
models.dev,cloudflare,"{""cloudflare"": ""third""}",True,True,False,False,"step 5 (SOA), "
modrinth.com,cloudflare,"{""cloudflare"": ""third""}",True,True,False,False,"step 5 (SOA), "
moengage.com,amazon,"{""amazon"": ""third""}",True,True,False,False,"step 5 (SOA), "
mojang.com,microsoft|akamai,"{""microsoft"": ""third"", ""akamai"": ""third""}",True,False,True,True,"step 5 (SOA), step 6, "
mollyflow.com,amazon,"{""amazon"": ""third""}",True,True,False,False,"step 5 (SOA), "
moloco.com,cloudflare,"{""cloudflare"": ""third""}",True,True,False,False,"step 5 (SOA), "
momentohq.com,amazon|wordpress,"{""amazon"": ""third"", ""wordpress"": ""third""}",True,False,True,True,"step 5 (SOA), step 6, "
momoshop.com.tw,amazon|akamai,"{""amazon"": ""third"", ""akamai"": ""third""}",True,False,True,True,"step 5 (SOA), step 6, "
mona.co,cloudflare,"{""cloudflare"": ""third""}",True,True,False,False,"step 5 (SOA), "
monday.com,cloudflare,"{""cloudflare"": ""third""}",True,True,False,False,"step 7, "
moneris.com,cloudflare,"{""cloudflare"": ""third""}",True,True,False,False,"step 6, "
monetixads.com,cloudflare,"{""cloudflare"": ""third""}",True,True,False,False,"step 5 (SOA), "
mongodb.com,amazon,"{""amazon"": ""third""}",True,True,False,False,"step 5 (SOA), "
mongodb.net,amazon,"{""amazon"": ""third""}",True,True,False,False,"step 5 (SOA), "
mongodb.org,amazon,"{""amazon"": ""third""}",True,True,False,False,"step 5 (SOA), "
monica.im,amazon,"{""amazon"": ""third""}",True,True,False,False,"step 5 (SOA), "
moniterly.com,cloudflare,"{""cloudflare"": ""third""}",True,True,False,False,"step 5 (SOA), "
monitoring360.io,cloudflare,"{""cloudflare"": ""third""}",True,True,False,False,"step 5 (SOA), "
monsido.com,google,"{""google"": ""private""}",False,False,False,False,"step 5 (SOA), "
montagehub.xyz,cloudflare,"{""cloudflare"": ""third""}",True,True,False,False,"step 5 (SOA), "
monterosa.cloud,amazon,"{""amazon"": ""third""}",True,True,False,False,"step 5 (SOA), "
moodmedia.com,cloudflare,"{""cloudflare"": ""third""}",True,True,False,False,"step 5 (SOA), "
mookie1.com,akamai,"{""akamai"": ""third""}",True,True,False,False,"step 6, "
moonactive.net,cloudflare,"{""cloudflare"": ""third""}",True,True,False,False,"step 5 (SOA), "
moovitapp.com,amazon,"{""amazon"": ""third""}",True,True,False,False,"step 5 (SOA), "
mopinion.com,amazon,"{""amazon"": ""third""}",True,True,False,False,"step 5 (SOA), "
mopub.com,google,"{""google"": ""third""}",True,True,False,False,"step 5 (SOA), "
morelogin.com,alibaba,"{""alibaba"": ""third""}",True,True,False,False,"step 6, "
morlix.cc,cloudflare,"{""cloudflare"": ""third""}",True,True,False,False,"step 5 (SOA), "
morningstar.com,amazon,"{""amazon"": ""private""}",False,False,False,False,"step 6, "
mossfast.com,amazon,"{""amazon"": ""third""}",True,True,False,False,"step 5 (SOA), "
mosspf.net,amazon,"{""amazon"": ""third""}",True,True,False,False,"step 5 (SOA), "
mossru.com,amazon,"{""amazon"": ""third""}",True,True,False,False,"step 5 (SOA), "
motorsport.com,amazon,"{""amazon"": ""third""}",True,True,False,False,"step 5 (SOA), "
motosport.com,amazon,"{""amazon"": ""third""}",True,True,False,False,"step 5 (SOA), "
mountain.com,google|cloudflare,"{""google"": ""third"", ""cloudflare"": ""third""}",True,False,True,True,"step 5 (SOA), step 7, "
mouseflow.com,wordpress,"{""wordpress"": ""third""}",True,True,False,False,"step 6, "
mouser.com,akamai,"{""akamai"": ""third""}",True,True,False,False,"step 6, "
mova-tech.com,shopify,"{""shopify"": ""third""}",True,True,False,False,"step 6, "
movidesk.com,amazon,"{""amazon"": ""private""}",False,False,False,False,"step 5 (SOA), "
movie-pilot.org,cloudflare,"{""cloudflare"": ""third""}",True,True,False,False,"step 5 (SOA), "
movoto.com,amazon,"{""amazon"": ""third""}",True,True,False,False,"step 5 (SOA), "
moyoung.com,alibaba,"{""alibaba"": ""third""}",True,True,False,False,"step 6, "
mozaws.net,amazon,"{""amazon"": ""private""}",False,False,False,False,"step 3, "
mozgcp.net,google,"{""google"": ""third""}",True,True,False,False,"step 5 (SOA), "
mozilla.org,fastly,"{""fastly"": ""third""}",True,True,False,False,"step 6, "
mparticle.com,amazon|vercel,"{""amazon"": ""third"", ""vercel"": ""third""}",True,False,True,True,"step 5 (SOA), step 6, "
mplat-ppcprotect.com,amazon,"{""amazon"": ""third""}",True,True,False,False,"step 5 (SOA), "
mpulsefusion.com,amazon,"{""amazon"": ""third""}",True,True,False,False,"step 5 (SOA), "
mrf.io,amazon,"{""amazon"": ""third""}",True,True,False,False,"step 5 (SOA), "
mrktmtrcs.net,cloudflare,"{""cloudflare"": ""third""}",True,True,False,False,"step 5 (SOA), "
msappproxy.net,microsoft,"{""microsoft"": ""private""}",False,False,False,False,"step 5 (SOA), "
msauth.net,microsoft,"{""microsoft"": ""third""}",True,True,False,False,"step 5 (SOA), "
msauthimages.net,microsoft,"{""microsoft"": ""third""}",True,True,False,False,"step 5 (SOA), "
msecnd.net,microsoft,"{""microsoft"": ""private""}",False,False,False,False,"step 2, "
msedge.net,microsoft,"{""microsoft"": ""private""}",False,False,False,False,"step 3, "
msftauth.net,microsoft,"{""microsoft"": ""private""}",False,False,False,False,"step 3, "
msftauthimages.net,microsoft,"{""microsoft"": ""private""}",False,False,False,False,"step 3, "
msftconnecttest.com,microsoft|akamai,"{""microsoft"": ""private"", ""akamai"": ""third""}",True,False,True,False,"step 2, step 6, "
msftncsi.com,microsoft|akamai,"{""microsoft"": ""private"", ""akamai"": ""third""}",True,False,True,False,"step 2, step 6, "
msftstatic.com,microsoft,"{""microsoft"": ""private""}",False,False,False,False,"step 3, "
msi.com,akamai,"{""akamai"": ""third""}",True,True,False,False,"step 6, "
msidentity.com,microsoft,"{""microsoft"": ""third""}",True,True,False,False,"step 5 (SOA), "
msidentity.us,microsoft,"{""microsoft"": ""third""}",True,True,False,False,"step 5 (SOA), "
msn.cn,microsoft,"{""microsoft"": ""private""}",False,False,False,False,"step 3, "
msn.com,microsoft|akamai,"{""microsoft"": ""private"", ""akamai"": ""third""}",True,False,True,False,"step 3, step 6, "
msndvr.com,microsoft,"{""microsoft"": ""private""}",False,False,False,False,"step 3, "
msocdn.com,microsoft,"{""microsoft"": ""private""}",False,False,False,False,"step 2, "
mstea.ms,microsoft,"{""microsoft"": ""third""}",True,True,False,False,"step 5 (SOA), "
msu.edu,amazon|imperva,"{""amazon"": ""third"", ""imperva"": ""third""}",True,False,True,True,"step 5 (SOA), step 6, "
mtgglobals.com,amazon,"{""amazon"": ""third""}",True,True,False,False,"step 5 (SOA), "
mtrtb.com,amazon,"{""amazon"": ""third""}",True,True,False,False,"step 5 (SOA), "
mubi.com,amazon,"{""amazon"": ""third""}",True,True,False,False,"step 5 (SOA), "
multiscreensite.com,amazon,"{""amazon"": ""private""}",False,False,False,False,"step 5 (SOA), "
multiww.com,amazon,"{""amazon"": ""third""}",True,True,False,False,"step 5 (SOA), "
mumuplayer.com,akamai,"{""akamai"": ""third""}",True,True,False,False,"step 6, "
musehub.com,cloudflare|microsoft,"{""cloudflare"": ""third"", ""microsoft"": ""third""}",True,False,True,True,"step 5 (SOA), step 6, "
musical.ly,amazon|akamai,"{""amazon"": ""third"", ""akamai"": ""third""}",True,False,True,True,"step 5 (SOA), step 6, "
musicdream.club,amazon,"{""amazon"": ""third""}",True,True,False,False,"step 5 (SOA), "
musicnotes.com,cloudflare,"{""cloudflare"": ""third""}",True,True,False,False,"step 5 (SOA), "
musinsa.com,amazon,"{""amazon"": ""third""}",True,True,False,False,"step 5 (SOA), "
mutetreehouse.com,amazon,"{""amazon"": ""third""}",True,True,False,False,"step 5 (SOA), "
mux.com,amazon|vercel,"{""amazon"": ""third"", ""vercel"": ""third""}",True,False,True,True,"step 5 (SOA), step 6, "
mwbsys.com,amazon,"{""amazon"": ""third""}",True,True,False,False,"step 5 (SOA), "
mxplay.com,amazon,"{""amazon"": ""third""}",True,True,False,False,"step 5 (SOA), "
mxpnl.com,google,"{""google"": ""third""}",True,True,False,False,"step 5 (SOA), "
mxptint.net,cloudflare,"{""cloudflare"": ""third""}",True,True,False,False,"step 5 (SOA), "
mxtoolbox.com,amazon,"{""amazon"": ""private""}",False,False,False,False,"step 5 (SOA), "
my-ip.io,cloudflare,"{""cloudflare"": ""third""}",True,True,False,False,"step 5 (SOA), "
my2n.com,amazon,"{""amazon"": ""third""}",True,True,False,False,"step 5 (SOA), "
myadsget.com,amazon,"{""amazon"": ""third""}",True,True,False,False,"step 5 (SOA), "
myangular.life,cloudflare,"{""cloudflare"": ""third""}",True,True,False,False,"step 5 (SOA), "
myavlive.com,microsoft|cloudflare|twitter,"{""microsoft"": ""private"", ""cloudflare"": ""third"", ""twitter"": ""third""}",True,False,True,True,"step 3, step 5 (SOA), step 6, "
mybluehost.me,telegram,"{""telegram"": ""private""}",False,False,False,False,"step 6, "
myclapper.com,amazon,"{""amazon"": ""third""}",True,True,False,False,"step 5 (SOA), "
myclientip.com,amazon,"{""amazon"": ""third""}",True,True,False,False,"step 5 (SOA), "
mycliplister.com,cloudflare,"{""cloudflare"": ""third""}",True,True,False,False,"step 5 (SOA), "
mycloud.com,amazon,"{""amazon"": ""third""}",True,True,False,False,"step 5 (SOA), "
myconnectsecure.com,cloudflare,"{""cloudflare"": ""third""}",True,True,False,False,"step 5 (SOA), "
mydramalist.com,cloudflare,"{""cloudflare"": ""third""}",True,True,False,False,"step 5 (SOA), "
mydramawave.com,alibaba,"{""alibaba"": ""third""}",True,True,False,False,"step 6, "
mydw.cloud,amazon,"{""amazon"": ""third""}",True,True,False,False,"step 5 (SOA), "
myexternalip.com,google,"{""google"": ""third""}",True,True,False,False,"step 5 (SOA), "
myfitnesspal.com,cloudflare,"{""cloudflare"": ""third""}",True,True,False,False,"step 5 (SOA), "
myfonts.net,cloudflare,"{""cloudflare"": ""third""}",True,True,False,False,"step 5 (SOA), "
myfoscam.com,amazon,"{""amazon"": ""third""}",True,True,False,False,"step 5 (SOA), "
myfreshworks.com,amazon,"{""amazon"": ""private""}",False,False,False,False,"step 5 (SOA), "
mygaru.com,cloudflare,"{""cloudflare"": ""third""}",True,True,False,False,"step 5 (SOA), "
myharmony.com,amazon,"{""amazon"": ""private""}",False,False,False,False,"step 5 (SOA), "
myhuaweicloud.com,apple,"{""apple"": ""private""}",False,False,False,False,"step 3, "
myicomfort.com,microsoft,"{""microsoft"": ""third""}",True,True,False,False,"step 6, "
myip.com,cloudflare,"{""cloudflare"": ""third""}",True,True,False,False,"step 5 (SOA), "
myip.link,cloudflare,"{""cloudflare"": ""third""}",True,True,False,False,"step 5 (SOA), "
mykronos.com,google,"{""google"": ""third""}",True,True,False,False,"step 5 (SOA), "
mylife.com,digicert|cloudflare,"{""digicert"": ""third"", ""cloudflare"": ""third""}",True,False,True,True,"step 5 (SOA), step 6, "
mynavi.jp,amazon,"{""amazon"": ""third""}",True,True,False,False,"step 5 (SOA), "
mynexia.com,amazon,"{""amazon"": ""third""}",True,True,False,False,"step 5 (SOA), "
mynt.xyz,amazon,"{""amazon"": ""third""}",True,True,False,False,"step 5 (SOA), "
myntra.com,akamai,"{""akamai"": ""third""}",True,True,False,False,"step 6, "
mypromethean.com,amazon,"{""amazon"": ""third""}",True,True,False,False,"step 5 (SOA), "
mypurecloud.com,amazon,"{""amazon"": ""third""}",True,True,False,False,"step 5 (SOA), "
mypurecloud.de,amazon,"{""amazon"": ""third""}",True,True,False,False,"step 5 (SOA), "
mypurecloud.ie,amazon,"{""amazon"": ""third""}",True,True,False,False,"step 5 (SOA), "
myq-cloud.com,amazon,"{""amazon"": ""third""}",True,True,False,False,"step 5 (SOA), "
myqcloud.com,tencent,"{""tencent"": ""private""}",False,False,False,False,"step 2, "
myqdevice.com,amazon,"{""amazon"": ""third""}",True,True,False,False,"step 5 (SOA), "
myqnapcloud.com,amazon,"{""amazon"": ""third""}",True,True,False,False,"step 6, "
myqnapcloud.io,amazon,"{""amazon"": ""third""}",True,True,False,False,"step 5 (SOA), "
myquickcloud.com,amazon,"{""amazon"": ""third""}",True,True,False,False,"step 5 (SOA), "
myshopify.com,shopify|cloudflare,"{""shopify"": ""private"", ""cloudflare"": ""private""}",False,False,True,False,"step 2, step 7, "
myshopline.com,amazon,"{""amazon"": ""third""}",True,True,False,False,"step 5 (SOA), "
myspace.com,google,"{""google"": ""private""}",False,False,False,False,"step 5 (SOA), "
myspecies.info,cloudflare,"{""cloudflare"": ""third""}",True,True,False,False,"step 5 (SOA), "
mysql.com,akamai,"{""akamai"": ""third""}",True,True,False,False,"step 6, "
mysterium.network,cloudflare,"{""cloudflare"": ""third""}",True,True,False,False,"step 5 (SOA), "
mystnodes.com,cloudflare,"{""cloudflare"": ""third""}",True,True,False,False,"step 5 (SOA), "
mywaifu.best,cloudflare,"{""cloudflare"": ""third""}",True,True,False,False,"step 5 (SOA), "
mywellness.com,amazon,"{""amazon"": ""third""}",True,True,False,False,"step 5 (SOA), "
myworkdaycdn.com,cloudflare,"{""cloudflare"": ""third""}",True,True,False,False,"step 5 (SOA), "
mywot.com,amazon,"{""amazon"": ""third""}",True,True,False,False,"step 5 (SOA), "
mzstatic.com,apple,"{""apple"": ""private""}",False,False,False,False,"step 2, "
n-able.com,amazon|cloudflare,"{""amazon"": ""third"", ""cloudflare"": ""third""}",True,False,True,True,"step 5 (SOA), step 6, "
n-tv.de,amazon,"{""amazon"": ""third""}",True,True,False,False,"step 6, "
n11.com,cloudflare,"{""cloudflare"": ""third""}",True,True,False,False,"step 6, "
n8n.cloud,cloudflare,"{""cloudflare"": ""third""}",True,True,False,False,"step 5 (SOA), "
n8n.io,cloudflare,"{""cloudflare"": ""third""}",True,True,False,False,"step 5 (SOA), "
nab.com.au,akamai,"{""akamai"": ""third""}",True,True,False,False,"step 6, "
nabu.casa,amazon,"{""amazon"": ""third""}",True,True,False,False,"step 5 (SOA), "
nabucasa.com,amazon|cloudflare,"{""amazon"": ""third"", ""cloudflare"": ""third""}",True,False,True,True,"step 5 (SOA), step 6, "
nagich.com,cloudflare,"{""cloudflare"": ""third""}",True,True,False,False,"step 5 (SOA), "
nagopore.com,cloudflare,"{""cloudflare"": ""third""}",True,True,False,False,"step 5 (SOA), "
naiadsystems.com,stackpath,"{""stackpath"": ""third""}",True,True,False,False,"step 6, "
nakamacloud.io,google,"{""google"": ""third""}",True,True,False,False,"step 5 (SOA), "
nakanohito.jp,amazon,"{""amazon"": ""third""}",True,True,False,False,"step 5 (SOA), "
nakheelteam.cc,cloudflare,"{""cloudflare"": ""third""}",True,True,False,False,"step 5 (SOA), "
name.com,cloudflare,"{""cloudflare"": ""third""}",True,True,False,False,"step 5 (SOA), "
namecheap.com,cloudflare,"{""cloudflare"": ""third""}",True,True,False,False,"step 6, "
namequery.com,cloudflare,"{""cloudflare"": ""third""}",True,True,False,False,"step 5 (SOA), "
namu.wiki,cloudflare,"{""cloudflare"": ""third""}",True,True,False,False,"step 5 (SOA), "
nanit.com,amazon|shopify,"{""amazon"": ""third"", ""shopify"": ""third""}",True,False,True,True,"step 5 (SOA), step 6, "
nanoleaf.me,cloudflare,"{""cloudflare"": ""third""}",True,True,False,False,"step 5 (SOA), "
nanopool.org,cloudflare,"{""cloudflare"": ""third""}",True,True,False,False,"step 5 (SOA), "
napps-1.com,cloudflare,"{""cloudflare"": ""third""}",True,True,False,False,"step 5 (SOA), "
napps-2.com,cloudflare,"{""cloudflare"": ""third""}",True,True,False,False,"step 5 (SOA), "
narrative.io,amazon,"{""amazon"": ""third""}",True,True,False,False,"step 5 (SOA), "
narvar.com,amazon,"{""amazon"": ""private""}",False,False,False,False,"step 5 (SOA), "
narwaltech.com,apple|alibaba,"{""apple"": ""third"", ""alibaba"": ""third""}",True,False,True,True,"step 5 (SOA), step 6, "
nasdaq.com,akamai,"{""akamai"": ""third""}",True,True,False,False,"step 6, "
nature.com,fastly,"{""fastly"": ""third""}",True,True,False,False,"step 6, "
naukri.com,akamai,"{""akamai"": ""third""}",True,True,False,False,"step 6, "
nautiluscloud.net,amazon,"{""amazon"": ""third""}",True,True,False,False,"step 5 (SOA), "
navattic.com,vercel,"{""vercel"": ""third""}",True,True,False,False,"step 6, "
navdmp.com,akamai,"{""akamai"": ""third""}",True,True,False,False,"step 6, "
naver.com,akamai,"{""akamai"": ""third""}",True,True,False,False,"step 6, "
navy.mil,akamai,"{""akamai"": ""third""}",True,True,False,False,"step 6, "
navyfederal.org,akamai,"{""akamai"": ""third""}",True,True,False,False,"step 6, "
nba.com,akamai,"{""akamai"": ""third""}",True,True,False,False,"step 6, "
nbc.com,akamai,"{""akamai"": ""third""}",True,True,False,False,"step 6, "
nbcnews.com,akamai,"{""akamai"": ""third""}",True,True,False,False,"step 6, "
nbcuas.com,amazon,"{""amazon"": ""third""}",True,True,False,False,"step 5 (SOA), "
nbcuni.com,akamai,"{""akamai"": ""third""}",True,True,False,False,"step 6, "
nc.com,amazon,"{""amazon"": ""third""}",True,True,False,False,"step 5 (SOA), "
nc0.co,amazon,"{""amazon"": ""third""}",True,True,False,False,"step 5 (SOA), "
nd-api.com,cloudflare,"{""cloudflare"": ""third""}",True,True,False,False,"step 5 (SOA), "
ndmdhs.com,amazon,"{""amazon"": ""third""}",True,True,False,False,"step 5 (SOA), "
nearblocks.io,cloudflare,"{""cloudflare"": ""third""}",True,True,False,False,"step 5 (SOA), "
nebally.co.uk,cloudflare,"{""cloudflare"": ""third""}",True,True,False,False,"step 5 (SOA), "
nebulalive.com,microsoft,"{""microsoft"": ""private""}",False,False,False,False,"step 3, "
nectsideaments.com,amazon,"{""amazon"": ""third""}",True,True,False,False,"step 5 (SOA), "
nefta.app,google,"{""google"": ""third""}",True,True,False,False,"step 5 (SOA), "
nel.goog,google,"{""google"": ""third""}",True,True,False,False,"step 5 (SOA), "
nelreports.net,microsoft,"{""microsoft"": ""third""}",True,True,False,False,"step 5 (SOA), "
neogaf.com,cloudflare,"{""cloudflare"": ""third""}",True,True,False,False,"step 5 (SOA), "
neogen.com,amazon|cloudflare,"{""amazon"": ""third"", ""cloudflare"": ""third""}",True,False,True,True,"step 5 (SOA), step 6, "
neon.tech,cloudflare|vercel,"{""cloudflare"": ""third"", ""vercel"": ""third""}",True,False,True,True,"step 5 (SOA), step 6, "
nephobox.com,amazon,"{""amazon"": ""private""}",False,False,False,False,"step 5 (SOA), "
nessus.org,amazon|cloudflare,"{""amazon"": ""third"", ""cloudflare"": ""third""}",True,False,True,True,"step 5 (SOA), step 6, "
nest.com,amazon,"{""amazon"": ""third""}",True,True,False,False,"step 5 (SOA), "
net-a-porter.com,akamai,"{""akamai"": ""third""}",True,True,False,False,"step 6, "
netapp.com,akamai,"{""akamai"": ""third""}",True,True,False,False,"step 6, "
netatmo.com,microsoft|amazon,"{""microsoft"": ""third"", ""amazon"": ""third""}",True,False,True,True,"step 5 (SOA), step 6, "
netatmo.net,microsoft,"{""microsoft"": ""third""}",True,True,False,False,"step 5 (SOA), "
netbird.io,amazon|nextjs,"{""amazon"": ""third"", ""nextjs"": ""third""}",True,False,True,True,"step 5 (SOA), step 7, "
netbsd.org,fastly,"{""fastly"": ""third""}",True,True,False,False,"step 6, "
netcoresmartech.com,amazon,"{""amazon"": ""third""}",True,True,False,False,"step 5 (SOA), "
netdata.cloud,cloudflare,"{""cloudflare"": ""third""}",True,True,False,False,"step 5 (SOA), "
netfiber.net.il,cloudflare,"{""cloudflare"": ""third""}",True,True,False,False,"step 5 (SOA), "
netflix.com,netflix|amazon,"{""netflix"": ""private"", ""amazon"": ""private""}",False,False,True,False,"step 3, step 5 (SOA), "
netflix.net,netflix|amazon,"{""netflix"": ""private"", ""amazon"": ""private""}",False,False,True,False,"step 3, step 5 (SOA), "
netgear.com,amazon,"{""amazon"": ""third""}",True,True,False,False,"step 6, "
netkeiba.com,amazon,"{""amazon"": ""third""}",True,True,False,False,"step 5 (SOA), "
netlify.app,netlify,"{""netlify"": ""private""}",False,False,False,False,"step 2, "
netlify.com,netlify,"{""netlify"": ""private""}",False,False,False,False,"step 2, "
netmarble.com,akamai,"{""akamai"": ""third""}",True,True,False,False,"step 6, "
netnut.net,cloudflare,"{""cloudflare"": ""third""}",True,True,False,False,"step 7, "
netshoes.com.br,amazon|akamai,"{""amazon"": ""third"", ""akamai"": ""third""}",True,False,True,True,"step 5 (SOA), step 6, "
netshort.com,cloudflare,"{""cloudflare"": ""third""}",True,True,False,False,"step 6, "
netsuite.com,akamai,"{""akamai"": ""private""}",False,False,False,False,"step 6, "
nettvservices.com,amazon|microsoft,"{""amazon"": ""private"", ""microsoft"": ""private""}",False,False,True,False,"step 5 (SOA), step 7, "
network-auth.com,amazon,"{""amazon"": ""third""}",True,True,False,False,"step 5 (SOA), "
networklinks.space,cloudflare,"{""cloudflare"": ""third""}",True,True,False,False,"step 5 (SOA), "
neverssl.com,amazon,"{""amazon"": ""third""}",True,True,False,False,"step 5 (SOA), "
newecf.com,amazon,"{""amazon"": ""third""}",True,True,False,False,"step 5 (SOA), "
newegg.com,cloudflare,"{""cloudflare"": ""third""}",True,True,False,False,"step 6, "
newrelic.com,fastly,"{""fastly"": ""third""}",True,True,False,False,"step 6, "
news-cdn.site,amazon,"{""amazon"": ""third""}",True,True,False,False,"step 5 (SOA), "
news.cn,baishan,"{""baishan"": ""third""}",True,True,False,False,"step 6, "
newsbreak.com,amazon,"{""amazon"": ""third""}",True,True,False,False,"step 5 (SOA), "
newsroom.bi,cloudflare|fastly,"{""cloudflare"": ""third"", ""fastly"": ""third""}",True,False,True,True,"step 5 (SOA), step 6, "
newsroomlabs.com,amazon,"{""amazon"": ""third""}",True,True,False,False,"step 5 (SOA), "
newtail.com.br,cloudflare,"{""cloudflare"": ""third""}",True,True,False,False,"step 5 (SOA), "
next.co.uk,akamai,"{""akamai"": ""third""}",True,True,False,False,"step 6, "
nextdirect.com,akamai,"{""akamai"": ""third""}",True,True,False,False,"step 6, "
nextdns.io,cloudflare,"{""cloudflare"": ""third""}",True,True,False,False,"step 5 (SOA), "
nextdoor.com,amazon,"{""amazon"": ""third""}",True,True,False,False,"step 5 (SOA), "
nexters.team,amazon,"{""amazon"": ""third""}",True,True,False,False,"step 5 (SOA), "
nextersglobal.com,amazon,"{""amazon"": ""third""}",True,True,False,False,"step 5 (SOA), "
nexthink.cloud,amazon,"{""amazon"": ""third""}",True,True,False,False,"step 5 (SOA), "
nextlgsdp.com,amazon,"{""amazon"": ""third""}",True,True,False,False,"step 5 (SOA), "
nextmillmedia.com,amazon,"{""amazon"": ""third""}",True,True,False,False,"step 5 (SOA), "
nexusmods.com,cloudflare,"{""cloudflare"": ""third""}",True,True,False,False,"step 5 (SOA), "
nexverse.ai,google,"{""google"": ""private""}",False,False,False,False,"step 7, "
nexx360.io,cloudflare,"{""cloudflare"": ""third""}",True,True,False,False,"step 5 (SOA), "
nfcube.com,cloudflare,"{""cloudflare"": ""third""}",True,True,False,False,"step 5 (SOA), "
nfl.com,fastly,"{""fastly"": ""third""}",True,True,False,False,"step 6, "
nflxext.com,netflix|amazon,"{""netflix"": ""private"", ""amazon"": ""third""}",True,False,True,False,"step 2, step 5 (SOA), "
nflximg.com,netflix|amazon,"{""netflix"": ""private"", ""amazon"": ""third""}",True,False,True,False,"step 2, step 5 (SOA), "
nflximg.net,netflix|amazon,"{""netflix"": ""private"", ""amazon"": ""third""}",True,False,True,False,"step 2, step 5 (SOA), "
nflxso.net,netflix,"{""netflix"": ""private""}",False,False,False,False,"step 2, "
nflxvideo.net,netflix|amazon,"{""netflix"": ""private"", ""amazon"": ""third""}",True,False,True,False,"step 2, step 5 (SOA), "
ngenix.net,ngenix,"{""ngenix"": ""private""}",False,False,False,False,"step 2, "
ngrok-agent.com,amazon,"{""amazon"": ""third""}",True,True,False,False,"step 5 (SOA), "
ngrok-free.dev,amazon,"{""amazon"": ""third""}",True,True,False,False,"step 5 (SOA), "
ngrok.com,amazon,"{""amazon"": ""third""}",True,True,False,False,"step 5 (SOA), "
ngrok.io,amazon,"{""amazon"": ""third""}",True,True,False,False,"step 5 (SOA), "
ngtv.io,amazon,"{""amazon"": ""third""}",True,True,False,False,"step 5 (SOA), "
ngxcld.com,amazon,"{""amazon"": ""third""}",True,True,False,False,"step 5 (SOA), "
nhentai.net,cloudflare,"{""cloudflare"": ""third""}",True,True,False,False,"step 5 (SOA), "
nhs.uk,akamai,"{""akamai"": ""third""}",True,True,False,False,"step 6, "
nianticlabs.com,google,"{""google"": ""third""}",True,True,False,False,"step 5 (SOA), "
nianticspatial.com,google,"{""google"": ""third""}",True,True,False,False,"step 5 (SOA), "
nic.in,akamai,"{""akamai"": ""third""}",True,True,False,False,"step 6, "
nice-incontact.com,amazon,"{""amazon"": ""third""}",True,True,False,False,"step 5 (SOA), "
nice-team.net,cloudflare,"{""cloudflare"": ""third""}",True,True,False,False,"step 5 (SOA), "
nicegram.cloud,cloudflare,"{""cloudflare"": ""third""}",True,True,False,False,"step 5 (SOA), "
nicehash.com,cloudflare,"{""cloudflare"": ""third""}",True,True,False,False,"step 5 (SOA), "
niceincontact.com,amazon,"{""amazon"": ""third""}",True,True,False,False,"step 5 (SOA), "
nicovideo.jp,amazon,"{""amazon"": ""private""}",False,False,False,False,"step 5 (SOA), "
nielsencollections.com,amazon,"{""amazon"": ""third""}",True,True,False,False,"step 5 (SOA), "
nih.gov,cloudflare,"{""cloudflare"": ""third""}",True,True,False,False,"step 6, "
nike.com,akamai,"{""akamai"": ""third""}",True,True,False,False,"step 6, "
nike.com.br,akamai,"{""akamai"": ""third""}",True,True,False,False,"step 7, "
nikke-kr.com,tencent,"{""tencent"": ""third""}",True,True,False,False,"step 6, "
nikkei.com,amazon|fastly,"{""amazon"": ""third"", ""fastly"": ""third""}",True,False,True,True,"step 5 (SOA), step 6, "
nimblestorage.com,amazon,"{""amazon"": ""third""}",True,True,False,False,"step 6, "
nimo.tv,amazon|twitter,"{""amazon"": ""third"", ""twitter"": ""third""}",True,False,True,True,"step 5 (SOA), step 6, "
ninebot.com,microsoft,"{""microsoft"": ""third""}",True,True,False,False,"step 6, "
ning.com,amazon,"{""amazon"": ""third""}",True,True,False,False,"step 5 (SOA), "
ninjarmm.com,amazon|cloudflare,"{""amazon"": ""private"", ""cloudflare"": ""private""}",False,False,True,False,"step 5 (SOA), step 7, "
ninjarmm.net,amazon,"{""amazon"": ""third""}",True,True,False,False,"step 5 (SOA), "
nintendo.com,amazon|fastly,"{""amazon"": ""third"", ""fastly"": ""third""}",True,False,True,True,"step 5 (SOA), step 6, "
nintendo.net,amazon,"{""amazon"": ""third""}",True,True,False,False,"step 5 (SOA), "
nit.ro,cloudflare,"{""cloudflare"": ""third""}",True,True,False,False,"step 5 (SOA), "
nitrocdn.com,cloudflare,"{""cloudflare"": ""third""}",True,True,False,False,"step 5 (SOA), "
nitrocnct.com,cloudflare,"{""cloudflare"": ""third""}",True,True,False,False,"step 5 (SOA), "
nitropay.com,cloudflare|google,"{""cloudflare"": ""third"", ""google"": ""third""}",True,False,True,True,"step 5 (SOA), step 7, "
nizza.com,amazon,"{""amazon"": ""third""}",True,True,False,False,"step 5 (SOA), "
nmgassets.com,amazon|google,"{""amazon"": ""third"", ""google"": ""third""}",True,False,True,True,"step 5 (SOA), step 7, "
nmn.io,amazon,"{""amazon"": ""third""}",True,True,False,False,"step 5 (SOA), "
nnmclub.to,cloudflare,"{""cloudflare"": ""third""}",True,True,False,False,"step 5 (SOA), "
no-protect.com,amazon,"{""amazon"": ""third""}",True,True,False,False,"step 6, "
noaa.gov,amazon,"{""amazon"": ""third""}",True,True,False,False,"step 6, "
nocookie.net,fastly|amazon,"{""fastly"": ""private"", ""amazon"": ""third""}",True,False,True,False,"step 2, step 5 (SOA), "
nodecast.com,cloudflare,"{""cloudflare"": ""third""}",True,True,False,False,"step 5 (SOA), "
nodejs.org,cloudflare,"{""cloudflare"": ""third""}",True,True,False,False,"step 5 (SOA), "
nodereal.io,amazon,"{""amazon"": ""third""}",True,True,False,False,"step 5 (SOA), "
nodesource.com,amazon,"{""amazon"": ""private""}",False,False,False,False,"step 5 (SOA), "
noibu.com,amazon,"{""amazon"": ""third""}",True,True,False,False,"step 5 (SOA), "
nokia.com,akamai,"{""akamai"": ""third""}",True,True,False,False,"step 6, "
noodlemagazine.com,cloudflare,"{""cloudflare"": ""third""}",True,True,False,False,"step 5 (SOA), "
noon.com,cloudflare|akamai,"{""cloudflare"": ""private"", ""akamai"": ""private""}",False,False,True,False,"step 5 (SOA), step 6, "
nooncdn.com,cloudflare,"{""cloudflare"": ""third""}",True,True,False,False,"step 5 (SOA), "
nordcdn.com,cloudflare,"{""cloudflare"": ""third""}",True,True,False,False,"step 5 (SOA), "
nordpass.com,cloudflare,"{""cloudflare"": ""third""}",True,True,False,False,"step 5 (SOA), "
nordstrom.com,fastly,"{""fastly"": ""third""}",True,True,False,False,"step 6, "
nordstromrack.com,fastly,"{""fastly"": ""third""}",True,True,False,False,"step 6, "
nordvpn.com,cloudflare,"{""cloudflare"": ""third""}",True,True,False,False,"step 5 (SOA), "
northwavepoint.com,amazon,"{""amazon"": ""third""}",True,True,False,False,"step 5 (SOA), "
norton.com,akamai,"{""akamai"": ""third""}",True,True,False,False,"step 6, "
nos.nl,amazon,"{""amazon"": ""third""}",True,True,False,False,"step 5 (SOA), "
noskomnadzor.co.uk,cloudflare,"{""cloudflare"": ""third""}",True,True,False,False,"step 5 (SOA), "
nosto.com,amazon,"{""amazon"": ""third""}",True,True,False,False,"step 5 (SOA), "
note.com,amazon,"{""amazon"": ""third""}",True,True,False,False,"step 5 (SOA), "
notelega.co.uk,cloudflare,"{""cloudflare"": ""third""}",True,True,False,False,"step 5 (SOA), "
nothingtech.link,amazon,"{""amazon"": ""third""}",True,True,False,False,"step 5 (SOA), "
notifadz.com,amazon,"{""amazon"": ""third""}",True,True,False,False,"step 6, "
notifpush.com,cloudflare,"{""cloudflare"": ""third""}",True,True,False,False,"step 5 (SOA), "
notion.com,cloudflare,"{""cloudflare"": ""third""}",True,True,False,False,"step 5 (SOA), "
notion.site,cloudflare,"{""cloudflare"": ""third""}",True,True,False,False,"step 5 (SOA), "
notion.so,cloudflare,"{""cloudflare"": ""third""}",True,True,False,False,"step 5 (SOA), "
now.gg,amazon,"{""amazon"": ""third""}",True,True,False,False,"step 5 (SOA), "
nownodes.io,cloudflare,"{""cloudflare"": ""third""}",True,True,False,False,"step 5 (SOA), "
nowtv.com,akamai,"{""akamai"": ""third""}",True,True,False,False,"step 6, "
npaw.com,amazon,"{""amazon"": ""private""}",False,False,False,False,"step 5 (SOA), "
nperf.com,cloudflare,"{""cloudflare"": ""third""}",True,True,False,False,"step 5 (SOA), "
npmjs.com,cloudflare,"{""cloudflare"": ""third""}",True,True,False,False,"step 5 (SOA), "
npmjs.org,cloudflare,"{""cloudflare"": ""third""}",True,True,False,False,"step 5 (SOA), "
npr.org,amazon|akamai,"{""amazon"": ""third"", ""akamai"": ""third""}",True,False,True,True,"step 5 (SOA), step 6, "
npttech.com,cloudflare,"{""cloudflare"": ""third""}",True,True,False,False,"step 5 (SOA), "
nrich.ai,amazon,"{""amazon"": ""private""}",False,False,False,False,"step 5 (SOA), "
nrk.no,akamai,"{""akamai"": ""third""}",True,True,False,False,"step 6, "
ns2online.com.br,amazon,"{""amazon"": ""third""}",True,True,False,False,"step 5 (SOA), "
ntnltech.com,amazon,"{""amazon"": ""third""}",True,True,False,False,"step 5 (SOA), "
ntp-fireos.com,amazon,"{""amazon"": ""third""}",True,True,False,False,"step 5 (SOA), "
ntp2-sync.com,cloudflare,"{""cloudflare"": ""third""}",True,True,False,False,"step 5 (SOA), "
ntppool.org,fastly,"{""fastly"": ""private""}",False,False,False,False,"step 6, "
ntv.io,amazon,"{""amazon"": ""third""}",True,True,False,False,"step 5 (SOA), "
nu.international,amazon,"{""amazon"": ""third""}",True,True,False,False,"step 5 (SOA), "
nu.nl,akamai,"{""akamai"": ""third""}",True,True,False,False,"step 6, "
nuance.com,digicert|akamai,"{""digicert"": ""third"", ""akamai"": ""third""}",True,False,True,True,"step 5 (SOA), step 6, "
nuancemobility.net,microsoft,"{""microsoft"": ""third""}",True,True,False,False,"step 5 (SOA), "
nubank.com.br,amazon,"{""amazon"": ""third""}",True,True,False,False,"step 5 (SOA), "
nubia.com,tencent,"{""tencent"": ""third""}",True,True,False,False,"step 6, "
nuevotor.cam,cloudflare,"{""cloudflare"": ""third""}",True,True,False,False,"step 5 (SOA), "
nuget.org,microsoft,"{""microsoft"": ""third""}",True,True,False,False,"step 5 (SOA), "
nullsproxy.com,cloudflare,"{""cloudflare"": ""third""}",True,True,False,False,"step 5 (SOA), "
numista.com,cloudflare,"{""cloudflare"": ""third""}",True,True,False,False,"step 5 (SOA), "
nus.edu.sg,imperva,"{""imperva"": ""third""}",True,True,False,False,"step 6, "
nutanix.com,amazon|akamai,"{""amazon"": ""third"", ""akamai"": ""third""}",True,False,True,True,"step 5 (SOA), step 6, "
nvidia.com,akamai,"{""akamai"": ""third""}",True,True,False,False,"step 6, "
nvidiagrid.net,amazon,"{""amazon"": ""third""}",True,True,False,False,"step 6, "
nxp.com,akamai,"{""akamai"": ""third""}",True,True,False,False,"step 6, "
nxvms.com,amazon,"{""amazon"": ""third""}",True,True,False,False,"step 5 (SOA), "
ny.gov,cloudflare,"{""cloudflare"": ""third""}",True,True,False,False,"step 6, "
nyaa.vc,cloudflare,"{""cloudflare"": ""third""}",True,True,False,False,"step 5 (SOA), "
nyaatracker.com,cloudflare,"{""cloudflare"": ""third""}",True,True,False,False,"step 5 (SOA), "
nypost.com,amazon,"{""amazon"": ""third""}",True,True,False,False,"step 5 (SOA), "
nyt.com,amazon|fastly,"{""amazon"": ""third"", ""fastly"": ""third""}",True,False,True,True,"step 5 (SOA), step 6, "
nytimes.com,amazon|fastly,"{""amazon"": ""private"", ""fastly"": ""private""}",False,False,True,False,"step 5 (SOA), step 6, "
nytrng.com,amazon,"{""amazon"": ""third""}",True,True,False,False,"step 5 (SOA), "
nyu.edu,amazon,"{""amazon"": ""third""}",True,True,False,False,"step 6, "
nzbfinder.ws,cloudflare,"{""cloudflare"": ""third""}",True,True,False,False,"step 5 (SOA), "
nzbgeek.info,cloudflare,"{""cloudflare"": ""third""}",True,True,False,False,"step 5 (SOA), "
o2.co.uk,microsoft,"{""microsoft"": ""third""}",True,True,False,False,"step 6, "
o365weve.com,microsoft,"{""microsoft"": ""third""}",True,True,False,False,"step 5 (SOA), "
oaistatic.com,cloudflare,"{""cloudflare"": ""third""}",True,True,False,False,"step 5 (SOA), "
oaistatsig.com,cloudflare,"{""cloudflare"": ""third""}",True,True,False,False,"step 5 (SOA), "
oaiusercontent.com,cloudflare,"{""cloudflare"": ""third""}",True,True,False,False,"step 5 (SOA), "
oanda.com,cloudflare,"{""cloudflare"": ""third""}",True,True,False,False,"step 5 (SOA), "
oath.cloud,yahoo,"{""yahoo"": ""third""}",True,True,False,False,"step 5 (SOA), "
oath.com,yahoo|amazon,"{""yahoo"": ""third"", ""amazon"": ""third""}",True,False,True,True,"step 5 (SOA), step 6, "
obihai.com,amazon,"{""amazon"": ""third""}",True,True,False,False,"step 5 (SOA), "
obiwankenode.com,amazon,"{""amazon"": ""third""}",True,True,False,False,"step 5 (SOA), "
observeit.net,amazon,"{""amazon"": ""third""}",True,True,False,False,"step 5 (SOA), "
obsidian.md,cloudflare,"{""cloudflare"": ""third""}",True,True,False,False,"step 5 (SOA), "
ocean-components.com,cloudflare,"{""cloudflare"": ""third""}",True,True,False,False,"step 5 (SOA), "
ocmhood.com,cloudflare,"{""cloudflare"": ""third""}",True,True,False,False,"step 5 (SOA), "
ocmthood.com,cloudflare,"{""cloudflare"": ""third""}",True,True,False,False,"step 5 (SOA), "
octo25.me,cloudflare,"{""cloudflare"": ""third""}",True,True,False,False,"step 5 (SOA), "
octobrowser.net,cloudflare,"{""cloudflare"": ""third""}",True,True,False,False,"step 5 (SOA), "
octopus.energy,amazon,"{""amazon"": ""third""}",True,True,False,False,"step 5 (SOA), "
oculus.com,meta,"{""meta"": ""third""}",True,True,False,False,"step 5 (SOA), "
oculuscdn.com,meta,"{""meta"": ""third""}",True,True,False,False,"step 5 (SOA), "
od-cdn.com,microsoft,"{""microsoft"": ""third""}",True,True,False,False,"step 5 (SOA), "
ofcs.top,cloudflare,"{""cloudflare"": ""third""}",True,True,False,False,"step 5 (SOA), "
offerup.com,cloudflare,"{""cloudflare"": ""third""}",True,True,False,False,"step 5 (SOA), "
office.com,microsoft,"{""microsoft"": ""third""}",True,True,False,False,"step 5 (SOA), "
office.net,microsoft,"{""microsoft"": ""third""}",True,True,False,False,"step 5 (SOA), "
office365-net.us,microsoft,"{""microsoft"": ""private""}",False,False,False,False,"step 3, "
office365.com,microsoft,"{""microsoft"": ""private""}",False,False,False,False,"step 3, "
office365.us,microsoft,"{""microsoft"": ""private""}",False,False,False,False,"step 3, "
offshor.co.uk,cloudflare,"{""cloudflare"": ""third""}",True,True,False,False,"step 5 (SOA), "
oiq.onl,cloudflare,"{""cloudflare"": ""third""}",True,True,False,False,"step 5 (SOA), "
ojrq.net,amazon,"{""amazon"": ""third""}",True,True,False,False,"step 5 (SOA), "
okcupid.com,cloudflare,"{""cloudflare"": ""third""}",True,True,False,False,"step 7, "
okendo.io,amazon|wordpress,"{""amazon"": ""third"", ""wordpress"": ""third""}",True,False,True,True,"step 5 (SOA), step 6, "
okex.org,amazon,"{""amazon"": ""third""}",True,True,False,False,"step 5 (SOA), "
okjds8z.com,cloudflare,"{""cloudflare"": ""third""}",True,True,False,False,"step 5 (SOA), "
oklink.com,cloudflare,"{""cloudflare"": ""third""}",True,True,False,False,"step 6, "
okta-emea.com,amazon,"{""amazon"": ""third""}",True,True,False,False,"step 5 (SOA), "
okta.com,amazon|cloudflare,"{""amazon"": ""third"", ""cloudflare"": ""third""}",True,False,True,True,"step 5 (SOA), step 6, "
oktacdn.com,amazon,"{""amazon"": ""third""}",True,True,False,False,"step 5 (SOA), "
oktapreview.com,amazon,"{""amazon"": ""third""}",True,True,False,False,"step 5 (SOA), "
okx-doh.com,amazon|cloudflare,"{""amazon"": ""third"", ""cloudflare"": ""third""}",True,False,True,True,"step 5 (SOA), step 6, "
okx-httpdns.com,amazon|cloudflare,"{""amazon"": ""third"", ""cloudflare"": ""third""}",True,False,True,True,"step 5 (SOA), step 6, "
okx.ac,amazon|cloudflare,"{""amazon"": ""third"", ""cloudflare"": ""third""}",True,False,True,True,"step 5 (SOA), step 6, "
okx.cab,amazon,"{""amazon"": ""third""}",True,True,False,False,"step 5 (SOA), "
okx.com,amazon|cloudflare,"{""amazon"": ""third"", ""cloudflare"": ""third""}",True,False,True,True,"step 5 (SOA), step 6, "
olark.com,google|cloudflare,"{""google"": ""third"", ""cloudflare"": ""third""}",True,False,True,True,"step 5 (SOA), step 6, "
ollama.com,cloudflare|google,"{""cloudflare"": ""third"", ""google"": ""third""}",True,False,True,True,"step 5 (SOA), step 7, "
olo.com,amazon,"{""amazon"": ""third""}",True,True,False,False,"step 5 (SOA), "
olx-st.com,amazon,"{""amazon"": ""third""}",True,True,False,False,"step 5 (SOA), "
olx.com.br,amazon|cloudflare,"{""amazon"": ""third"", ""cloudflare"": ""third""}",True,False,True,True,"step 5 (SOA), step 6, "
olx.in,amazon|akamai,"{""amazon"": ""third"", ""akamai"": ""third""}",True,False,True,True,"step 5 (SOA), step 6, "
olx.org,amazon,"{""amazon"": ""third""}",True,True,False,False,"step 5 (SOA), "
olx.pl,amazon,"{""amazon"": ""third""}",True,True,False,False,"step 6, "
olx.ua,amazon,"{""amazon"": ""third""}",True,True,False,False,"step 6, "
olxcdn.com,amazon,"{""amazon"": ""third""}",True,True,False,False,"step 5 (SOA), "
olympics.com,akamai,"{""akamai"": ""third""}",True,True,False,False,"step 6, "
omappapi.com,cloudflare,"{""cloudflare"": ""third""}",True,True,False,False,"step 5 (SOA), "
omegatheme.com,cloudflare,"{""cloudflare"": ""third""}",True,True,False,False,"step 5 (SOA), "
omhthe.com,cloudflare,"{""cloudflare"": ""third""}",True,True,False,False,"step 5 (SOA), "
omni-dex.io,cloudflare,"{""cloudflare"": ""third""}",True,True,False,False,"step 5 (SOA), "
omnilojoapps.com,cloudflare,"{""cloudflare"": ""third""}",True,True,False,False,"step 5 (SOA), "
omnipodcloud.com,amazon,"{""amazon"": ""third""}",True,True,False,False,"step 5 (SOA), "
omniroot.com,twitter,"{""twitter"": ""private""}",False,False,False,False,"step 6, "
omnisendlink.com,cloudflare,"{""cloudflare"": ""third""}",True,True,False,False,"step 5 (SOA), "
omnisnippet1.com,cloudflare,"{""cloudflare"": ""third""}",True,True,False,False,"step 5 (SOA), "
omnitagjs.com,amazon,"{""amazon"": ""third""}",True,True,False,False,"step 5 (SOA), "
omnititanemail.com,cloudflare,"{""cloudflare"": ""third""}",True,True,False,False,"step 5 (SOA), "
omtrdc.net,adobe,"{""adobe"": ""private""}",False,False,False,False,"step 2, "
on.aws,amazon,"{""amazon"": ""private""}",False,False,False,False,"step 3, "
on.com,cloudflare,"{""cloudflare"": ""third""}",True,True,False,False,"step 5 (SOA), "
on3.com,cloudflare,"{""cloudflare"": ""third""}",True,True,False,False,"step 5 (SOA), "
onclckstr.com,cloudflare,"{""cloudflare"": ""third""}",True,True,False,False,"step 5 (SOA), "
ondigitalocean.app,cloudflare,"{""cloudflare"": ""third""}",True,True,False,False,"step 5 (SOA), "
ondigitalocean.com,cloudflare,"{""cloudflare"": ""third""}",True,True,False,False,"step 5 (SOA), "
one-new-message-okay.com,cloudflare,"{""cloudflare"": ""third""}",True,True,False,False,"step 5 (SOA), "
one.bid,cloudflare,"{""cloudflare"": ""third""}",True,True,False,False,"step 5 (SOA), "
one2car.com,cloudflare,"{""cloudflare"": ""third""}",True,True,False,False,"step 5 (SOA), "
oneadtag.com,cloudflare,"{""cloudflare"": ""third""}",True,True,False,False,"step 5 (SOA), "
onedrive.com,microsoft,"{""microsoft"": ""third""}",True,True,False,False,"step 5 (SOA), "
onefootball.com,akamai,"{""akamai"": ""third""}",True,True,False,False,"step 6, "
oneget.org,microsoft,"{""microsoft"": ""third""}",True,True,False,False,"step 5 (SOA), "
onegg.site,amazon,"{""amazon"": ""third""}",True,True,False,False,"step 5 (SOA), "
oneindia.com,cloudflare,"{""cloudflare"": ""third""}",True,True,False,False,"step 5 (SOA), "
onelink.me,amazon,"{""amazon"": ""third""}",True,True,False,False,"step 5 (SOA), "
onelouder.com,amazon|microsoft,"{""amazon"": ""third"", ""microsoft"": ""third""}",True,False,True,True,"step 5 (SOA), step 6, "
onenote.com,microsoft,"{""microsoft"": ""third""}",True,True,False,False,"step 6, "
onenote.net,microsoft,"{""microsoft"": ""third""}",True,True,False,False,"step 5 (SOA), "
onepeloton.com,cloudflare|vercel,"{""cloudflare"": ""third"", ""vercel"": ""third""}",True,False,True,True,"step 5 (SOA), step 6, "
oneplus.com,amazon|akamai,"{""amazon"": ""third"", ""akamai"": ""third""}",True,False,True,True,"step 5 (SOA), step 6, "
oneprotaro.com,microsoft,"{""microsoft"": ""third""}",True,True,False,False,"step 6, "
onesignal.com,cloudflare,"{""cloudflare"": ""third""}",True,True,False,False,"step 5 (SOA), "
onestate.space,cloudflare,"{""cloudflare"": ""third""}",True,True,False,False,"step 5 (SOA), "
onestore.ms,microsoft,"{""microsoft"": ""third""}",True,True,False,False,"step 5 (SOA), "
onetrust.com,cloudflare,"{""cloudflare"": ""third""}",True,True,False,False,"step 5 (SOA), "
onetrust.io,cloudflare,"{""cloudflare"": ""third""}",True,True,False,False,"step 5 (SOA), "
onfinality.io,amazon,"{""amazon"": ""third""}",True,True,False,False,"step 5 (SOA), "
online-metrix.net,cloudflare,"{""cloudflare"": ""third""}",True,True,False,False,"step 5 (SOA), "
onlineradiobox.com,cloudflare,"{""cloudflare"": ""third""}",True,True,False,False,"step 5 (SOA), "
onlyfans.com,amazon,"{""amazon"": ""third""}",True,True,False,False,"step 5 (SOA), "
onlymonster.ai,cloudflare,"{""cloudflare"": ""third""}",True,True,False,False,"step 5 (SOA), "
onmicrosoft.com,microsoft,"{""microsoft"": ""private""}",False,False,False,False,"step 3, "
onrender.com,render|amazon,"{""render"": ""private"", ""amazon"": ""third""}",True,False,True,False,"step 2, step 5 (SOA), "
onstove.com,amazon|akamai,"{""amazon"": ""third"", ""akamai"": ""third""}",True,False,True,True,"step 5 (SOA), step 6, "
onthe.io,amazon,"{""amazon"": ""third""}",True,True,False,False,"step 5 (SOA), "
onthemarket.com,amazon,"{""amazon"": ""third""}",True,True,False,False,"step 5 (SOA), "
onzoom.com,amazon,"{""amazon"": ""third""}",True,True,False,False,"step 5 (SOA), "
ooklaserver.net,amazon,"{""amazon"": ""third""}",True,True,False,False,"step 5 (SOA), "
ooma.com,imperva,"{""imperva"": ""third""}",True,True,False,False,"step 6, "
op.gg,amazon,"{""amazon"": ""third""}",True,True,False,False,"step 5 (SOA), "
opayweb.com,amazon|akamai,"{""amazon"": ""third"", ""akamai"": ""third""}",True,False,True,True,"step 5 (SOA), step 6, "
opecloud.com,amazon,"{""amazon"": ""third""}",True,True,False,False,"step 5 (SOA), "
open-meteo.com,cloudflare,"{""cloudflare"": ""third""}",True,True,False,False,"step 5 (SOA), "
open.video,cloudflare,"{""cloudflare"": ""third""}",True,True,False,False,"step 5 (SOA), "
openai.com,microsoft|cloudflare,"{""microsoft"": ""third"", ""cloudflare"": ""third""}",True,False,True,True,"step 5 (SOA), step 6, "
openai.org,microsoft,"{""microsoft"": ""third""}",True,True,False,False,"step 5 (SOA), "
opencode.ai,cloudflare,"{""cloudflare"": ""third""}",True,True,False,False,"step 5 (SOA), "
opendota.com,cloudflare,"{""cloudflare"": ""third""}",True,True,False,False,"step 5 (SOA), "
opendsp.ru,cloudflare,"{""cloudflare"": ""third""}",True,True,False,False,"step 5 (SOA), "
openfpcdn.io,amazon,"{""amazon"": ""third""}",True,True,False,False,"step 5 (SOA), "
openoffice.org,amazon,"{""amazon"": ""third""}",True,True,False,False,"step 5 (SOA), "
openrouter.ai,cloudflare,"{""cloudflare"": ""third""}",True,True,False,False,"step 5 (SOA), "
opensea.io,cloudflare,"{""cloudflare"": ""third""}",True,True,False,False,"step 5 (SOA), "
opensignal.com,amazon,"{""amazon"": ""third""}",True,True,False,False,"step 5 (SOA), "
openssp.ru,cloudflare,"{""cloudflare"": ""third""}",True,True,False,False,"step 5 (SOA), "
openstreetmap.org,cloudflare|fastly,"{""cloudflare"": ""third"", ""fastly"": ""third""}",True,False,True,True,"step 5 (SOA), step 6, "
opensubtitles.com,cloudflare,"{""cloudflare"": ""third""}",True,True,False,False,"step 5 (SOA), "
opensubtitles.org,cloudflare,"{""cloudflare"": ""third""}",True,True,False,False,"step 5 (SOA), "
opentable.com,akamai,"{""akamai"": ""third""}",True,True,False,False,"step 6, "
opentorrent.top,cloudflare,"{""cloudflare"": ""third""}",True,True,False,False,"step 5 (SOA), "
openvpn.net,cloudflare,"{""cloudflare"": ""third""}",True,True,False,False,"step 5 (SOA), "
openweathermap.org,amazon,"{""amazon"": ""private""}",False,False,False,False,"step 5 (SOA), "
openweb.com,amazon|cloudflare,"{""amazon"": ""third"", ""cloudflare"": ""third""}",True,False,True,True,"step 5 (SOA), step 7, "
openwebmp.com,amazon,"{""amazon"": ""third""}",True,True,False,False,"step 5 (SOA), "
openwebtorrent.com,cloudflare|twitter|fastly,"{""cloudflare"": ""private"", ""twitter"": ""private"", ""fastly"": ""private""}",False,False,True,False,"step 5 (SOA), step 6, step 7, "
openx.net,google,"{""google"": ""third""}",True,True,False,False,"step 5 (SOA), "
openxcdn.net,google,"{""google"": ""third""}",True,True,False,False,"step 5 (SOA), "
opera.com,opera,"{""opera"": ""private""}",False,False,False,False,"step 2, "
operacdn.com,opera,"{""opera"": ""private""}",False,False,False,False,"step 2, "
opifors.com,cloudflare,"{""cloudflare"": ""third""}",True,True,False,False,"step 5 (SOA), "
opsgenie.com,amazon,"{""amazon"": ""third""}",True,True,False,False,"step 5 (SOA), "
opswarpy.com,cloudflare,"{""cloudflare"": ""third""}",True,True,False,False,"step 5 (SOA), "
opta.net,amazon,"{""amazon"": ""third""}",True,True,False,False,"step 5 (SOA), "
optable.co,google,"{""google"": ""third""}",True,True,False,False,"step 5 (SOA), "
opti-digital.com,cloudflare,"{""cloudflare"": ""third""}",True,True,False,False,"step 5 (SOA), "
optifyr.com,cloudflare,"{""cloudflare"": ""third""}",True,True,False,False,"step 5 (SOA), "
optimai.network,cloudflare,"{""cloudflare"": ""third""}",True,True,False,False,"step 5 (SOA), "
optimise.net,google,"{""google"": ""third""}",True,True,False,False,"step 5 (SOA), "
optimizely.com,cloudflare,"{""cloudflare"": ""third""}",True,True,False,False,"step 5 (SOA), "
optimonk.com,netlify,"{""netlify"": ""third""}",True,True,False,False,"step 6, "
optimove.net,amazon,"{""amazon"": ""third""}",True,True,False,False,"step 5 (SOA), "
optisigns.com,cloudflare,"{""cloudflare"": ""third""}",True,True,False,False,"step 5 (SOA), "
optum.com,fastly,"{""fastly"": ""third""}",True,True,False,False,"step 6, "
oracle.com,akamai,"{""akamai"": ""third""}",True,True,False,False,"step 6, "
oraclecloud.com,oracle|akamai,"{""oracle"": ""private"", ""akamai"": ""third""}",True,False,True,False,"step 2, step 6, "
orange.es,imperva,"{""imperva"": ""third""}",True,True,False,False,"step 6, "
orangeclickmedia.com,cloudflare,"{""cloudflare"": ""third""}",True,True,False,False,"step 5 (SOA), "
oray.com,alibaba,"{""alibaba"": ""third""}",True,True,False,False,"step 6, "
orb.ee,amazon,"{""amazon"": ""third""}",True,True,False,False,"step 5 (SOA), "
orcid.org,cloudflare,"{""cloudflare"": ""third""}",True,True,False,False,"step 5 (SOA), "
organicseurope.bio,cloudflare,"{""cloudflare"": ""third""}",True,True,False,False,"step 5 (SOA), "
origin.com,akamai,"{""akamai"": ""third""}",True,True,False,False,"step 6, "
os-content.com,cloudflare,"{""cloudflare"": ""third""}",True,True,False,False,"step 5 (SOA), "
osano.com,amazon,"{""amazon"": ""third""}",True,True,False,False,"step 5 (SOA), "
osdknw.com,cloudflare,"{""cloudflare"": ""third""}",True,True,False,False,"step 5 (SOA), "
osdkupdatenw.com,cloudflare,"{""cloudflare"": ""third""}",True,True,False,False,"step 5 (SOA), "
osu.edu,amazon,"{""amazon"": ""third""}",True,True,False,False,"step 6, "
oszar.com,cloudflare,"{""cloudflare"": ""third""}",True,True,False,False,"step 5 (SOA), "
ota-cloudfront.net,amazon,"{""amazon"": ""private""}",False,False,False,False,"step 3, "
otidapi.com,cloudflare,"{""cloudflare"": ""third""}",True,True,False,False,"step 5 (SOA), "
otter.ai,amazon,"{""amazon"": ""private""}",False,False,False,False,"step 5 (SOA), "
ottera.tv,amazon,"{""amazon"": ""third""}",True,True,False,False,"step 5 (SOA), "
otto.de,akamai,"{""akamai"": ""private""}",False,False,False,False,"step 6, "
oui-0x00199d.com,amazon,"{""amazon"": ""third""}",True,True,False,False,"step 5 (SOA), "
oundhertobeconsist.org,cloudflare,"{""cloudflare"": ""third""}",True,True,False,False,"step 5 (SOA), "
oup.com,amazon,"{""amazon"": ""third""}",True,True,False,False,"step 5 (SOA), "
ouraring.com,amazon,"{""amazon"": ""third""}",True,True,False,False,"step 5 (SOA), "
ourdream.ai,cloudflare|vercel,"{""cloudflare"": ""third"", ""vercel"": ""third""}",True,False,True,True,"step 5 (SOA), step 6, "
ousaqb.tech,amazon,"{""amazon"": ""third""}",True,True,False,False,"step 5 (SOA), "
outboundproxy.com,amazon,"{""amazon"": ""third""}",True,True,False,False,"step 5 (SOA), "
outbrain.com,akamai,"{""akamai"": ""third""}",True,True,False,False,"step 6, "
outcomes.net,amazon,"{""amazon"": ""third""}",True,True,False,False,"step 5 (SOA), "
outlook.cn,microsoft,"{""microsoft"": ""third""}",True,True,False,False,"step 5 (SOA), "
outlook.com,microsoft,"{""microsoft"": ""third""}",True,True,False,False,"step 5 (SOA), "
outreach.io,amazon,"{""amazon"": ""third""}",True,True,False,False,"step 5 (SOA), "
ouxyi.cash,amazon,"{""amazon"": ""third""}",True,True,False,False,"step 5 (SOA), "
ov1o.com,google,"{""google"": ""third""}",True,True,False,False,"step 5 (SOA), "
overdrive.com,microsoft|cachefly,"{""microsoft"": ""third"", ""cachefly"": ""third""}",True,False,True,True,"step 5 (SOA), step 6, "
overflow.biz,cloudflare,"{""cloudflare"": ""third""}",True,True,False,False,"step 5 (SOA), "
overwolf.com,amazon,"{""amazon"": ""third""}",True,True,False,False,"step 5 (SOA), "
ovh.com,ovh,"{""ovh"": ""private""}",False,False,False,False,"step 2, "
ovh.net,ovh,"{""ovh"": ""private""}",False,False,False,False,"step 2, "
ovhnextmillmedia.com,amazon,"{""amazon"": ""third""}",True,True,False,False,"step 5 (SOA), "
ovid.com,amazon|cloudflare,"{""amazon"": ""third"", ""cloudflare"": ""third""}",True,False,True,True,"step 5 (SOA), step 6, "
ovrc.com,amazon,"{""amazon"": ""third""}",True,True,False,False,"step 5 (SOA), "
owhealth.com,amazon,"{""amazon"": ""third""}",True,True,False,False,"step 5 (SOA), "
owletdata.com,google,"{""google"": ""private""}",False,False,False,False,"step 5 (SOA), "
oxidesurvival.com,cloudflare,"{""cloudflare"": ""third""}",True,True,False,False,"step 5 (SOA), "
oxylabs.io,cloudflare,"{""cloudflare"": ""third""}",True,True,False,False,"step 5 (SOA), "
oyorooms.com,akamai,"{""akamai"": ""third""}",True,True,False,False,"step 6, "
ozlinedsp.com,amazon,"{""amazon"": ""third""}",True,True,False,False,"step 5 (SOA), "
p-msedge.net,microsoft,"{""microsoft"": ""private""}",False,False,False,False,"step 3, "
p-n.io,amazon,"{""amazon"": ""third""}",True,True,False,False,"step 5 (SOA), "
p2bld.vip,cloudflare,"{""cloudflare"": ""third""}",True,True,False,False,"step 5 (SOA), "
p2elite.com,cloudflare,"{""cloudflare"": ""private""}",False,False,False,False,"step 5 (SOA), "
p3crowd.com,microsoft,"{""microsoft"": ""third""}",True,True,False,False,"step 5 (SOA), "
p7cloud.net,amazon,"{""amazon"": ""third""}",True,True,False,False,"step 5 (SOA), "
pa-cd.com,amazon,"{""amazon"": ""third""}",True,True,False,False,"step 5 (SOA), "
pa1mstore.com,amazon,"{""amazon"": ""third""}",True,True,False,False,"step 5 (SOA), "
paa-reporting-advertising.amazon,amazon,"{""amazon"": ""private""}",False,False,False,False,"step 3, "
pacer.cc,amazon,"{""amazon"": ""third""}",True,True,False,False,"step 5 (SOA), "
packagecloud.io,amazon,"{""amazon"": ""third""}",True,True,False,False,"step 5 (SOA), "
packagist.org,bunnycdn|amazon,"{""bunnycdn"": ""third"", ""amazon"": ""third""}",True,False,True,True,"step 5 (SOA), step 6, "
pacloudflare.com,cloudflare,"{""cloudflare"": ""private""}",False,False,False,False,"step 3, "
pacvue.com,cloudflare,"{""cloudflare"": ""third""}",True,True,False,False,"step 5 (SOA), "
paddle.com,cloudflare,"{""cloudflare"": ""third""}",True,True,False,False,"step 5 (SOA), "
paddypower.com,cloudflare,"{""cloudflare"": ""third""}",True,True,False,False,"step 5 (SOA), "
pagerduty.com,amazon|cloudflare,"{""amazon"": ""third"", ""cloudflare"": ""third""}",True,False,True,True,"step 5 (SOA), step 6, "
pages.dev,cloudflare,"{""cloudflare"": ""private""}",False,False,False,False,"step 2, "
palm.tech,alibaba,"{""alibaba"": ""third""}",True,True,False,False,"step 6, "
palmmerchant.com,amazon,"{""amazon"": ""third""}",True,True,False,False,"step 5 (SOA), "
palmpay.app,amazon,"{""amazon"": ""third""}",True,True,False,False,"step 5 (SOA), "
palmplaystore.com,amazon,"{""amazon"": ""third""}",True,True,False,False,"step 5 (SOA), "
palmst0re.com,amazon,"{""amazon"": ""third""}",True,True,False,False,"step 5 (SOA), "
paloaltonetworks.com,akamai,"{""akamai"": ""third""}",True,True,False,False,"step 6, "
panasonic.com,microsoft|akamai,"{""microsoft"": ""third"", ""akamai"": ""third""}",True,False,True,True,"step 5 (SOA), step 6, "
pancakeswap.finance,cloudflare,"{""cloudflare"": ""third""}",True,True,False,False,"step 5 (SOA), "
pandadoc.com,amazon,"{""amazon"": ""third""}",True,True,False,False,"step 5 (SOA), "
pandasecurity.com,amazon|akamai,"{""amazon"": ""third"", ""akamai"": ""third""}",True,False,True,True,"step 5 (SOA), step 6, "
pandect.es,cloudflare,"{""cloudflare"": ""third""}",True,True,False,False,"step 5 (SOA), "
pandora.net,cloudflare,"{""cloudflare"": ""third""}",True,True,False,False,"step 6, "
pangle-b.io,amazon,"{""amazon"": ""third""}",True,True,False,False,"step 5 (SOA), "
pango-cloud.com,amazon,"{""amazon"": ""third""}",True,True,False,False,"step 5 (SOA), "
pantheonsite.io,amazon,"{""amazon"": ""private""}",False,False,False,False,"step 5 (SOA), "
papercut.com,google,"{""google"": ""third""}",True,True,False,False,"step 5 (SOA), "
papermc.io,cloudflare,"{""cloudflare"": ""third""}",True,True,False,False,"step 5 (SOA), "
paradox-interactive.com,amazon,"{""amazon"": ""private""}",False,False,False,False,"step 5 (SOA), "
paramount.com,akamai,"{""akamai"": ""third""}",True,True,False,False,"step 6, "
paramountplus.com,fastly,"{""fastly"": ""third""}",True,True,False,False,"step 6, "
parastorage.com,wix|amazon,"{""wix"": ""private"", ""amazon"": ""third""}",True,False,True,False,"step 2, step 6, "
pardot.com,amazon,"{""amazon"": ""third""}",True,True,False,False,"step 6, "
pareci.net,amazon,"{""amazon"": ""third""}",True,True,False,False,"step 5 (SOA), "
parliament.uk,cloudflare,"{""cloudflare"": ""third""}",True,True,False,False,"step 6, "
parpos.com,amazon,"{""amazon"": ""third""}",True,True,False,False,"step 5 (SOA), "
parrot-flow.com,amazon,"{""amazon"": ""third""}",True,True,False,False,"step 5 (SOA), "
parsec.app,cloudflare,"{""cloudflare"": ""third""}",True,True,False,False,"step 5 (SOA), "
parsely.com,amazon,"{""amazon"": ""third""}",True,True,False,False,"step 5 (SOA), "
particlenews.com,amazon,"{""amazon"": ""third""}",True,True,False,False,"step 6, "
parttarget.com,imperva,"{""imperva"": ""third""}",True,True,False,False,"step 6, "
passeidireto.com,amazon,"{""amazon"": ""third""}",True,True,False,False,"step 5 (SOA), "
passport.com,twitter,"{""twitter"": ""third""}",True,True,False,False,"step 6, "
pastebin.com,cloudflare,"{""cloudflare"": ""third""}",True,True,False,False,"step 5 (SOA), "
pathofexile.com,cloudflare,"{""cloudflare"": ""third""}",True,True,False,False,"step 5 (SOA), "
patreon.com,cloudflare,"{""cloudflare"": ""third""}",True,True,False,False,"step 5 (SOA), "
patreonusercontent.com,cloudflare,"{""cloudflare"": ""third""}",True,True,False,False,"step 5 (SOA), "
pavv.co.kr,amazon,"{""amazon"": ""third""}",True,True,False,False,"step 5 (SOA), "
pawns.app,cloudflare,"{""cloudflare"": ""third""}",True,True,False,False,"step 5 (SOA), "
pawwalls.com,amazon,"{""amazon"": ""third""}",True,True,False,False,"step 5 (SOA), "
paychex.com,cloudflare,"{""cloudflare"": ""third""}",True,True,False,False,"step 6, "
paylocity.com,digicert|cloudflare,"{""digicert"": ""third"", ""cloudflare"": ""third""}",True,False,True,True,"step 5 (SOA), step 6, "
paynicorn.com,amazon,"{""amazon"": ""third""}",True,True,False,False,"step 5 (SOA), "
paypal.com,fastly,"{""fastly"": ""private""}",False,False,False,False,"step 6, "
paypalobjects.com,fastly,"{""fastly"": ""third""}",True,True,False,False,"step 6, "
paysafecard.com,amazon,"{""amazon"": ""third""}",True,True,False,False,"step 5 (SOA), "
paytm.com,amazon|cloudflare,"{""amazon"": ""third"", ""cloudflare"": ""third""}",True,False,True,True,"step 5 (SOA), step 6, "
pazucloud.com,amazon,"{""amazon"": ""third""}",True,True,False,False,"step 5 (SOA), "
pbbl.co,amazon,"{""amazon"": ""third""}",True,True,False,False,"step 5 (SOA), "
pbs.org,amazon,"{""amazon"": ""third""}",True,True,False,False,"step 5 (SOA), "
pbssrv-centralevents.com,amazon|google,"{""amazon"": ""private"", ""google"": ""private""}",False,False,True,False,"step 5 (SOA), step 7, "
pbstck.com,cloudflare,"{""cloudflare"": ""third""}",True,True,False,False,"step 5 (SOA), "
pbxai.com,amazon,"{""amazon"": ""third""}",True,True,False,False,"step 5 (SOA), "
pckqac.tech,amazon,"{""amazon"": ""third""}",True,True,False,False,"step 5 (SOA), "
pclead.co.uk,cloudflare,"{""cloudflare"": ""third""}",True,True,False,False,"step 5 (SOA), "
pcloud.com,amazon,"{""amazon"": ""private""}",False,False,False,False,"step 5 (SOA), "
pdf24.org,cloudflare,"{""cloudflare"": ""third""}",True,True,False,False,"step 5 (SOA), "
pdffiller.com,amazon|akamai,"{""amazon"": ""third"", ""akamai"": ""third""}",True,False,True,True,"step 5 (SOA), step 6, "
pdfreaderfreeview.com,google,"{""google"": ""third""}",True,True,False,False,"step 7, "
pdgame123.com,cloudflare,"{""cloudflare"": ""third""}",True,True,False,False,"step 5 (SOA), "
pdscrb.com,amazon,"{""amazon"": ""third""}",True,True,False,False,"step 5 (SOA), "
pdst.fm,google,"{""google"": ""third""}",True,True,False,False,"step 5 (SOA), "
peacocktv.com,akamai|twitter,"{""akamai"": ""third"", ""twitter"": ""third""}",True,False,True,True,"step 6, step 6, "
peakgames.net,amazon,"{""amazon"": ""private""}",False,False,False,False,"step 5 (SOA), "
peaksite.tech,amazon,"{""amazon"": ""third""}",True,True,False,False,"step 5 (SOA), "
pearson.com,akamai,"{""akamai"": ""third""}",True,True,False,False,"step 6, "
pebblepilot.com,amazon,"{""amazon"": ""third""}",True,True,False,False,"step 5 (SOA), "
peekyou.com,cloudflare,"{""cloudflare"": ""third""}",True,True,False,False,"step 5 (SOA), "
peer2profit.global,cloudflare,"{""cloudflare"": ""third""}",True,True,False,False,"step 5 (SOA), "
pelmorex.com,amazon,"{""amazon"": ""private""}",False,False,False,False,"step 5 (SOA), "
peloton.com,microsoft,"{""microsoft"": ""third""}",True,True,False,False,"step 5 (SOA), "
pendo.io,google,"{""google"": ""third""}",True,True,False,False,"step 5 (SOA), "
people.com,cloudflare,"{""cloudflare"": ""third""}",True,True,False,False,"step 7, "
people.com.cn,wangsu,"{""wangsu"": ""third""}",True,True,False,False,"step 6, "
peplink.com,cloudflare,"{""cloudflare"": ""third""}",True,True,False,False,"step 5 (SOA), "
percentagecal.com,cloudflare,"{""cloudflare"": ""third""}",True,True,False,False,"step 5 (SOA), "
perchance.org,cloudflare,"{""cloudflare"": ""third""}",True,True,False,False,"step 5 (SOA), "
perfdrive.com,amazon,"{""amazon"": ""third""}",True,True,False,False,"step 5 (SOA), "
perfops.net,netlify,"{""netlify"": ""third""}",True,True,False,False,"step 6, "
performaized.com,amazon,"{""amazon"": ""third""}",True,True,False,False,"step 5 (SOA), "
performax.cz,cloudflare,"{""cloudflare"": ""private""}",False,False,False,False,"step 5 (SOA), "
performfeeds.com,amazon|akamai,"{""amazon"": ""third"", ""akamai"": ""third""}",True,False,True,True,"step 5 (SOA), step 6, "
performgroup.com,amazon|wordpress,"{""amazon"": ""third"", ""wordpress"": ""third""}",True,False,True,True,"step 5 (SOA), step 6, "
perimeter81.com,amazon,"{""amazon"": ""third""}",True,True,False,False,"step 5 (SOA), "
perimeterx.net,google,"{""google"": ""third""}",True,True,False,False,"step 5 (SOA), "
permutive.app,cloudflare,"{""cloudflare"": ""third""}",True,True,False,False,"step 5 (SOA), "
permutive.com,cloudflare,"{""cloudflare"": ""third""}",True,True,False,False,"step 5 (SOA), "
perplexity.ai,cloudflare,"{""cloudflare"": ""third""}",True,True,False,False,"step 5 (SOA), "
petco.com,cloudflare,"{""cloudflare"": ""third""}",True,True,False,False,"step 5 (SOA), "
petsmart.com,akamai,"{""akamai"": ""third""}",True,True,False,False,"step 6, "
pexels.com,cloudflare,"{""cloudflare"": ""third""}",True,True,False,False,"step 5 (SOA), "
pghub.io,google,"{""google"": ""third""}",True,True,False,False,"step 5 (SOA), "
pgoriginad.com,cloudflare,"{""cloudflare"": ""third""}",True,True,False,False,"step 5 (SOA), "
phantom.app,cloudflare,"{""cloudflare"": ""third""}",True,True,False,False,"step 5 (SOA), "
phenompeople.com,amazon,"{""amazon"": ""third""}",True,True,False,False,"step 5 (SOA), "
philo.com,amazon,"{""amazon"": ""third""}",True,True,False,False,"step 5 (SOA), "
phone.com,cloudflare,"{""cloudflare"": ""third""}",True,True,False,False,"step 6, "
phonepe.com,amazon|cloudflare,"{""amazon"": ""third"", ""cloudflare"": ""third""}",True,False,True,True,"step 5 (SOA), step 6, "
photobucket.com,amazon,"{""amazon"": ""third""}",True,True,False,False,"step 5 (SOA), "
photonengine.io,amazon,"{""amazon"": ""third""}",True,True,False,False,"step 5 (SOA), "
photorecoverplus.com,cloudflare,"{""cloudflare"": ""third""}",True,True,False,False,"step 5 (SOA), "
photorecoverswift.com,cloudflare,"{""cloudflare"": ""third""}",True,True,False,False,"step 5 (SOA), "
photoroom.com,cloudflare,"{""cloudflare"": ""third""}",True,True,False,False,"step 5 (SOA), "
php.net,bunnycdn,"{""bunnycdn"": ""third""}",True,True,False,False,"step 6, "
phxfeeds.com,amazon|google,"{""amazon"": ""third"", ""google"": ""third""}",True,False,True,True,"step 5 (SOA), step 7, "
piano.io,cloudflare,"{""cloudflare"": ""third""}",True,True,False,False,"step 5 (SOA), "
picacomic.com,cloudflare,"{""cloudflare"": ""third""}",True,True,False,False,"step 5 (SOA), "
picclickimg.com,akamai,"{""akamai"": ""third""}",True,True,False,False,"step 6, "
picdn.vip,cloudflare,"{""cloudflare"": ""private""}",False,False,False,False,"step 5 (SOA), "
picks.my,amazon,"{""amazon"": ""third""}",True,True,False,False,"step 5 (SOA), "
picpay.com,amazon,"{""amazon"": ""third""}",True,True,False,False,"step 5 (SOA), "
picsart.com,amazon|cloudflare,"{""amazon"": ""third"", ""cloudflare"": ""third""}",True,False,True,True,"step 5 (SOA), step 7, "
picsum.photos,cloudflare,"{""cloudflare"": ""third""}",True,True,False,False,"step 5 (SOA), "
pidetupop.com,google,"{""google"": ""third""}",True,True,False,False,"step 5 (SOA), "
pie.org,google,"{""google"": ""third""}",True,True,False,False,"step 5 (SOA), "
pikabu.ru,cloudflare,"{""cloudflare"": ""private""}",False,False,False,False,"step 5 (SOA), "
pikiran-rakyat.com,cloudflare,"{""cloudflare"": ""third""}",True,True,False,False,"step 5 (SOA), "
pilotglo.com,amazon,"{""amazon"": ""third""}",True,True,False,False,"step 5 (SOA), "
pimeyes.com,cloudflare,"{""cloudflare"": ""third""}",True,True,False,False,"step 5 (SOA), "
pimpbunny.com,bunnycdn|cloudflare,"{""bunnycdn"": ""private"", ""cloudflare"": ""third""}",True,False,True,False,"step 3, step 5 (SOA), "
pingdom.net,cloudflare,"{""cloudflare"": ""third""}",True,True,False,False,"step 5 (SOA), "
pingmybee.net,cloudflare,"{""cloudflare"": ""third""}",True,True,False,False,"step 5 (SOA), "
pingtest.net,amazon|fastly,"{""amazon"": ""third"", ""fastly"": ""third""}",True,False,True,True,"step 5 (SOA), step 6, "
pinimg.com,pinterest,"{""pinterest"": ""private""}",False,False,False,False,"step 2, "
pinklion.io,fastly,"{""fastly"": ""third""}",True,True,False,False,"step 6, "
pinkoi.com,amazon,"{""amazon"": ""third""}",True,True,False,False,"step 5 (SOA), "
pinterest.com,twitter|fastly,"{""twitter"": ""private"", ""fastly"": ""private""}",False,False,True,False,"step 6, step 6, "
piojm.tech,amazon,"{""amazon"": ""third""}",True,True,False,False,"step 5 (SOA), "
pipedrive.com,cloudflare,"{""cloudflare"": ""third""}",True,True,False,False,"step 5 (SOA), "
pipopay.com,akamai,"{""akamai"": ""third""}",True,True,False,False,"step 6, "
pippio.com,amazon|google,"{""amazon"": ""third"", ""google"": ""third""}",True,False,True,True,"step 5 (SOA), step 7, "
pitt.edu,fastly,"{""fastly"": ""third""}",True,True,False,False,"step 6, "
piwik.pro,amazon,"{""amazon"": ""private""}",False,False,False,False,"step 5 (SOA), "
pix.pub,amazon,"{""amazon"": ""third""}",True,True,False,False,"step 5 (SOA), "
pixabay.com,cloudflare,"{""cloudflare"": ""third""}",True,True,False,False,"step 5 (SOA), "
pixad.com.tr,cloudflare,"{""cloudflare"": ""third""}",True,True,False,False,"step 5 (SOA), "
pixai.art,cloudflare|amazon,"{""cloudflare"": ""third"", ""amazon"": ""third""}",True,False,True,True,"step 5 (SOA), step 7, "
pixels.com,amazon,"{""amazon"": ""third""}",True,True,False,False,"step 5 (SOA), "
pixelswhirl.com,amazon,"{""amazon"": ""third""}",True,True,False,False,"step 5 (SOA), "
pixfuture.com,cloudflare,"{""cloudflare"": ""third""}",True,True,False,False,"step 5 (SOA), "
pixieset.com,cloudflare,"{""cloudflare"": ""third""}",True,True,False,False,"step 5 (SOA), "
pixlee.co,amazon,"{""amazon"": ""third""}",True,True,False,False,"step 5 (SOA), "
pixlee.com,amazon,"{""amazon"": ""third""}",True,True,False,False,"step 5 (SOA), "
pixnet.net,cloudflare|amazon,"{""cloudflare"": ""third"", ""amazon"": ""third""}",True,False,True,True,"step 5 (SOA), step 6, "
pixocial.com,cloudflare,"{""cloudflare"": ""third""}",True,True,False,False,"step 5 (SOA), "
pkg.dev,google,"{""google"": ""third""}",True,True,False,False,"step 5 (SOA), "
pki.goog,google,"{""google"": ""third""}",True,True,False,False,"step 5 (SOA), "
placed.com,amazon,"{""amazon"": ""third""}",True,True,False,False,"step 5 (SOA), "
planday.cloud,microsoft,"{""microsoft"": ""third""}",True,True,False,False,"step 5 (SOA), "
planningcenteronline.com,amazon,"{""amazon"": ""third""}",True,True,False,False,"step 5 (SOA), "
plarium.com,cloudflare,"{""cloudflare"": ""third""}",True,True,False,False,"step 5 (SOA), "
platocorp.com,amazon,"{""amazon"": ""third""}",True,True,False,False,"step 5 (SOA), "
platorelay.com,cloudflare,"{""cloudflare"": ""third""}",True,True,False,False,"step 5 (SOA), "
plausible.io,bunnycdn,"{""bunnycdn"": ""third""}",True,True,False,False,"step 5 (SOA), "
playbattlegrounds.com,amazon,"{""amazon"": ""third""}",True,True,False,False,"step 5 (SOA), "
playdayy.com,cloudflare|amazon,"{""cloudflare"": ""third"", ""amazon"": ""third""}",True,False,True,True,"step 5 (SOA), step 6, "
playdigo.com,cloudflare,"{""cloudflare"": ""third""}",True,True,False,False,"step 5 (SOA), "
playergo.top,cloudflare,"{""cloudflare"": ""third""}",True,True,False,False,"step 5 (SOA), "
playfabapi.com,amazon|microsoft,"{""amazon"": ""third"", ""microsoft"": ""third""}",True,False,True,True,"step 5 (SOA), step 6, "
playgama.com,cloudflare,"{""cloudflare"": ""third""}",True,True,False,False,"step 5 (SOA), "
playhubconnect.com,cloudflare,"{""cloudflare"": ""third""}",True,True,False,False,"step 5 (SOA), "
playmelonpg.com,cloudflare,"{""cloudflare"": ""third""}",True,True,False,False,"step 5 (SOA), "
plaync.com,amazon|google,"{""amazon"": ""third"", ""google"": ""third""}",True,False,True,True,"step 5 (SOA), step 7, "
playrix.com,amazon|cloudflare,"{""amazon"": ""third"", ""cloudflare"": ""third""}",True,False,True,True,"step 5 (SOA), step 6, "
playsimple.co,cloudflare,"{""cloudflare"": ""third""}",True,True,False,False,"step 5 (SOA), "
playsimple.games,cloudflare,"{""cloudflare"": ""third""}",True,True,False,False,"step 5 (SOA), "
playstation.com,amazon|akamai,"{""amazon"": ""third"", ""akamai"": ""third""}",True,False,True,True,"step 5 (SOA), step 6, "
playstream.media,cloudflare,"{""cloudflare"": ""third""}",True,True,False,False,"step 5 (SOA), "
playtika.com,amazon|cloudflare,"{""amazon"": ""third"", ""cloudflare"": ""third""}",True,False,True,True,"step 5 (SOA), step 6, "
playwire.com,cloudflare,"{""cloudflare"": ""third""}",True,True,False,False,"step 5 (SOA), "
plesk.com,cloudflare,"{""cloudflare"": ""third""}",True,True,False,False,"step 5 (SOA), "
plex.bz,amazon,"{""amazon"": ""third""}",True,True,False,False,"step 5 (SOA), "
plex.tv,cloudflare,"{""cloudflare"": ""third""}",True,True,False,False,"step 5 (SOA), "
plista.com,amazon,"{""amazon"": ""third""}",True,True,False,False,"step 5 (SOA), "
plos.org,cloudflare,"{""cloudflare"": ""third""}",True,True,False,False,"step 5 (SOA), "
plrm.zone,cloudflare,"{""cloudflare"": ""third""}",True,True,False,False,"step 5 (SOA), "
plu.mx,amazon,"{""amazon"": ""third""}",True,True,False,False,"step 5 (SOA), "
plumenet.io,amazon,"{""amazon"": ""third""}",True,True,False,False,"step 5 (SOA), "
pluto.tv,amazon,"{""amazon"": ""third""}",True,True,False,False,"step 5 (SOA), "
plyr.io,cloudflare,"{""cloudflare"": ""third""}",True,True,False,False,"step 5 (SOA), "
pm-serv.co,amazon,"{""amazon"": ""third""}",True,True,False,False,"step 5 (SOA), "
pm2.io,amazon,"{""amazon"": ""third""}",True,True,False,False,"step 5 (SOA), "
pmang.cloud,amazon,"{""amazon"": ""third""}",True,True,False,False,"step 5 (SOA), "
pmbmonetize.live,microsoft|cloudflare,"{""microsoft"": ""private"", ""cloudflare"": ""third""}",True,False,True,False,"step 3, step 5 (SOA), "
pmman.tech,cloudflare,"{""cloudflare"": ""third""}",True,True,False,False,"step 5 (SOA), "
pn.vg,cloudflare|amazon,"{""cloudflare"": ""third"", ""amazon"": ""third""}",True,False,True,True,"step 5 (SOA), step 6, "
pnc.com,akamai,"{""akamai"": ""third""}",True,True,False,False,"step 6, "
pncloudfl.com,amazon,"{""amazon"": ""third""}",True,True,False,False,"step 5 (SOA), "
pngtree.com,cloudflare,"{""cloudflare"": ""third""}",True,True,False,False,"step 5 (SOA), "
pocketcasts.com,amazon,"{""amazon"": ""third""}",True,True,False,False,"step 5 (SOA), "
pocketfm.com,amazon,"{""amazon"": ""third""}",True,True,False,False,"step 5 (SOA), "
podbean.com,cloudflare,"{""cloudflare"": ""third""}",True,True,False,False,"step 5 (SOA), "
podium.com,amazon|vercel,"{""amazon"": ""third"", ""vercel"": ""third""}",True,False,True,True,"step 5 (SOA), step 6, "
podscribe.com,amazon,"{""amazon"": ""third""}",True,True,False,False,"step 5 (SOA), "
podtrac.com,amazon,"{""amazon"": ""third""}",True,True,False,False,"step 5 (SOA), "
poe.com,amazon|cloudflare,"{""amazon"": ""third"", ""cloudflare"": ""third""}",True,False,True,True,"step 5 (SOA), step 6, "
poecdn.com,cloudflare,"{""cloudflare"": ""third""}",True,True,False,False,"step 5 (SOA), "
point-of-entry.com,cloudflare,"{""cloudflare"": ""third""}",True,True,False,False,"step 5 (SOA), "
pointclickcare.com,wordpress|cloudflare,"{""wordpress"": ""third"", ""cloudflare"": ""third""}",True,False,True,True,"step 6, step 7, "
pointmediatracker.com,amazon,"{""amazon"": ""third""}",True,True,False,False,"step 5 (SOA), "
pointtoserver.com,digicert,"{""digicert"": ""third""}",True,True,False,False,"step 5 (SOA), "
pokeapi.co,cloudflare,"{""cloudflare"": ""third""}",True,True,False,False,"step 5 (SOA), "
pokemon.com,amazon|imperva,"{""amazon"": ""third"", ""imperva"": ""third""}",True,False,True,True,"step 5 (SOA), step 6, "
pokemonchampions.jp,amazon,"{""amazon"": ""third""}",True,True,False,False,"step 5 (SOA), "
poki-cdn.com,cloudflare,"{""cloudflare"": ""third""}",True,True,False,False,"step 5 (SOA), "
poki.com,cloudflare,"{""cloudflare"": ""third""}",True,True,False,False,"step 5 (SOA), "
poki.io,cloudflare,"{""cloudflare"": ""third""}",True,True,False,False,"step 5 (SOA), "
polarbyte.com,cloudflare,"{""cloudflare"": ""third""}",True,True,False,False,"step 5 (SOA), "
polargrizzly.com,cloudflare,"{""cloudflare"": ""third""}",True,True,False,False,"step 5 (SOA), "
politico.com,amazon|cloudflare,"{""amazon"": ""third"", ""cloudflare"": ""third""}",True,False,True,True,"step 5 (SOA), step 6, "
polomap.com,cloudflare,"{""cloudflare"": ""third""}",True,True,False,False,"step 5 (SOA), "
poloniex.com,amazon,"{""amazon"": ""third""}",True,True,False,False,"step 5 (SOA), "
poly-ai.chat,cloudflare,"{""cloudflare"": ""third""}",True,True,False,False,"step 5 (SOA), "
poly.com,akamai,"{""akamai"": ""third""}",True,True,False,False,"step 6, "
polycom.com,akamai,"{""akamai"": ""third""}",True,True,False,False,"step 6, "
polyfill-fastly.io,fastly,"{""fastly"": ""private""}",False,False,False,False,"step 3, "
polymarket.com,cloudflare,"{""cloudflare"": ""third""}",True,True,False,False,"step 5 (SOA), "
pomogite.co.uk,cloudflare,"{""cloudflare"": ""third""}",True,True,False,False,"step 5 (SOA), "
ponghive.org,cloudflare,"{""cloudflare"": ""third""}",True,True,False,False,"step 5 (SOA), "
pontofrio.com.br,akamai,"{""akamai"": ""third""}",True,True,False,False,"step 6, "
poool.fr,cloudflare,"{""cloudflare"": ""third""}",True,True,False,False,"step 5 (SOA), "
pop-convert.com,cloudflare|twitter,"{""cloudflare"": ""private"", ""twitter"": ""private""}",False,False,True,False,"step 5 (SOA), step 6, "
pop-os.org,amazon,"{""amazon"": ""private""}",False,False,False,False,"step 5 (SOA), "
popcap.com,amazon|akamai,"{""amazon"": ""third"", ""akamai"": ""third""}",True,False,True,True,"step 5 (SOA), step 6, "
popcash.net,cloudflare,"{""cloudflare"": ""third""}",True,True,False,False,"step 5 (SOA), "
poperblocker.com,amazon,"{""amazon"": ""third""}",True,True,False,False,"step 5 (SOA), "
popin-minus.com,amazon,"{""amazon"": ""third""}",True,True,False,False,"step 5 (SOA), "
popin.cc,amazon,"{""amazon"": ""third""}",True,True,False,False,"step 5 (SOA), "
popnable.com,cloudflare,"{""cloudflare"": ""third""}",True,True,False,False,"step 5 (SOA), "
popt.in,cloudflare,"{""cloudflare"": ""third""}",True,True,False,False,"step 5 (SOA), "
porkbun.com,amazon,"{""amazon"": ""third""}",True,True,False,False,"step 5 (SOA), "
pornone.com,cloudflare,"{""cloudflare"": ""third""}",True,True,False,False,"step 5 (SOA), "
porofessor.gg,cloudflare,"{""cloudflare"": ""private""}",False,False,False,False,"step 5 (SOA), "
porsche.com,akamai,"{""akamai"": ""third""}",True,True,False,False,"step 6, "
portaltv.tv,amazon,"{""amazon"": ""third""}",True,True,False,False,"step 5 (SOA), "
poshmark.com,amazon,"{""amazon"": ""private""}",False,False,False,False,"step 5 (SOA), "
postcodebase.com,cloudflare,"{""cloudflare"": ""third""}",True,True,False,False,"step 5 (SOA), "
posthog.com,cloudflare,"{""cloudflare"": ""third""}",True,True,False,False,"step 5 (SOA), "
postman.co,amazon|cloudflare,"{""amazon"": ""third"", ""cloudflare"": ""third""}",True,False,True,True,"step 5 (SOA), step 6, "
postman.com,amazon,"{""amazon"": ""third""}",True,True,False,False,"step 5 (SOA), "
postscript.io,amazon|netlify,"{""amazon"": ""third"", ""netlify"": ""third""}",True,False,True,True,"step 5 (SOA), step 6, "
pow7.com,cloudflare,"{""cloudflare"": ""third""}",True,True,False,False,"step 5 (SOA), "
powerapps.com,microsoft,"{""microsoft"": ""private""}",False,False,False,False,"step 5 (SOA), "
powerautomate.com,microsoft|twitter,"{""microsoft"": ""third"", ""twitter"": ""third""}",True,False,True,True,"step 5 (SOA), step 6, "
powerbi.com,microsoft,"{""microsoft"": ""private""}",False,False,False,False,"step 5 (SOA), "
powerplatform.com,microsoft|twitter,"{""microsoft"": ""third"", ""twitter"": ""third""}",True,False,True,True,"step 5 (SOA), step 6, "
powerreviews.com,amazon,"{""amazon"": ""private""}",False,False,False,False,"step 5 (SOA), "
powershellgallery.com,microsoft,"{""microsoft"": ""third""}",True,True,False,False,"step 5 (SOA), "
powr.io,cloudflare,"{""cloudflare"": ""third""}",True,True,False,False,"step 5 (SOA), "
ppecufa.com,microsoft,"{""microsoft"": ""third""}",True,True,False,False,"step 6, "
pphosted.com,imperva,"{""imperva"": ""third""}",True,True,False,False,"step 6, "
ppmovie.cc,cloudflare,"{""cloudflare"": ""third""}",True,True,False,False,"step 5 (SOA), "
ppmxfa.com,microsoft,"{""microsoft"": ""third""}",True,True,False,False,"step 6, "
pppefa.com,microsoft,"{""microsoft"": ""third""}",True,True,False,False,"step 6, "
pprdfa.com,microsoft,"{""microsoft"": ""third""}",True,True,False,False,"step 6, "
ppy.sh,cloudflare,"{""cloudflare"": ""third""}",True,True,False,False,"step 5 (SOA), "
pragmaticplay.net,cloudflare,"{""cloudflare"": ""third""}",True,True,False,False,"step 5 (SOA), "
pragmaticplaylive.net,microsoft|amazon,"{""microsoft"": ""private"", ""amazon"": ""third""}",True,False,True,False,"step 3, step 5 (SOA), "
prandolisto.com,amazon,"{""amazon"": ""third""}",True,True,False,False,"step 5 (SOA), "
praorix.cc,cloudflare,"{""cloudflare"": ""third""}",True,True,False,False,"step 5 (SOA), "
prdredir.com,cloudflare,"{""cloudflare"": ""third""}",True,True,False,False,"step 5 (SOA), "
prebid-server.com,amazon,"{""amazon"": ""third""}",True,True,False,False,"step 5 (SOA), "
prebid.cloud,amazon,"{""amazon"": ""third""}",True,True,False,False,"step 5 (SOA), "
prelude.dev,amazon,"{""amazon"": ""third""}",True,True,False,False,"step 5 (SOA), "
premid.app,cloudflare,"{""cloudflare"": ""third""}",True,True,False,False,"step 5 (SOA), "
premiumtag.net,cloudflare,"{""cloudflare"": ""third""}",True,True,False,False,"step 5 (SOA), "
prensaiberica.es,fastly,"{""fastly"": ""third""}",True,True,False,False,"step 6, "
preply.com,cloudflare,"{""cloudflare"": ""third""}",True,True,False,False,"step 5 (SOA), "
prestosports.com,cloudflare,"{""cloudflare"": ""third""}",True,True,False,False,"step 5 (SOA), "
prevter.me,cloudflare,"{""cloudflare"": ""third""}",True,True,False,False,"step 5 (SOA), "
preyproject.com,cloudflare,"{""cloudflare"": ""third""}",True,True,False,False,"step 5 (SOA), "
prezi.com,amazon,"{""amazon"": ""third""}",True,True,False,False,"step 5 (SOA), "
priceline.com,cloudflare,"{""cloudflare"": ""third""}",True,True,False,False,"step 6, "
pricespider.com,digicert|cloudflare,"{""digicert"": ""third"", ""cloudflare"": ""third""}",True,False,True,True,"step 5 (SOA), step 7, "
primefaces.org,cloudflare,"{""cloudflare"": ""third""}",True,True,False,False,"step 5 (SOA), "
primevideo.com,amazon,"{""amazon"": ""third""}",True,True,False,False,"step 5 (SOA), "
primis-tech.org,amazon,"{""amazon"": ""third""}",True,True,False,False,"step 5 (SOA), "
primis.tech,amazon,"{""amazon"": ""third""}",True,True,False,False,"step 5 (SOA), "
princeton.edu,cloudflare,"{""cloudflare"": ""third""}",True,True,False,False,"step 6, "
printables.com,cloudflare,"{""cloudflare"": ""third""}",True,True,False,False,"step 5 (SOA), "
printercloud.com,amazon,"{""amazon"": ""third""}",True,True,False,False,"step 5 (SOA), "
printerval.com,cloudflare,"{""cloudflare"": ""third""}",True,True,False,False,"step 5 (SOA), "
printix.net,amazon,"{""amazon"": ""third""}",True,True,False,False,"step 5 (SOA), "
prismaaccess.com,amazon,"{""amazon"": ""third""}",True,True,False,False,"step 5 (SOA), "
prismic.io,amazon,"{""amazon"": ""third""}",True,True,False,False,"step 5 (SOA), "
privacy-center.org,amazon,"{""amazon"": ""third""}",True,True,False,False,"step 5 (SOA), "
privacy-mgmt.com,amazon,"{""amazon"": ""third""}",True,True,False,False,"step 5 (SOA), "
privacymanager.io,amazon,"{""amazon"": ""third""}",True,True,False,False,"step 5 (SOA), "
privacysandboxservices.com,google,"{""google"": ""third""}",True,True,False,False,"step 5 (SOA), "
privado.io,amazon,"{""amazon"": ""third""}",True,True,False,False,"step 6, "
privateinternetaccess.com,cloudflare,"{""cloudflare"": ""third""}",True,True,False,False,"step 5 (SOA), "
privatesocks5.com,cloudflare,"{""cloudflare"": ""third""}",True,True,False,False,"step 5 (SOA), "
privy.com,cloudflare,"{""cloudflare"": ""third""}",True,True,False,False,"step 5 (SOA), "
privy.io,cloudflare,"{""cloudflare"": ""third""}",True,True,False,False,"step 5 (SOA), "
prmutv.co,cloudflare,"{""cloudflare"": ""third""}",True,True,False,False,"step 5 (SOA), "
prncams.com,cloudflare,"{""cloudflare"": ""third""}",True,True,False,False,"step 5 (SOA), "
prnewswire.com,cloudflare,"{""cloudflare"": ""third""}",True,True,False,False,"step 5 (SOA), "
pro-market.net,cloudflare,"{""cloudflare"": ""third""}",True,True,False,False,"step 5 (SOA), "
procore.com,cloudflare|vercel,"{""cloudflare"": ""third"", ""vercel"": ""third""}",True,False,True,True,"step 5 (SOA), step 6, "
prodregistryv2.org,amazon|google,"{""amazon"": ""third"", ""google"": ""third""}",True,False,True,True,"step 5 (SOA), step 7, "
productfruits.com,amazon,"{""amazon"": ""third""}",True,True,False,False,"step 6, "
producthunt.com,cloudflare,"{""cloudflare"": ""third""}",True,True,False,False,"step 5 (SOA), "
profitwell.com,cloudflare,"{""cloudflare"": ""third""}",True,True,False,False,"step 5 (SOA), "
programmaticx.ai,amazon,"{""amazon"": ""third""}",True,True,False,False,"step 5 (SOA), "
progressive.com,akamai,"{""akamai"": ""third""}",True,True,False,False,"step 6, "
project-limelight.com,limelight,"{""limelight"": ""private""}",False,False,False,False,"step 3, "
projectk.org,cloudflare,"{""cloudflare"": ""third""}",True,True,False,False,"step 5 (SOA), "
promptwatch.com,cloudflare,"{""cloudflare"": ""third""}",True,True,False,False,"step 5 (SOA), "
proofpoint.com,imperva,"{""imperva"": ""third""}",True,True,False,False,"step 6, "
propublica.org,amazon|cloudflare,"{""amazon"": ""third"", ""cloudflare"": ""third""}",True,False,True,True,"step 5 (SOA), step 6, "
proquest.com,cloudflare,"{""cloudflare"": ""third""}",True,True,False,False,"step 5 (SOA), "
protechts.net,google,"{""google"": ""third""}",True,True,False,False,"step 5 (SOA), "
protectmyapp.com,amazon,"{""amazon"": ""third""}",True,True,False,False,"step 5 (SOA), "
protonvpn.net,cloudflare,"{""cloudflare"": ""third""}",True,True,False,False,"step 5 (SOA), "
protrafficinspector.com,amazon,"{""amazon"": ""third""}",True,True,False,False,"step 5 (SOA), "
proxibid.com,amazon|imperva,"{""amazon"": ""third"", ""imperva"": ""third""}",True,False,True,True,"step 5 (SOA), step 6, "
proxiesfood.com,cloudflare,"{""cloudflare"": ""third""}",True,True,False,False,"step 5 (SOA), "
proximabeta.com,amazon,"{""amazon"": ""third""}",True,True,False,False,"step 5 (SOA), "
proz.com,cloudflare,"{""cloudflare"": ""third""}",True,True,False,False,"step 5 (SOA), "
prreqcroab.icu,amazon,"{""amazon"": ""third""}",True,True,False,False,"step 5 (SOA), "
prusa3d.com,cloudflare,"{""cloudflare"": ""third""}",True,True,False,False,"step 5 (SOA), "
pscp.tv,amazon,"{""amazon"": ""private""}",False,False,False,False,"step 5 (SOA), "
pscrb.fm,amazon,"{""amazon"": ""third""}",True,True,False,False,"step 5 (SOA), "
pstatic.net,naver,"{""naver"": ""private""}",False,False,False,False,"step 2, "
pstmn.io,amazon,"{""amazon"": ""third""}",True,True,False,False,"step 5 (SOA), "
psu.edu,amazon,"{""amazon"": ""third""}",True,True,False,False,"step 6, "
psychologytoday.com,amazon,"{""amazon"": ""third""}",True,True,False,False,"step 5 (SOA), "
psynet.gg,google,"{""google"": ""third""}",True,True,False,False,"step 5 (SOA), "
ptagv.cc,cloudflare,"{""cloudflare"": ""third""}",True,True,False,False,"step 5 (SOA), "
ptengine.jp,amazon,"{""amazon"": ""third""}",True,True,False,False,"step 5 (SOA), "
ptgncdn.com,cloudflare,"{""cloudflare"": ""third""}",True,True,False,False,"step 5 (SOA), "
pub-tmaws.io,amazon,"{""amazon"": ""private""}",False,False,False,False,"step 3, "
pub.dev,google,"{""google"": ""third""}",True,True,False,False,"step 5 (SOA), "
pub.network,cloudflare|google,"{""cloudflare"": ""third"", ""google"": ""third""}",True,False,True,True,"step 5 (SOA), step 7, "
pubadx.one,cloudflare,"{""cloudflare"": ""third""}",True,True,False,False,"step 5 (SOA), "
pubfuture-ad.com,cloudflare,"{""cloudflare"": ""third""}",True,True,False,False,"step 5 (SOA), "
pubgmobile.com,amazon|akamai,"{""amazon"": ""third"", ""akamai"": ""third""}",True,False,True,True,"step 5 (SOA), step 6, "
publicnode.com,cloudflare,"{""cloudflare"": ""third""}",True,True,False,False,"step 5 (SOA), "
publicsuffix.org,google,"{""google"": ""private""}",False,False,False,False,"step 5 (SOA), "
pubnation.com,google,"{""google"": ""third""}",True,True,False,False,"step 5 (SOA), "
pubnative.net,amazon,"{""amazon"": ""third""}",True,True,False,False,"step 5 (SOA), "
pubnub.com,fastly,"{""fastly"": ""third""}",True,True,False,False,"step 6, "
pubpowerplatform.io,cloudflare,"{""cloudflare"": ""third""}",True,True,False,False,"step 5 (SOA), "
pucrs.br,cloudflare,"{""cloudflare"": ""third""}",True,True,False,False,"step 5 (SOA), "
puicdn.com,amazon,"{""amazon"": ""third""}",True,True,False,False,"step 5 (SOA), "
pullcf.com,amazon,"{""amazon"": ""third""}",True,True,False,False,"step 5 (SOA), "
pullcm.com,amazon,"{""amazon"": ""third""}",True,True,False,False,"step 5 (SOA), "
puma.com,cloudflare,"{""cloudflare"": ""private""}",False,False,False,False,"step 5 (SOA), "
pump.fun,cloudflare,"{""cloudflare"": ""third""}",True,True,False,False,"step 5 (SOA), "
purchasely.io,cloudflare,"{""cloudflare"": ""third""}",True,True,False,False,"step 5 (SOA), "
pure.cloud,amazon,"{""amazon"": ""third""}",True,True,False,False,"step 5 (SOA), "
pureapk.com,cloudflare,"{""cloudflare"": ""third""}",True,True,False,False,"step 5 (SOA), "
purestorage.com,amazon,"{""amazon"": ""third""}",True,True,False,False,"step 5 (SOA), "
purevpn.com,cloudflare,"{""cloudflare"": ""third""}",True,True,False,False,"step 6, "
purplevioleto.com,amazon,"{""amazon"": ""third""}",True,True,False,False,"step 5 (SOA), "
push-pole.com,cloudflare,"{""cloudflare"": ""third""}",True,True,False,False,"step 5 (SOA), "
push-webapi.site,cloudflare,"{""cloudflare"": ""third""}",True,True,False,False,"step 5 (SOA), "
pushalert.co,google|twitter,"{""google"": ""private"", ""twitter"": ""private""}",False,False,True,False,"step 5 (SOA), step 6, "
pushd.com,amazon,"{""amazon"": ""third""}",True,True,False,False,"step 5 (SOA), "
pushengage.com,cloudflare,"{""cloudflare"": ""third""}",True,True,False,False,"step 5 (SOA), "
pusher.com,amazon,"{""amazon"": ""private""}",False,False,False,False,"step 5 (SOA), "
pusherapp.com,amazon,"{""amazon"": ""private""}",False,False,False,False,"step 5 (SOA), "
pushio.com,akamai,"{""akamai"": ""third""}",True,True,False,False,"step 6, "
pushlycdn.com,amazon,"{""amazon"": ""third""}",True,True,False,False,"step 5 (SOA), "
pushnami.com,amazon,"{""amazon"": ""private""}",False,False,False,False,"step 5 (SOA), "
pushnotifs.com,meta,"{""meta"": ""third""}",True,True,False,False,"step 5 (SOA), "
pushwoosh.com,amazon,"{""amazon"": ""third""}",True,True,False,False,"step 6, "
pushy.me,amazon,"{""amazon"": ""third""}",True,True,False,False,"step 5 (SOA), "
pv-cdn.net,amazon,"{""amazon"": ""third""}",True,True,False,False,"step 5 (SOA), "
pvp.net,amazon,"{""amazon"": ""third""}",True,True,False,False,"step 5 (SOA), "
pvvstream.pro,cloudflare,"{""cloudflare"": ""third""}",True,True,False,False,"step 5 (SOA), "
pvwacsgqh.com,cloudflare,"{""cloudflare"": ""third""}",True,True,False,False,"step 5 (SOA), "
pwack.com,cloudflare,"{""cloudflare"": ""third""}",True,True,False,False,"step 5 (SOA), "
pwc.com,akamai,"{""akamai"": ""third""}",True,True,False,False,"step 6, "
pwnedpasswords.com,cloudflare,"{""cloudflare"": ""third""}",True,True,False,False,"step 5 (SOA), "
pwsdk.com,amazon,"{""amazon"": ""third""}",True,True,False,False,"step 5 (SOA), "
px-cdn.net,google,"{""google"": ""third""}",True,True,False,False,"step 5 (SOA), "
px-client.net,google,"{""google"": ""third""}",True,True,False,False,"step 5 (SOA), "
px-cloud.net,google,"{""google"": ""third""}",True,True,False,False,"step 5 (SOA), "
pxf.io,amazon,"{""amazon"": ""third""}",True,True,False,False,"step 5 (SOA), "
pxfuel.com,cloudflare,"{""cloudflare"": ""third""}",True,True,False,False,"step 5 (SOA), "
pxhere.com,cloudflare,"{""cloudflare"": ""third""}",True,True,False,False,"step 5 (SOA), "
pximg.net,cloudflare,"{""cloudflare"": ""third""}",True,True,False,False,"step 5 (SOA), "
pxlecdn.com,amazon,"{""amazon"": ""third""}",True,True,False,False,"step 5 (SOA), "
pxltag.com,cloudflare,"{""cloudflare"": ""third""}",True,True,False,False,"step 5 (SOA), "
pyatdesyatdva.co.uk,cloudflare,"{""cloudflare"": ""third""}",True,True,False,False,"step 5 (SOA), "
pyatdesyatodin.co.uk,cloudflare,"{""cloudflare"": ""third""}",True,True,False,False,"step 5 (SOA), "
pypi.org,amazon|fastly,"{""amazon"": ""third"", ""fastly"": ""third""}",True,False,True,True,"step 5 (SOA), step 6, "
python.org,amazon|fastly,"{""amazon"": ""third"", ""fastly"": ""third""}",True,False,True,True,"step 5 (SOA), step 6, "
pythonhosted.org,amazon,"{""amazon"": ""third""}",True,True,False,False,"step 5 (SOA), "
q-4-g-r.com,cloudflare,"{""cloudflare"": ""third""}",True,True,False,False,"step 5 (SOA), "
q4inc.com,amazon,"{""amazon"": ""third""}",True,True,False,False,"step 5 (SOA), "
qantas.com,akamai,"{""akamai"": ""third""}",True,True,False,False,"step 6, "
qbox.me,qiniu,"{""qiniu"": ""private""}",False,False,False,False,"step 2, "
qcinternal.io,amazon,"{""amazon"": ""third""}",True,True,False,False,"step 5 (SOA), "
qcloudcdn.com,tencent,"{""tencent"": ""private""}",False,False,False,False,"step 2, "
qewoppwes.com,cloudflare,"{""cloudflare"": ""third""}",True,True,False,False,"step 5 (SOA), "
qh-cdn.com,360,"{""360"": ""private""}",False,False,False,False,"step 2, "
qhmoka.com,alibaba,"{""alibaba"": ""third""}",True,True,False,False,"step 6, "
qhy.buzz,cloudflare,"{""cloudflare"": ""third""}",True,True,False,False,"step 5 (SOA), "
qianxun.com,jd,"{""jd"": ""private""}",False,False,False,False,"step 2, "
qidian.com,tencent,"{""tencent"": ""third""}",True,True,False,False,"step 6, "
qihucdn.com,360,"{""360"": ""private""}",False,False,False,False,"step 2, "
qiniu.com,qiniu|alibaba,"{""qiniu"": ""private"", ""alibaba"": ""third""}",True,False,True,False,"step 2, step 6, "
qiniuapi.com,qiniu,"{""qiniu"": ""private""}",False,False,False,False,"step 6, "
qiniudns.com,qiniu,"{""qiniu"": ""private""}",False,False,False,False,"step 2, "
qiniup.com,qiniu,"{""qiniu"": ""private""}",False,False,False,False,"step 6, "
qiscus.com,cloudflare,"{""cloudflare"": ""third""}",True,True,False,False,"step 5 (SOA), "
qlivecdn.com,microsoft,"{""microsoft"": ""private""}",False,False,False,False,"step 3, "
qlogo.cn,tencent,"{""tencent"": ""private""}",False,False,False,False,"step 2, "
qnap.com,amazon,"{""amazon"": ""third""}",True,True,False,False,"step 5 (SOA), "
qobuz.com,amazon|akamai,"{""amazon"": ""third"", ""akamai"": ""third""}",True,False,True,True,"step 5 (SOA), step 6, "
qonversion.io,cloudflare,"{""cloudflare"": ""third""}",True,True,False,False,"step 5 (SOA), "
qpic.cn,tencent,"{""tencent"": ""private""}",False,False,False,False,"step 2, "
qq-os.com,amazon,"{""amazon"": ""third""}",True,True,False,False,"step 5 (SOA), "
qq.com,tencent,"{""tencent"": ""private""}",False,False,False,False,"step 2, "
qrscanner.live,microsoft|cloudflare,"{""microsoft"": ""private"", ""cloudflare"": ""third""}",True,False,True,False,"step 3, step 5 (SOA), "
qsablc.com,cloudflare,"{""cloudflare"": ""third""}",True,True,False,False,"step 5 (SOA), "
qsr.cloud,amazon,"{""amazon"": ""third""}",True,True,False,False,"step 5 (SOA), "
qstar.video,cloudflare,"{""cloudflare"": ""third""}",True,True,False,False,"step 5 (SOA), "
qt.io,twitter,"{""twitter"": ""third""}",True,True,False,False,"step 6, "
quago.io,amazon,"{""amazon"": ""private""}",False,False,False,False,"step 5 (SOA), "
qualaroo.com,amazon,"{""amazon"": ""third""}",True,True,False,False,"step 6, "
qualcomm.cn,cloudflare,"{""cloudflare"": ""third""}",True,True,False,False,"step 6, "
qualcomm.com,cloudflare,"{""cloudflare"": ""third""}",True,True,False,False,"step 6, "
qualified.com,cloudflare,"{""cloudflare"": ""third""}",True,True,False,False,"step 5 (SOA), "
qualtrics.com,akamai,"{""akamai"": ""third""}",True,True,False,False,"step 6, "
qualys.com,cloudflare,"{""cloudflare"": ""third""}",True,True,False,False,"step 5 (SOA), "
qualys.eu,cloudflare,"{""cloudflare"": ""third""}",True,True,False,False,"step 5 (SOA), "
quamed.org,cloudflare,"{""cloudflare"": ""third""}",True,True,False,False,"step 5 (SOA), "
quantcount.com,quantserve|amazon,"{""quantserve"": ""private"", ""amazon"": ""third""}",True,False,True,False,"step 2, step 5 (SOA), "
quantserve.com,quantserve|amazon,"{""quantserve"": ""private"", ""amazon"": ""private""}",False,False,True,False,"step 2, step 5 (SOA), "
quantumdex.io,cloudflare,"{""cloudflare"": ""third""}",True,True,False,False,"step 5 (SOA), "
quantummetric.com,cloudflare|vercel,"{""cloudflare"": ""third"", ""vercel"": ""third""}",True,False,True,True,"step 5 (SOA), step 6, "
quay.io,amazon,"{""amazon"": ""private""}",False,False,False,False,"step 5 (SOA), "
qubeyond.com,amazon,"{""amazon"": ""third""}",True,True,False,False,"step 5 (SOA), "
queryly.com,cloudflare,"{""cloudflare"": ""third""}",True,True,False,False,"step 5 (SOA), "
quest-on-demand.com,amazon,"{""amazon"": ""third""}",True,True,False,False,"step 5 (SOA), "
quest.com,microsoft|amazon,"{""microsoft"": ""third"", ""amazon"": ""third""}",True,False,True,True,"step 5 (SOA), step 6, "
queue-it.net,amazon,"{""amazon"": ""third""}",True,True,False,False,"step 5 (SOA), "
quickconnect.to,amazon,"{""amazon"": ""third""}",True,True,False,False,"step 5 (SOA), "
quicksetcloud.com,cloudflare,"{""cloudflare"": ""third""}",True,True,False,False,"step 5 (SOA), "
quillbot.com,cloudflare,"{""cloudflare"": ""third""}",True,True,False,False,"step 5 (SOA), "
quiq-api.com,cloudflare,"{""cloudflare"": ""third""}",True,True,False,False,"step 5 (SOA), "
quizlet.com,cloudflare,"{""cloudflare"": ""third""}",True,True,False,False,"step 5 (SOA), "
quora.com,amazon|cloudflare,"{""amazon"": ""third"", ""cloudflare"": ""third""}",True,False,True,True,"step 5 (SOA), step 6, "
quoracdn.net,amazon,"{""amazon"": ""third""}",True,True,False,False,"step 5 (SOA), "
quotev.com,amazon,"{""amazon"": ""third""}",True,True,False,False,"step 5 (SOA), "
quovadisglobal.com,digicert|imperva,"{""digicert"": ""third"", ""imperva"": ""third""}",True,False,True,True,"step 5 (SOA), step 6, "
qustodio.com,amazon,"{""amazon"": ""third""}",True,True,False,False,"step 5 (SOA), "
qvdt3feo.com,amazon,"{""amazon"": ""third""}",True,True,False,False,"step 5 (SOA), "
qwadro.com,amazon,"{""amazon"": ""private""}",False,False,False,False,"step 5 (SOA), "
qzwxrtyk.com,amazon,"{""amazon"": ""third""}",True,True,False,False,"step 5 (SOA), "
r-point-of-entry.com,cloudflare,"{""cloudflare"": ""third""}",True,True,False,False,"step 5 (SOA), "
r2.dev,cloudflare,"{""cloudflare"": ""private""}",False,False,False,False,"step 2, "
r7.com,akamai,"{""akamai"": ""third""}",True,True,False,False,"step 6, "
r7ops.com,amazon,"{""amazon"": ""third""}",True,True,False,False,"step 5 (SOA), "
rabby.io,amazon,"{""amazon"": ""third""}",True,True,False,False,"step 5 (SOA), "
rackcdn.com,rackspace,"{""rackspace"": ""private""}",False,False,False,False,"step 2, "
radar.io,cloudflare,"{""cloudflare"": ""third""}",True,True,False,False,"step 5 (SOA), "
radaris.com,cloudflare,"{""cloudflare"": ""third""}",True,True,False,False,"step 5 (SOA), "
radiopaedia.org,cloudflare,"{""cloudflare"": ""third""}",True,True,False,False,"step 5 (SOA), "
radiotime.com,amazon,"{""amazon"": ""third""}",True,True,False,False,"step 5 (SOA), "
radwarecloud.net,amazon,"{""amazon"": ""third""}",True,True,False,False,"step 5 (SOA), "
rainberrytv.com,amazon,"{""amazon"": ""third""}",True,True,False,False,"step 5 (SOA), "
rainbird.com,cloudflare,"{""cloudflare"": ""third""}",True,True,False,False,"step 6, "
rakuten.co.jp,akamai,"{""akamai"": ""third""}",True,True,False,False,"step 6, "
rakuten.com,akamai,"{""akamai"": ""third""}",True,True,False,False,"step 6, "
rakuten.tv,amazon,"{""amazon"": ""third""}",True,True,False,False,"step 5 (SOA), "
ramp.com,cloudflare,"{""cloudflare"": ""third""}",True,True,False,False,"step 5 (SOA), "
rancher.io,cloudflare,"{""cloudflare"": ""third""}",True,True,False,False,"step 5 (SOA), "
rapid7.com,amazon,"{""amazon"": ""third""}",True,True,False,False,"step 5 (SOA), "
rapidapi.com,cloudflare,"{""cloudflare"": ""third""}",True,True,False,False,"step 5 (SOA), "
rapidbidding.com,cloudflare,"{""cloudflare"": ""third""}",True,True,False,False,"step 5 (SOA), "
rapidc.cc,cloudflare,"{""cloudflare"": ""third""}",True,True,False,False,"step 5 (SOA), "
rapidedge.io,cloudflare,"{""cloudflare"": ""third""}",True,True,False,False,"step 5 (SOA), "
rapidssl.com,digicert|imperva,"{""digicert"": ""third"", ""imperva"": ""third""}",True,False,True,True,"step 5 (SOA), step 6, "
raptive.com,amazon,"{""amazon"": ""private""}",False,False,False,False,"step 5 (SOA), "
raptivecdn.com,cloudflare,"{""cloudflare"": ""third""}",True,True,False,False,"step 5 (SOA), "
raspberrypi.com,cloudflare,"{""cloudflare"": ""third""}",True,True,False,False,"step 6, "
raspberrypi.org,cloudflare,"{""cloudflare"": ""third""}",True,True,False,False,"step 5 (SOA), "
ravm.tv,google,"{""google"": ""third""}",True,True,False,False,"step 5 (SOA), "
rawgit.com,cloudflare,"{""cloudflare"": ""third""}",True,True,False,False,"step 5 (SOA), "
rawpixel.com,cloudflare,"{""cloudflare"": ""third""}",True,True,False,False,"step 5 (SOA), "
raycast.com,amazon|vercel,"{""amazon"": ""third"", ""vercel"": ""third""}",True,False,True,True,"step 5 (SOA), step 6, "
raygun.io,amazon,"{""amazon"": ""third""}",True,True,False,False,"step 5 (SOA), "
raymourflanigan.com,amazon|cloudflare,"{""amazon"": ""third"", ""cloudflare"": ""third""}",True,False,True,True,"step 5 (SOA), step 6, "
razer.com,cloudflare,"{""cloudflare"": ""third""}",True,True,False,False,"step 6, "
razerapi.com,amazon,"{""amazon"": ""third""}",True,True,False,False,"step 5 (SOA), "
razersynapse.com,amazon|alibaba,"{""amazon"": ""third"", ""alibaba"": ""third""}",True,False,True,True,"step 5 (SOA), step 6, "
razerzone.com,amazon,"{""amazon"": ""third""}",True,True,False,False,"step 6, "
razorpay.com,amazon,"{""amazon"": ""third""}",True,True,False,False,"step 5 (SOA), "
rbm.goog,google,"{""google"": ""third""}",True,True,False,False,"step 5 (SOA), "
rbstsystems.live,microsoft|cloudflare,"{""microsoft"": ""private"", ""cloudflare"": ""third""}",True,False,True,False,"step 3, step 5 (SOA), "
rc-backup.com,cloudflare,"{""cloudflare"": ""third""}",True,True,False,False,"step 5 (SOA), "
rcdn-web.com,cloudflare,"{""cloudflare"": ""third""}",True,True,False,False,"step 5 (SOA), "
rdcpix.com,amazon,"{""amazon"": ""third""}",True,True,False,False,"step 5 (SOA), "
rdstation.com.br,amazon,"{""amazon"": ""private""}",False,False,False,False,"step 5 (SOA), "
read.ai,amazon,"{""amazon"": ""third""}",True,True,False,False,"step 5 (SOA), "
read01.com,cloudflare,"{""cloudflare"": ""third""}",True,True,False,False,"step 5 (SOA), "
readthedocs.io,cloudflare,"{""cloudflare"": ""third""}",True,True,False,False,"step 5 (SOA), "
realestate.com.au,akamai,"{""akamai"": ""third""}",True,True,False,False,"step 6, "
realgeeks.com,amazon,"{""amazon"": ""third""}",True,True,False,False,"step 5 (SOA), "
reallyfreegeoip.org,cloudflare,"{""cloudflare"": ""third""}",True,True,False,False,"step 5 (SOA), "
realme.com,amazon|akamai,"{""amazon"": ""third"", ""akamai"": ""third""}",True,False,True,True,"step 5 (SOA), step 6, "
realtor.com,amazon,"{""amazon"": ""third""}",True,True,False,False,"step 5 (SOA), "
reamaze.com,cloudflare,"{""cloudflare"": ""private""}",False,False,False,False,"step 5 (SOA), "
reasonlabsapi.com,amazon,"{""amazon"": ""third""}",True,True,False,False,"step 5 (SOA), "
reasonsecurity.com,cloudflare,"{""cloudflare"": ""third""}",True,True,False,False,"step 5 (SOA), "
rebuyengine.com,cloudflare,"{""cloudflare"": ""third""}",True,True,False,False,"step 5 (SOA), "
recaptcha.cloud,cloudflare,"{""cloudflare"": ""third""}",True,True,False,False,"step 5 (SOA), "
recaptcha.net,google,"{""google"": ""third""}",True,True,False,False,"step 5 (SOA), "
receitanet.net,amazon,"{""amazon"": ""private""}",False,False,False,False,"step 5 (SOA), "
receiteria.com.br,cloudflare,"{""cloudflare"": ""third""}",True,True,False,False,"step 5 (SOA), "
receptivity.io,cloudflare,"{""cloudflare"": ""third""}",True,True,False,False,"step 5 (SOA), "
rechargecdn.com,google,"{""google"": ""third""}",True,True,False,False,"step 5 (SOA), "
reclameaqui.com.br,cloudflare,"{""cloudflare"": ""third""}",True,True,False,False,"step 5 (SOA), "
recombee.com,cloudflare,"{""cloudflare"": ""third""}",True,True,False,False,"step 5 (SOA), "
red-gate.com,amazon,"{""amazon"": ""third""}",True,True,False,False,"step 5 (SOA), "
redbubble.com,cloudflare,"{""cloudflare"": ""third""}",True,True,False,False,"step 5 (SOA), "
redbubble.net,cloudflare,"{""cloudflare"": ""third""}",True,True,False,False,"step 5 (SOA), "
redbull.com,akamai,"{""akamai"": ""third""}",True,True,False,False,"step 6, "
redcdn.pl,amazon,"{""amazon"": ""third""}",True,True,False,False,"step 5 (SOA), "
redd.it,amazon,"{""amazon"": ""third""}",True,True,False,False,"step 5 (SOA), "
reddit.com,amazon|fastly,"{""amazon"": ""third"", ""fastly"": ""third""}",True,False,True,True,"step 5 (SOA), step 6, "
redditmedia.com,amazon|fastly,"{""amazon"": ""third"", ""fastly"": ""third""}",True,False,True,True,"step 5 (SOA), step 6, "
redditspace.com,amazon,"{""amazon"": ""third""}",True,True,False,False,"step 5 (SOA), "
redditstatic.com,amazon|fastly,"{""amazon"": ""third"", ""fastly"": ""third""}",True,False,True,True,"step 5 (SOA), step 6, "
redfast.com,amazon,"{""amazon"": ""third""}",True,True,False,False,"step 5 (SOA), "
redfin.com,amazon,"{""amazon"": ""third""}",True,True,False,False,"step 5 (SOA), "
redgameservice.com,google,"{""google"": ""third""}",True,True,False,False,"step 5 (SOA), "
redgarto.com,cloudflare,"{""cloudflare"": ""third""}",True,True,False,False,"step 5 (SOA), "
redgifs.com,cloudflare,"{""cloudflare"": ""third""}",True,True,False,False,"step 5 (SOA), "
redhat.com,akamai,"{""akamai"": ""third""}",True,True,False,False,"step 6, "
redspace.io,cloudflare,"{""cloudflare"": ""third""}",True,True,False,False,"step 5 (SOA), "
redtube.com,microsoft,"{""microsoft"": ""private""}",False,False,False,False,"step 7, "
reelshort.com,amazon,"{""amazon"": ""third""}",True,True,False,False,"step 6, "
refersion.com,cloudflare,"{""cloudflare"": ""third""}",True,True,False,False,"step 5 (SOA), "
refiner.io,amazon,"{""amazon"": ""third""}",True,True,False,False,"step 5 (SOA), "
refinery89.com,amazon,"{""amazon"": ""third""}",True,True,False,False,"step 6, "
refinitiv.com,amazon,"{""amazon"": ""third""}",True,True,False,False,"step 6, "
relaysteering.com,cloudflare,"{""cloudflare"": ""third""}",True,True,False,False,"step 5 (SOA), "
relevant-digital.com,amazon,"{""amazon"": ""third""}",True,True,False,False,"step 5 (SOA), "
reliaslearning.com,akamai,"{""akamai"": ""third""}",True,True,False,False,"step 6, "
remax.com,amazon,"{""amazon"": ""third""}",True,True,False,False,"step 5 (SOA), "
remerge.events,google,"{""google"": ""third""}",True,True,False,False,"step 5 (SOA), "
remerge.io,google,"{""google"": ""third""}",True,True,False,False,"step 5 (SOA), "
remnote.com,cloudflare,"{""cloudflare"": ""third""}",True,True,False,False,"step 5 (SOA), "
remote-service-pf.com,amazon,"{""amazon"": ""third""}",True,True,False,False,"step 5 (SOA), "
remotepc.com,cloudflare,"{""cloudflare"": ""third""}",True,True,False,False,"step 5 (SOA), "
renfei.net,cloudflare,"{""cloudflare"": ""third""}",True,True,False,False,"step 6, "
renrendoc.com,huawei,"{""huawei"": ""third""}",True,True,False,False,"step 6, "
reolink.com,amazon,"{""amazon"": ""third""}",True,True,False,False,"step 5 (SOA), "
replit.com,cloudflare,"{""cloudflare"": ""third""}",True,True,False,False,"step 5 (SOA), "
replo.app,cloudflare,"{""cloudflare"": ""third""}",True,True,False,False,"step 5 (SOA), "
repocket.com,cloudflare,"{""cloudflare"": ""third""}",True,True,False,False,"step 5 (SOA), "
report-uri.com,cloudflare,"{""cloudflare"": ""third""}",True,True,False,False,"step 5 (SOA), "
repost.aws,amazon,"{""amazon"": ""private""}",False,False,False,False,"step 3, "
reqres.in,cloudflare,"{""cloudflare"": ""third""}",True,True,False,False,"step 5 (SOA), "
researchgate.net,cloudflare,"{""cloudflare"": ""third""}",True,True,False,False,"step 5 (SOA), "
researchnow.com,amazon,"{""amazon"": ""third""}",True,True,False,False,"step 5 (SOA), "
resideo.com,cloudflare|microsoft,"{""cloudflare"": ""third"", ""microsoft"": ""third""}",True,False,True,True,"step 5 (SOA), step 6, "
resilio.com,amazon,"{""amazon"": ""third""}",True,True,False,False,"step 5 (SOA), "
resjscdn.com,amazon,"{""amazon"": ""third""}",True,True,False,False,"step 5 (SOA), "
respawn.com,amazon,"{""amazon"": ""third""}",True,True,False,False,"step 6, "
restaurantguru.com,cloudflare,"{""cloudflare"": ""third""}",True,True,False,False,"step 5 (SOA), "
restockrocket.io,cloudflare,"{""cloudflare"": ""third""}",True,True,False,False,"step 5 (SOA), "
restream.io,amazon,"{""amazon"": ""third""}",True,True,False,False,"step 5 (SOA), "
retailmenot.com,cloudflare,"{""cloudflare"": ""third""}",True,True,False,False,"step 5 (SOA), "
retailrocket.net,cloudflare,"{""cloudflare"": ""private""}",False,False,False,False,"step 5 (SOA), "
retargetly.com,cloudflare,"{""cloudflare"": ""third""}",True,True,False,False,"step 5 (SOA), "
returnyoutubedislikeapi.com,google|cloudflare,"{""google"": ""private"", ""cloudflare"": ""third""}",True,False,True,False,"step 3, step 5 (SOA), "
reuters.com,amazon,"{""amazon"": ""third""}",True,True,False,False,"step 5 (SOA), "
revcontent.com,amazon,"{""amazon"": ""third""}",True,True,False,False,"step 5 (SOA), "
revenuecat.com,amazon,"{""amazon"": ""third""}",True,True,False,False,"step 5 (SOA), "
reverb.com,amazon|cloudflare,"{""amazon"": ""third"", ""cloudflare"": ""third""}",True,False,True,True,"step 5 (SOA), step 6, "
reverso.net,cloudflare,"{""cloudflare"": ""third""}",True,True,False,False,"step 5 (SOA), "
reviews.co.uk,cloudflare,"{""cloudflare"": ""third""}",True,True,False,False,"step 5 (SOA), "
reviews.io,cloudflare,"{""cloudflare"": ""third""}",True,True,False,False,"step 5 (SOA), "
revjet.com,amazon,"{""amazon"": ""third""}",True,True,False,False,"step 5 (SOA), "
revolut.com,google|cloudflare,"{""google"": ""third"", ""cloudflare"": ""third""}",True,False,True,True,"step 5 (SOA), step 6, "
revolutionparts.io,cloudflare,"{""cloudflare"": ""third""}",True,True,False,False,"step 5 (SOA), "
revolve.com,akamai,"{""akamai"": ""third""}",True,True,False,False,"step 6, "
rezync.com,amazon,"{""amazon"": ""third""}",True,True,False,False,"step 5 (SOA), "
rfa.org,amazon|akamai,"{""amazon"": ""third"", ""akamai"": ""third""}",True,False,True,True,"step 5 (SOA), step 6, "
rfb.ac,cloudflare,"{""cloudflare"": ""third""}",True,True,False,False,"step 5 (SOA), "
rfc868server.com,amazon,"{""amazon"": ""third""}",True,True,False,False,"step 5 (SOA), "
rfvgcross.com,amazon,"{""amazon"": ""third""}",True,True,False,False,"step 5 (SOA), "
rgpub.io,amazon,"{""amazon"": ""third""}",True,True,False,False,"step 5 (SOA), "
rgstatic.net,google|cloudflare,"{""google"": ""private"", ""cloudflare"": ""third""}",True,False,True,False,"step 3, step 5 (SOA), "
rhombussystems.com,amazon,"{""amazon"": ""third""}",True,True,False,False,"step 5 (SOA), "
richaudience.com,amazon,"{""amazon"": ""private""}",False,False,False,False,"step 5 (SOA), "
richpanel.com,amazon,"{""amazon"": ""third""}",True,True,False,False,"step 5 (SOA), "
richrelevance.com,cloudflare,"{""cloudflare"": ""third""}",True,True,False,False,"step 5 (SOA), "
ricoh.com,akamai,"{""akamai"": ""third""}",True,True,False,False,"step 6, "
rierra-ads.com,amazon,"{""amazon"": ""third""}",True,True,False,False,"step 5 (SOA), "
rimon.net.il,cloudflare,"{""cloudflare"": ""third""}",True,True,False,False,"step 5 (SOA), "
ring.com,amazon,"{""amazon"": ""third""}",True,True,False,False,"step 5 (SOA), "
ringcentral.com,cloudflare,"{""cloudflare"": ""private""}",False,False,False,False,"step 5 (SOA), "
rings.solutions,amazon,"{""amazon"": ""third""}",True,True,False,False,"step 5 (SOA), "
riotcdn.net,amazon,"{""amazon"": ""third""}",True,True,False,False,"step 5 (SOA), "
riotgames.com,akamai,"{""akamai"": ""third""}",True,True,False,False,"step 6, "
ripe.net,akamai,"{""akamai"": ""third""}",True,True,False,False,"step 6, "
rippling.com,cloudflare|vercel,"{""cloudflare"": ""third"", ""vercel"": ""third""}",True,False,True,True,"step 5 (SOA), step 6, "
rise-ai.com,cloudflare,"{""cloudflare"": ""third""}",True,True,False,False,"step 5 (SOA), "
riskified.com,cloudflare,"{""cloudflare"": ""third""}",True,True,False,False,"step 5 (SOA), "
rixels.cc,cloudflare,"{""cloudflare"": ""third""}",True,True,False,False,"step 5 (SOA), "
rixengine.com,google,"{""google"": ""private""}",False,False,False,False,"step 5 (SOA), "
rkdms.com,amazon,"{""amazon"": ""third""}",True,True,False,False,"step 5 (SOA), "
rlcdn.com,amazon,"{""amazon"": ""third""}",True,True,False,False,"step 5 (SOA), "
rm358.com,cloudflare,"{""cloudflare"": ""third""}",True,True,False,False,"step 5 (SOA), "
rmbl.ws,amazon,"{""amazon"": ""third""}",True,True,False,False,"step 5 (SOA), "
rmhfrtnd.com,cloudflare,"{""cloudflare"": ""third""}",True,True,False,False,"step 5 (SOA), "
rmishe.com,cloudflare,"{""cloudflare"": ""third""}",True,True,False,False,"step 5 (SOA), "
rmzsglng.com,cloudflare,"{""cloudflare"": ""third""}",True,True,False,False,"step 5 (SOA), "
robertsspaceindustries.com,amazon|google,"{""amazon"": ""third"", ""google"": ""third""}",True,False,True,True,"step 5 (SOA), step 7, "
robinhood.com,amazon,"{""amazon"": ""private""}",False,False,False,False,"step 5 (SOA), "
roblox.com,roblox,"{""roblox"": ""private""}",False,False,False,False,"step 3, "
roborock.com,shopify,"{""shopify"": ""private""}",False,False,False,False,"step 6, "
roboshadow.com,amazon,"{""amazon"": ""third""}",True,True,False,False,"step 5 (SOA), "
rocket-cdn.com,apple,"{""apple"": ""third""}",True,True,False,False,"step 5 (SOA), "
rocketapps.com,amazon,"{""amazon"": ""third""}",True,True,False,False,"step 5 (SOA), "
rocketcyber.com,amazon,"{""amazon"": ""third""}",True,True,False,False,"step 5 (SOA), "
rocketreach.co,cloudflare,"{""cloudflare"": ""third""}",True,True,False,False,"step 5 (SOA), "
rockstargames.com,akamai,"{""akamai"": ""third""}",True,True,False,False,"step 6, "
rockylinux.org,cloudflare|nextjs,"{""cloudflare"": ""private"", ""nextjs"": ""private""}",False,False,True,False,"step 5 (SOA), step 7, "
roeye.com,amazon,"{""amazon"": ""third""}",True,True,False,False,"step 5 (SOA), "
roeyecdn.com,amazon,"{""amazon"": ""third""}",True,True,False,False,"step 5 (SOA), "
rogers.com,akamai,"{""akamai"": ""third""}",True,True,False,False,"step 6, "
roistat.com,cloudflare|twitter,"{""cloudflare"": ""private"", ""twitter"": ""private""}",False,False,True,False,"step 5 (SOA), step 6, "
rokt-api.com,amazon,"{""amazon"": ""third""}",True,True,False,False,"step 5 (SOA), "
rokt.com,amazon,"{""amazon"": ""third""}",True,True,False,False,"step 5 (SOA), "
roku.com,amazon|cloudflare,"{""amazon"": ""third"", ""cloudflare"": ""third""}",True,False,True,True,"step 5 (SOA), step 6, "
rokuapi.net,amazon,"{""amazon"": ""third""}",True,True,False,False,"step 5 (SOA), "
rokutime.com,amazon,"{""amazon"": ""third""}",True,True,False,False,"step 5 (SOA), "
rollbar.com,cloudflare,"{""cloudflare"": ""third""}",True,True,False,False,"step 5 (SOA), "
rollic.gs,amazon,"{""amazon"": ""private""}",False,False,False,False,"step 5 (SOA), "
rome2rio.com,cloudflare,"{""cloudflare"": ""third""}",True,True,False,False,"step 5 (SOA), "
rona.ca,cloudflare,"{""cloudflare"": ""third""}",True,True,False,False,"step 5 (SOA), "
roonlabs.net,google,"{""google"": ""private""}",False,False,False,False,"step 5 (SOA), "
rootlake.io,cloudflare,"{""cloudflare"": ""third""}",True,True,False,False,"step 5 (SOA), "
ropro.io,cloudflare,"{""cloudflare"": ""third""}",True,True,False,False,"step 5 (SOA), "
rostaxi.org,yandex,"{""yandex"": ""third""}",True,True,False,False,"step 6, "
rottentomatoes.com,akamai,"{""akamai"": ""third""}",True,True,False,False,"step 6, "
route.com,amazon,"{""amazon"": ""third""}",True,True,False,False,"step 5 (SOA), "
rozetka.com.ua,cloudflare,"{""cloudflare"": ""third""}",True,True,False,False,"step 5 (SOA), "
rpcuniverse.com,cloudflare,"{""cloudflare"": ""third""}",True,True,False,False,"step 5 (SOA), "
rpow2.com,cloudflare,"{""cloudflare"": ""third""}",True,True,False,False,"step 5 (SOA), "
rqmob.com,amazon,"{""amazon"": ""third""}",True,True,False,False,"step 5 (SOA), "
rqtrk.eu,amazon,"{""amazon"": ""third""}",True,True,False,False,"step 5 (SOA), "
rs-online.com,akamai,"{""akamai"": ""third""}",True,True,False,False,"step 6, "
rsms.me,cloudflare,"{""cloudflare"": ""private""}",False,False,False,False,"step 5 (SOA), "
rt.com,twitter,"{""twitter"": ""private""}",False,False,False,False,"step 6, "
rtactivate.com,amazon,"{""amazon"": ""third""}",True,True,False,False,"step 5 (SOA), "
rtb.mx,bunnycdn,"{""bunnycdn"": ""third""}",True,True,False,False,"step 5 (SOA), "
rtbanalytics.com,cloudflare,"{""cloudflare"": ""third""}",True,True,False,False,"step 5 (SOA), "
rtblab.net,amazon,"{""amazon"": ""third""}",True,True,False,False,"step 5 (SOA), "
rtbrain.app,cloudflare,"{""cloudflare"": ""third""}",True,True,False,False,"step 5 (SOA), "
rtbsuperhub.com,cloudflare,"{""cloudflare"": ""third""}",True,True,False,False,"step 5 (SOA), "
rtbsystem.com,cloudflare,"{""cloudflare"": ""third""}",True,True,False,False,"step 5 (SOA), "
rtbuniverse.com,cloudflare,"{""cloudflare"": ""third""}",True,True,False,False,"step 5 (SOA), "
rtbwise.com,google,"{""google"": ""third""}",True,True,False,False,"step 5 (SOA), "
rtmark.net,amazon,"{""amazon"": ""third""}",True,True,False,False,"step 5 (SOA), "
rtus.dev,cloudflare,"{""cloudflare"": ""third""}",True,True,False,False,"step 5 (SOA), "
rtve.es,cloudflare|fastly,"{""cloudflare"": ""third"", ""fastly"": ""third""}",True,False,True,True,"step 5 (SOA), step 6, "
rubiconproject.com,amazon,"{""amazon"": ""third""}",True,True,False,False,"step 5 (SOA), "
ruckus.cloud,google,"{""google"": ""third""}",True,True,False,False,"step 5 (SOA), "
ruckuswireless.com,twitter,"{""twitter"": ""third""}",True,True,False,False,"step 6, "
rudderlabs.com,amazon|wordpress,"{""amazon"": ""third"", ""wordpress"": ""third""}",True,False,True,True,"step 5 (SOA), step 6, "
rudderstack.com,amazon|vercel,"{""amazon"": ""third"", ""vercel"": ""third""}",True,False,True,True,"step 5 (SOA), step 6, "
rule34.xxx,cloudflare,"{""cloudflare"": ""third""}",True,True,False,False,"step 5 (SOA), "
rule34video.com,cloudflare,"{""cloudflare"": ""third""}",True,True,False,False,"step 5 (SOA), "
ruliweb.com,amazon,"{""amazon"": ""third""}",True,True,False,False,"step 5 (SOA), "
rum-ingress-coralogix.com,cloudflare,"{""cloudflare"": ""third""}",True,True,False,False,"step 5 (SOA), "
rumble.com,amazon,"{""amazon"": ""third""}",True,True,False,False,"step 5 (SOA), "
run.app,google,"{""google"": ""third""}",True,True,False,False,"step 5 (SOA), "
runative-syndicate.com,amazon,"{""amazon"": ""third""}",True,True,False,False,"step 5 (SOA), "
runconverge.com,amazon,"{""amazon"": ""third""}",True,True,False,False,"step 5 (SOA), "
runescape.com,amazon,"{""amazon"": ""third""}",True,True,False,False,"step 5 (SOA), "
runescape.wiki,cloudflare,"{""cloudflare"": ""third""}",True,True,False,False,"step 5 (SOA), "
runnerspace.com,cloudflare,"{""cloudflare"": ""third""}",True,True,False,False,"step 5 (SOA), "
runpod.io,amazon,"{""amazon"": ""third""}",True,True,False,False,"step 5 (SOA), "
runpod.net,cloudflare,"{""cloudflare"": ""third""}",True,True,False,False,"step 5 (SOA), "
runwayml.com,amazon|nextjs,"{""amazon"": ""third"", ""nextjs"": ""third""}",True,False,True,True,"step 5 (SOA), step 7, "
rust-lang.org,amazon|github,"{""amazon"": ""third"", ""github"": ""third""}",True,False,True,True,"step 5 (SOA), step 6, "
rustdesk.com,cloudflare,"{""cloudflare"": ""third""}",True,True,False,False,"step 5 (SOA), "
rutracker.org,cloudflare,"{""cloudflare"": ""third""}",True,True,False,False,"step 5 (SOA), "
rws.com,cloudflare|amazon,"{""cloudflare"": ""third"", ""amazon"": ""third""}",True,False,True,True,"step 5 (SOA), step 6, "
ryanair.com,amazon,"{""amazon"": ""third""}",True,True,False,False,"step 6, "
rylkngdm.com,amazon,"{""amazon"": ""third""}",True,True,False,False,"step 5 (SOA), "
rylmtch.com,amazon,"{""amazon"": ""third""}",True,True,False,False,"step 5 (SOA), "
rzqpixle.com,cloudflare,"{""cloudflare"": ""third""}",True,True,False,False,"step 5 (SOA), "
s-bol.com,google,"{""google"": ""third""}",True,True,False,False,"step 5 (SOA), "
s-microsoft.com,microsoft,"{""microsoft"": ""private""}",False,False,False,False,"step 3, "
s-msedge.net,microsoft,"{""microsoft"": ""private""}",False,False,False,False,"step 3, "
s-onetag.com,amazon,"{""amazon"": ""third""}",True,True,False,False,"step 5 (SOA), "
s73cloud.com,amazon,"{""amazon"": ""third""}",True,True,False,False,"step 5 (SOA), "
s7s.ai,cloudflare,"{""cloudflare"": ""third""}",True,True,False,False,"step 5 (SOA), "
saasexch.co,amazon,"{""amazon"": ""third""}",True,True,False,False,"step 5 (SOA), "
saasexch.com,amazon,"{""amazon"": ""third""}",True,True,False,False,"step 5 (SOA), "
saasexch.info,amazon,"{""amazon"": ""third""}",True,True,False,False,"step 5 (SOA), "
saashub.com,cloudflare,"{""cloudflare"": ""third""}",True,True,False,False,"step 5 (SOA), "
saawsedge.com,amazon|cloudflare,"{""amazon"": ""private"", ""cloudflare"": ""third""}",True,False,True,False,"step 3, step 5 (SOA), "
sabre.com,imperva,"{""imperva"": ""third""}",True,True,False,False,"step 6, "
sacdnssedge.com,cloudflare,"{""cloudflare"": ""third""}",True,True,False,False,"step 5 (SOA), "
safebrowsing.apple,apple,"{""apple"": ""private""}",False,False,False,False,"step 1, "
safedk.com,google,"{""google"": ""third""}",True,True,False,False,"step 5 (SOA), "
safersoftware.net,amazon,"{""amazon"": ""third""}",True,True,False,False,"step 5 (SOA), "
safevisit.online,google,"{""google"": ""third""}",True,True,False,False,"step 6, "
sage.com,cloudflare,"{""cloudflare"": ""third""}",True,True,False,False,"step 5 (SOA), "
sagepub.com,cloudflare,"{""cloudflare"": ""third""}",True,True,False,False,"step 5 (SOA), "
sahibinden.com,cloudflare,"{""cloudflare"": ""third""}",True,True,False,False,"step 6, "
sailfishx.live,microsoft,"{""microsoft"": ""private""}",False,False,False,False,"step 3, "
saksfifthavenue.com,amazon,"{""amazon"": ""third""}",True,True,False,False,"step 5 (SOA), "
salaryexpert.com,cloudflare,"{""cloudflare"": ""third""}",True,True,False,False,"step 5 (SOA), "
salecycle.com,amazon,"{""amazon"": ""third""}",True,True,False,False,"step 5 (SOA), "
salemove.com,amazon,"{""amazon"": ""third""}",True,True,False,False,"step 5 (SOA), "
salesforce.com,akamai,"{""akamai"": ""third""}",True,True,False,False,"step 6, "
salesforceliveagent.com,salesforce|microsoft,"{""salesforce"": ""private"", ""microsoft"": ""private""}",False,False,True,False,"step 2, step 3, "
salesloft.com,amazon,"{""amazon"": ""third""}",True,True,False,False,"step 5 (SOA), "
salesmanago.pl,cloudflare,"{""cloudflare"": ""third""}",True,True,False,False,"step 5 (SOA), "
salesmartly.com,amazon,"{""amazon"": ""third""}",True,True,False,False,"step 5 (SOA), "
salsify-ecdn.com,amazon,"{""amazon"": ""third""}",True,True,False,False,"step 5 (SOA), "
salsify.com,amazon,"{""amazon"": ""third""}",True,True,False,False,"step 5 (SOA), "
salthasher.com,cloudflare,"{""cloudflare"": ""third""}",True,True,False,False,"step 5 (SOA), "
samba.tv,amazon,"{""amazon"": ""third""}",True,True,False,False,"step 5 (SOA), "
samplicio.us,amazon,"{""amazon"": ""private""}",False,False,False,False,"step 5 (SOA), "
samqaicongen.com,amazon,"{""amazon"": ""third""}",True,True,False,False,"step 5 (SOA), "
samsara.com,amazon,"{""amazon"": ""third""}",True,True,False,False,"step 5 (SOA), "
samsclub.com,akamai,"{""akamai"": ""third""}",True,True,False,False,"step 6, "
samsung-dict.com,microsoft,"{""microsoft"": ""third""}",True,True,False,False,"step 5 (SOA), "
samsung-gamelauncher.com,amazon,"{""amazon"": ""third""}",True,True,False,False,"step 5 (SOA), "
samsung-news.com,amazon,"{""amazon"": ""third""}",True,True,False,False,"step 5 (SOA), "
samsung.com,akamai,"{""akamai"": ""third""}",True,True,False,False,"step 6, "
samsungacr.com,amazon,"{""amazon"": ""third""}",True,True,False,False,"step 5 (SOA), "
samsungads.com,amazon,"{""amazon"": ""third""}",True,True,False,False,"step 5 (SOA), "
samsungapps.com,amazon,"{""amazon"": ""private""}",False,False,False,False,"step 5 (SOA), "
samsungcloud.com,amazon,"{""amazon"": ""third""}",True,True,False,False,"step 5 (SOA), "
samsungcloud.tv,amazon,"{""amazon"": ""third""}",True,True,False,False,"step 5 (SOA), "
samsungcloudcdn.com,amazon,"{""amazon"": ""third""}",True,True,False,False,"step 5 (SOA), "
samsungcloudplatform.com,amazon,"{""amazon"": ""third""}",True,True,False,False,"step 5 (SOA), "
samsungcloudsolution.com,amazon,"{""amazon"": ""third""}",True,True,False,False,"step 5 (SOA), "
samsungcloudsolution.net,amazon,"{""amazon"": ""third""}",True,True,False,False,"step 5 (SOA), "
samsungconsent.com,amazon,"{""amazon"": ""third""}",True,True,False,False,"step 5 (SOA), "
samsungdis.com,amazon,"{""amazon"": ""third""}",True,True,False,False,"step 5 (SOA), "
samsungdive.com,amazon,"{""amazon"": ""third""}",True,True,False,False,"step 5 (SOA), "
samsungdmroute.com,amazon,"{""amazon"": ""third""}",True,True,False,False,"step 5 (SOA), "
samsungelectronics.com,amazon,"{""amazon"": ""third""}",True,True,False,False,"step 5 (SOA), "
samsungenergydr.com,amazon,"{""amazon"": ""third""}",True,True,False,False,"step 5 (SOA), "
samsungglobalgoals.com,google,"{""google"": ""third""}",True,True,False,False,"step 5 (SOA), "
samsunggsl.com,amazon,"{""amazon"": ""third""}",True,True,False,False,"step 5 (SOA), "
samsunghealth.com,amazon,"{""amazon"": ""third""}",True,True,False,False,"step 5 (SOA), "
samsunghrm.com,amazon,"{""amazon"": ""private""}",False,False,False,False,"step 5 (SOA), "
samsungiotcloud.com,amazon,"{""amazon"": ""third""}",True,True,False,False,"step 5 (SOA), "
samsungknowledge.com,amazon,"{""amazon"": ""third""}",True,True,False,False,"step 5 (SOA), "
samsungknox.com,amazon,"{""amazon"": ""third""}",True,True,False,False,"step 5 (SOA), "
samsungmdec.com,amazon,"{""amazon"": ""third""}",True,True,False,False,"step 5 (SOA), "
samsungnyc.com,amazon,"{""amazon"": ""third""}",True,True,False,False,"step 5 (SOA), "
samsungotn.net,amazon|microsoft,"{""amazon"": ""third"", ""microsoft"": ""third""}",True,False,True,True,"step 5 (SOA), step 6, "
samsungpass.com,amazon,"{""amazon"": ""third""}",True,True,False,False,"step 5 (SOA), "
samsungpositioning.com,amazon,"{""amazon"": ""third""}",True,True,False,False,"step 5 (SOA), "
samsungqbe.com,amazon,"{""amazon"": ""third""}",True,True,False,False,"step 5 (SOA), "
samsungrm.net,amazon,"{""amazon"": ""third""}",True,True,False,False,"step 5 (SOA), "
samsungrs.com,amazon,"{""amazon"": ""third""}",True,True,False,False,"step 5 (SOA), "
samsungtv.plus,amazon,"{""amazon"": ""third""}",True,True,False,False,"step 5 (SOA), "
samsungvisioncloud.com,amazon,"{""amazon"": ""third""}",True,True,False,False,"step 5 (SOA), "
sanity.io,google,"{""google"": ""third""}",True,True,False,False,"step 5 (SOA), "
santander.com.br,akamai,"{""akamai"": ""third""}",True,True,False,False,"step 6, "
santandernetibe.com.br,akamai,"{""akamai"": ""third""}",True,True,False,False,"step 6, "
sap.com,akamai,"{""akamai"": ""third""}",True,True,False,False,"step 6, "
sardine.ai,google,"{""google"": ""third""}",True,True,False,False,"step 5 (SOA), "
sas.com,akamai,"{""akamai"": ""third""}",True,True,False,False,"step 6, "
savana.com,amazon|cloudflare,"{""amazon"": ""third"", ""cloudflare"": ""third""}",True,False,True,True,"step 5 (SOA), step 6, "
sb-cd.com,cloudflare,"{""cloudflare"": ""third""}",True,True,False,False,"step 5 (SOA), "
sbcglobal.net,akamai,"{""akamai"": ""third""}",True,True,False,False,"step 6, "
sbcloud.us,amazon,"{""amazon"": ""third""}",True,True,False,False,"step 5 (SOA), "
sc-apps.com,cloudflare,"{""cloudflare"": ""third""}",True,True,False,False,"step 5 (SOA), "
sc-cdn.net,snapchat|amazon,"{""snapchat"": ""private"", ""amazon"": ""third""}",True,False,True,False,"step 2, step 5 (SOA), "
sc-gw.com,amazon,"{""amazon"": ""third""}",True,True,False,False,"step 5 (SOA), "
sc-prod.net,amazon,"{""amazon"": ""third""}",True,True,False,False,"step 5 (SOA), "
sc-static.net,amazon,"{""amazon"": ""third""}",True,True,False,False,"step 5 (SOA), "
scalefusion.com,cloudflare,"{""cloudflare"": ""private""}",False,False,False,False,"step 5 (SOA), "
scalertrk.com,amazon,"{""amazon"": ""third""}",True,True,False,False,"step 5 (SOA), "
scalibur.io,amazon,"{""amazon"": ""private""}",False,False,False,False,"step 5 (SOA), "
scdn.co,fastly,"{""fastly"": ""third""}",True,True,False,False,"step 6, "
scene7.com,adobe,"{""adobe"": ""private""}",False,False,False,False,"step 2, "
scheels.com,cloudflare,"{""cloudflare"": ""third""}",True,True,False,False,"step 5 (SOA), "
schemaapp.com,amazon|wordpress,"{""amazon"": ""third"", ""wordpress"": ""third""}",True,False,True,True,"step 5 (SOA), step 6, "
schemastore.org,github,"{""github"": ""third""}",True,True,False,False,"step 6, "
schibsted.io,amazon,"{""amazon"": ""third""}",True,True,False,False,"step 5 (SOA), "
schwab.com,akamai,"{""akamai"": ""third""}",True,True,False,False,"step 6, "
scielo.br,bunnycdn,"{""bunnycdn"": ""third""}",True,True,False,False,"step 5 (SOA), "
scienceconnect.io,cloudflare,"{""cloudflare"": ""third""}",True,True,False,False,"step 5 (SOA), "
sciencedirect.com,cloudflare,"{""cloudflare"": ""third""}",True,True,False,False,"step 5 (SOA), "
sciencemag.org,cloudflare,"{""cloudflare"": ""third""}",True,True,False,False,"step 6, "
scite.ai,amazon,"{""amazon"": ""third""}",True,True,False,False,"step 5 (SOA), "
scmp.com,cloudflare,"{""cloudflare"": ""third""}",True,True,False,False,"step 5 (SOA), "
scope3.com,cloudflare,"{""cloudflare"": ""third""}",True,True,False,False,"step 5 (SOA), "
scopely.io,amazon,"{""amazon"": ""third""}",True,True,False,False,"step 5 (SOA), "
scorecardresearch.com,amazon,"{""amazon"": ""private""}",False,False,False,False,"step 5 (SOA), "
scragged.com,amazon,"{""amazon"": ""third""}",True,True,False,False,"step 5 (SOA), "
screen.cloud,amazon,"{""amazon"": ""third""}",True,True,False,False,"step 5 (SOA), "
screencastify.com,google,"{""google"": ""third""}",True,True,False,False,"step 5 (SOA), "
screencloud.com,amazon|vercel,"{""amazon"": ""third"", ""vercel"": ""third""}",True,False,True,True,"step 5 (SOA), step 6, "
screenconnect.com,amazon|cloudflare,"{""amazon"": ""third"", ""cloudflare"": ""third""}",True,False,True,True,"step 5 (SOA), step 6, "
scribd.com,amazon|fastly,"{""amazon"": ""third"", ""fastly"": ""third""}",True,False,True,True,"step 5 (SOA), step 6, "
scribdassets.com,amazon|fastly,"{""amazon"": ""third"", ""fastly"": ""third""}",True,False,True,True,"step 5 (SOA), step 6, "
scribehow.com,cloudflare,"{""cloudflare"": ""third""}",True,True,False,False,"step 5 (SOA), "
script.ac,cloudflare,"{""cloudflare"": ""third""}",True,True,False,False,"step 5 (SOA), "
sd-rtn.com,amazon,"{""amazon"": ""third""}",True,True,False,False,"step 6, "
sddan.com,cloudflare,"{""cloudflare"": ""third""}",True,True,False,False,"step 5 (SOA), "
sdiapi.com,google,"{""google"": ""third""}",True,True,False,False,"step 6, "
se-platform.com,amazon,"{""amazon"": ""third""}",True,True,False,False,"step 5 (SOA), "
se.com,akamai,"{""akamai"": ""third""}",True,True,False,False,"step 6, "
seaart.ai,amazon,"{""amazon"": ""third""}",True,True,False,False,"step 5 (SOA), "
seaart.me,google,"{""google"": ""third""}",True,True,False,False,"step 5 (SOA), "
seabank.co.id,amazon|akamai,"{""amazon"": ""third"", ""akamai"": ""third""}",True,False,True,True,"step 5 (SOA), step 6, "
sealsubscriptions.com,cloudflare,"{""cloudflare"": ""third""}",True,True,False,False,"step 5 (SOA), "
searchatlas.com,cloudflare,"{""cloudflare"": ""third""}",True,True,False,False,"step 5 (SOA), "
searchserverapi1.com,cloudflare,"{""cloudflare"": ""private""}",False,False,False,False,"step 5 (SOA), "
searchspring.io,amazon,"{""amazon"": ""third""}",True,True,False,False,"step 5 (SOA), "
searchspring.net,amazon|cloudflare,"{""amazon"": ""third"", ""cloudflare"": ""third""}",True,False,True,True,"step 5 (SOA), step 7, "
searchy.io,cloudflare,"{""cloudflare"": ""third""}",True,True,False,False,"step 5 (SOA), "
sec.gov,akamai,"{""akamai"": ""third""}",True,True,False,False,"step 6, "
secb2b.com,amazon,"{""amazon"": ""third""}",True,True,False,False,"step 5 (SOA), "
secondlife.com,akamai,"{""akamai"": ""third""}",True,True,False,False,"step 6, "
secrets.ai,cloudflare,"{""cloudflare"": ""third""}",True,True,False,False,"step 5 (SOA), "
sectigo.com,cloudflare,"{""cloudflare"": ""third""}",True,True,False,False,"step 6, "
securebrowser.com,cloudflare,"{""cloudflare"": ""third""}",True,True,False,False,"step 5 (SOA), "
securecafe.com,amazon|cloudflare,"{""amazon"": ""third"", ""cloudflare"": ""third""}",True,False,True,True,"step 5 (SOA), step 6, "
securedvisit.com,amazon,"{""amazon"": ""third""}",True,True,False,False,"step 5 (SOA), "
secureprivacy.ai,cloudflare,"{""cloudflare"": ""third""}",True,True,False,False,"step 5 (SOA), "
secureserver.net,akamai,"{""akamai"": ""third""}",True,True,False,False,"step 6, "
securestudies.com,amazon,"{""amazon"": ""private""}",False,False,False,False,"step 5 (SOA), "
securiti.ai,cloudflare,"{""cloudflare"": ""third""}",True,True,False,False,"step 5 (SOA), "
securityannex.net,amazon,"{""amazon"": ""third""}",True,True,False,False,"step 5 (SOA), "
securityeco.com,amazon,"{""amazon"": ""private""}",False,False,False,False,"step 5 (SOA), "
securitytrfx.com,amazon,"{""amazon"": ""third""}",True,True,False,False,"step 5 (SOA), "
securly.com,amazon,"{""amazon"": ""third""}",True,True,False,False,"step 5 (SOA), "
securykit.com,twitter,"{""twitter"": ""private""}",False,False,False,False,"step 6, "
sedo.com,cloudflare,"{""cloudflare"": ""third""}",True,True,False,False,"step 5 (SOA), "
seedonk.com,amazon,"{""amazon"": ""third""}",True,True,False,False,"step 5 (SOA), "
seedtag.com,cloudflare,"{""cloudflare"": ""third""}",True,True,False,False,"step 5 (SOA), "
seek.com,amazon|cloudflare,"{""amazon"": ""third"", ""cloudflare"": ""third""}",True,False,True,True,"step 5 (SOA), step 6, "
seek.com.au,amazon|cloudflare,"{""amazon"": ""third"", ""cloudflare"": ""third""}",True,False,True,True,"step 5 (SOA), step 6, "
seekingalpha.com,amazon|fastly,"{""amazon"": ""third"", ""fastly"": ""third""}",True,False,True,True,"step 5 (SOA), step 6, "
seel.com,amazon,"{""amazon"": ""third""}",True,True,False,False,"step 5 (SOA), "
seenthis.se,amazon,"{""amazon"": ""third""}",True,True,False,False,"step 5 (SOA), "
seesaa.net,amazon,"{""amazon"": ""third""}",True,True,False,False,"step 5 (SOA), "
segment.com,amazon|twitter,"{""amazon"": ""private"", ""twitter"": ""private""}",False,False,True,False,"step 5 (SOA), step 6, "
segment.io,amazon,"{""amazon"": ""private""}",False,False,False,False,"step 5 (SOA), "
segmentapis.com,amazon,"{""amazon"": ""third""}",True,True,False,False,"step 5 (SOA), "
segreencolumn.com,amazon,"{""amazon"": ""third""}",True,True,False,False,"step 5 (SOA), "
sektori.org,cloudflare,"{""cloudflare"": ""third""}",True,True,False,False,"step 5 (SOA), "
semanticscholar.org,amazon,"{""amazon"": ""third""}",True,True,False,False,"step 5 (SOA), "
semasio.net,amazon,"{""amazon"": ""third""}",True,True,False,False,"step 5 (SOA), "
semrush.com,google,"{""google"": ""third""}",True,True,False,False,"step 5 (SOA), "
send-anywhere.com,amazon,"{""amazon"": ""third""}",True,True,False,False,"step 5 (SOA), "
sendbird.com,amazon,"{""amazon"": ""third""}",True,True,False,False,"step 5 (SOA), "
senderscore.com,amazon,"{""amazon"": ""private""}",False,False,False,False,"step 5 (SOA), "
sendgrid.net,sendgrid,"{""sendgrid"": ""private""}",False,False,False,False,"step 2, "
sendpulse.com,amazon,"{""amazon"": ""private""}",False,False,False,False,"step 5 (SOA), "
sendtonews.com,amazon,"{""amazon"": ""private""}",False,False,False,False,"step 5 (SOA), "
sendtuna.com,cloudflare,"{""cloudflare"": ""third""}",True,True,False,False,"step 5 (SOA), "
senior.com.br,amazon,"{""amazon"": ""third""}",True,True,False,False,"step 5 (SOA), "
sense.com,amazon,"{""amazon"": ""private""}",False,False,False,False,"step 5 (SOA), "
sensibo.com,shopify|cloudflare,"{""shopify"": ""third"", ""cloudflare"": ""third""}",True,False,True,True,"step 6, step 7, "
sensic.net,amazon,"{""amazon"": ""third""}",True,True,False,False,"step 5 (SOA), "
sentinelone.net,amazon,"{""amazon"": ""private""}",False,False,False,False,"step 5 (SOA), "
sentry-cdn.com,google,"{""google"": ""third""}",True,True,False,False,"step 5 (SOA), "
sentry.io,google,"{""google"": ""third""}",True,True,False,False,"step 5 (SOA), "
seondfresolver.com,amazon,"{""amazon"": ""third""}",True,True,False,False,"step 5 (SOA), "
seondnsresolve.com,amazon,"{""amazon"": ""third""}",True,True,False,False,"step 5 (SOA), "
sephora.com,akamai,"{""akamai"": ""third""}",True,True,False,False,"step 6, "
serasa.com.br,amazon|imperva,"{""amazon"": ""third"", ""imperva"": ""third""}",True,False,True,True,"step 5 (SOA), step 6, "
serasaexperian.com.br,amazon|imperva,"{""amazon"": ""third"", ""imperva"": ""third""}",True,False,True,True,"step 5 (SOA), step 6, "
sermonaudio.com,cloudflare,"{""cloudflare"": ""third""}",True,True,False,False,"step 5 (SOA), "
servarr.com,cloudflare,"{""cloudflare"": ""third""}",True,True,False,False,"step 5 (SOA), "
servedbyadbutler.com,amazon,"{""amazon"": ""private""}",False,False,False,False,"step 5 (SOA), "
servenobid.com,amazon,"{""amazon"": ""third""}",True,True,False,False,"step 5 (SOA), "
serverbid.com,amazon,"{""amazon"": ""third""}",True,True,False,False,"step 5 (SOA), "
servg1.net,amazon,"{""amazon"": ""third""}",True,True,False,False,"step 5 (SOA), "
service.gov.uk,amazon,"{""amazon"": ""third""}",True,True,False,False,"step 5 (SOA), "
servicenow.com,akamai,"{""akamai"": ""third""}",True,True,False,False,"step 6, "
servicewechat.com,twitter,"{""twitter"": ""private""}",False,False,False,False,"step 6, "
servogram.io,amazon,"{""amazon"": ""third""}",True,True,False,False,"step 5 (SOA), "
sesupdate.com,amazon,"{""amazon"": ""third""}",True,True,False,False,"step 5 (SOA), "
setapp.com,cloudflare,"{""cloudflare"": ""third""}",True,True,False,False,"step 5 (SOA), "
settingshelper.com,amazon,"{""amazon"": ""third""}",True,True,False,False,"step 5 (SOA), "
setupad.io,cloudflare,"{""cloudflare"": ""third""}",True,True,False,False,"step 5 (SOA), "
sex-studentki.live,microsoft|cloudflare,"{""microsoft"": ""private"", ""cloudflare"": ""third""}",True,False,True,False,"step 3, step 5 (SOA), "
sex-studentki.team,cloudflare,"{""cloudflare"": ""third""}",True,True,False,False,"step 5 (SOA), "
sexchatters.com,google|twitter|cloudflare,"{""google"": ""third"", ""twitter"": ""third"", ""cloudflare"": ""third""}",True,False,True,True,"step 5 (SOA), step 6, step 7, "
sezzle.com,amazon,"{""amazon"": ""third""}",True,True,False,False,"step 5 (SOA), "
sftcdn.net,google|fastly,"{""google"": ""third"", ""fastly"": ""third""}",True,False,True,True,"step 5 (SOA), step 6, "
sfx.ms,microsoft,"{""microsoft"": ""third""}",True,True,False,False,"step 5 (SOA), "
sg-light-edge.com,amazon,"{""amazon"": ""third""}",True,True,False,False,"step 5 (SOA), "
sgmbocast.com,amazon,"{""amazon"": ""third""}",True,True,False,False,"step 5 (SOA), "
sgsnssdk.com,bytedance|amazon,"{""bytedance"": ""private"", ""amazon"": ""third""}",True,False,True,False,"step 2, step 5 (SOA), "
shallspark.com,amazon,"{""amazon"": ""third""}",True,True,False,False,"step 5 (SOA), "
shalltry.com,amazon,"{""amazon"": ""third""}",True,True,False,False,"step 5 (SOA), "
shapegamescloud.com,amazon,"{""amazon"": ""third""}",True,True,False,False,"step 5 (SOA), "
share.google,google,"{""google"": ""private""}",False,False,False,False,"step 1, "
shareaholic.com,amazon,"{""amazon"": ""private""}",False,False,False,False,"step 5 (SOA), "
shareaholic.net,cloudflare,"{""cloudflare"": ""third""}",True,True,False,False,"step 5 (SOA), "
sharechat.com,google,"{""google"": ""third""}",True,True,False,False,"step 5 (SOA), "
sharefile.com,amazon,"{""amazon"": ""third""}",True,True,False,False,"step 5 (SOA), "
sharefile.io,amazon,"{""amazon"": ""third""}",True,True,False,False,"step 5 (SOA), "
sharepoint.com,microsoft|twitter,"{""microsoft"": ""third"", ""twitter"": ""third""}",True,False,True,True,"step 5 (SOA), step 6, "
sharepoint.us,microsoft,"{""microsoft"": ""third""}",True,True,False,False,"step 5 (SOA), "
sharepointonline.com,microsoft,"{""microsoft"": ""private""}",False,False,False,False,"step 5 (SOA), "
sharethis.com,amazon,"{""amazon"": ""third""}",True,True,False,False,"step 5 (SOA), "
sharethis.net,amazon,"{""amazon"": ""third""}",True,True,False,False,"step 5 (SOA), "
sharethrough.com,amazon,"{""amazon"": ""third""}",True,True,False,False,"step 5 (SOA), "
sharkninja.com,cloudflare,"{""cloudflare"": ""third""}",True,True,False,False,"step 5 (SOA), "
shaw.ca,akamai,"{""akamai"": ""third""}",True,True,False,False,"step 6, "
shazam.com,amazon|fastly,"{""amazon"": ""third"", ""fastly"": ""third""}",True,False,True,True,"step 5 (SOA), step 6, "
shegu.net,cloudflare,"{""cloudflare"": ""third""}",True,True,False,False,"step 5 (SOA), "
shein.com,amazon|cloudflare,"{""amazon"": ""third"", ""cloudflare"": ""third""}",True,False,True,True,"step 5 (SOA), step 6, "
sheincorp.cn,amazon,"{""amazon"": ""third""}",True,True,False,False,"step 5 (SOA), "
shell.com,akamai,"{""akamai"": ""third""}",True,True,False,False,"step 6, "
shelly.cloud,google,"{""google"": ""private""}",False,False,False,False,"step 5 (SOA), "
shengboglobal.com,amazon|akamai,"{""amazon"": ""third"", ""akamai"": ""third""}",True,False,True,True,"step 5 (SOA), step 6, "
shgcdn3.com,cloudflare,"{""cloudflare"": ""third""}",True,True,False,False,"step 5 (SOA), "
shifen.com,baidu,"{""baidu"": ""private""}",False,False,False,False,"step 2, "
shiftapis.com,amazon,"{""amazon"": ""third""}",True,True,False,False,"step 5 (SOA), "
shiftdigitalapps.io,microsoft,"{""microsoft"": ""third""}",True,True,False,False,"step 5 (SOA), "
shixcam.com,alibaba,"{""alibaba"": ""third""}",True,True,False,False,"step 6, "
shodan.io,cloudflare,"{""cloudflare"": ""third""}",True,True,False,False,"step 5 (SOA), "
shoonyacloud.com,amazon,"{""amazon"": ""third""}",True,True,False,False,"step 5 (SOA), "
shop.pe,amazon,"{""amazon"": ""third""}",True,True,False,False,"step 5 (SOA), "
shopbop.com,amazon,"{""amazon"": ""private""}",False,False,False,False,"step 5 (SOA), "
shopcider.com,amazon|cloudflare,"{""amazon"": ""third"", ""cloudflare"": ""third""}",True,False,True,True,"step 5 (SOA), step 6, "
shopee.co.id,amazon,"{""amazon"": ""private""}",False,False,False,False,"step 5 (SOA), "
shopee.co.th,amazon,"{""amazon"": ""private""}",False,False,False,False,"step 5 (SOA), "
shopee.com,amazon,"{""amazon"": ""third""}",True,True,False,False,"step 5 (SOA), "
shopee.com.br,amazon,"{""amazon"": ""private""}",False,False,False,False,"step 5 (SOA), "
shopee.com.my,amazon,"{""amazon"": ""private""}",False,False,False,False,"step 5 (SOA), "
shopee.io,amazon,"{""amazon"": ""third""}",True,True,False,False,"step 5 (SOA), "
shopee.ph,amazon,"{""amazon"": ""private""}",False,False,False,False,"step 5 (SOA), "
shopee.sg,amazon,"{""amazon"": ""private""}",False,False,False,False,"step 5 (SOA), "
shopee.tw,amazon,"{""amazon"": ""private""}",False,False,False,False,"step 5 (SOA), "
shopee.vn,amazon,"{""amazon"": ""private""}",False,False,False,False,"step 5 (SOA), "
shopeemobile.com,amazon,"{""amazon"": ""private""}",False,False,False,False,"step 5 (SOA), "
shopeepay.co.id,amazon,"{""amazon"": ""third""}",True,True,False,False,"step 5 (SOA), "
shopeepay.com.br,amazon,"{""amazon"": ""third""}",True,True,False,False,"step 5 (SOA), "
shopify.com,shopify|cloudflare,"{""shopify"": ""private"", ""cloudflare"": ""third""}",True,False,True,False,"step 2, step 7, "
shopifycdn.com,shopify,"{""shopify"": ""private""}",False,False,False,False,"step 2, "
shopifycloud.com,google,"{""google"": ""third""}",True,True,False,False,"step 5 (SOA), "
shopifyinc.com,cloudflare,"{""cloudflare"": ""third""}",True,True,False,False,"step 5 (SOA), "
shoplazza.com,cloudflare,"{""cloudflare"": ""third""}",True,True,False,False,"step 6, "
shoplift.ai,amazon,"{""amazon"": ""third""}",True,True,False,False,"step 5 (SOA), "
shoplive.cloud,microsoft|google,"{""microsoft"": ""private"", ""google"": ""third""}",True,False,True,False,"step 3, step 5 (SOA), "
shopmy.us,amazon,"{""amazon"": ""third""}",True,True,False,False,"step 5 (SOA), "
shorebird.dev,google,"{""google"": ""third""}",True,True,False,False,"step 5 (SOA), "
shortpixel.ai,cloudflare,"{""cloudflare"": ""private""}",False,False,False,False,"step 5 (SOA), "
shorttv.live,microsoft|amazon,"{""microsoft"": ""private"", ""amazon"": ""third""}",True,False,True,False,"step 3, step 5 (SOA), "
shortv.net,cloudflare,"{""cloudflare"": ""third""}",True,True,False,False,"step 5 (SOA), "
show-sb.com,cloudflare,"{""cloudflare"": ""third""}",True,True,False,False,"step 5 (SOA), "
shrkar.com,amazon,"{""amazon"": ""third""}",True,True,False,False,"step 5 (SOA), "
shtranssion.com,amazon,"{""amazon"": ""third""}",True,True,False,False,"step 5 (SOA), "
shutterfly.com,amazon|akamai,"{""amazon"": ""third"", ""akamai"": ""third""}",True,False,True,True,"step 5 (SOA), step 6, "
shutterstock.com,amazon,"{""amazon"": ""third""}",True,True,False,False,"step 5 (SOA), "
si.com,amazon,"{""amazon"": ""third""}",True,True,False,False,"step 5 (SOA), "
si.edu,cloudflare,"{""cloudflare"": ""third""}",True,True,False,False,"step 6, "
sibautomation.com,cloudflare,"{""cloudflare"": ""third""}",True,True,False,False,"step 5 (SOA), "
sibforms.com,cloudflare,"{""cloudflare"": ""third""}",True,True,False,False,"step 5 (SOA), "
sichuantuyitech.com,amazon,"{""amazon"": ""third""}",True,True,False,False,"step 5 (SOA), "
sicoob.com.br,cloudflare,"{""cloudflare"": ""third""}",True,True,False,False,"step 6, "
sicredi.com.br,akamai,"{""akamai"": ""third""}",True,True,False,False,"step 6, "
sicredi.io,amazon,"{""amazon"": ""third""}",True,True,False,False,"step 5 (SOA), "
sider.ai,cloudflare,"{""cloudflare"": ""third""}",True,True,False,False,"step 5 (SOA), "
siege-amazon.com,amazon,"{""amazon"": ""private""}",False,False,False,False,"step 3, "
sierra.chat,cloudflare,"{""cloudflare"": ""third""}",True,True,False,False,"step 5 (SOA), "
sift.com,google|twitter,"{""google"": ""private"", ""twitter"": ""private""}",False,False,True,False,"step 5 (SOA), step 6, "
siftscience.com,google,"{""google"": ""private""}",False,False,False,False,"step 5 (SOA), "
sigmaaldrich.com,akamai,"{""akamai"": ""third""}",True,True,False,False,"step 6, "
sigmapop.com,amazon,"{""amazon"": ""third""}",True,True,False,False,"step 5 (SOA), "
signageos.io,amazon,"{""amazon"": ""third""}",True,True,False,False,"step 5 (SOA), "
signal.org,cloudflare,"{""cloudflare"": ""third""}",True,True,False,False,"step 5 (SOA), "
signalfx.com,amazon,"{""amazon"": ""third""}",True,True,False,False,"step 5 (SOA), "
signalr.net,microsoft|twitter,"{""microsoft"": ""third"", ""twitter"": ""third""}",True,False,True,True,"step 5 (SOA), step 6, "
signifyd.com,amazon,"{""amazon"": ""third""}",True,True,False,False,"step 5 (SOA), "
siksinhot.com,amazon,"{""amazon"": ""third""}",True,True,False,False,"step 5 (SOA), "
silverchair-cdn.com,amazon,"{""amazon"": ""third""}",True,True,False,False,"step 5 (SOA), "
simcitybuildit.com,amazon,"{""amazon"": ""third""}",True,True,False,False,"step 5 (SOA), "
similarweb.com,amazon,"{""amazon"": ""third""}",True,True,False,False,"step 5 (SOA), "
simpleanalyticscdn.com,bunnycdn,"{""bunnycdn"": ""third""}",True,True,False,False,"step 5 (SOA), "
simplesvg.com,cloudflare,"{""cloudflare"": ""third""}",True,True,False,False,"step 5 (SOA), "
simpli.fi,cloudflare,"{""cloudflare"": ""third""}",True,True,False,False,"step 7, "
simplisafe.com,amazon,"{""amazon"": ""private""}",False,False,False,False,"step 5 (SOA), "
sina.cn,sina,"{""sina"": ""private""}",False,False,False,False,"step 6, "
sina.com,alibaba|sina,"{""alibaba"": ""third"", ""sina"": ""private""}",True,False,True,False,"step 6, step 6, "
sina.com.cn,sina|alibaba,"{""sina"": ""private"", ""alibaba"": ""third""}",True,False,True,False,"step 2, step 6, "
sinaedge.com,sina,"{""sina"": ""private""}",False,False,False,False,"step 2, "
sinaimg.cn,weibo|sina|baishan,"{""weibo"": ""private"", ""sina"": ""private"", ""baishan"": ""third""}",True,False,True,False,"step 2, step 6, step 6, "
sinajs.cn,sina,"{""sina"": ""private""}",False,False,False,False,"step 2, "
sinch.com,amazon|cloudflare,"{""amazon"": ""private"", ""cloudflare"": ""private""}",False,False,True,False,"step 5 (SOA), step 7, "
sinclairstoryline.com,amazon,"{""amazon"": ""third""}",True,True,False,False,"step 5 (SOA), "
singledance.xyz,cloudflare,"{""cloudflare"": ""third""}",True,True,False,False,"step 5 (SOA), "
singular.net,amazon|wordpress,"{""amazon"": ""third"", ""wordpress"": ""third""}",True,False,True,True,"step 5 (SOA), step 6, "
sinsay.com,akamai,"{""akamai"": ""third""}",True,True,False,False,"step 6, "
sir90hl.com,cloudflare,"{""cloudflare"": ""third""}",True,True,False,False,"step 5 (SOA), "
siriusxm.com,akamai,"{""akamai"": ""third""}",True,True,False,False,"step 6, "
sirsi.net,cloudflare,"{""cloudflare"": ""private""}",False,False,False,False,"step 5 (SOA), "
site-config.com,cloudflare|google,"{""cloudflare"": ""third"", ""google"": ""third""}",True,False,True,True,"step 5 (SOA), step 7, "
site.com,akamai,"{""akamai"": ""third""}",True,True,False,False,"step 6, "
sitecorecloud.io,cloudflare,"{""cloudflare"": ""third""}",True,True,False,False,"step 5 (SOA), "
siteimproveanalytics.com,cloudflare,"{""cloudflare"": ""third""}",True,True,False,False,"step 5 (SOA), "
siteimproveanalytics.io,amazon,"{""amazon"": ""third""}",True,True,False,False,"step 5 (SOA), "
sitelabweb.com,amazon,"{""amazon"": ""third""}",True,True,False,False,"step 5 (SOA), "
siteperformancetest.net,cloudflare|amazon,"{""cloudflare"": ""third"", ""amazon"": ""third""}",True,False,True,True,"step 5 (SOA), step 7, "
sitescout.com,amazon,"{""amazon"": ""third""}",True,True,False,False,"step 5 (SOA), "
sixt.com,twitter,"{""twitter"": ""private""}",False,False,False,False,"step 6, "
sizebay.technology,amazon,"{""amazon"": ""third""}",True,True,False,False,"step 5 (SOA), "
sjv.io,amazon,"{""amazon"": ""third""}",True,True,False,False,"step 5 (SOA), "
skated.co,amazon,"{""amazon"": ""third""}",True,True,False,False,"step 5 (SOA), "
skeepers.io,cloudflare,"{""cloudflare"": ""private""}",False,False,False,False,"step 5 (SOA), "
sketchfab.com,amazon,"{""amazon"": ""third""}",True,True,False,False,"step 5 (SOA), "
sketchup.com,amazon,"{""amazon"": ""third""}",True,True,False,False,"step 5 (SOA), "
skimresources.com,amazon|google,"{""amazon"": ""private"", ""google"": ""private""}",False,False,True,False,"step 5 (SOA), step 7, "
skk.moe,cloudflare,"{""cloudflare"": ""third""}",True,True,False,False,"step 6, "
skoda-auto.com,microsoft,"{""microsoft"": ""third""}",True,True,False,False,"step 6, "
skool.com,cloudflare|amazon,"{""cloudflare"": ""third"", ""amazon"": ""third""}",True,False,True,True,"step 5 (SOA), step 6, "
skroutz.gr,cloudflare,"{""cloudflare"": ""third""}",True,True,False,False,"step 5 (SOA), "
sktorrent.eu,cloudflare,"{""cloudflare"": ""private""}",False,False,False,False,"step 5 (SOA), "
sky.com,akamai,"{""akamai"": ""third""}",True,True,False,False,"step 6, "
sky.it,amazon,"{""amazon"": ""third""}",True,True,False,False,"step 6, "
skybet.com,cloudflare,"{""cloudflare"": ""third""}",True,True,False,False,"step 5 (SOA), "
skyegloup.com,amazon,"{""amazon"": ""third""}",True,True,False,False,"step 5 (SOA), "
skype.com,microsoft,"{""microsoft"": ""private""}",False,False,False,False,"step 3, "
skypeassets.com,microsoft|akamai,"{""microsoft"": ""private"", ""akamai"": ""third""}",True,False,True,False,"step 3, step 6, "
skypeforbusiness.com,microsoft,"{""microsoft"": ""private""}",False,False,False,False,"step 3, "
skypicker.com,google,"{""google"": ""third""}",True,True,False,False,"step 5 (SOA), "
skyscanner.net,amazon,"{""amazon"": ""third""}",True,True,False,False,"step 5 (SOA), "
skyscnr.com,amazon,"{""amazon"": ""third""}",True,True,False,False,"step 5 (SOA), "
skytigris.cn,alibaba,"{""alibaba"": ""third""}",True,True,False,False,"step 6, "
skyts.net,cloudflare,"{""cloudflare"": ""third""}",True,True,False,False,"step 5 (SOA), "
skywayplatform.com,amazon|google,"{""amazon"": ""third"", ""google"": ""third""}",True,False,True,True,"step 5 (SOA), step 7, "
slack-edge.com,amazon,"{""amazon"": ""third""}",True,True,False,False,"step 5 (SOA), "
slack-imgs.com,amazon,"{""amazon"": ""third""}",True,True,False,False,"step 5 (SOA), "
slack.com,amazon,"{""amazon"": ""third""}",True,True,False,False,"step 5 (SOA), "
slackb.com,amazon,"{""amazon"": ""third""}",True,True,False,False,"step 5 (SOA), "
sleeknote.com,amazon|cloudflare,"{""amazon"": ""third"", ""cloudflare"": ""third""}",True,False,True,True,"step 5 (SOA), step 7, "
sleepnumber.com,amazon,"{""amazon"": ""third""}",True,True,False,False,"step 5 (SOA), "
sleeptracker.com,amazon,"{""amazon"": ""private""}",False,False,False,False,"step 5 (SOA), "
slickstream.com,cloudflare,"{""cloudflare"": ""third""}",True,True,False,False,"step 5 (SOA), "
slideshare.net,amazon|fastly,"{""amazon"": ""third"", ""fastly"": ""third""}",True,False,True,True,"step 5 (SOA), step 6, "
slidesharecdn.com,amazon,"{""amazon"": ""third""}",True,True,False,False,"step 5 (SOA), "
sliide.cloud,amazon,"{""amazon"": ""third""}",True,True,False,False,"step 5 (SOA), "
slim02.jp,cloudflare,"{""cloudflare"": ""third""}",True,True,False,False,"step 5 (SOA), "
sling.com,amazon,"{""amazon"": ""third""}",True,True,False,False,"step 5 (SOA), "
sma.de,amazon,"{""amazon"": ""third""}",True,True,False,False,"step 6, "
smaato.net,amazon,"{""amazon"": ""third""}",True,True,False,False,"step 5 (SOA), "
smadex.com,amazon,"{""amazon"": ""private""}",False,False,False,False,"step 5 (SOA), "
smallpdf.com,amazon,"{""amazon"": ""third""}",True,True,False,False,"step 5 (SOA), "
smartadhi.com,cloudflare,"{""cloudflare"": ""third""}",True,True,False,False,"step 5 (SOA), "
smartadserver.com,akamai,"{""akamai"": ""private""}",False,False,False,False,"step 6, "
smartcasttv.com,amazon,"{""amazon"": ""third""}",True,True,False,False,"step 5 (SOA), "
smartclip.net,amazon,"{""amazon"": ""third""}",True,True,False,False,"step 5 (SOA), "
smarthint.co,google,"{""google"": ""third""}",True,True,False,False,"step 5 (SOA), "
smartico.ai,cloudflare,"{""cloudflare"": ""third""}",True,True,False,False,"step 5 (SOA), "
smartlook.cloud,amazon,"{""amazon"": ""third""}",True,True,False,False,"step 5 (SOA), "
smartlook.com,amazon,"{""amazon"": ""third""}",True,True,False,False,"step 5 (SOA), "
smartmailcloud.com,google,"{""google"": ""third""}",True,True,False,False,"step 5 (SOA), "
smartnews-ads.com,amazon,"{""amazon"": ""third""}",True,True,False,False,"step 5 (SOA), "
smartnews.be,amazon,"{""amazon"": ""third""}",True,True,False,False,"step 5 (SOA), "
smartnews.com,amazon,"{""amazon"": ""third""}",True,True,False,False,"step 5 (SOA), "
smartnews.net,amazon,"{""amazon"": ""third""}",True,True,False,False,"step 5 (SOA), "
smartocto.com,amazon,"{""amazon"": ""third""}",True,True,False,False,"step 5 (SOA), "
smartrecruiters.com,amazon|cloudflare,"{""amazon"": ""third"", ""cloudflare"": ""third""}",True,False,True,True,"step 5 (SOA), step 6, "
smartrg.com,amazon,"{""amazon"": ""third""}",True,True,False,False,"step 5 (SOA), "
smartsheet.com,amazon|fastly,"{""amazon"": ""third"", ""fastly"": ""third""}",True,False,True,True,"step 5 (SOA), step 6, "
smartsuppcdn.com,amazon,"{""amazon"": ""third""}",True,True,False,False,"step 5 (SOA), "
smartsuppchat.com,amazon|cdn77,"{""amazon"": ""third"", ""cdn77"": ""third""}",True,False,True,True,"step 5 (SOA), step 6, "
smartthings.com,amazon,"{""amazon"": ""third""}",True,True,False,False,"step 5 (SOA), "
smartytech.io,amazon,"{""amazon"": ""third""}",True,True,False,False,"step 5 (SOA), "
smartytouch.co,amazon,"{""amazon"": ""third""}",True,True,False,False,"step 5 (SOA), "
smct.co,amazon|twitter,"{""amazon"": ""private"", ""twitter"": ""private""}",False,False,True,False,"step 5 (SOA), step 6, "
smct.io,cloudflare,"{""cloudflare"": ""third""}",True,True,False,False,"step 5 (SOA), "
smiirl.com,amazon,"{""amazon"": ""third""}",True,True,False,False,"step 5 (SOA), "
smile.io,amazon|cloudflare,"{""amazon"": ""third"", ""cloudflare"": ""third""}",True,False,True,True,"step 5 (SOA), step 7, "
smiles.com.br,amazon|akamai,"{""amazon"": ""third"", ""akamai"": ""third""}",True,False,True,True,"step 5 (SOA), step 6, "
smilewanted.com,cloudflare,"{""cloudflare"": ""third""}",True,True,False,False,"step 5 (SOA), "
smooch.io,amazon,"{""amazon"": ""third""}",True,True,False,False,"step 5 (SOA), "
smrtb.com,cloudflare,"{""cloudflare"": ""third""}",True,True,False,False,"step 5 (SOA), "
snapchat.com,amazon|twitter,"{""amazon"": ""private"", ""twitter"": ""private""}",False,False,True,False,"step 5 (SOA), step 6, "
snapkit.com,amazon|twitter,"{""amazon"": ""third"", ""twitter"": ""third""}",True,False,True,True,"step 5 (SOA), step 6, "
snapmaker.com,cloudflare|amazon,"{""cloudflare"": ""third"", ""amazon"": ""third""}",True,False,True,True,"step 5 (SOA), step 6, "
sndcdn.com,spotify|amazon,"{""spotify"": ""private"", ""amazon"": ""third""}",True,False,True,False,"step 2, step 5 (SOA), "
sng.link,amazon,"{""amazon"": ""third""}",True,True,False,False,"step 5 (SOA), "
snigelweb.com,cloudflare,"{""cloudflare"": ""third""}",True,True,False,False,"step 5 (SOA), "
snowflake.com,amazon,"{""amazon"": ""private""}",False,False,False,False,"step 5 (SOA), "
snowflakecomputing.com,amazon|cloudflare,"{""amazon"": ""third"", ""cloudflare"": ""third""}",True,False,True,True,"step 5 (SOA), step 7, "
snplow.net,amazon,"{""amazon"": ""third""}",True,True,False,False,"step 5 (SOA), "
snsrsv.com,cloudflare,"{""cloudflare"": ""third""}",True,True,False,False,"step 5 (SOA), "
soax.com,cloudflare|vercel|nextjs,"{""cloudflare"": ""third"", ""vercel"": ""third"", ""nextjs"": ""third""}",True,False,True,True,"step 5 (SOA), step 6, step 7, "
socalifornian.live,microsoft|cloudflare,"{""microsoft"": ""private"", ""cloudflare"": ""third""}",True,False,True,False,"step 3, step 5 (SOA), "
socialchain.app,amazon|google,"{""amazon"": ""private"", ""google"": ""private""}",False,False,True,False,"step 5 (SOA), step 7, "
socialpointgames.com,amazon,"{""amazon"": ""third""}",True,True,False,False,"step 5 (SOA), "
societe-des-avis-garantis.fr,cloudflare,"{""cloudflare"": ""third""}",True,True,False,False,"step 5 (SOA), "
socure.io,amazon,"{""amazon"": ""third""}",True,True,False,False,"step 5 (SOA), "
sodareels.com,amazon,"{""amazon"": ""third""}",True,True,False,False,"step 5 (SOA), "
sofascore.com,cloudflare|fastly,"{""cloudflare"": ""third"", ""fastly"": ""third""}",True,False,True,True,"step 5 (SOA), step 6, "
softaculous.com,cloudflare,"{""cloudflare"": ""private""}",False,False,False,False,"step 5 (SOA), "
softbank.jp,akamai,"{""akamai"": ""third""}",True,True,False,False,"step 6, "
softonic.com,google|fastly,"{""google"": ""third"", ""fastly"": ""third""}",True,False,True,True,"step 5 (SOA), step 6, "
sogou.com,tencent,"{""tencent"": ""private""}",False,False,False,False,"step 6, "
sohu.com,tencent,"{""tencent"": ""third""}",True,True,False,False,"step 6, "
sohu01.com,cloudflare,"{""cloudflare"": ""third""}",True,True,False,False,"step 5 (SOA), "
sojern.com,google,"{""google"": ""third""}",True,True,False,False,"step 5 (SOA), "
solana.com,cloudflare|vercel,"{""cloudflare"": ""third"", ""vercel"": ""third""}",True,False,True,True,"step 5 (SOA), step 6, "
solar-engine.com,alibaba,"{""alibaba"": ""third""}",True,True,False,False,"step 6, "
solaredge.com,amazon|cloudflare,"{""amazon"": ""third"", ""cloudflare"": ""third""}",True,False,True,True,"step 5 (SOA), step 6, "
solitairegrandharvest.com,amazon|akamai,"{""amazon"": ""third"", ""akamai"": ""third""}",True,False,True,True,"step 5 (SOA), step 6, "
somplo.com,cloudflare,"{""cloudflare"": ""third""}",True,True,False,False,"step 5 (SOA), "
sonarr.tv,cloudflare,"{""cloudflare"": ""third""}",True,True,False,False,"step 5 (SOA), "
songsterr.com,amazon,"{""amazon"": ""third""}",True,True,False,False,"step 5 (SOA), "
sonicsads.com,amazon,"{""amazon"": ""third""}",True,True,False,False,"step 5 (SOA), "
sonicwall.com,imperva,"{""imperva"": ""third""}",True,True,False,False,"step 6, "
sonobi.com,sucuri,"{""sucuri"": ""third""}",True,True,False,False,"step 7, "
sonos.com,akamai,"{""akamai"": ""third""}",True,True,False,False,"step 6, "
sony.com,akamai,"{""akamai"": ""third""}",True,True,False,False,"step 6, "
sony.net,akamai,"{""akamai"": ""third""}",True,True,False,False,"step 6, "
sonyentertainmentnetwork.com,akamai,"{""akamai"": ""third""}",True,True,False,False,"step 6, "
sonyliv.com,amazon,"{""amazon"": ""third""}",True,True,False,False,"step 5 (SOA), "
sooplive.com,microsoft|amazon,"{""microsoft"": ""private"", ""amazon"": ""private""}",False,False,True,False,"step 3, step 5 (SOA), "
sophi.io,amazon,"{""amazon"": ""private""}",False,False,False,False,"step 5 (SOA), "
sorokdva.co.uk,cloudflare,"{""cloudflare"": ""third""}",True,True,False,False,"step 5 (SOA), "
sorokodin.co.uk,cloudflare,"{""cloudflare"": ""third""}",True,True,False,False,"step 5 (SOA), "
soso.com,tencent,"{""tencent"": ""third""}",True,True,False,False,"step 6, "
soti.net,amazon,"{""amazon"": ""private""}",False,False,False,False,"step 5 (SOA), "
sotwe.com,cloudflare,"{""cloudflare"": ""third""}",True,True,False,False,"step 5 (SOA), "
soufunimg.com,wangsu,"{""wangsu"": ""third""}",True,True,False,False,"step 6, "
souh6.com,cloudflare,"{""cloudflare"": ""third""}",True,True,False,False,"step 5 (SOA), "
soundcloud.cloud,amazon,"{""amazon"": ""third""}",True,True,False,False,"step 5 (SOA), "
soundcloud.com,amazon,"{""amazon"": ""third""}",True,True,False,False,"step 5 (SOA), "
soundestlink.com,cloudflare,"{""cloudflare"": ""third""}",True,True,False,False,"step 5 (SOA), "
soundtrackyourbrand.com,google|cloudflare,"{""google"": ""third"", ""cloudflare"": ""third""}",True,False,True,True,"step 5 (SOA), step 6, "
sourcefire.com,amazon,"{""amazon"": ""third""}",True,True,False,False,"step 5 (SOA), "
sourceforge.net,cloudflare,"{""cloudflare"": ""third""}",True,True,False,False,"step 6, "
southasiabp.org,cloudflare,"{""cloudflare"": ""third""}",True,True,False,False,"step 5 (SOA), "
sovcloud.cn,microsoft,"{""microsoft"": ""third""}",True,True,False,False,"step 5 (SOA), "
sp-trk.com,amazon,"{""amazon"": ""third""}",True,True,False,False,"step 5 (SOA), "
sp.gov.br,imperva,"{""imperva"": ""third""}",True,True,False,False,"step 6, "
spac.me,cloudflare,"{""cloudflare"": ""third""}",True,True,False,False,"step 5 (SOA), "
spacex.com,google|cloudflare,"{""google"": ""third"", ""cloudflare"": ""third""}",True,False,True,True,"step 5 (SOA), step 6, "
spadsync.com,amazon|google,"{""amazon"": ""third"", ""google"": ""third""}",True,False,True,True,"step 5 (SOA), step 7, "
spalla.io,cloudflare,"{""cloudflare"": ""third""}",True,True,False,False,"step 5 (SOA), "
spamhaus.org,cloudflare,"{""cloudflare"": ""third""}",True,True,False,False,"step 6, "
spankbang.com,cloudflare,"{""cloudflare"": ""third""}",True,True,False,False,"step 5 (SOA), "
sparkle0.com,amazon,"{""amazon"": ""third""}",True,True,False,False,"step 5 (SOA), "
sparkpostmail.com,amazon|twitter,"{""amazon"": ""third"", ""twitter"": ""third""}",True,False,True,True,"step 5 (SOA), step 6, "
sparteo.com,cloudflare,"{""cloudflare"": ""third""}",True,True,False,False,"step 5 (SOA), "
spectraguard.net,amazon,"{""amazon"": ""third""}",True,True,False,False,"step 5 (SOA), "
spectrum.com,akamai,"{""akamai"": ""third""}",True,True,False,False,"step 6, "
spectrum.net,amazon,"{""amazon"": ""private""}",False,False,False,False,"step 5 (SOA), "
speechify.com,cloudflare,"{""cloudflare"": ""third""}",True,True,False,False,"step 5 (SOA), "
speedcheckerapi.com,cloudflare,"{""cloudflare"": ""third""}",True,True,False,False,"step 5 (SOA), "
speedcurve.com,amazon,"{""amazon"": ""third""}",True,True,False,False,"step 5 (SOA), "
speedof.me,amazon,"{""amazon"": ""private""}",False,False,False,False,"step 5 (SOA), "
speedsonar.com,google,"{""google"": ""third""}",True,True,False,False,"step 7, "
speedtest.net,amazon|cloudflare,"{""amazon"": ""third"", ""cloudflare"": ""third""}",True,False,True,True,"step 5 (SOA), step 6, "
speedtestcustom.com,amazon|fastly,"{""amazon"": ""third"", ""fastly"": ""third""}",True,False,True,True,"step 5 (SOA), step 6, "
spglobal.com,akamai,"{""akamai"": ""third""}",True,True,False,False,"step 6, "
spiceworks.com,amazon|cloudflare,"{""amazon"": ""third"", ""cloudflare"": ""third""}",True,False,True,True,"step 5 (SOA), step 6, "
spigotmc.org,cloudflare,"{""cloudflare"": ""third""}",True,True,False,False,"step 5 (SOA), "
splashid.com,cloudflare,"{""cloudflare"": ""third""}",True,True,False,False,"step 5 (SOA), "
splashtop.com,amazon|fastly,"{""amazon"": ""private"", ""fastly"": ""private""}",False,False,True,False,"step 5 (SOA), step 6, "
splashtop.eu,amazon,"{""amazon"": ""third""}",True,True,False,False,"step 5 (SOA), "
splice.com,cloudflare,"{""cloudflare"": ""third""}",True,True,False,False,"step 5 (SOA), "
split.io,amazon,"{""amazon"": ""third""}",True,True,False,False,"step 5 (SOA), "
splunk.com,akamai,"{""akamai"": ""third""}",True,True,False,False,"step 6, "
splunkcloud.com,amazon,"{""amazon"": ""third""}",True,True,False,False,"step 5 (SOA), "
spo-msedge.net,microsoft,"{""microsoft"": ""private""}",False,False,False,False,"step 3, "
spokeo.com,amazon,"{""amazon"": ""private""}",False,False,False,False,"step 5 (SOA), "
spoofer.us,cloudflare,"{""cloudflare"": ""third""}",True,True,False,False,"step 5 (SOA), "
spoonflower.com,amazon|cloudflare,"{""amazon"": ""third"", ""cloudflare"": ""third""}",True,False,True,True,"step 5 (SOA), step 6, "
sporthub.bet,cloudflare,"{""cloudflare"": ""third""}",True,True,False,False,"step 5 (SOA), "
sportingnews.com,cloudflare,"{""cloudflare"": ""third""}",True,True,False,False,"step 5 (SOA), "
sportngin.com,digicert,"{""digicert"": ""private""}",False,False,False,False,"step 5 (SOA), "
sportradar.com,amazon,"{""amazon"": ""third""}",True,True,False,False,"step 5 (SOA), "
sportradarserving.com,amazon,"{""amazon"": ""third""}",True,True,False,False,"step 5 (SOA), "
sports-reference.com,cloudflare,"{""cloudflare"": ""third""}",True,True,False,False,"step 5 (SOA), "
sportscardinvestor.com,amazon|fastly,"{""amazon"": ""third"", ""fastly"": ""third""}",True,False,True,True,"step 5 (SOA), step 7, "
sportskeeda.com,amazon,"{""amazon"": ""third""}",True,True,False,False,"step 5 (SOA), "
sportsseier.com,akamai,"{""akamai"": ""third""}",True,True,False,False,"step 6, "
sportybet.com,cloudflare|amazon,"{""cloudflare"": ""third"", ""amazon"": ""third""}",True,False,True,True,"step 5 (SOA), step 6, "
spot.im,amazon,"{""amazon"": ""third""}",True,True,False,False,"step 6, "
spotify.com,fastly,"{""fastly"": ""third""}",True,True,False,False,"step 6, "
spotifycdn.com,spotify|fastly,"{""spotify"": ""private"", ""fastly"": ""third""}",True,False,True,False,"step 2, step 6, "
spov-dc-msedge.net,microsoft,"{""microsoft"": ""private""}",False,False,False,False,"step 3, "
spov-msedge.net,microsoft,"{""microsoft"": ""private""}",False,False,False,False,"step 3, "
sprashivalka.com,cloudflare,"{""cloudflare"": ""third""}",True,True,False,False,"step 5 (SOA), "
spreaker.com,amazon,"{""amazon"": ""third""}",True,True,False,False,"step 5 (SOA), "
spribegaming.com,amazon,"{""amazon"": ""private""}",False,False,False,False,"step 5 (SOA), "
sprig.com,amazon|cloudflare,"{""amazon"": ""third"", ""cloudflare"": ""third""}",True,False,True,True,"step 5 (SOA), step 7, "
spring.io,cloudflare,"{""cloudflare"": ""third""}",True,True,False,False,"step 5 (SOA), "
springer.com,fastly,"{""fastly"": ""third""}",True,True,False,False,"step 6, "
springernature.com,fastly,"{""fastly"": ""third""}",True,True,False,False,"step 6, "
springserve.com,amazon,"{""amazon"": ""third""}",True,True,False,False,"step 5 (SOA), "
sprinklr.com,amazon,"{""amazon"": ""third""}",True,True,False,False,"step 5 (SOA), "
sprint.com,akamai,"{""akamai"": ""third""}",True,True,False,False,"step 6, "
sptag2.com,cloudflare,"{""cloudflare"": ""third""}",True,True,False,False,"step 5 (SOA), "
sptpub.com,cloudflare,"{""cloudflare"": ""third""}",True,True,False,False,"step 5 (SOA), "
sqspcdn.com,sqspcdn,"{""sqspcdn"": ""private""}",False,False,False,False,"step 2, "
squarecdn.com,amazon,"{""amazon"": ""third""}",True,True,False,False,"step 5 (SOA), "
squareup.com,amazon,"{""amazon"": ""third""}",True,True,False,False,"step 5 (SOA), "
squidapp.co,amazon,"{""amazon"": ""third""}",True,True,False,False,"step 5 (SOA), "
srmdata-eur.com,amazon,"{""amazon"": ""third""}",True,True,False,False,"step 5 (SOA), "
srmdata-us.com,amazon,"{""amazon"": ""third""}",True,True,False,False,"step 5 (SOA), "
srmdata.com,amazon,"{""amazon"": ""third""}",True,True,False,False,"step 5 (SOA), "
ss2.us,amazon,"{""amazon"": ""third""}",True,True,False,False,"step 5 (SOA), "
sscdn.co,amazon,"{""amazon"": ""third""}",True,True,False,False,"step 5 (SOA), "
ssense.com,cloudflare,"{""cloudflare"": ""third""}",True,True,False,False,"step 5 (SOA), "
ssg.com,akamai,"{""akamai"": ""third""}",True,True,False,False,"step 6, "
ssiloc.com,amazon,"{""amazon"": ""third""}",True,True,False,False,"step 5 (SOA), "
ssl-images-amazon.com,amazon,"{""amazon"": ""private""}",False,False,False,False,"step 2, "
ssl.com,amazon,"{""amazon"": ""third""}",True,True,False,False,"step 5 (SOA), "
sspinc.io,amazon|cloudflare,"{""amazon"": ""third"", ""cloudflare"": ""third""}",True,False,True,True,"step 5 (SOA), step 6, "
st.com,akamai,"{""akamai"": ""third""}",True,True,False,False,"step 6, "
stackadapt.com,amazon,"{""amazon"": ""third""}",True,True,False,False,"step 5 (SOA), "
stackage.org,cloudflare,"{""cloudflare"": ""third""}",True,True,False,False,"step 5 (SOA), "
stackexchange.com,cloudflare,"{""cloudflare"": ""third""}",True,True,False,False,"step 5 (SOA), "
stackoverflow.com,cloudflare,"{""cloudflare"": ""third""}",True,True,False,False,"step 5 (SOA), "
stake-engine.com,cloudflare,"{""cloudflare"": ""third""}",True,True,False,False,"step 5 (SOA), "
stake.com,cloudflare,"{""cloudflare"": ""third""}",True,True,False,False,"step 5 (SOA), "
stalkoda.com,cloudflare,"{""cloudflare"": ""third""}",True,True,False,False,"step 5 (SOA), "
stamped.io,amazon,"{""amazon"": ""third""}",True,True,False,False,"step 5 (SOA), "
standardnotes.com,cloudflare,"{""cloudflare"": ""third""}",True,True,False,False,"step 5 (SOA), "
stape.io,cloudflare,"{""cloudflare"": ""third""}",True,True,False,False,"step 5 (SOA), "
stapecdn.com,cloudflare,"{""cloudflare"": ""third""}",True,True,False,False,"step 5 (SOA), "
staples.com,akamai,"{""akamai"": ""third""}",True,True,False,False,"step 6, "
staq-cdn.com,cloudflare,"{""cloudflare"": ""third""}",True,True,False,False,"step 5 (SOA), "
star4live.com,microsoft|amazon,"{""microsoft"": ""private"", ""amazon"": ""third""}",True,False,True,False,"step 3, step 5 (SOA), "
starbucks.com,akamai,"{""akamai"": ""third""}",True,True,False,False,"step 6, "
starlink.com,microsoft,"{""microsoft"": ""third""}",True,True,False,False,"step 5 (SOA), "
starlink.in,google,"{""google"": ""third""}",True,True,False,False,"step 5 (SOA), "
starmakerstudios.com,amazon|akamai,"{""amazon"": ""third"", ""akamai"": ""third""}",True,False,True,True,"step 5 (SOA), step 6, "
starshield.com,microsoft,"{""microsoft"": ""private""}",False,False,False,False,"step 5 (SOA), "
statcounter.com,cloudflare,"{""cloudflare"": ""third""}",True,True,False,False,"step 5 (SOA), "
state.gov,amazon,"{""amazon"": ""third""}",True,True,False,False,"step 6, "
statefarm.com,akamai,"{""akamai"": ""third""}",True,True,False,False,"step 6, "
static-swaven.com,cloudflare,"{""cloudflare"": ""third""}",True,True,False,False,"step 5 (SOA), "
static.microsoft,microsoft,"{""microsoft"": ""private""}",False,False,False,False,"step 1, "
statically.io,statically|cloudflare,"{""statically"": ""private"", ""cloudflare"": ""third""}",True,False,True,False,"step 2, step 5 (SOA), "
staticdj.com,cloudflare,"{""cloudflare"": ""third""}",True,True,False,False,"step 5 (SOA), "
staticflickr.com,amazon,"{""amazon"": ""third""}",True,True,False,False,"step 5 (SOA), "
statinside.com,cloudflare,"{""cloudflare"": ""third""}",True,True,False,False,"step 5 (SOA), "
stats.cc,cloudflare,"{""cloudflare"": ""third""}",True,True,False,False,"step 5 (SOA), "
statscore.com,google,"{""google"": ""third""}",True,True,False,False,"step 5 (SOA), "
statsig.com,amazon|google,"{""amazon"": ""third"", ""google"": ""third""}",True,False,True,True,"step 5 (SOA), step 7, "
statsigapi.net,amazon|google,"{""amazon"": ""third"", ""google"": ""third""}",True,False,True,True,"step 5 (SOA), step 7, "
statsigcdn.com,cloudflare,"{""cloudflare"": ""third""}",True,True,False,False,"step 5 (SOA), "
statuspage.io,amazon,"{""amazon"": ""third""}",True,True,False,False,"step 5 (SOA), "
stay22.com,cloudflare,"{""cloudflare"": ""third""}",True,True,False,False,"step 5 (SOA), "
stayfreeapps.com,amazon|fastly,"{""amazon"": ""third"", ""fastly"": ""third""}",True,False,True,True,"step 5 (SOA), step 7, "
steaminventoryhelper.com,cloudflare,"{""cloudflare"": ""third""}",True,True,False,False,"step 5 (SOA), "
steelseries.com,cloudflare,"{""cloudflare"": ""third""}",True,True,False,False,"step 5 (SOA), "
stickify-api.com,cloudflare,"{""cloudflare"": ""third""}",True,True,False,False,"step 5 (SOA), "
stingray.com,amazon,"{""amazon"": ""private""}",False,False,False,False,"step 5 (SOA), "
stockbit.com,amazon|twitter,"{""amazon"": ""private"", ""twitter"": ""private""}",False,False,True,False,"step 5 (SOA), step 6, "
stocktwits.com,cloudflare,"{""cloudflare"": ""third""}",True,True,False,False,"step 5 (SOA), "
stockx.com,cloudflare,"{""cloudflare"": ""third""}",True,True,False,False,"step 5 (SOA), "
storage-yahoo.jp,yahoo,"{""yahoo"": ""private""}",False,False,False,False,"step 3, "
storageimagedisplay.com,cloudflare,"{""cloudflare"": ""third""}",True,True,False,False,"step 5 (SOA), "
storagejsstrategiesfabulous.com,fastly,"{""fastly"": ""third""}",True,True,False,False,"step 6, "
store-macys.com,google,"{""google"": ""private""}",False,False,False,False,"step 5 (SOA), "
storjapi.io,amazon,"{""amazon"": ""third""}",True,True,False,False,"step 5 (SOA), "
storjshare.io,amazon,"{""amazon"": ""third""}",True,True,False,False,"step 5 (SOA), "
storyblok.com,amazon,"{""amazon"": ""third""}",True,True,False,False,"step 5 (SOA), "
storygize.net,amazon,"{""amazon"": ""third""}",True,True,False,False,"step 5 (SOA), "
storyly.io,amazon,"{""amazon"": ""third""}",True,True,False,False,"step 5 (SOA), "
stratospherelegends.top,cloudflare,"{""cloudflare"": ""third""}",True,True,False,False,"step 5 (SOA), "
strava.com,amazon,"{""amazon"": ""third""}",True,True,False,False,"step 5 (SOA), "
stream-io-api.com,amazon,"{""amazon"": ""third""}",True,True,False,False,"step 5 (SOA), "
streamelements.com,cloudflare,"{""cloudflare"": ""third""}",True,True,False,False,"step 5 (SOA), "
streamlabs.com,cloudflare,"{""cloudflare"": ""third""}",True,True,False,False,"step 5 (SOA), "
streamrail.com,google|amazon,"{""google"": ""third"", ""amazon"": ""third""}",True,False,True,True,"step 5 (SOA), step 6, "
strem.io,cloudflare,"{""cloudflare"": ""third""}",True,True,False,False,"step 5 (SOA), "
stretchoid.com,microsoft,"{""microsoft"": ""third""}",True,True,False,False,"step 5 (SOA), "
stripchat.com,cloudflare,"{""cloudflare"": ""third""}",True,True,False,False,"step 5 (SOA), "
stripchatgirls.com,cloudflare,"{""cloudflare"": ""third""}",True,True,False,False,"step 5 (SOA), "
stripe.com,amazon,"{""amazon"": ""private""}",False,False,False,False,"step 5 (SOA), "
stripe.network,amazon,"{""amazon"": ""third""}",True,True,False,False,"step 5 (SOA), "
stripecdn.com,amazon,"{""amazon"": ""third""}",True,True,False,False,"step 5 (SOA), "
stripst.com,cloudflare,"{""cloudflare"": ""third""}",True,True,False,False,"step 5 (SOA), "
strpssts-ana.com,cloudflare,"{""cloudflare"": ""third""}",True,True,False,False,"step 5 (SOA), "
strpst.com,cloudflare,"{""cloudflare"": ""third""}",True,True,False,False,"step 5 (SOA), "
stspg-customer.com,amazon,"{""amazon"": ""third""}",True,True,False,False,"step 5 (SOA), "
stubhub.com,amazon,"{""amazon"": ""third""}",True,True,False,False,"step 5 (SOA), "
stubhub.net,amazon,"{""amazon"": ""third""}",True,True,False,False,"step 5 (SOA), "
studocu.com,amazon|cloudflare,"{""amazon"": ""third"", ""cloudflare"": ""third""}",True,False,True,True,"step 5 (SOA), step 6, "
study.com,amazon,"{""amazon"": ""private""}",False,False,False,False,"step 5 (SOA), "
stumbleguys.com,amazon,"{""amazon"": ""third""}",True,True,False,False,"step 5 (SOA), "
stvidtest.net,cloudflare,"{""cloudflare"": ""third""}",True,True,False,False,"step 5 (SOA), "
stylevana.com,cloudflare,"{""cloudflare"": ""third""}",True,True,False,False,"step 5 (SOA), "
stylitics.com,cloudflare,"{""cloudflare"": ""third""}",True,True,False,False,"step 6, "
stytch.com,amazon,"{""amazon"": ""third""}",True,True,False,False,"step 5 (SOA), "
su89-cdn.net,amazon,"{""amazon"": ""private""}",False,False,False,False,"step 5 (SOA), "
suamusica.com.br,cloudflare|amazon,"{""cloudflare"": ""third"", ""amazon"": ""third""}",True,False,True,True,"step 5 (SOA), step 6, "
subsplease.org,cloudflare,"{""cloudflare"": ""third""}",True,True,False,False,"step 5 (SOA), "
substack.com,cloudflare,"{""cloudflare"": ""third""}",True,True,False,False,"step 5 (SOA), "
substackcdn.com,amazon,"{""amazon"": ""third""}",True,True,False,False,"step 5 (SOA), "
sugarsync.com,cloudflare,"{""cloudflare"": ""third""}",True,True,False,False,"step 6, "
summerbeestest.work,cloudflare,"{""cloudflare"": ""third""}",True,True,False,False,"step 5 (SOA), "
summitracing.com,imperva,"{""imperva"": ""third""}",True,True,False,False,"step 6, "
sumologic.com,cloudflare,"{""cloudflare"": ""third""}",True,True,False,False,"step 5 (SOA), "
sumome.com,amazon,"{""amazon"": ""third""}",True,True,False,False,"step 5 (SOA), "
sumup.com,amazon|cloudflare,"{""amazon"": ""third"", ""cloudflare"": ""third""}",True,False,True,True,"step 5 (SOA), step 6, "
sunbiz.org,cloudflare,"{""cloudflare"": ""third""}",True,True,False,False,"step 5 (SOA), "
sundaysky.com,amazon,"{""amazon"": ""private""}",False,False,False,False,"step 5 (SOA), "
sunmedia.tv,amazon,"{""amazon"": ""third""}",True,True,False,False,"step 5 (SOA), "
sunmi.com,wangsu,"{""wangsu"": ""third""}",True,True,False,False,"step 6, "
sunnypingdrink.com,cloudflare,"{""cloudflare"": ""third""}",True,True,False,False,"step 5 (SOA), "
suno.ai,cloudflare,"{""cloudflare"": ""third""}",True,True,False,False,"step 5 (SOA), "
suno.com,cloudflare,"{""cloudflare"": ""third""}",True,True,False,False,"step 5 (SOA), "
supabase.co,cloudflare,"{""cloudflare"": ""third""}",True,True,False,False,"step 5 (SOA), "
supabase.com,cloudflare|nextjs,"{""cloudflare"": ""third"", ""nextjs"": ""third""}",True,False,True,True,"step 5 (SOA), step 7, "
superawesome.tv,amazon,"{""amazon"": ""third""}",True,True,False,False,"step 5 (SOA), "
superbet.bet.br,amazon,"{""amazon"": ""third""}",True,True,False,False,"step 5 (SOA), "
supercell.com,amazon,"{""amazon"": ""third""}",True,True,False,False,"step 5 (SOA), "
superhuman.com,cloudflare,"{""cloudflare"": ""third""}",True,True,False,False,"step 5 (SOA), "
superops.ai,amazon,"{""amazon"": ""third""}",True,True,False,False,"step 5 (SOA), "
superproxy.io,amazon,"{""amazon"": ""third""}",True,True,False,False,"step 5 (SOA), "
supersonicads.com,amazon,"{""amazon"": ""third""}",True,True,False,False,"step 5 (SOA), "
superwall.com,cloudflare,"{""cloudflare"": ""third""}",True,True,False,False,"step 5 (SOA), "
superwall.me,cloudflare,"{""cloudflare"": ""third""}",True,True,False,False,"step 5 (SOA), "
supplyframe.com,amazon|vercel,"{""amazon"": ""third"", ""vercel"": ""third""}",True,False,True,True,"step 5 (SOA), step 6, "
supportview.com,amazon,"{""amazon"": ""third""}",True,True,False,False,"step 5 (SOA), "
surfboardconnect.com,amazon,"{""amazon"": ""third""}",True,True,False,False,"step 5 (SOA), "
surfsharkstatus.com,cloudflare,"{""cloudflare"": ""third""}",True,True,False,False,"step 5 (SOA), "
surrit.com,cloudflare,"{""cloudflare"": ""third""}",True,True,False,False,"step 5 (SOA), "
survata.com,amazon,"{""amazon"": ""third""}",True,True,False,False,"step 5 (SOA), "
surveymonkey.com,amazon,"{""amazon"": ""third""}",True,True,False,False,"step 5 (SOA), "
survicate-cdn.com,cloudflare,"{""cloudflare"": ""third""}",True,True,False,False,"step 5 (SOA), "
survicate.com,amazon,"{""amazon"": ""private""}",False,False,False,False,"step 5 (SOA), "
suse.com,amazon,"{""amazon"": ""third""}",True,True,False,False,"step 5 (SOA), "
susercontent.com,amazon,"{""amazon"": ""third""}",True,True,False,False,"step 5 (SOA), "
svc.ms,microsoft,"{""microsoft"": ""third""}",True,True,False,False,"step 5 (SOA), "
svr-algorix.com,amazon,"{""amazon"": ""third""}",True,True,False,False,"step 5 (SOA), "
swann.com,cloudflare,"{""cloudflare"": ""third""}",True,True,False,False,"step 5 (SOA), "
swannsecurity.com,amazon|cloudflare,"{""amazon"": ""third"", ""cloudflare"": ""third""}",True,False,True,True,"step 5 (SOA), step 7, "
swarmcloud.org,cloudflare,"{""cloudflare"": ""third""}",True,True,False,False,"step 5 (SOA), "
swarovski.com,akamai,"{""akamai"": ""third""}",True,True,False,False,"step 6, "
swaven.com,cloudflare,"{""cloudflare"": ""third""}",True,True,False,False,"step 5 (SOA), "
sway-extensions.com,akamai,"{""akamai"": ""third""}",True,True,False,False,"step 7, "
sweatco.in,cloudflare,"{""cloudflare"": ""third""}",True,True,False,False,"step 5 (SOA), "
sweet.tv,cloudflare,"{""cloudflare"": ""third""}",True,True,False,False,"step 5 (SOA), "
swi-rc.com,amazon,"{""amazon"": ""third""}",True,True,False,False,"step 5 (SOA), "
swiftgram.app,cloudflare|fastly,"{""cloudflare"": ""third"", ""fastly"": ""third""}",True,False,True,True,"step 5 (SOA), step 7, "
swiftkey.com,microsoft,"{""microsoft"": ""third""}",True,True,False,False,"step 5 (SOA), "
swiggy.com,amazon,"{""amazon"": ""third""}",True,True,False,False,"step 5 (SOA), "
swishapps.ai,microsoft,"{""microsoft"": ""third""}",True,True,False,False,"step 5 (SOA), "
switchbot.net,amazon,"{""amazon"": ""third""}",True,True,False,False,"step 5 (SOA), "
swrve.com,amazon,"{""amazon"": ""third""}",True,True,False,False,"step 5 (SOA), "
swypeconnect.com,digicert,"{""digicert"": ""third""}",True,True,False,False,"step 5 (SOA), "
sybo.net,cloudflare,"{""cloudflare"": ""third""}",True,True,False,False,"step 5 (SOA), "
symantec.com,cloudflare,"{""cloudflare"": ""third""}",True,True,False,False,"step 6, "
symantecliveupdate.com,microsoft,"{""microsoft"": ""private""}",False,False,False,False,"step 3, "
symcb.com,digicert,"{""digicert"": ""third""}",True,True,False,False,"step 5 (SOA), "
symcd.com,digicert,"{""digicert"": ""third""}",True,True,False,False,"step 5 (SOA), "
sync.com,amazon,"{""amazon"": ""third""}",True,True,False,False,"step 5 (SOA), "
syncromsp.com,cloudflare,"{""cloudflare"": ""third""}",True,True,False,False,"step 5 (SOA), "
syncthing.net,github,"{""github"": ""third""}",True,True,False,False,"step 6, "
synctrack.io,cloudflare,"{""cloudflare"": ""third""}",True,True,False,False,"step 5 (SOA), "
syndetics.com,cloudflare,"{""cloudflare"": ""third""}",True,True,False,False,"step 5 (SOA), "
syndicatedsearch.goog,google,"{""google"": ""third""}",True,True,False,False,"step 5 (SOA), "
syndigo.cloud,amazon,"{""amazon"": ""third""}",True,True,False,False,"step 5 (SOA), "
syndigo.com,amazon|cloudflare,"{""amazon"": ""third"", ""cloudflare"": ""third""}",True,False,True,True,"step 5 (SOA), step 7, "
synology.com,amazon,"{""amazon"": ""third""}",True,True,False,False,"step 5 (SOA), "
synologydownload.com,cloudflare,"{""cloudflare"": ""third""}",True,True,False,False,"step 5 (SOA), "
synologyupdate.com,cloudflare,"{""cloudflare"": ""third""}",True,True,False,False,"step 5 (SOA), "
synthclick.com,cloudflare,"{""cloudflare"": ""third""}",True,True,False,False,"step 5 (SOA), "
syntx.ai,cloudflare,"{""cloudflare"": ""third""}",True,True,False,False,"step 5 (SOA), "
sysco.com,fastly,"{""fastly"": ""third""}",True,True,False,False,"step 6, "
sysnov.cc,cloudflare,"{""cloudflare"": ""third""}",True,True,False,False,"step 5 (SOA), "
system-monitor.com,amazon|cloudflare,"{""amazon"": ""third"", ""cloudflare"": ""third""}",True,False,True,True,"step 5 (SOA), step 6, "
szjlearn.com,cloudflare,"{""cloudflare"": ""third""}",True,True,False,False,"step 5 (SOA), "
t-mobile.com,akamai,"{""akamai"": ""third""}",True,True,False,False,"step 6, "
t-msedge.net,microsoft,"{""microsoft"": ""private""}",False,False,False,False,"step 3, "
t-ru.org,cloudflare,"{""cloudflare"": ""third""}",True,True,False,False,"step 5 (SOA), "
t-s1-msedge.net,microsoft,"{""microsoft"": ""private""}",False,False,False,False,"step 3, "
t.co,twitter|cloudflare,"{""twitter"": ""private"", ""cloudflare"": ""private""}",False,False,True,False,"step 2, step 7, "
t.me,telegram|google,"{""telegram"": ""private"", ""google"": ""third""}",True,False,True,False,"step 2, step 5 (SOA), "
t13.io,google,"{""google"": ""private""}",False,False,False,False,"step 5 (SOA), "
tabelog.com,amazon,"{""amazon"": ""private""}",False,False,False,False,"step 5 (SOA), "
tableau.com,akamai,"{""akamai"": ""third""}",True,True,False,False,"step 6, "
tableausoftware.com,akamai,"{""akamai"": ""third""}",True,True,False,False,"step 6, "
tabletcaptiveportal.com,amazon,"{""amazon"": ""third""}",True,True,False,False,"step 5 (SOA), "
taboola-ocm.com,cloudflare,"{""cloudflare"": ""third""}",True,True,False,False,"step 5 (SOA), "
taboola.com,fastly,"{""fastly"": ""third""}",True,True,False,False,"step 6, "
taboolanews.com,fastly,"{""fastly"": ""third""}",True,True,False,False,"step 6, "
tabor.ru,cloudflare,"{""cloudflare"": ""private""}",False,False,False,False,"step 5 (SOA), "
tacdn.com,amazon,"{""amazon"": ""third""}",True,True,False,False,"step 5 (SOA), "
tacticalrmm.io,cloudflare,"{""cloudflare"": ""third""}",True,True,False,False,"step 5 (SOA), "
tadex.id,cloudflare,"{""cloudflare"": ""third""}",True,True,False,False,"step 5 (SOA), "
tagdeliver.com,microsoft|google,"{""microsoft"": ""private"", ""google"": ""third""}",True,False,True,False,"step 3, step 6, "
tagesschau.de,google|akamai,"{""google"": ""third"", ""akamai"": ""third""}",True,False,True,True,"step 5 (SOA), step 6, "
taggstar.com,amazon|wordpress,"{""amazon"": ""third"", ""wordpress"": ""third""}",True,False,True,True,"step 5 (SOA), step 6, "
tailscale.com,amazon,"{""amazon"": ""third""}",True,True,False,False,"step 5 (SOA), "
tailscale.io,amazon,"{""amazon"": ""third""}",True,True,False,False,"step 5 (SOA), "
tailtarget.com,google,"{""google"": ""third""}",True,True,False,False,"step 5 (SOA), "
tailwindcss.com,cloudflare,"{""cloudflare"": ""third""}",True,True,False,False,"step 5 (SOA), "
takealot.com,cloudflare,"{""cloudflare"": ""third""}",True,True,False,False,"step 5 (SOA), "
talent.com,amazon,"{""amazon"": ""third""}",True,True,False,False,"step 5 (SOA), "
talkdeskapp.com,amazon,"{""amazon"": ""third""}",True,True,False,False,"step 5 (SOA), "
talkie-ai.com,akamai|alibaba,"{""akamai"": ""private"", ""alibaba"": ""private""}",False,False,True,False,"step 6, step 6, "
talon-sec.com,amazon,"{""amazon"": ""third""}",True,True,False,False,"step 5 (SOA), "
tamu.edu,amazon,"{""amazon"": ""third""}",True,True,False,False,"step 6, "
tandfonline.com,cloudflare,"{""cloudflare"": ""third""}",True,True,False,False,"step 5 (SOA), "
tangia.co,amazon|vercel,"{""amazon"": ""third"", ""vercel"": ""third""}",True,False,True,True,"step 5 (SOA), step 6, "
tango.me,google|fastly,"{""google"": ""third"", ""fastly"": ""third""}",True,False,True,True,"step 5 (SOA), step 6, "
tangooserver.com,cloudflare,"{""cloudflare"": ""third""}",True,True,False,False,"step 5 (SOA), "
tanium.com,cloudflare,"{""cloudflare"": ""third""}",True,True,False,False,"step 5 (SOA), "
taobao.com,alibaba,"{""alibaba"": ""third""}",True,True,False,False,"step 6, "
tapad.com,amazon|google,"{""amazon"": ""private"", ""google"": ""private""}",False,False,True,False,"step 5 (SOA), step 7, "
tapecontent.net,cloudflare,"{""cloudflare"": ""private""}",False,False,False,False,"step 5 (SOA), "
tapjoy.com,amazon,"{""amazon"": ""third""}",True,True,False,False,"step 5 (SOA), "
tapnative.com,amazon,"{""amazon"": ""third""}",True,True,False,False,"step 5 (SOA), "
tappx.com,amazon,"{""amazon"": ""third""}",True,True,False,False,"step 5 (SOA), "
taptapnetworks.com,amazon,"{""amazon"": ""third""}",True,True,False,False,"step 5 (SOA), "
target.com,fastly,"{""fastly"": ""third""}",True,True,False,False,"step 6, "
tatum.io,cloudflare,"{""cloudflare"": ""third""}",True,True,False,False,"step 5 (SOA), "
tawk.to,cloudflare,"{""cloudflare"": ""third""}",True,True,False,False,"step 5 (SOA), "
taxssp.com,amazon,"{""amazon"": ""third""}",True,True,False,False,"step 5 (SOA), "
taylorfrancis.com,cloudflare,"{""cloudflare"": ""third""}",True,True,False,False,"step 5 (SOA), "
taz.bz,cloudflare,"{""cloudflare"": ""third""}",True,True,False,False,"step 5 (SOA), "
tbcache.com,alibaba,"{""alibaba"": ""private""}",False,False,False,False,"step 2, "
tcdn.com.br,amazon,"{""amazon"": ""third""}",True,True,False,False,"step 5 (SOA), "
tcdnlive.com,microsoft,"{""microsoft"": ""private""}",False,False,False,False,"step 3, "
tcgplayer.com,amazon,"{""amazon"": ""third""}",True,True,False,False,"step 5 (SOA), "
tcl.com,amazon,"{""amazon"": ""third""}",True,True,False,False,"step 6, "
tcllauncher.com,amazon,"{""amazon"": ""private""}",False,False,False,False,"step 5 (SOA), "
tcore131ybdf.ru,cloudflare,"{""cloudflare"": ""third""}",True,True,False,False,"step 5 (SOA), "
tct-rom.com,amazon,"{""amazon"": ""third""}",True,True,False,False,"step 5 (SOA), "
td.com,akamai,"{""akamai"": ""third""}",True,True,False,False,"step 6, "
tdnsv5.com,tencent,"{""tencent"": ""private""}",False,False,False,False,"step 2, "
tds.bid,cloudflare,"{""cloudflare"": ""third""}",True,True,False,False,"step 5 (SOA), "
teachable.com,cloudflare,"{""cloudflare"": ""third""}",True,True,False,False,"step 5 (SOA), "
teacherspayteachers.com,amazon|cloudflare,"{""amazon"": ""third"", ""cloudflare"": ""third""}",True,False,True,True,"step 5 (SOA), step 6, "
teads.tv,amazon|akamai,"{""amazon"": ""third"", ""akamai"": ""third""}",True,False,True,True,"step 5 (SOA), step 6, "
tealiumiq.com,amazon,"{""amazon"": ""third""}",True,True,False,False,"step 5 (SOA), "
teams-msedge.net,microsoft,"{""microsoft"": ""private""}",False,False,False,False,"step 3, "
teamspeak.com,cloudflare,"{""cloudflare"": ""third""}",True,True,False,False,"step 5 (SOA), "
teamunwind.com,amazon,"{""amazon"": ""third""}",True,True,False,False,"step 5 (SOA), "
teamviewer.com,cloudflare,"{""cloudflare"": ""third""}",True,True,False,False,"step 6, "
techlab-cdn.com,microsoft,"{""microsoft"": ""third""}",True,True,False,False,"step 5 (SOA), "
technopartner.com.br,amazon,"{""amazon"": ""third""}",True,True,False,False,"step 5 (SOA), "
techsmith.com,imperva,"{""imperva"": ""third""}",True,True,False,False,"step 6, "
techxperteng.de,cloudflare,"{""cloudflare"": ""third""}",True,True,False,False,"step 5 (SOA), "
teepublic.com,amazon|cloudflare,"{""amazon"": ""third"", ""cloudflare"": ""third""}",True,False,True,True,"step 5 (SOA), step 6, "
telegra.ph,telegram|google,"{""telegram"": ""private"", ""google"": ""third""}",True,False,True,False,"step 2, step 5 (SOA), "
telegram.me,google,"{""google"": ""private""}",False,False,False,False,"step 5 (SOA), "
telegram.org,google,"{""google"": ""third""}",True,True,False,False,"step 5 (SOA), "
telegraph.co.uk,amazon|akamai,"{""amazon"": ""third"", ""akamai"": ""third""}",True,False,True,True,"step 5 (SOA), step 6, "
telekom.de,amazon,"{""amazon"": ""third""}",True,True,False,False,"step 6, "
telemetr.io,cloudflare,"{""cloudflare"": ""third""}",True,True,False,False,"step 5 (SOA), "
teleparty.com,cloudflare|vercel,"{""cloudflare"": ""third"", ""vercel"": ""third""}",True,False,True,True,"step 5 (SOA), step 6, "
telephony.goog,google,"{""google"": ""third""}",True,True,False,False,"step 5 (SOA), "
teleport.media,cloudflare,"{""cloudflare"": ""third""}",True,True,False,False,"step 5 (SOA), "
telerik.com,amazon,"{""amazon"": ""private""}",False,False,False,False,"step 5 (SOA), "
telesco.pe,google,"{""google"": ""third""}",True,True,False,False,"step 5 (SOA), "
tellmethetrue.shop,cloudflare,"{""cloudflare"": ""third""}",True,True,False,False,"step 5 (SOA), "
teloce.cc,cloudflare,"{""cloudflare"": ""third""}",True,True,False,False,"step 5 (SOA), "
teltonika-networks.com,cloudflare,"{""cloudflare"": ""third""}",True,True,False,False,"step 5 (SOA), "
temp-mail.org,cloudflare,"{""cloudflare"": ""third""}",True,True,False,False,"step 5 (SOA), "
tempmail.lol,cloudflare,"{""cloudflare"": ""third""}",True,True,False,False,"step 5 (SOA), "
tempo.co,amazon|cloudflare,"{""amazon"": ""third"", ""cloudflare"": ""third""}",True,False,True,True,"step 5 (SOA), step 6, "
temporal.xyz,cloudflare,"{""cloudflare"": ""third""}",True,True,False,False,"step 5 (SOA), "
temu.com,microsoft,"{""microsoft"": ""private""}",False,False,False,False,"step 5 (SOA), "
temucdn.com,microsoft,"{""microsoft"": ""third""}",True,True,False,False,"step 5 (SOA), "
tenable.com,cloudflare,"{""cloudflare"": ""third""}",True,True,False,False,"step 6, "
tencent-cloud.net,tencent,"{""tencent"": ""private""}",False,False,False,False,"step 2, "
tencent.com,twitter,"{""twitter"": ""third""}",True,True,False,False,"step 6, "
tencentcos.cn,tencent,"{""tencent"": ""private""}",False,False,False,False,"step 2, "
tencentcs.com,tencent,"{""tencent"": ""private""}",False,False,False,False,"step 6, "
tencentmusic.com,tencent,"{""tencent"": ""private""}",False,False,False,False,"step 6, "
tendplatform.com,amazon,"{""amazon"": ""third""}",True,True,False,False,"step 5 (SOA), "
tenjin.com,amazon,"{""amazon"": ""third""}",True,True,False,False,"step 5 (SOA), "
tenjin.io,amazon,"{""amazon"": ""third""}",True,True,False,False,"step 5 (SOA), "
tenor.com,google,"{""google"": ""third""}",True,True,False,False,"step 5 (SOA), "
tentvs.com,cloudflare,"{""cloudflare"": ""third""}",True,True,False,False,"step 5 (SOA), "
tepolmir.com,cloudflare,"{""cloudflare"": ""third""}",True,True,False,False,"step 5 (SOA), "
tera.space,cloudflare,"{""cloudflare"": ""third""}",True,True,False,False,"step 5 (SOA), "
terabox.com,amazon,"{""amazon"": ""third""}",True,True,False,False,"step 5 (SOA), "
teramind.co,cloudflare,"{""cloudflare"": ""third""}",True,True,False,False,"step 5 (SOA), "
termius.com,amazon,"{""amazon"": ""third""}",True,True,False,False,"step 5 (SOA), "
termly.io,cloudflare,"{""cloudflare"": ""third""}",True,True,False,False,"step 5 (SOA), "
terra.com.br,akamai,"{""akamai"": ""third""}",True,True,False,False,"step 6, "
tesco.com,akamai,"{""akamai"": ""third""}",True,True,False,False,"step 6, "
tesla.com,akamai,"{""akamai"": ""third""}",True,True,False,False,"step 6, "
tesla.services,cloudflare,"{""cloudflare"": ""third""}",True,True,False,False,"step 5 (SOA), "
teslamotors.com,akamai,"{""akamai"": ""third""}",True,True,False,False,"step 6, "
tesseractcloud.com,amazon,"{""amazon"": ""private""}",False,False,False,False,"step 5 (SOA), "
testmy.net,cloudflare,"{""cloudflare"": ""third""}",True,True,False,False,"step 5 (SOA), "
testr1.com,cloudflare,"{""cloudflare"": ""third""}",True,True,False,False,"step 5 (SOA), "
texas.gov,amazon,"{""amazon"": ""third""}",True,True,False,False,"step 6, "
textexpander.com,amazon|cloudflare,"{""amazon"": ""private"", ""cloudflare"": ""private""}",False,False,True,False,"step 5 (SOA), step 7, "
textnow.me,cloudflare,"{""cloudflare"": ""private""}",False,False,False,False,"step 5 (SOA), "
tf1.fr,akamai,"{""akamai"": ""third""}",True,True,False,False,"step 6, "
tgstat.ru,cloudflare,"{""cloudflare"": ""third""}",True,True,False,False,"step 7, "
thalia.media,cloudflare,"{""cloudflare"": ""third""}",True,True,False,False,"step 5 (SOA), "
thawte.com,digicert|imperva,"{""digicert"": ""third"", ""imperva"": ""third""}",True,False,True,True,"step 5 (SOA), step 6, "
thdstatic.com,akamai,"{""akamai"": ""third""}",True,True,False,False,"step 6, "
the-ozone-project.com,cloudflare|amazon,"{""cloudflare"": ""third"", ""amazon"": ""third""}",True,False,True,True,"step 5 (SOA), step 6, "
theathletic.com,cloudflare,"{""cloudflare"": ""third""}",True,True,False,False,"step 5 (SOA), "
thebackend.io,amazon,"{""amazon"": ""third""}",True,True,False,False,"step 5 (SOA), "
thecatmachine.com,cloudflare,"{""cloudflare"": ""third""}",True,True,False,False,"step 5 (SOA), "
thecontentserver.com,amazon,"{""amazon"": ""third""}",True,True,False,False,"step 5 (SOA), "
thedd.online,cloudflare,"{""cloudflare"": ""third""}",True,True,False,False,"step 5 (SOA), "
thedynamicleap.com,cloudflare,"{""cloudflare"": ""third""}",True,True,False,False,"step 5 (SOA), "
theengagelab.com,amazon,"{""amazon"": ""third""}",True,True,False,False,"step 5 (SOA), "
theepochtimes.com,cloudflare,"{""cloudflare"": ""third""}",True,True,False,False,"step 5 (SOA), "
theguardian.com,fastly,"{""fastly"": ""third""}",True,True,False,False,"step 6, "
theiconic.com.au,cloudflare,"{""cloudflare"": ""third""}",True,True,False,False,"step 5 (SOA), "
themoneytizer.com,amazon,"{""amazon"": ""third""}",True,True,False,False,"step 5 (SOA), "
themoviedb.org,amazon,"{""amazon"": ""third""}",True,True,False,False,"step 5 (SOA), "
themsic.com,amazon,"{""amazon"": ""third""}",True,True,False,False,"step 5 (SOA), "
thenounproject.com,amazon,"{""amazon"": ""third""}",True,True,False,False,"step 5 (SOA), "
theoks.net,cloudflare,"{""cloudflare"": ""third""}",True,True,False,False,"step 5 (SOA), "
theoplayer.com,amazon,"{""amazon"": ""third""}",True,True,False,False,"step 6, "
theplatform.com,amazon|wordpress,"{""amazon"": ""third"", ""wordpress"": ""third""}",True,False,True,True,"step 5 (SOA), step 6, "
theplatform.eu,amazon|wordpress,"{""amazon"": ""third"", ""wordpress"": ""third""}",True,False,True,True,"step 5 (SOA), step 6, "
thepure.app,amazon,"{""amazon"": ""third""}",True,True,False,False,"step 5 (SOA), "
theqoo.net,cloudflare,"{""cloudflare"": ""third""}",True,True,False,False,"step 7, "
therarbg.com,cloudflare,"{""cloudflare"": ""third""}",True,True,False,False,"step 5 (SOA), "
therarbg.to,cloudflare,"{""cloudflare"": ""third""}",True,True,False,False,"step 5 (SOA), "
thermofisher.com,akamai,"{""akamai"": ""third""}",True,True,False,False,"step 6, "
thescore.com,amazon,"{""amazon"": ""private""}",False,False,False,False,"step 5 (SOA), "
theshow.com,amazon,"{""amazon"": ""third""}",True,True,False,False,"step 5 (SOA), "
thesports01.com,cloudflare,"{""cloudflare"": ""private""}",False,False,False,False,"step 5 (SOA), "
thesun.co.uk,amazon,"{""amazon"": ""third""}",True,True,False,False,"step 5 (SOA), "
thetrainline.com,cloudflare|amazon|twitter,"{""cloudflare"": ""third"", ""amazon"": ""third"", ""twitter"": ""third""}",True,False,True,True,"step 5 (SOA), step 6, step 6, "
thetvdb.com,amazon,"{""amazon"": ""third""}",True,True,False,False,"step 5 (SOA), "
theweathernetwork.com,amazon,"{""amazon"": ""third""}",True,True,False,False,"step 5 (SOA), "
thewsoral.com,cloudflare,"{""cloudflare"": ""third""}",True,True,False,False,"step 5 (SOA), "
thexem.info,cloudflare,"{""cloudflare"": ""third""}",True,True,False,False,"step 5 (SOA), "
thinkdifferent.us,apple|akamai,"{""apple"": ""third"", ""akamai"": ""third""}",True,False,True,True,"step 5 (SOA), step 6, "
thinkific.com,cloudflare,"{""cloudflare"": ""third""}",True,True,False,False,"step 5 (SOA), "
thinkingdata.cn,alibaba,"{""alibaba"": ""third""}",True,True,False,False,"step 6, "
thisvid.com,cloudflare,"{""cloudflare"": ""third""}",True,True,False,False,"step 5 (SOA), "
thomsonreuters.com,amazon|fastly,"{""amazon"": ""third"", ""fastly"": ""third""}",True,False,True,True,"step 5 (SOA), step 6, "
thousandeyes.com,amazon|akamai,"{""amazon"": ""third"", ""akamai"": ""third""}",True,False,True,True,"step 5 (SOA), step 6, "
threadless.com,amazon|cloudflare,"{""amazon"": ""third"", ""cloudflare"": ""third""}",True,False,True,True,"step 5 (SOA), step 6, "
threads.com,meta,"{""meta"": ""private""}",False,False,False,False,"step 5 (SOA), "
threads.net,meta,"{""meta"": ""private""}",False,False,False,False,"step 5 (SOA), "
threatdown.com,amazon,"{""amazon"": ""third""}",True,True,False,False,"step 5 (SOA), "
threatlocker.com,amazon,"{""amazon"": ""third""}",True,True,False,False,"step 5 (SOA), "
thredup.com,cloudflare,"{""cloudflare"": ""third""}",True,True,False,False,"step 5 (SOA), "
thrtle.com,amazon,"{""amazon"": ""third""}",True,True,False,False,"step 5 (SOA), "
thscprts.com,cloudflare,"{""cloudflare"": ""third""}",True,True,False,False,"step 5 (SOA), "
thunderbird.net,cloudflare,"{""cloudflare"": ""third""}",True,True,False,False,"step 5 (SOA), "
thunderstore.io,cloudflare,"{""cloudflare"": ""third""}",True,True,False,False,"step 5 (SOA), "
ti.com,akamai,"{""akamai"": ""third""}",True,True,False,False,"step 6, "
ti.live,microsoft|cloudflare,"{""microsoft"": ""private"", ""cloudflare"": ""third""}",True,False,True,False,"step 3, step 5 (SOA), "
ticketmaster.co.uk,fastly,"{""fastly"": ""third""}",True,True,False,False,"step 6, "
ticketmaster.com,fastly,"{""fastly"": ""third""}",True,True,False,False,"step 6, "
ticketmaster.nl,fastly,"{""fastly"": ""third""}",True,True,False,False,"step 6, "
ticktick.com,amazon,"{""amazon"": ""third""}",True,True,False,False,"step 5 (SOA), "
tidal.com,amazon,"{""amazon"": ""third""}",True,True,False,False,"step 5 (SOA), "
tidio.co,cloudflare,"{""cloudflare"": ""third""}",True,True,False,False,"step 5 (SOA), "
tiendanube.com,amazon,"{""amazon"": ""third""}",True,True,False,False,"step 5 (SOA), "
tik.porn,cloudflare,"{""cloudflare"": ""third""}",True,True,False,False,"step 5 (SOA), "
tiket.com,amazon|cloudflare,"{""amazon"": ""third"", ""cloudflare"": ""third""}",True,False,True,True,"step 5 (SOA), step 6, "
tiktok-max.com,tiktok|cloudflare,"{""tiktok"": ""private"", ""cloudflare"": ""third""}",True,False,True,False,"step 3, step 5 (SOA), "
tiktok-minis.com,tiktok,"{""tiktok"": ""private""}",False,False,False,False,"step 3, "
tiktok-minis.us,tiktok|akamai,"{""tiktok"": ""private"", ""akamai"": ""third""}",True,False,True,False,"step 3, step 6, "
tiktok-row.net,tiktok,"{""tiktok"": ""private""}",False,False,False,False,"step 3, "
tiktok-row.org,tiktok,"{""tiktok"": ""private""}",False,False,False,False,"step 3, "
tiktok.com,tiktok|akamai,"{""tiktok"": ""private"", ""akamai"": ""third""}",True,False,True,False,"step 3, step 6, "
tiktokcdn-eu.com,tiktok,"{""tiktok"": ""private""}",False,False,False,False,"step 3, "
tiktokcdn-us.com,tiktok,"{""tiktok"": ""private""}",False,False,False,False,"step 3, "
tiktokcdn.com,bytedance|tiktok,"{""bytedance"": ""private"", ""tiktok"": ""private""}",False,False,True,False,"step 2, step 3, "
tiktokeu-cdn.com,tiktok,"{""tiktok"": ""private""}",False,False,False,False,"step 3, "
tiktokglobalshopv.com,tiktok,"{""tiktok"": ""private""}",False,False,False,False,"step 3, "
tiktoklb.eu,tiktok,"{""tiktok"": ""private""}",False,False,False,False,"step 3, "
tiktokmod.pro,tiktok,"{""tiktok"": ""private""}",False,False,False,False,"step 3, "
tiktokpangle-cdn-us.com,tiktok,"{""tiktok"": ""private""}",False,False,False,False,"step 3, "
tiktokpangle.us,tiktok,"{""tiktok"": ""private""}",False,False,False,False,"step 3, "
tiktokrow-cdn.com,tiktok,"{""tiktok"": ""private""}",False,False,False,False,"step 3, "
tiktokshop.com,tiktok|akamai,"{""tiktok"": ""private"", ""akamai"": ""third""}",True,False,True,False,"step 3, step 6, "
tiktokshopglobalselling.com,tiktok|akamai,"{""tiktok"": ""private"", ""akamai"": ""third""}",True,False,True,False,"step 3, step 6, "
tiktokstaticb.com,tiktok,"{""tiktok"": ""private""}",False,False,False,False,"step 3, "
tiktokv.com,bytedance|tiktok|akamai,"{""bytedance"": ""private"", ""tiktok"": ""private"", ""akamai"": ""third""}",True,False,True,False,"step 2, step 3, step 6, "
tiktokv.eu,tiktok,"{""tiktok"": ""private""}",False,False,False,False,"step 3, "
tiktokv.us,tiktok,"{""tiktok"": ""private""}",False,False,False,False,"step 3, "
tiktokw.eu,tiktok|akamai,"{""tiktok"": ""private"", ""akamai"": ""third""}",True,False,True,False,"step 3, step 6, "
tiktokw.us,tiktok|akamai,"{""tiktok"": ""private"", ""akamai"": ""third""}",True,False,True,False,"step 3, step 6, "
tildaapi.com,amazon,"{""amazon"": ""third""}",True,True,False,False,"step 5 (SOA), "
tildacdn.com,amazon,"{""amazon"": ""third""}",True,True,False,False,"step 5 (SOA), "
tile-api.com,amazon,"{""amazon"": ""third""}",True,True,False,False,"step 5 (SOA), "
timbrasil.com.br,incapsula,"{""incapsula"": ""third""}",True,True,False,False,"step 5 (SOA), "
time.com,fastly,"{""fastly"": ""third""}",True,True,False,False,"step 6, "
time.is,cloudflare,"{""cloudflare"": ""third""}",True,True,False,False,"step 5 (SOA), "
timeanddate.com,cloudflare,"{""cloudflare"": ""third""}",True,True,False,False,"step 6, "
timeappmarketing.com,amazon,"{""amazon"": ""third""}",True,True,False,False,"step 5 (SOA), "
timesofindia.com,akamai,"{""akamai"": ""third""}",True,True,False,False,"step 6, "
tingot.com,amazon,"{""amazon"": ""third""}",True,True,False,False,"step 5 (SOA), "
tiny.cloud,amazon,"{""amazon"": ""third""}",True,True,False,False,"step 5 (SOA), "
tinypass.com,cloudflare,"{""cloudflare"": ""third""}",True,True,False,False,"step 5 (SOA), "
tips.gg,cloudflare,"{""cloudflare"": ""third""}",True,True,False,False,"step 5 (SOA), "
titan.email,amazon,"{""amazon"": ""third""}",True,True,False,False,"step 5 (SOA), "
titanos.tv,amazon,"{""amazon"": ""third""}",True,True,False,False,"step 5 (SOA), "
tivo.com,amazon,"{""amazon"": ""third""}",True,True,False,False,"step 5 (SOA), "
tivoservice.com,amazon,"{""amazon"": ""third""}",True,True,False,False,"step 5 (SOA), "
tizen.org,amazon,"{""amazon"": ""third""}",True,True,False,False,"step 5 (SOA), "
tk0x1.com,google,"{""google"": ""third""}",True,True,False,False,"step 5 (SOA), "
tlauncher.org,cloudflare,"{""cloudflare"": ""third""}",True,True,False,False,"step 5 (SOA), "
tleechreload.org,cloudflare,"{""cloudflare"": ""third""}",True,True,False,False,"step 5 (SOA), "
tlivecdn.com,microsoft,"{""microsoft"": ""private""}",False,False,False,False,"step 3, "
tlivepush.com,microsoft,"{""microsoft"": ""private""}",False,False,False,False,"step 3, "
tlivesdk.com,microsoft,"{""microsoft"": ""private""}",False,False,False,False,"step 3, "
tlivesource.com,microsoft,"{""microsoft"": ""private""}",False,False,False,False,"step 3, "
tlxbw.xyz,akamai,"{""akamai"": ""third""}",True,True,False,False,"step 6, "
tm-awx.com,amazon,"{""amazon"": ""third""}",True,True,False,False,"step 5 (SOA), "
tm-azurefd.net,microsoft,"{""microsoft"": ""private""}",False,False,False,False,"step 3, "
tmall.com,alibaba,"{""alibaba"": ""third""}",True,True,False,False,"step 6, "
tmconst.com,amazon,"{""amazon"": ""third""}",True,True,False,False,"step 5 (SOA), "
tmdb.org,amazon,"{""amazon"": ""third""}",True,True,False,False,"step 5 (SOA), "
tmobile-digital.com,amazon,"{""amazon"": ""third""}",True,True,False,False,"step 5 (SOA), "
tmobile.com,akamai,"{""akamai"": ""third""}",True,True,False,False,"step 6, "
tmol.io,amazon,"{""amazon"": ""third""}",True,True,False,False,"step 5 (SOA), "
tnaflix.com,microsoft,"{""microsoft"": ""private""}",False,False,False,False,"step 6, "
tnapplications.com,cloudflare,"{""cloudflare"": ""third""}",True,True,False,False,"step 5 (SOA), "
tnedi.me,cloudflare|twitter,"{""cloudflare"": ""third"", ""twitter"": ""third""}",True,False,True,True,"step 5 (SOA), step 6, "
tnkjmec.com,cloudflare,"{""cloudflare"": ""third""}",True,True,False,False,"step 5 (SOA), "
tnt-ea.com,amazon,"{""amazon"": ""third""}",True,True,False,False,"step 5 (SOA), "
toasttab.com,amazon|cloudflare,"{""amazon"": ""private"", ""cloudflare"": ""private""}",False,False,True,False,"step 5 (SOA), step 6, "
tocaboca.com,amazon,"{""amazon"": ""third""}",True,True,False,False,"step 6, "
todesktop.com,amazon|cloudflare,"{""amazon"": ""third"", ""cloudflare"": ""third""}",True,False,True,True,"step 5 (SOA), step 6, "
todoist.com,amazon,"{""amazon"": ""third""}",True,True,False,False,"step 5 (SOA), "
todyl.com,cloudflare,"{""cloudflare"": ""third""}",True,True,False,False,"step 5 (SOA), "
togothermany.com,amazon,"{""amazon"": ""third""}",True,True,False,False,"step 5 (SOA), "
tokbox.com,amazon,"{""amazon"": ""private""}",False,False,False,False,"step 5 (SOA), "
tokenex.com,digicert,"{""digicert"": ""third""}",True,True,False,False,"step 5 (SOA), "
tokopedia-static.net,amazon,"{""amazon"": ""third""}",True,True,False,False,"step 5 (SOA), "
tokopedia.com,amazon|akamai,"{""amazon"": ""third"", ""akamai"": ""third""}",True,False,True,True,"step 5 (SOA), step 6, "
tokopedia.net,amazon,"{""amazon"": ""third""}",True,True,False,False,"step 5 (SOA), "
tokopediax.com,amazon,"{""amazon"": ""third""}",True,True,False,False,"step 5 (SOA), "
tolstoycomments.com,cloudflare,"{""cloudflare"": ""private""}",False,False,False,False,"step 5 (SOA), "
tomodoko.com,amazon|cloudflare,"{""amazon"": ""third"", ""cloudflare"": ""third""}",True,False,True,True,"step 5 (SOA), step 6, "
tomtom.com,akamai,"{""akamai"": ""third""}",True,True,False,False,"step 6, "
ton.org,cloudflare,"{""cloudflare"": ""third""}",True,True,False,False,"step 5 (SOA), "
tonapi.io,cloudflare,"{""cloudflare"": ""third""}",True,True,False,False,"step 5 (SOA), "
toncenter.com,cloudflare,"{""cloudflare"": ""third""}",True,True,False,False,"step 5 (SOA), "
toobm8.com,amazon,"{""amazon"": ""third""}",True,True,False,False,"step 5 (SOA), "
toolforge.org,wikimedia,"{""wikimedia"": ""third""}",True,True,False,False,"step 5 (SOA), "
toolify.ai,cloudflare,"{""cloudflare"": ""third""}",True,True,False,False,"step 5 (SOA), "
toolmatrix.plus,amazon,"{""amazon"": ""third""}",True,True,False,False,"step 5 (SOA), "
toonblast.net,cloudflare,"{""cloudflare"": ""third""}",True,True,False,False,"step 5 (SOA), "
toponadss.com,amazon,"{""amazon"": ""third""}",True,True,False,False,"step 5 (SOA), "
toponepp.com,cloudflare,"{""cloudflare"": ""third""}",True,True,False,False,"step 5 (SOA), "
toradex.com,digicert|amazon,"{""digicert"": ""third"", ""amazon"": ""third""}",True,False,True,True,"step 5 (SOA), step 6, "
toranet.jp,amazon,"{""amazon"": ""third""}",True,True,False,False,"step 5 (SOA), "
torbox.app,cloudflare,"{""cloudflare"": ""third""}",True,True,False,False,"step 5 (SOA), "
torrentleech.org,cloudflare,"{""cloudflare"": ""third""}",True,True,False,False,"step 5 (SOA), "
torrentsmd.com,cloudflare,"{""cloudflare"": ""third""}",True,True,False,False,"step 5 (SOA), "
torrid.com,cloudflare,"{""cloudflare"": ""third""}",True,True,False,False,"step 6, "
torzor.com,amazon,"{""amazon"": ""third""}",True,True,False,False,"step 5 (SOA), "
toss.im,amazon,"{""amazon"": ""third""}",True,True,False,False,"step 5 (SOA), "
tossinvest.com,amazon,"{""amazon"": ""third""}",True,True,False,False,"step 5 (SOA), "
tostarsbuilding.com,amazon,"{""amazon"": ""third""}",True,True,False,False,"step 5 (SOA), "
totalbattle.com,cloudflare,"{""cloudflare"": ""third""}",True,True,False,False,"step 5 (SOA), "
totallyacdn.com,cloudflare,"{""cloudflare"": ""third""}",True,True,False,False,"step 5 (SOA), "
totvs.com.br,google|cloudflare,"{""google"": ""third"", ""cloudflare"": ""third""}",True,False,True,True,"step 5 (SOA), step 6, "
touchstatistics.com,amazon,"{""amazon"": ""third""}",True,True,False,False,"step 5 (SOA), "
tower.jp,amazon,"{""amazon"": ""third""}",True,True,False,False,"step 5 (SOA), "
townnews.com,cloudflare,"{""cloudflare"": ""private""}",False,False,False,False,"step 5 (SOA), "
toyota.com,amazon,"{""amazon"": ""third""}",True,True,False,False,"step 6, "
tp-link.com,amazon,"{""amazon"": ""third""}",True,True,False,False,"step 5 (SOA), "
tpbid.com,amazon,"{""amazon"": ""third""}",True,True,False,False,"step 5 (SOA), "
tpd-soe.com,amazon,"{""amazon"": ""third""}",True,True,False,False,"step 5 (SOA), "
tplink.com,amazon,"{""amazon"": ""third""}",True,True,False,False,"step 5 (SOA), "
tplinkcloud.com,amazon,"{""amazon"": ""third""}",True,True,False,False,"step 5 (SOA), "
tplinknbu.com,amazon,"{""amazon"": ""third""}",True,True,False,False,"step 5 (SOA), "
tplinkra.com,amazon,"{""amazon"": ""third""}",True,True,False,False,"step 5 (SOA), "
tpmn.co.kr,google,"{""google"": ""private""}",False,False,False,False,"step 5 (SOA), "
tpmn.io,google,"{""google"": ""third""}",True,True,False,False,"step 5 (SOA), "
tpv-analytics.com,amazon,"{""amazon"": ""third""}",True,True,False,False,"step 5 (SOA), "
tq-tungsten.com,amazon,"{""amazon"": ""third""}",True,True,False,False,"step 5 (SOA), "
tra-eo.com,amazon,"{""amazon"": ""third""}",True,True,False,False,"step 5 (SOA), "
trabajo.org,amazon,"{""amazon"": ""third""}",True,True,False,False,"step 5 (SOA), "
trackcmp.net,cloudflare,"{""cloudflare"": ""third""}",True,True,False,False,"step 5 (SOA), "
tracker.gg,cloudflare,"{""cloudflare"": ""third""}",True,True,False,False,"step 5 (SOA), "
tracker.network,cloudflare,"{""cloudflare"": ""third""}",True,True,False,False,"step 5 (SOA), "
trackjs.com,github,"{""github"": ""third""}",True,True,False,False,"step 6, "
tracookiepixel.xyz,amazon,"{""amazon"": ""third""}",True,True,False,False,"step 5 (SOA), "
tractorsupply.com,akamai,"{""akamai"": ""third""}",True,True,False,False,"step 6, "
tradedoubler.com,amazon,"{""amazon"": ""third""}",True,True,False,False,"step 5 (SOA), "
tradeinn.com,google,"{""google"": ""private""}",False,False,False,False,"step 5 (SOA), "
tradingview-widget.com,amazon|bunnycdn,"{""amazon"": ""third"", ""bunnycdn"": ""third""}",True,False,True,True,"step 5 (SOA), step 6, "
tradingview.com,amazon,"{""amazon"": ""third""}",True,True,False,False,"step 5 (SOA), "
trae.ai,akamai,"{""akamai"": ""third""}",True,True,False,False,"step 6, "
trafficdeposit.com,cloudflare,"{""cloudflare"": ""third""}",True,True,False,False,"step 5 (SOA), "
trafficguard.ai,amazon,"{""amazon"": ""third""}",True,True,False,False,"step 5 (SOA), "
trafficjunky.net,amazon,"{""amazon"": ""private""}",False,False,False,False,"step 5 (SOA), "
trafficmanager.net,microsoft,"{""microsoft"": ""private""}",False,False,False,False,"step 2, "
trafficstars.com,cloudflare,"{""cloudflare"": ""third""}",True,True,False,False,"step 5 (SOA), "
traffmonetizer.com,cloudflare,"{""cloudflare"": ""third""}",True,True,False,False,"step 5 (SOA), "
traincdn.com,amazon,"{""amazon"": ""third""}",True,True,False,False,"step 5 (SOA), "
trakt.tv,cloudflare,"{""cloudflare"": ""third""}",True,True,False,False,"step 5 (SOA), "
transacme.com,amazon,"{""amazon"": ""third""}",True,True,False,False,"step 5 (SOA), "
transcend-cdn.com,cloudflare,"{""cloudflare"": ""third""}",True,True,False,False,"step 5 (SOA), "
transcend.io,amazon,"{""amazon"": ""third""}",True,True,False,False,"step 5 (SOA), "
transcy.io,cloudflare,"{""cloudflare"": ""third""}",True,True,False,False,"step 5 (SOA), "
transfermarkt.com,amazon,"{""amazon"": ""third""}",True,True,False,False,"step 6, "
transformativeworks.org,cloudflare,"{""cloudflare"": ""third""}",True,True,False,False,"step 5 (SOA), "
translasion.com,apple,"{""apple"": ""third""}",True,True,False,False,"step 5 (SOA), "
translate.goog,google,"{""google"": ""third""}",True,True,False,False,"step 5 (SOA), "
transmissionbt.com,cloudflare,"{""cloudflare"": ""third""}",True,True,False,False,"step 5 (SOA), "
transmit.live,microsoft|amazon,"{""microsoft"": ""private"", ""amazon"": ""third""}",True,False,True,False,"step 3, step 5 (SOA), "
transsion.com,amazon|alibaba,"{""amazon"": ""third"", ""alibaba"": ""third""}",True,False,True,True,"step 5 (SOA), step 6, "
trasping.com,cloudflare,"{""cloudflare"": ""third""}",True,True,False,False,"step 5 (SOA), "
trasre.com,amazon,"{""amazon"": ""third""}",True,True,False,False,"step 5 (SOA), "
travelaudience.com,google,"{""google"": ""private""}",False,False,False,False,"step 5 (SOA), "
traveloka.com,amazon,"{""amazon"": ""private""}",False,False,False,False,"step 5 (SOA), "
traveltowngame.net,cloudflare,"{""cloudflare"": ""third""}",True,True,False,False,"step 5 (SOA), "
treasuredata.com,amazon,"{""amazon"": ""third""}",True,True,False,False,"step 5 (SOA), "
treasury.gov,cloudflare,"{""cloudflare"": ""third""}",True,True,False,False,"step 5 (SOA), "
trellix.com,amazon|akamai,"{""amazon"": ""third"", ""akamai"": ""third""}",True,False,True,True,"step 5 (SOA), step 6, "
trello.com,amazon,"{""amazon"": ""private""}",False,False,False,False,"step 5 (SOA), "
tremorhub.com,amazon,"{""amazon"": ""third""}",True,True,False,False,"step 5 (SOA), "
trendmd.com,cloudflare,"{""cloudflare"": ""third""}",True,True,False,False,"step 5 (SOA), "
trendmicro.co.jp,akamai,"{""akamai"": ""third""}",True,True,False,False,"step 6, "
trendmicro.com,akamai,"{""akamai"": ""third""}",True,True,False,False,"step 6, "
trendyol.com,cloudflare,"{""cloudflare"": ""third""}",True,True,False,False,"step 5 (SOA), "
trezor.io,cloudflare,"{""cloudflare"": ""third""}",True,True,False,False,"step 5 (SOA), "
trialhd.com,cloudflare,"{""cloudflare"": ""third""}",True,True,False,False,"step 5 (SOA), "
tribalfusion.com,cloudflare,"{""cloudflare"": ""third""}",True,True,False,False,"step 5 (SOA), "
tribuna.com,cloudflare,"{""cloudflare"": ""third""}",True,True,False,False,"step 5 (SOA), "
tribunnews.com,amazon,"{""amazon"": ""third""}",True,True,False,False,"step 5 (SOA), "
trimble.com,amazon,"{""amazon"": ""third""}",True,True,False,False,"step 5 (SOA), "
trinitymedia.ai,amazon,"{""amazon"": ""third""}",True,True,False,False,"step 6, "
trione.cc,cloudflare,"{""cloudflare"": ""third""}",True,True,False,False,"step 5 (SOA), "
trip.com,akamai,"{""akamai"": ""third""}",True,True,False,False,"step 6, "
tripadvisor.com,amazon,"{""amazon"": ""third""}",True,True,False,False,"step 5 (SOA), "
tripledotapi.com,amazon,"{""amazon"": ""third""}",True,True,False,False,"step 5 (SOA), "
tripongle.com,cloudflare,"{""cloudflare"": ""third""}",True,True,False,False,"step 5 (SOA), "
triptease.io,google,"{""google"": ""private""}",False,False,False,False,"step 5 (SOA), "
trivago.com,akamai,"{""akamai"": ""third""}",True,True,False,False,"step 6, "
trkcliq.com,amazon,"{""amazon"": ""third""}",True,True,False,False,"step 5 (SOA), "
trkn.us,cloudflare|amazon,"{""cloudflare"": ""third"", ""amazon"": ""third""}",True,False,True,True,"step 5 (SOA), step 6, "
trongrid.io,amazon,"{""amazon"": ""third""}",True,True,False,False,"step 5 (SOA), "
tronscanapi.com,amazon,"{""amazon"": ""third""}",True,True,False,False,"step 5 (SOA), "
trpcdn.net,baishan,"{""baishan"": ""private""}",False,False,False,False,"step 2, "
tru.am,cloudflare,"{""cloudflare"": ""third""}",True,True,False,False,"step 5 (SOA), "
trueachievements.com,cloudflare,"{""cloudflare"": ""third""}",True,True,False,False,"step 5 (SOA), "
trueanthem.com,cloudflare,"{""cloudflare"": ""third""}",True,True,False,False,"step 5 (SOA), "
truecaller.com,google|cloudflare,"{""google"": ""third"", ""cloudflare"": ""third""}",True,False,True,True,"step 5 (SOA), step 6, "
truecallerstatic.com,cloudflare,"{""cloudflare"": ""third""}",True,True,False,False,"step 5 (SOA), "
truecar.com,amazon,"{""amazon"": ""third""}",True,True,False,False,"step 5 (SOA), "
truefitcorp.com,amazon,"{""amazon"": ""private""}",False,False,False,False,"step 5 (SOA), "
truenas.com,keycdn,"{""keycdn"": ""third""}",True,True,False,False,"step 6, "
truoptik.com,cloudflare,"{""cloudflare"": ""third""}",True,True,False,False,"step 7, "
trustarc.com,amazon,"{""amazon"": ""third""}",True,True,False,False,"step 5 (SOA), "
trustburn.com,cloudflare,"{""cloudflare"": ""third""}",True,True,False,False,"step 5 (SOA), "
trustcommander.net,amazon,"{""amazon"": ""third""}",True,True,False,False,"step 6, "
truste.com,amazon,"{""amazon"": ""third""}",True,True,False,False,"step 5 (SOA), "
trustedform.com,amazon,"{""amazon"": ""third""}",True,True,False,False,"step 5 (SOA), "
trustedshops.com,amazon,"{""amazon"": ""third""}",True,True,False,False,"step 5 (SOA), "
trustedsite.com,amazon,"{""amazon"": ""third""}",True,True,False,False,"step 5 (SOA), "
trustedstack.com,cloudflare,"{""cloudflare"": ""third""}",True,True,False,False,"step 5 (SOA), "
trusteer.com,amazon,"{""amazon"": ""third""}",True,True,False,False,"step 5 (SOA), "
trustindex.io,amazon,"{""amazon"": ""third""}",True,True,False,False,"step 6, "
trustlook.com,amazon,"{""amazon"": ""third""}",True,True,False,False,"step 5 (SOA), "
trustoo.io,cloudflare,"{""cloudflare"": ""third""}",True,True,False,False,"step 5 (SOA), "
trustpilot.com,amazon,"{""amazon"": ""third""}",True,True,False,False,"step 5 (SOA), "
trustvox.com.br,cloudflare,"{""cloudflare"": ""third""}",True,True,False,False,"step 5 (SOA), "
trustwallet.com,cloudflare,"{""cloudflare"": ""third""}",True,True,False,False,"step 5 (SOA), "
trustwave.com,amazon,"{""amazon"": ""third""}",True,True,False,False,"step 5 (SOA), "
trustx.org,cloudflare,"{""cloudflare"": ""third""}",True,True,False,False,"step 5 (SOA), "
truthsocial.com,cloudflare,"{""cloudflare"": ""third""}",True,True,False,False,"step 5 (SOA), "
truvidplayer.com,amazon,"{""amazon"": ""private""}",False,False,False,False,"step 5 (SOA), "
trvdp.com,amazon,"{""amazon"": ""third""}",True,True,False,False,"step 5 (SOA), "
trycloudflare.com,cloudflare,"{""cloudflare"": ""private""}",False,False,False,False,"step 2, "
tryfi.com,amazon,"{""amazon"": ""third""}",True,True,False,False,"step 5 (SOA), "
tsdtocl.com,fastly,"{""fastly"": ""third""}",True,True,False,False,"step 6, "
tsyndicate.com,amazon,"{""amazon"": ""third""}",True,True,False,False,"step 5 (SOA), "
ttcache.com,cloudflare,"{""cloudflare"": ""private""}",False,False,False,False,"step 5 (SOA), "
ttlivecdn.com,microsoft,"{""microsoft"": ""private""}",False,False,False,False,"step 3, "
ttslots.games,amazon,"{""amazon"": ""third""}",True,True,False,False,"step 6, "
ttvnw.net,amazon,"{""amazon"": ""third""}",True,True,False,False,"step 5 (SOA), "
ttwstatic.com,bytedance,"{""bytedance"": ""private""}",False,False,False,False,"step 2, "
tubecup.net,cloudflare,"{""cloudflare"": ""third""}",True,True,False,False,"step 5 (SOA), "
tubemogul.com,fastly,"{""fastly"": ""third""}",True,True,False,False,"step 6, "
tubi.io,amazon,"{""amazon"": ""third""}",True,True,False,False,"step 5 (SOA), "
tubi.video,amazon,"{""amazon"": ""third""}",True,True,False,False,"step 5 (SOA), "
tubitv.com,amazon,"{""amazon"": ""third""}",True,True,False,False,"step 5 (SOA), "
tui.com,akamai,"{""akamai"": ""third""}",True,True,False,False,"step 6, "
tunefindforfans.com,amazon,"{""amazon"": ""third""}",True,True,False,False,"step 5 (SOA), "
tunein.com,amazon,"{""amazon"": ""private""}",False,False,False,False,"step 5 (SOA), "
tunnelbear.com,cloudflare,"{""cloudflare"": ""third""}",True,True,False,False,"step 5 (SOA), "
turbosquid.com,amazon,"{""amazon"": ""third""}",True,True,False,False,"step 5 (SOA), "
turnto.com,amazon,"{""amazon"": ""third""}",True,True,False,False,"step 5 (SOA), "
tutanota.com,amazon,"{""amazon"": ""third""}",True,True,False,False,"step 5 (SOA), "
tuya.com,amazon,"{""amazon"": ""third""}",True,True,False,False,"step 6, "
tuyaeu.com,amazon,"{""amazon"": ""third""}",True,True,False,False,"step 5 (SOA), "
tuyaus.com,amazon,"{""amazon"": ""third""}",True,True,False,False,"step 5 (SOA), "
tvinteractive.tv,amazon,"{""amazon"": ""private""}",False,False,False,False,"step 5 (SOA), "
tvpixel.com,amazon,"{""amazon"": ""third""}",True,True,False,False,"step 5 (SOA), "
tvspix.com,amazon,"{""amazon"": ""third""}",True,True,False,False,"step 5 (SOA), "
tvsquared.com,amazon,"{""amazon"": ""third""}",True,True,False,False,"step 5 (SOA), "
twc.com,akamai,"{""akamai"": ""third""}",True,True,False,False,"step 6, "
twibida.com,amazon,"{""amazon"": ""third""}",True,True,False,False,"step 5 (SOA), "
twilio.com,digicert|amazon,"{""digicert"": ""third"", ""amazon"": ""third""}",True,False,True,True,"step 5 (SOA), step 6, "
twimg.com,twitter,"{""twitter"": ""private""}",False,False,False,False,"step 2, "
twingate.com,google,"{""google"": ""third""}",True,True,False,False,"step 5 (SOA), "
twinrdengine.com,google,"{""google"": ""third""}",True,True,False,False,"step 5 (SOA), "
twitch.tv,amazon|fastly,"{""amazon"": ""third"", ""fastly"": ""third""}",True,False,True,True,"step 5 (SOA), step 6, "
twitchcdn.net,amazon,"{""amazon"": ""third""}",True,True,False,False,"step 5 (SOA), "
twnmm.com,amazon,"{""amazon"": ""private""}",False,False,False,False,"step 5 (SOA), "
twnodes.com,amazon,"{""amazon"": ""third""}",True,True,False,False,"step 5 (SOA), "
twomerge.com,amazon,"{""amazon"": ""third""}",True,True,False,False,"step 5 (SOA), "
txlivecdn.com,microsoft,"{""microsoft"": ""private""}",False,False,False,False,"step 3, "
txnhh.com,cloudflare,"{""cloudflare"": ""third""}",True,True,False,False,"step 5 (SOA), "
txtensatorxgyt.xyz,cloudflare,"{""cloudflare"": ""third""}",True,True,False,False,"step 5 (SOA), "
tynt.com,twitter,"{""twitter"": ""private""}",False,False,False,False,"step 6, "
typeform.com,amazon,"{""amazon"": ""third""}",True,True,False,False,"step 5 (SOA), "
typekit.com,amazon|twitter,"{""amazon"": ""private"", ""twitter"": ""private""}",False,False,True,False,"step 5 (SOA), step 6, "
typekit.net,amazon,"{""amazon"": ""third""}",True,True,False,False,"step 5 (SOA), "
typesense.net,amazon,"{""amazon"": ""third""}",True,True,False,False,"step 5 (SOA), "
typicode.com,cloudflare,"{""cloudflare"": ""third""}",True,True,False,False,"step 5 (SOA), "
typography.com,amazon,"{""amazon"": ""third""}",True,True,False,False,"step 5 (SOA), "
u-blox.com,netlify,"{""netlify"": ""third""}",True,True,False,False,"step 6, "
ubc.ca,amazon,"{""amazon"": ""third""}",True,True,False,False,"step 6, "
ubembed.com,amazon,"{""amazon"": ""third""}",True,True,False,False,"step 5 (SOA), "
ubervoip.net,amazon,"{""amazon"": ""third""}",True,True,False,False,"step 5 (SOA), "
ubi.com,amazon,"{""amazon"": ""third""}",True,True,False,False,"step 6, "
ubianet.com,twitter,"{""twitter"": ""private""}",False,False,False,False,"step 6, "
ubisoft.com,amazon|akamai,"{""amazon"": ""third"", ""akamai"": ""third""}",True,False,True,True,"step 6, step 6, "
ublockdns.com,cloudflare,"{""cloudflare"": ""third""}",True,True,False,False,"step 5 (SOA), "
ubnt.com,amazon,"{""amazon"": ""third""}",True,True,False,False,"step 5 (SOA), "
ubs.com,akamai,"{""akamai"": ""third""}",True,True,False,False,"step 6, "
ubuy.com,cloudflare,"{""cloudflare"": ""third""}",True,True,False,False,"step 5 (SOA), "
uc123.com,alibaba,"{""alibaba"": ""third""}",True,True,False,False,"step 6, "
ucdavis.edu,cloudflare,"{""cloudflare"": ""third""}",True,True,False,False,"step 5 (SOA), "
uchicago.edu,microsoft,"{""microsoft"": ""third""}",True,True,False,False,"step 6, "
uchile.cl,fastly,"{""fastly"": ""third""}",True,True,False,False,"step 7, "
uciservice.com,akamai,"{""akamai"": ""third""}",True,True,False,False,"step 6, "
ucla.edu,amazon,"{""amazon"": ""third""}",True,True,False,False,"step 6, "
ucpjdhivl.com,cloudflare,"{""cloudflare"": ""third""}",True,True,False,False,"step 5 (SOA), "
ucsb.edu,fastly,"{""fastly"": ""third""}",True,True,False,False,"step 7, "
ucsd.edu,amazon,"{""amazon"": ""third""}",True,True,False,False,"step 6, "
udea.edu.co,cloudflare,"{""cloudflare"": ""third""}",True,True,False,False,"step 6, "
udel.edu,amazon,"{""amazon"": ""third""}",True,True,False,False,"step 6, "
udemy.com,cloudflare,"{""cloudflare"": ""third""}",True,True,False,False,"step 5 (SOA), "
udemycdn.com,cloudflare,"{""cloudflare"": ""third""}",True,True,False,False,"step 5 (SOA), "
uecdn.es,microsoft,"{""microsoft"": ""third""}",True,True,False,False,"step 5 (SOA), "
ueiwsp.com,cloudflare,"{""cloudflare"": ""third""}",True,True,False,False,"step 5 (SOA), "
ugdtimg.com,tencent,"{""tencent"": ""third""}",True,True,False,False,"step 6, "
ugnas.com,cloudflare,"{""cloudflare"": ""third""}",True,True,False,False,"step 6, "
ui.com,amazon,"{""amazon"": ""third""}",True,True,False,False,"step 5 (SOA), "
uidapi.com,amazon,"{""amazon"": ""third""}",True,True,False,False,"step 5 (SOA), "
uidsync.net,cloudflare,"{""cloudflare"": ""third""}",True,True,False,False,"step 5 (SOA), "
uipath.com,cloudflare,"{""cloudflare"": ""third""}",True,True,False,False,"step 5 (SOA), "
uisp.com,amazon,"{""amazon"": ""third""}",True,True,False,False,"step 5 (SOA), "
ukankingwithea.com,cloudflare,"{""cloudflare"": ""third""}",True,True,False,False,"step 5 (SOA), "
ukyuh.tech,amazon,"{""amazon"": ""third""}",True,True,False,False,"step 5 (SOA), "
ulikecam.com,huawei,"{""huawei"": ""third""}",True,True,False,False,"step 6, "
uloop.com,google,"{""google"": ""third""}",True,True,False,False,"step 5 (SOA), "
ulta.com,akamai,"{""akamai"": ""private""}",False,False,False,False,"step 6, "
ultimate-guitar.com,cloudflare,"{""cloudflare"": ""third""}",True,True,False,False,"step 5 (SOA), "
ultipro.com,cloudflare,"{""cloudflare"": ""third""}",True,True,False,False,"step 5 (SOA), "
umami.is,cloudflare,"{""cloudflare"": ""third""}",True,True,False,False,"step 5 (SOA), "
umd.edu,cloudflare,"{""cloudflare"": ""third""}",True,True,False,False,"step 7, "
umich.edu,cloudflare,"{""cloudflare"": ""third""}",True,True,False,False,"step 7, "
un.org,amazon,"{""amazon"": ""third""}",True,True,False,False,"step 6, "
unam.mx,cloudflare,"{""cloudflare"": ""third""}",True,True,False,False,"step 6, "
unbxdapi.com,amazon,"{""amazon"": ""third""}",True,True,False,False,"step 5 (SOA), "
unc.edu,fastly,"{""fastly"": ""third""}",True,True,False,False,"step 7, "
uncn.jp,amazon,"{""amazon"": ""third""}",True,True,False,False,"step 5 (SOA), "
uncocleypercha.com,cloudflare,"{""cloudflare"": ""third""}",True,True,False,False,"step 5 (SOA), "
unece.org,cloudflare,"{""cloudflare"": ""third""}",True,True,False,False,"step 5 (SOA), "
unhcr.org,amazon|cloudflare,"{""amazon"": ""third"", ""cloudflare"": ""third""}",True,False,True,True,"step 5 (SOA), step 6, "
unifi-ai.com,google,"{""google"": ""third""}",True,True,False,False,"step 5 (SOA), "
unileversolutions.com,microsoft|akamai,"{""microsoft"": ""third"", ""akamai"": ""third""}",True,False,True,True,"step 5 (SOA), step 6, "
unioneeu.com,amazon,"{""amazon"": ""third""}",True,True,False,False,"step 5 (SOA), "
uniqlo.com,amazon|akamai,"{""amazon"": ""third"", ""akamai"": ""third""}",True,False,True,True,"step 5 (SOA), step 6, "
unisat.io,cloudflare,"{""cloudflare"": ""third""}",True,True,False,False,"step 5 (SOA), "
unisvg.com,cloudflare,"{""cloudflare"": ""third""}",True,True,False,False,"step 5 (SOA), "
uniswap.org,cloudflare,"{""cloudflare"": ""third""}",True,True,False,False,"step 5 (SOA), "
united.com,akamai,"{""akamai"": ""third""}",True,True,False,False,"step 6, "
unity3d.com,akamai,"{""akamai"": ""third""}",True,True,False,False,"step 6, "
unity3dusercontent.com,amazon,"{""amazon"": ""third""}",True,True,False,False,"step 5 (SOA), "
uniview.com,amazon,"{""amazon"": ""third""}",True,True,False,False,"step 6, "
unmineable.com,cloudflare,"{""cloudflare"": ""third""}",True,True,False,False,"step 5 (SOA), "
unmsapp.com,amazon,"{""amazon"": ""third""}",True,True,False,False,"step 5 (SOA), "
unpkg.com,unpkg|cloudflare,"{""unpkg"": ""private"", ""cloudflare"": ""third""}",True,False,True,False,"step 2, step 5 (SOA), "
unrealengine.com,amazon|cloudflare,"{""amazon"": ""third"", ""cloudflare"": ""third""}",True,False,True,True,"step 5 (SOA), step 6, "
unruly.co,wordpress|cloudflare,"{""wordpress"": ""third"", ""cloudflare"": ""third""}",True,False,True,True,"step 6, step 7, "
unrulymedia.com,amazon,"{""amazon"": ""private""}",False,False,False,False,"step 5 (SOA), "
unsplash.com,fastly,"{""fastly"": ""third""}",True,True,False,False,"step 6, "
untappd.com,cloudflare,"{""cloudflare"": ""third""}",True,True,False,False,"step 5 (SOA), "
unwomen.org,cloudflare,"{""cloudflare"": ""third""}",True,True,False,False,"step 6, "
uol.com,amazon,"{""amazon"": ""third""}",True,True,False,False,"step 6, "
uol.com.br,akamai,"{""akamai"": ""third""}",True,True,False,False,"step 6, "
up.pt,cloudflare,"{""cloudflare"": ""third""}",True,True,False,False,"step 6, "
upbit.com,amazon|cloudflare,"{""amazon"": ""third"", ""cloudflare"": ""third""}",True,False,True,True,"step 5 (SOA), step 6, "
updatestar.com,cloudflare,"{""cloudflare"": ""third""}",True,True,False,False,"step 5 (SOA), "
upenn.edu,fastly,"{""fastly"": ""third""}",True,True,False,False,"step 7, "
upiral.com,cloudflare,"{""cloudflare"": ""third""}",True,True,False,False,"step 5 (SOA), "
uplynk.com,amazon,"{""amazon"": ""third""}",True,True,False,False,"step 5 (SOA), "
upravel.com,cloudflare,"{""cloudflare"": ""third""}",True,True,False,False,"step 5 (SOA), "
ups.com,akamai,"{""akamai"": ""third""}",True,True,False,False,"step 6, "
upscore.com,cloudflare,"{""cloudflare"": ""third""}",True,True,False,False,"step 5 (SOA), "
uptimerobot.com,cloudflare,"{""cloudflare"": ""third""}",True,True,False,False,"step 5 (SOA), "
uptodown.com,fastly,"{""fastly"": ""third""}",True,True,False,False,"step 6, "
upwork.com,cloudflare,"{""cloudflare"": ""third""}",True,True,False,False,"step 5 (SOA), "
urban-vpn.com,amazon,"{""amazon"": ""private""}",False,False,False,False,"step 5 (SOA), "
urbanairship.com,google,"{""google"": ""third""}",True,True,False,False,"step 5 (SOA), "
ureca-lab.com,amazon,"{""amazon"": ""third""}",True,True,False,False,"step 5 (SOA), "
urioy.com,cloudflare,"{""cloudflare"": ""third""}",True,True,False,False,"step 5 (SOA), "
urldefense.com,amazon,"{""amazon"": ""third""}",True,True,False,False,"step 5 (SOA), "
urlscan.io,amazon,"{""amazon"": ""third""}",True,True,False,False,"step 5 (SOA), "
usaa.com,akamai,"{""akamai"": ""third""}",True,True,False,False,"step 6, "
usabilla.com,amazon,"{""amazon"": ""third""}",True,True,False,False,"step 5 (SOA), "
usablenet.com,cloudflare,"{""cloudflare"": ""third""}",True,True,False,False,"step 7, "
usatoday.com,fastly,"{""fastly"": ""third""}",True,True,False,False,"step 6, "
usbank.com,akamai,"{""akamai"": ""third""}",True,True,False,False,"step 6, "
usbrowserspeed.com,amazon,"{""amazon"": ""third""}",True,True,False,False,"step 5 (SOA), "
usc.edu,cloudflare|fastly,"{""cloudflare"": ""third"", ""fastly"": ""third""}",True,False,True,True,"step 5 (SOA), step 7, "
uscourts.gov,akamai,"{""akamai"": ""third""}",True,True,False,False,"step 6, "
usda.gov,akamai,"{""akamai"": ""third""}",True,True,False,False,"step 6, "
useamp.com,amazon,"{""amazon"": ""third""}",True,True,False,False,"step 5 (SOA), "
usefathom.com,amazon,"{""amazon"": ""third""}",True,True,False,False,"step 5 (SOA), "
useinsider.com,cloudflare,"{""cloudflare"": ""third""}",True,True,False,False,"step 5 (SOA), "
usemessages.com,cloudflare,"{""cloudflare"": ""third""}",True,True,False,False,"step 5 (SOA), "
usepylon.com,amazon,"{""amazon"": ""third""}",True,True,False,False,"step 5 (SOA), "
usercentrics.eu,cloudflare,"{""cloudflare"": ""third""}",True,True,False,False,"step 5 (SOA), "
usercontent.goog,google,"{""google"": ""third""}",True,True,False,False,"step 5 (SOA), "
usercontent.microsoft,microsoft,"{""microsoft"": ""private""}",False,False,False,False,"step 1, "
userflow.com,cloudflare,"{""cloudflare"": ""third""}",True,True,False,False,"step 5 (SOA), "
userguiding.com,cloudflare,"{""cloudflare"": ""third""}",True,True,False,False,"step 5 (SOA), "
userpilot.io,cloudflare,"{""cloudflare"": ""private""}",False,False,False,False,"step 5 (SOA), "
userreport.com,amazon|twitter,"{""amazon"": ""private"", ""twitter"": ""private""}",False,False,True,False,"step 5 (SOA), step 6, "
usersatisfy.net,amazon,"{""amazon"": ""third""}",True,True,False,False,"step 5 (SOA), "
usersnap.com,amazon|cloudflare,"{""amazon"": ""third"", ""cloudflare"": ""third""}",True,False,True,True,"step 5 (SOA), step 7, "
userstylesapi.com,amazon,"{""amazon"": ""third""}",True,True,False,False,"step 5 (SOA), "
usertrust.com,cloudflare,"{""cloudflare"": ""third""}",True,True,False,False,"step 6, "
uservoice.com,cloudflare,"{""cloudflare"": ""third""}",True,True,False,False,"step 7, "
userway.org,amazon,"{""amazon"": ""third""}",True,True,False,False,"step 5 (SOA), "
userx.pro,cloudflare,"{""cloudflare"": ""third""}",True,True,False,False,"step 5 (SOA), "
usestoryteller.com,cloudflare,"{""cloudflare"": ""third""}",True,True,False,False,"step 5 (SOA), "
usgovcloud.microsoft,microsoft,"{""microsoft"": ""private""}",False,False,False,False,"step 1, "
usgovcloudapi.net,microsoft,"{""microsoft"": ""third""}",True,True,False,False,"step 5 (SOA), "
usgs.gov,cloudflare|amazon,"{""cloudflare"": ""private"", ""amazon"": ""private""}",False,False,True,False,"step 5 (SOA), step 6, "
usps.com,akamai,"{""akamai"": ""third""}",True,True,False,False,"step 6, "
usrpubtrk.com,cloudflare,"{""cloudflare"": ""third""}",True,True,False,False,"step 5 (SOA), "
usvisa-info.com,amazon,"{""amazon"": ""private""}",False,False,False,False,"step 5 (SOA), "
usvisascheduling.com,microsoft|cloudflare,"{""microsoft"": ""third"", ""cloudflare"": ""third""}",True,False,True,True,"step 5 (SOA), step 6, "
utexas.edu,amazon,"{""amazon"": ""third""}",True,True,False,False,"step 5 (SOA), "
utkacraft.ru,cloudflare,"{""cloudflare"": ""third""}",True,True,False,False,"step 5 (SOA), "
utoronto.ca,fastly,"{""fastly"": ""third""}",True,True,False,False,"step 7, "
utorrent.com,amazon,"{""amazon"": ""third""}",True,True,False,False,"step 6, "
utrsed.com,cloudflare,"{""cloudflare"": ""third""}",True,True,False,False,"step 5 (SOA), "
uuidksinc.net,cloudflare,"{""cloudflare"": ""third""}",True,True,False,False,"step 5 (SOA), "
uwaterloo.ca,fastly,"{""fastly"": ""third""}",True,True,False,False,"step 6, "
uwn.com,amazon,"{""amazon"": ""third""}",True,True,False,False,"step 5 (SOA), "
uxcam.com,amazon,"{""amazon"": ""third""}",True,True,False,False,"step 5 (SOA), "
uxfeedback.ru,cloudflare,"{""cloudflare"": ""third""}",True,True,False,False,"step 5 (SOA), "
uxzw.club,amazon,"{""amazon"": ""third""}",True,True,False,False,"step 5 (SOA), "
uymgg1.com,cloudflare,"{""cloudflare"": ""third""}",True,True,False,False,"step 5 (SOA), "
v2006.com,cloudflare,"{""cloudflare"": ""third""}",True,True,False,False,"step 5 (SOA), "
v2ex.com,cloudflare,"{""cloudflare"": ""third""}",True,True,False,False,"step 5 (SOA), "
vaicore.site,google,"{""google"": ""third""}",True,True,False,False,"step 5 (SOA), "
vaicore.store,google,"{""google"": ""third""}",True,True,False,False,"step 5 (SOA), "
valuecommerce.com,amazon,"{""amazon"": ""third""}",True,True,False,False,"step 5 (SOA), "
vanguard.com,akamai,"{""akamai"": ""third""}",True,True,False,False,"step 6, "
vanta.com,amazon,"{""amazon"": ""third""}",True,True,False,False,"step 5 (SOA), "
vantage-markets.com,cloudflare,"{""cloudflare"": ""third""}",True,True,False,False,"step 5 (SOA), "
varify.io,cloudflare,"{""cloudflare"": ""third""}",True,True,False,False,"step 5 (SOA), "
vaultdcr.com,amazon,"{""amazon"": ""third""}",True,True,False,False,"step 5 (SOA), "
vaxilu.com,cloudflare,"{""cloudflare"": ""third""}",True,True,False,False,"step 5 (SOA), "
vb1kivdlvc.com,amazon,"{""amazon"": ""third""}",True,True,False,False,"step 5 (SOA), "
vbnmhjlp.com,amazon,"{""amazon"": ""third""}",True,True,False,False,"step 5 (SOA), "
vbrickrev.com,amazon,"{""amazon"": ""third""}",True,True,False,False,"step 5 (SOA), "
vbrtex.cc,cloudflare,"{""cloudflare"": ""third""}",True,True,False,False,"step 5 (SOA), "
vc.ru,cloudflare,"{""cloudflare"": ""private""}",False,False,False,False,"step 5 (SOA), "
vcmdiawe.com,cloudflare,"{""cloudflare"": ""third""}",True,True,False,False,"step 5 (SOA), "
vdo.ai,cloudflare,"{""cloudflare"": ""third""}",True,True,False,False,"step 5 (SOA), "
vecteezy.com,cloudflare,"{""cloudflare"": ""third""}",True,True,False,False,"step 5 (SOA), "
vectorstock.com,amazon,"{""amazon"": ""third""}",True,True,False,False,"step 5 (SOA), "
veeam.com,amazon,"{""amazon"": ""third""}",True,True,False,False,"step 5 (SOA), "
velocityweather.com,amazon,"{""amazon"": ""third""}",True,True,False,False,"step 5 (SOA), "
venatusmedia.com,amazon,"{""amazon"": ""third""}",True,True,False,False,"step 5 (SOA), "
vencord.dev,cloudflare,"{""cloudflare"": ""third""}",True,True,False,False,"step 5 (SOA), "
venmo.com,amazon,"{""amazon"": ""third""}",True,True,False,False,"step 5 (SOA), "
ventusky.com,cloudflare,"{""cloudflare"": ""third""}",True,True,False,False,"step 5 (SOA), "
vercel-dns.com,vercel,"{""vercel"": ""private""}",False,False,False,False,"step 2, "
vercel.app,vercel,"{""vercel"": ""private""}",False,False,False,False,"step 2, "
vercel.com,vercel,"{""vercel"": ""private""}",False,False,False,False,"step 2, "
verifonehq.net,amazon,"{""amazon"": ""third""}",True,True,False,False,"step 5 (SOA), "
verint-cdn.com,amazon,"{""amazon"": ""third""}",True,True,False,False,"step 5 (SOA), "
veripages.com,cloudflare,"{""cloudflare"": ""private""}",False,False,False,False,"step 5 (SOA), "
verisoul.ai,cloudflare,"{""cloudflare"": ""third""}",True,True,False,False,"step 5 (SOA), "
veritonicmetrics.com,amazon,"{""amazon"": ""third""}",True,True,False,False,"step 5 (SOA), "
verizon.com,edgecast|akamai,"{""edgecast"": ""private"", ""akamai"": ""third""}",True,False,True,False,"step 3, step 6, "
verizon.net,edgecast|akamai,"{""edgecast"": ""private"", ""akamai"": ""third""}",True,False,True,False,"step 3, step 6, "
verizonwireless.com,edgecast|akamai,"{""edgecast"": ""private"", ""akamai"": ""third""}",True,False,True,False,"step 3, step 6, "
verkada-lan.com,amazon,"{""amazon"": ""third""}",True,True,False,False,"step 5 (SOA), "
verkada.com,amazon|cloudflare,"{""amazon"": ""third"", ""cloudflare"": ""third""}",True,False,True,True,"step 5 (SOA), step 6, "
verve.net,google,"{""google"": ""third""}",True,True,False,False,"step 5 (SOA), "
vervegroupinc.net,amazon|stackpath,"{""amazon"": ""third"", ""stackpath"": ""third""}",True,False,True,True,"step 5 (SOA), step 6, "
very.co.uk,akamai,"{""akamai"": ""third""}",True,True,False,False,"step 6, "
ves.io,google,"{""google"": ""private""}",False,False,False,False,"step 5 (SOA), "
vestiairecollective.com,cloudflare,"{""cloudflare"": ""third""}",True,True,False,False,"step 5 (SOA), "
vevor.com,amazon,"{""amazon"": ""third""}",True,True,False,False,"step 5 (SOA), "
vevreen7.com,cloudflare,"{""cloudflare"": ""third""}",True,True,False,False,"step 5 (SOA), "
vfsglobal.com,amazon,"{""amazon"": ""third""}",True,True,False,False,"step 5 (SOA), "
vg.no,amazon,"{""amazon"": ""private""}",False,False,False,False,"step 5 (SOA), "
vgfutu290.com,cloudflare,"{""cloudflare"": ""third""}",True,True,False,False,"step 5 (SOA), "
vhx.tv,cloudflare,"{""cloudflare"": ""third""}",True,True,False,False,"step 5 (SOA), "
via.google,google,"{""google"": ""private""}",False,False,False,False,"step 1, "
via.net,cloudflare,"{""cloudflare"": ""third""}",True,True,False,False,"step 7, "
viabtc.io,cloudflare,"{""cloudflare"": ""third""}",True,True,False,False,"step 5 (SOA), "
viafoura.co,amazon,"{""amazon"": ""third""}",True,True,False,False,"step 5 (SOA), "
viafoura.net,amazon,"{""amazon"": ""third""}",True,True,False,False,"step 5 (SOA), "
viator.com,amazon|fastly,"{""amazon"": ""third"", ""fastly"": ""third""}",True,False,True,True,"step 5 (SOA), step 6, "
viavarejo.com.br,akamai,"{""akamai"": ""third""}",True,True,False,False,"step 6, "
vibe.co,cloudflare|vercel,"{""cloudflare"": ""third"", ""vercel"": ""third""}",True,False,True,True,"step 5 (SOA), step 6, "
viber.com,amazon|akamai,"{""amazon"": ""third"", ""akamai"": ""third""}",True,False,True,True,"step 5 (SOA), step 6, "
vibeshort.live,microsoft|amazon,"{""microsoft"": ""private"", ""amazon"": ""third""}",True,False,True,False,"step 3, step 6, "
vibrantdreamscape.com,cloudflare,"{""cloudflare"": ""third""}",True,True,False,False,"step 5 (SOA), "
victoriassecret.com,cloudflare,"{""cloudflare"": ""third""}",True,True,False,False,"step 5 (SOA), "
victronenergy.com,wangsu,"{""wangsu"": ""third""}",True,True,False,False,"step 6, "
vidaahub.com,amazon,"{""amazon"": ""third""}",True,True,False,False,"step 5 (SOA), "
vidazoo.com,cloudflare,"{""cloudflare"": ""third""}",True,True,False,False,"step 6, "
vidcrunch.com,amazon,"{""amazon"": ""third""}",True,True,False,False,"step 5 (SOA), "
videoamp.com,amazon|wordpress|cloudflare,"{""amazon"": ""third"", ""wordpress"": ""third"", ""cloudflare"": ""third""}",True,False,True,True,"step 5 (SOA), step 6, step 7, "
videotron.ca,akamai,"{""akamai"": ""third""}",True,True,False,False,"step 6, "
videowise.com,amazon|cloudflare,"{""amazon"": ""third"", ""cloudflare"": ""third""}",True,False,True,True,"step 5 (SOA), step 7, "
videy.co,cloudflare,"{""cloudflare"": ""third""}",True,True,False,False,"step 5 (SOA), "
vidio.com,amazon|akamai,"{""amazon"": ""third"", ""akamai"": ""third""}",True,False,True,True,"step 5 (SOA), step 6, "
vidiq.com,amazon|vercel,"{""amazon"": ""third"", ""vercel"": ""third""}",True,False,True,True,"step 5 (SOA), step 6, "
vidmoly.me,cloudflare,"{""cloudflare"": ""third""}",True,True,False,False,"step 5 (SOA), "
vidoomy.com,amazon,"{""amazon"": ""third""}",True,True,False,False,"step 6, "
vidyard.com,amazon|wordpress|cloudflare,"{""amazon"": ""third"", ""wordpress"": ""third"", ""cloudflare"": ""third""}",True,False,True,True,"step 5 (SOA), step 6, step 7, "
vietjetair.com,amazon,"{""amazon"": ""third""}",True,True,False,False,"step 5 (SOA), "
vietnam.vn,cloudflare,"{""cloudflare"": ""third""}",True,True,False,False,"step 5 (SOA), "
viglink.com,amazon,"{""amazon"": ""third""}",True,True,False,False,"step 5 (SOA), "
viki.io,amazon,"{""amazon"": ""third""}",True,True,False,False,"step 5 (SOA), "
vilykke.com,amazon|akamai,"{""amazon"": ""third"", ""akamai"": ""third""}",True,False,True,True,"step 5 (SOA), step 6, "
vimeo.com,amazon|cloudflare,"{""amazon"": ""private"", ""cloudflare"": ""private""}",False,False,True,False,"step 5 (SOA), step 7, "
vimeocdn.com,vimeo|amazon|fastly,"{""vimeo"": ""private"", ""amazon"": ""third"", ""fastly"": ""third""}",True,False,True,True,"step 2, step 5 (SOA), step 7, "
vinted.co.uk,amazon,"{""amazon"": ""private""}",False,False,False,False,"step 5 (SOA), "
vinted.com,amazon,"{""amazon"": ""private""}",False,False,False,False,"step 5 (SOA), "
vinted.fr,amazon,"{""amazon"": ""private""}",False,False,False,False,"step 5 (SOA), "
vinted.lt,amazon,"{""amazon"": ""private""}",False,False,False,False,"step 5 (SOA), "
vinted.net,cloudflare,"{""cloudflare"": ""third""}",True,True,False,False,"step 5 (SOA), "
viously.com,cloudflare,"{""cloudflare"": ""third""}",True,True,False,False,"step 5 (SOA), "
vipor.net,cloudflare,"{""cloudflare"": ""third""}",True,True,False,False,"step 5 (SOA), "
virgilio.it,amazon,"{""amazon"": ""third""}",True,True,False,False,"step 6, "
virtaglobal.com,amazon,"{""amazon"": ""third""}",True,True,False,False,"step 5 (SOA), "
virtualearth.net,microsoft,"{""microsoft"": ""third""}",True,True,False,False,"step 5 (SOA), "
virustotal.com,google,"{""google"": ""third""}",True,True,False,False,"step 5 (SOA), "
visa.cn,cloudflare,"{""cloudflare"": ""third""}",True,True,False,False,"step 5 (SOA), "
visa.com,cloudflare,"{""cloudflare"": ""third""}",True,True,False,False,"step 5 (SOA), "
vishavideo.com,alibaba,"{""alibaba"": ""third""}",True,True,False,False,"step 6, "
visiblemeasures.com,amazon,"{""amazon"": ""third""}",True,True,False,False,"step 6, "
vista.com,cloudflare,"{""cloudflare"": ""third""}",True,True,False,False,"step 5 (SOA), "
vistarmedia.com,amazon,"{""amazon"": ""third""}",True,True,False,False,"step 5 (SOA), "
vistarsagency.com,cloudflare,"{""cloudflare"": ""private""}",False,False,False,False,"step 7, "
visually-io.com,google,"{""google"": ""third""}",True,True,False,False,"step 5 (SOA), "
visualstudio.com,microsoft|akamai,"{""microsoft"": ""third"", ""akamai"": ""third""}",True,False,True,True,"step 5 (SOA), step 6, "
visualwebsiteoptimizer.com,cloudflare,"{""cloudflare"": ""third""}",True,True,False,False,"step 5 (SOA), "
vitals.app,cloudflare,"{""cloudflare"": ""third""}",True,True,False,False,"step 5 (SOA), "
viu.com,amazon,"{""amazon"": ""third""}",True,True,False,False,"step 5 (SOA), "
vivaldi.com,cloudflare,"{""cloudflare"": ""third""}",True,True,False,False,"step 5 (SOA), "
vivaldi.net,cloudflare,"{""cloudflare"": ""third""}",True,True,False,False,"step 5 (SOA), "
vividshort.com,amazon,"{""amazon"": ""third""}",True,True,False,False,"step 5 (SOA), "
vivint.ai,google,"{""google"": ""private""}",False,False,False,False,"step 5 (SOA), "
vivintsky.com,cloudflare,"{""cloudflare"": ""third""}",True,True,False,False,"step 5 (SOA), "
vivo.com.br,cloudflare,"{""cloudflare"": ""private""}",False,False,False,False,"step 6, "
vivo.com.cn,twitter,"{""twitter"": ""third""}",True,True,False,False,"step 6, "
vix-content.net,cloudflare,"{""cloudflare"": ""third""}",True,True,False,False,"step 5 (SOA), "
vix.com,google|fastly,"{""google"": ""third"", ""fastly"": ""third""}",True,False,True,True,"step 5 (SOA), step 6, "
vizio.com,digicert|cloudflare,"{""digicert"": ""third"", ""cloudflare"": ""third""}",True,False,True,True,"step 5 (SOA), step 6, "
vlex.com,amazon,"{""amazon"": ""third""}",True,True,False,False,"step 5 (SOA), "
vlibras.gov.br,amazon,"{""amazon"": ""third""}",True,True,False,False,"step 5 (SOA), "
vlitag.com,cloudflare,"{""cloudflare"": ""third""}",True,True,False,False,"step 5 (SOA), "
vllm.ai,cloudflare|nextjs,"{""cloudflare"": ""third"", ""nextjs"": ""third""}",True,False,True,True,"step 5 (SOA), step 7, "
vlyby.com,amazon,"{""amazon"": ""third""}",True,True,False,False,"step 5 (SOA), "
vmsproxy.com,amazon,"{""amazon"": ""third""}",True,True,False,False,"step 5 (SOA), "
vmware.com,cloudflare,"{""cloudflare"": ""third""}",True,True,False,False,"step 6, "
vntsm.com,amazon,"{""amazon"": ""third""}",True,True,False,False,"step 5 (SOA), "
vntsm.io,amazon,"{""amazon"": ""third""}",True,True,False,False,"step 5 (SOA), "
vocapp.com,cloudflare,"{""cloudflare"": ""third""}",True,True,False,False,"step 5 (SOA), "
vodafone.com,cloudflare,"{""cloudflare"": ""third""}",True,True,False,False,"step 6, "
voeazul.com.br,akamai,"{""akamai"": ""third""}",True,True,False,False,"step 6, "
voghion.com,cloudflare,"{""cloudflare"": ""third""}",True,True,False,False,"step 5 (SOA), "
vogue.com,amazon,"{""amazon"": ""third""}",True,True,False,False,"step 5 (SOA), "
voicemaker.media,amazon,"{""amazon"": ""third""}",True,True,False,False,"step 5 (SOA), "
voicemod.net,cloudflare|fastly,"{""cloudflare"": ""third"", ""fastly"": ""third""}",True,False,True,True,"step 5 (SOA), step 6, "
voip.ms,cloudflare,"{""cloudflare"": ""third""}",True,True,False,False,"step 5 (SOA), "
voipbuster.com,cloudflare,"{""cloudflare"": ""third""}",True,True,False,False,"step 5 (SOA), "
voipstunt.com,cloudflare,"{""cloudflare"": ""third""}",True,True,False,False,"step 5 (SOA), "
voltaxam.com,amazon,"{""amazon"": ""third""}",True,True,False,False,"step 5 (SOA), "
voltaxservices.io,amazon,"{""amazon"": ""third""}",True,True,False,False,"step 5 (SOA), "
volvocars.com,akamai,"{""akamai"": ""third""}",True,True,False,False,"step 6, "
volza.com,cloudflare,"{""cloudflare"": ""third""}",True,True,False,False,"step 5 (SOA), "
vonage.com,amazon|cloudflare,"{""amazon"": ""third"", ""cloudflare"": ""third""}",True,False,True,True,"step 5 (SOA), step 6, "
vonedge.com,amazon,"{""amazon"": ""third""}",True,True,False,False,"step 5 (SOA), "
voodoo-adn.com,amazon,"{""amazon"": ""third""}",True,True,False,False,"step 5 (SOA), "
voodoo-gaming.io,amazon,"{""amazon"": ""third""}",True,True,False,False,"step 5 (SOA), "
voodoo-tech.io,amazon,"{""amazon"": ""third""}",True,True,False,False,"step 5 (SOA), "
voxexchange.io,cloudflare,"{""cloudflare"": ""third""}",True,True,False,False,"step 5 (SOA), "
voximplant.com,amazon,"{""amazon"": ""third""}",True,True,False,False,"step 5 (SOA), "
voxo.co,google,"{""google"": ""third""}",True,True,False,False,"step 5 (SOA), "
voxus.com.br,cloudflare,"{""cloudflare"": ""third""}",True,True,False,False,"step 5 (SOA), "
voxus.tv,cloudflare,"{""cloudflare"": ""third""}",True,True,False,False,"step 5 (SOA), "
vps-vids.com,cloudflare,"{""cloudflare"": ""third""}",True,True,False,False,"step 5 (SOA), "
vpsvc.com,cloudflare,"{""cloudflare"": ""third""}",True,True,False,False,"step 5 (SOA), "
vrbo.com,akamai,"{""akamai"": ""third""}",True,True,False,False,"step 6, "
vrchat.cloud,cloudflare,"{""cloudflare"": ""third""}",True,True,False,False,"step 5 (SOA), "
vrt.be,amazon,"{""amazon"": ""third""}",True,True,False,False,"step 6, "
vsassets.io,microsoft,"{""microsoft"": ""third""}",True,True,False,False,"step 5 (SOA), "
vsco.co,cloudflare,"{""cloudflare"": ""third""}",True,True,False,False,"step 5 (SOA), "
vscode-cdn.net,microsoft,"{""microsoft"": ""third""}",True,True,False,False,"step 5 (SOA), "
vshow-live.com,microsoft,"{""microsoft"": ""private""}",False,False,False,False,"step 3, "
vstserv.com,cloudflare,"{""cloudflare"": ""third""}",True,True,False,False,"step 5 (SOA), "
vtex.com,amazon,"{""amazon"": ""third""}",True,True,False,False,"step 5 (SOA), "
vtex.com.br,amazon,"{""amazon"": ""third""}",True,True,False,False,"step 5 (SOA), "
vtexassets.com,amazon,"{""amazon"": ""third""}",True,True,False,False,"step 5 (SOA), "
vteximg.com.br,amazon,"{""amazon"": ""third""}",True,True,False,False,"step 5 (SOA), "
vu.edu.au,cloudflare,"{""cloudflare"": ""third""}",True,True,False,False,"step 6, "
vudu.com,akamai,"{""akamai"": ""third""}",True,True,False,False,"step 6, "
vultr.com,cloudflare,"{""cloudflare"": ""third""}",True,True,False,False,"step 6, "
vultrusercontent.com,twitter,"{""twitter"": ""private""}",False,False,False,False,"step 6, "
vungle.com,wordpress|cloudflare,"{""wordpress"": ""third"", ""cloudflare"": ""third""}",True,False,True,True,"step 6, step 7, "
vuukle.com,cloudflare,"{""cloudflare"": ""third""}",True,True,False,False,"step 5 (SOA), "
vwgroup.io,amazon,"{""amazon"": ""third""}",True,True,False,False,"step 5 (SOA), "
vwr.com,cloudflare,"{""cloudflare"": ""third""}",True,True,False,False,"step 6, "
vynbszicd.com,cloudflare,"{""cloudflare"": ""third""}",True,True,False,False,"step 5 (SOA), "
vzw.com,edgecast,"{""edgecast"": ""private""}",False,False,False,False,"step 5 (SOA), "
w3.org,cloudflare,"{""cloudflare"": ""third""}",True,True,False,False,"step 5 (SOA), "
w3schools.com,amazon|akamai,"{""amazon"": ""third"", ""akamai"": ""third""}",True,False,True,True,"step 5 (SOA), step 6, "
w55c.net,google|amazon,"{""google"": ""third"", ""amazon"": ""third""}",True,False,True,True,"step 5 (SOA), step 6, "
wa.me,meta,"{""meta"": ""third""}",True,True,False,False,"step 5 (SOA), "
wac-dc-msedge.net,microsoft,"{""microsoft"": ""private""}",False,False,False,False,"step 3, "
wac-msedge.net,microsoft,"{""microsoft"": ""private""}",False,False,False,False,"step 3, "
wal.co,akamai,"{""akamai"": ""third""}",True,True,False,False,"step 6, "
walgreens.com,akamai,"{""akamai"": ""third""}",True,True,False,False,"step 6, "
walkme.com,amazon,"{""amazon"": ""third""}",True,True,False,False,"step 5 (SOA), "
wall-box.com,amazon,"{""amazon"": ""third""}",True,True,False,False,"step 5 (SOA), "
wallapop.com,amazon,"{""amazon"": ""third""}",True,True,False,False,"step 5 (SOA), "
walletbot.me,amazon|cloudflare,"{""amazon"": ""third"", ""cloudflare"": ""third""}",True,False,True,True,"step 5 (SOA), step 7, "
walletconnect.com,cloudflare,"{""cloudflare"": ""third""}",True,True,False,False,"step 5 (SOA), "
walletconnect.org,cloudflare,"{""cloudflare"": ""third""}",True,True,False,False,"step 5 (SOA), "
wallpapers.com,cloudflare,"{""cloudflare"": ""third""}",True,True,False,False,"step 5 (SOA), "
walmart.ca,akamai,"{""akamai"": ""third""}",True,True,False,False,"step 6, "
walmart.com,akamai|twitter,"{""akamai"": ""third"", ""twitter"": ""third""}",True,False,True,True,"step 6, step 6, "
walmart.com.mx,akamai,"{""akamai"": ""third""}",True,True,False,False,"step 6, "
wand.com,cloudflare,"{""cloudflare"": ""third""}",True,True,False,False,"step 5 (SOA), "
wandera.com,amazon,"{""amazon"": ""third""}",True,True,False,False,"step 5 (SOA), "
wandzapi.com,amazon,"{""amazon"": ""third""}",True,True,False,False,"step 5 (SOA), "
wangsu.com,wangsu,"{""wangsu"": ""private""}",False,False,False,False,"step 6, "
wantfunny.net,amazon,"{""amazon"": ""third""}",True,True,False,False,"step 5 (SOA), "
waplog.com,cloudflare,"{""cloudflare"": ""third""}",True,True,False,False,"step 5 (SOA), "
wareztv.io,cloudflare,"{""cloudflare"": ""third""}",True,True,False,False,"step 5 (SOA), "
warframe.market,cloudflare,"{""cloudflare"": ""third""}",True,True,False,False,"step 5 (SOA), "
warp90.com,google,"{""google"": ""third""}",True,True,False,False,"step 5 (SOA), "
warthunder.com,amazon,"{""amazon"": ""private""}",False,False,False,False,"step 5 (SOA), "
washingtonpost.com,akamai,"{""akamai"": ""third""}",True,True,False,False,"step 6, "
watchguard.com,cloudflare,"{""cloudflare"": ""third""}",True,True,False,False,"step 6, "
waterstones.com,cloudflare,"{""cloudflare"": ""third""}",True,True,False,False,"step 6, "
wattpad.com,amazon,"{""amazon"": ""third""}",True,True,False,False,"step 5 (SOA), "
waust.at,cloudflare,"{""cloudflare"": ""third""}",True,True,False,False,"step 5 (SOA), "
wavebrowserbase.com,amazon,"{""amazon"": ""third""}",True,True,False,False,"step 5 (SOA), "
wayfair.com,cloudflare,"{""cloudflare"": ""third""}",True,True,False,False,"step 6, "
waze.com,google,"{""google"": ""third""}",True,True,False,False,"step 5 (SOA), "
wazuh.com,amazon,"{""amazon"": ""third""}",True,True,False,False,"step 5 (SOA), "
wbagora.com,amazon,"{""amazon"": ""third""}",True,True,False,False,"step 5 (SOA), "
wbcontent.net,cloudflare,"{""cloudflare"": ""third""}",True,True,False,False,"step 5 (SOA), "
wbd.ms,microsoft,"{""microsoft"": ""third""}",True,True,False,False,"step 5 (SOA), "
wbinsights.com,amazon,"{""amazon"": ""third""}",True,True,False,False,"step 5 (SOA), "
wbx2.com,amazon,"{""amazon"": ""private""}",False,False,False,False,"step 5 (SOA), "
wcacloudapi.net,amazon,"{""amazon"": ""third""}",True,True,False,False,"step 5 (SOA), "
wdckeystone.com,amazon,"{""amazon"": ""third""}",True,True,False,False,"step 5 (SOA), "
we-api.com,amazon,"{""amazon"": ""third""}",True,True,False,False,"step 5 (SOA), "
we-stats.com,microsoft,"{""microsoft"": ""third""}",True,True,False,False,"step 6, "
weather.com,akamai,"{""akamai"": ""third""}",True,True,False,False,"step 6, "
weather.gov,akamai,"{""akamai"": ""third""}",True,True,False,False,"step 6, "
weather2024.com,google,"{""google"": ""third""}",True,True,False,False,"step 7, "
weatherapi.com,bunnycdn,"{""bunnycdn"": ""third""}",True,True,False,False,"step 6, "
weatherbug.com,amazon,"{""amazon"": ""third""}",True,True,False,False,"step 5 (SOA), "
weatherbug.net,amazon,"{""amazon"": ""third""}",True,True,False,False,"step 5 (SOA), "
weatherfx.com,amazon,"{""amazon"": ""third""}",True,True,False,False,"step 5 (SOA), "
weatherlive.world,microsoft|cloudflare,"{""microsoft"": ""private"", ""cloudflare"": ""third""}",True,False,True,False,"step 3, step 5 (SOA), "
weatherspark.com,amazon,"{""amazon"": ""third""}",True,True,False,False,"step 5 (SOA), "
weatherwidget.io,cloudflare,"{""cloudflare"": ""third""}",True,True,False,False,"step 5 (SOA), "
weavephone.net,google,"{""google"": ""third""}",True,True,False,False,"step 5 (SOA), "
web.app,firebase|google,"{""firebase"": ""private"", ""google"": ""third""}",True,False,True,False,"step 2, step 5 (SOA), "
web3modal.org,cloudflare,"{""cloudflare"": ""third""}",True,True,False,False,"step 5 (SOA), "
webcollage.net,amazon,"{""amazon"": ""private""}",False,False,False,False,"step 5 (SOA), "
webcontentassessor.com,amazon,"{""amazon"": ""third""}",True,True,False,False,"step 5 (SOA), "
webengage.com,amazon,"{""amazon"": ""private""}",False,False,False,False,"step 5 (SOA), "
webex.com,akamai,"{""akamai"": ""third""}",True,True,False,False,"step 6, "
webflow.com,amazon,"{""amazon"": ""private""}",False,False,False,False,"step 5 (SOA), "
webflow.io,cloudflare|amazon,"{""cloudflare"": ""third"", ""amazon"": ""third""}",True,False,True,True,"step 5 (SOA), step 6, "
webls.net,cloudflare,"{""cloudflare"": ""third""}",True,True,False,False,"step 5 (SOA), "
webmd.com,cloudflare,"{""cloudflare"": ""third""}",True,True,False,False,"step 5 (SOA), "
webmotors.com.br,amazon,"{""amazon"": ""third""}",True,True,False,False,"step 5 (SOA), "
webnovel.com,cloudflare,"{""cloudflare"": ""third""}",True,True,False,False,"step 6, "
weborama-tech.ru,cloudflare,"{""cloudflare"": ""third""}",True,True,False,False,"step 5 (SOA), "
webpushr.com,amazon,"{""amazon"": ""third""}",True,True,False,False,"step 5 (SOA), "
webrootanywhere.com,amazon,"{""amazon"": ""third""}",True,True,False,False,"step 5 (SOA), "
webrootcloudav.com,amazon,"{""amazon"": ""third""}",True,True,False,False,"step 5 (SOA), "
websense.com,amazon,"{""amazon"": ""third""}",True,True,False,False,"step 5 (SOA), "
webshare.io,amazon,"{""amazon"": ""third""}",True,True,False,False,"step 5 (SOA), "
website-files.com,cloudflare,"{""cloudflare"": ""third""}",True,True,False,False,"step 5 (SOA), "
websitewelcome.com,cloudflare,"{""cloudflare"": ""private""}",False,False,False,False,"step 5 (SOA), "
webstaurantstore.com,cloudflare,"{""cloudflare"": ""third""}",True,True,False,False,"step 5 (SOA), "
webtoons.com,akamai,"{""akamai"": ""third""}",True,True,False,False,"step 6, "
webullfinance.com,amazon,"{""amazon"": ""third""}",True,True,False,False,"step 5 (SOA), "
webullfintech.com,amazon,"{""amazon"": ""third""}",True,True,False,False,"step 5 (SOA), "
wechat.com,twitter,"{""twitter"": ""third""}",True,True,False,False,"step 6, "
weebly.com,amazon,"{""amazon"": ""third""}",True,True,False,False,"step 5 (SOA), "
weglot.com,amazon|cloudflare,"{""amazon"": ""third"", ""cloudflare"": ""third""}",True,False,True,True,"step 5 (SOA), step 6, "
wego.com,cloudflare,"{""cloudflare"": ""third""}",True,True,False,False,"step 6, "
weibocdn.com,weibo,"{""weibo"": ""private""}",False,False,False,False,"step 2, "
weichert.com,amazon,"{""amazon"": ""third""}",True,True,False,False,"step 5 (SOA), "
weixin.com,tencent,"{""tencent"": ""third""}",True,True,False,False,"step 6, "
wejoysg.com,amazon,"{""amazon"": ""third""}",True,True,False,False,"step 6, "
wellsfargo.com,akamai,"{""akamai"": ""third""}",True,True,False,False,"step 6, "
wellsfargomedia.com,akamai,"{""akamai"": ""third""}",True,True,False,False,"step 6, "
welt.de,akamai,"{""akamai"": ""third""}",True,True,False,False,"step 6, "
wemod.com,cloudflare,"{""cloudflare"": ""third""}",True,True,False,False,"step 5 (SOA), "
wemuslim.com,cloudflare,"{""cloudflare"": ""third""}",True,True,False,False,"step 6, "
wenxuecity.com,cloudflare,"{""cloudflare"": ""third""}",True,True,False,False,"step 5 (SOA), "
weplayapp.com,amazon|alibaba,"{""amazon"": ""third"", ""alibaba"": ""third""}",True,False,True,True,"step 6, step 6, "
wetransfer.com,amazon,"{""amazon"": ""third""}",True,True,False,False,"step 5 (SOA), "
wetransfer.net,amazon,"{""amazon"": ""private""}",False,False,False,False,"step 5 (SOA), "
wetter.com,amazon,"{""amazon"": ""third""}",True,True,False,False,"step 5 (SOA), "
wetteronline.de,amazon,"{""amazon"": ""third""}",True,True,False,False,"step 5 (SOA), "
wf.com,akamai,"{""akamai"": ""third""}",True,True,False,False,"step 6, "
wgcdn.co,gcore,"{""gcore"": ""third""}",True,True,False,False,"step 6, "
wgkonnect.com,cloudflare,"{""cloudflare"": ""third""}",True,True,False,False,"step 5 (SOA), "
wgnetworking.com,cloudflare,"{""cloudflare"": ""third""}",True,True,False,False,"step 5 (SOA), "
wgosd.com,cloudflare,"{""cloudflare"": ""third""}",True,True,False,False,"step 5 (SOA), "
whaledb.io,cloudflare,"{""cloudflare"": ""third""}",True,True,False,False,"step 5 (SOA), "
whatfix.com,cloudflare,"{""cloudflare"": ""third""}",True,True,False,False,"step 5 (SOA), "
whatismyip.com,cloudflare,"{""cloudflare"": ""third""}",True,True,False,False,"step 5 (SOA), "
whatismyipaddress.com,cloudflare,"{""cloudflare"": ""third""}",True,True,False,False,"step 5 (SOA), "
whatnot.com,cloudflare,"{""cloudflare"": ""third""}",True,True,False,False,"step 5 (SOA), "
whatsapp.com,meta,"{""meta"": ""private""}",False,False,False,False,"step 3, "
whatsapp.net,meta,"{""meta"": ""private""}",False,False,False,False,"step 3, "
whatspos.com,amazon,"{""amazon"": ""third""}",True,True,False,False,"step 5 (SOA), "
whiskergalaxy.com,cloudflare,"{""cloudflare"": ""third""}",True,True,False,False,"step 5 (SOA), "
whitebit.com,cloudflare,"{""cloudflare"": ""third""}",True,True,False,False,"step 5 (SOA), "
whitebluerights.com,cloudflare,"{""cloudflare"": ""third""}",True,True,False,False,"step 5 (SOA), "
whiteboard.ms,microsoft,"{""microsoft"": ""third""}",True,True,False,False,"step 5 (SOA), "
whoop.com,cloudflare,"{""cloudflare"": ""third""}",True,True,False,False,"step 5 (SOA), "
whoosh.bike,amazon,"{""amazon"": ""third""}",True,True,False,False,"step 5 (SOA), "
whwz8187o.com,cloudflare,"{""cloudflare"": ""third""}",True,True,False,False,"step 5 (SOA), "
widen.net,amazon,"{""amazon"": ""private""}",False,False,False,False,"step 5 (SOA), "
widerplanet.com,amazon,"{""amazon"": ""third""}",True,True,False,False,"step 5 (SOA), "
widgetable.net,amazon,"{""amazon"": ""third""}",True,True,False,False,"step 6, "
wiki.gg,cloudflare,"{""cloudflare"": ""third""}",True,True,False,False,"step 5 (SOA), "
wiki2.org,cloudflare,"{""cloudflare"": ""third""}",True,True,False,False,"step 5 (SOA), "
wikia-services.com,amazon,"{""amazon"": ""private""}",False,False,False,False,"step 5 (SOA), "
wikibooks.org,wikimedia,"{""wikimedia"": ""third""}",True,True,False,False,"step 5 (SOA), "
wikidata.org,wikimedia,"{""wikimedia"": ""third""}",True,True,False,False,"step 5 (SOA), "
wikidot.com,amazon,"{""amazon"": ""third""}",True,True,False,False,"step 5 (SOA), "
wikihow.com,digicert|fastly,"{""digicert"": ""third"", ""fastly"": ""third""}",True,False,True,True,"step 5 (SOA), step 6, "
wikiloc.com,cloudflare,"{""cloudflare"": ""third""}",True,True,False,False,"step 5 (SOA), "
wikimedia.org,wikimedia,"{""wikimedia"": ""private""}",False,False,False,False,"step 3, "
wikipedia.com,wikimedia,"{""wikimedia"": ""private""}",False,False,False,False,"step 3, "
wikipedia.org,wikimedia,"{""wikimedia"": ""private""}",False,False,False,False,"step 3, "
wikisource.org,wikimedia,"{""wikimedia"": ""third""}",True,True,False,False,"step 5 (SOA), "
wikiversity.org,wikimedia,"{""wikimedia"": ""third""}",True,True,False,False,"step 5 (SOA), "
wikivoyage.org,wikimedia,"{""wikimedia"": ""third""}",True,True,False,False,"step 5 (SOA), "
wiktionary.org,wikimedia,"{""wikimedia"": ""third""}",True,True,False,False,"step 5 (SOA), "
wildixin.com,amazon,"{""amazon"": ""third""}",True,True,False,False,"step 5 (SOA), "
wildlifestudios.com,amazon,"{""amazon"": ""third""}",True,True,False,False,"step 5 (SOA), "
wiley.com,cloudflare,"{""cloudflare"": ""third""}",True,True,False,False,"step 6, "
williamhill.com,amazon,"{""amazon"": ""third""}",True,True,False,False,"step 6, "
windows-ppe.net,microsoft,"{""microsoft"": ""third""}",True,True,False,False,"step 5 (SOA), "
windows.com,microsoft,"{""microsoft"": ""private""}",False,False,False,False,"step 5 (SOA), "
windows.net,microsoft,"{""microsoft"": ""private""}",False,False,False,False,"step 5 (SOA), "
windows.us,microsoft,"{""microsoft"": ""private""}",False,False,False,False,"step 5 (SOA), "
windowsazure.com,microsoft|twitter,"{""microsoft"": ""private"", ""twitter"": ""third""}",True,False,True,False,"step 3, step 6, "
windowsupdate.com,microsoft,"{""microsoft"": ""third""}",True,True,False,False,"step 5 (SOA), "
windscribe.com,cloudflare,"{""cloudflare"": ""third""}",True,True,False,False,"step 7, "
windsurf.com,google,"{""google"": ""third""}",True,True,False,False,"step 5 (SOA), "
windy.com,amazon,"{""amazon"": ""private""}",False,False,False,False,"step 5 (SOA), "
winudf.com,cloudflare,"{""cloudflare"": ""third""}",True,True,False,False,"step 5 (SOA), "
wiodo.tech,tencent,"{""tencent"": ""third""}",True,True,False,False,"step 6, "
wired.com,amazon|cloudflare,"{""amazon"": ""third"", ""cloudflare"": ""third""}",True,False,True,True,"step 5 (SOA), step 6, "
wirevpn.app,cloudflare,"{""cloudflare"": ""third""}",True,True,False,False,"step 5 (SOA), "
wise.com,cloudflare,"{""cloudflare"": ""third""}",True,True,False,False,"step 5 (SOA), "
wiselg.com,amazon,"{""amazon"": ""third""}",True,True,False,False,"step 5 (SOA), "
wisepops.com,cloudflare,"{""cloudflare"": ""third""}",True,True,False,False,"step 5 (SOA), "
wisepops.net,cloudflare,"{""cloudflare"": ""third""}",True,True,False,False,"step 5 (SOA), "
wisprflow.ai,cloudflare,"{""cloudflare"": ""third""}",True,True,False,False,"step 7, "
wistia.com,amazon|fastly,"{""amazon"": ""third"", ""fastly"": ""third""}",True,False,True,True,"step 5 (SOA), step 6, "
wistia.net,amazon,"{""amazon"": ""third""}",True,True,False,False,"step 5 (SOA), "
withbuddies.com,amazon,"{""amazon"": ""third""}",True,True,False,False,"step 5 (SOA), "
withgoogle.com,google,"{""google"": ""private""}",False,False,False,False,"step 3, "
withpersona.com,google|cloudflare,"{""google"": ""private"", ""cloudflare"": ""private""}",False,False,True,False,"step 5 (SOA), step 6, "
wix.com,wix,"{""wix"": ""private""}",False,False,False,False,"step 2, "
wixapps.net,wix,"{""wix"": ""private""}",False,False,False,False,"step 6, "
wixmp.com,google,"{""google"": ""third""}",True,True,False,False,"step 6, "
wixsite.com,wix,"{""wix"": ""private""}",False,False,False,False,"step 2, "
wixstatic.com,wix,"{""wix"": ""private""}",False,False,False,False,"step 2, "
wiz.io,vercel,"{""vercel"": ""third""}",True,True,False,False,"step 6, "
wiz.world,amazon,"{""amazon"": ""third""}",True,True,False,False,"step 5 (SOA), "
wizzair.com,amazon,"{""amazon"": ""third""}",True,True,False,False,"step 5 (SOA), "
wklcdn.com,cloudflare,"{""cloudflare"": ""third""}",True,True,False,False,"step 5 (SOA), "
wknd.ai,google,"{""google"": ""third""}",True,True,False,False,"step 5 (SOA), "
wlvpn.com,cloudflare,"{""cloudflare"": ""third""}",True,True,False,False,"step 6, "
wo-cloud.com,amazon,"{""amazon"": ""third""}",True,True,False,False,"step 5 (SOA), "
wolt.com,amazon,"{""amazon"": ""third""}",True,True,False,False,"step 5 (SOA), "
wonderpush.com,google,"{""google"": ""private""}",False,False,False,False,"step 5 (SOA), "
wondershare.com,akamai,"{""akamai"": ""third""}",True,True,False,False,"step 6, "
wooga.com,amazon,"{""amazon"": ""third""}",True,True,False,False,"step 5 (SOA), "
woolypooly.com,cloudflare,"{""cloudflare"": ""third""}",True,True,False,False,"step 5 (SOA), "
wootric.com,wordpress|cloudflare,"{""wordpress"": ""private"", ""cloudflare"": ""private""}",False,False,True,False,"step 6, step 7, "
wordfence.com,amazon,"{""amazon"": ""third""}",True,True,False,False,"step 5 (SOA), "
wordpress.com,wordpress,"{""wordpress"": ""private""}",False,False,False,False,"step 2, "
wordreference.com,amazon,"{""amazon"": ""third""}",True,True,False,False,"step 5 (SOA), "
wordunscrambler.net,cloudflare,"{""cloudflare"": ""third""}",True,True,False,False,"step 5 (SOA), "
wordwall.net,microsoft,"{""microsoft"": ""third""}",True,True,False,False,"step 6, "
workday.com,amazon,"{""amazon"": ""third""}",True,True,False,False,"step 6, "
workers.dev,cloudflare,"{""cloudflare"": ""private""}",False,False,False,False,"step 2, "
workplace.com,meta,"{""meta"": ""third""}",True,True,False,False,"step 5 (SOA), "
workspaceone.com,amazon,"{""amazon"": ""third""}",True,True,False,False,"step 5 (SOA), "
workwelltech.com,amazon,"{""amazon"": ""third""}",True,True,False,False,"step 5 (SOA), "
worldbank.org,amazon|cloudflare,"{""amazon"": ""third"", ""cloudflare"": ""third""}",True,False,True,True,"step 5 (SOA), step 6, "
worldbank.org.cn,amazon,"{""amazon"": ""third""}",True,True,False,False,"step 5 (SOA), "
worldcat.org,cloudflare,"{""cloudflare"": ""third""}",True,True,False,False,"step 5 (SOA), "
worldmarket.com,microsoft|cloudflare,"{""microsoft"": ""third"", ""cloudflare"": ""third""}",True,False,True,True,"step 5 (SOA), step 6, "
worldnic.com,cloudflare,"{""cloudflare"": ""third""}",True,True,False,False,"step 5 (SOA), "
worldtimeapi.org,fly,"{""fly"": ""third""}",True,True,False,False,"step 6, "
worldtimeserver.com,cloudflare,"{""cloudflare"": ""third""}",True,True,False,False,"step 5 (SOA), "
wovn.io,amazon,"{""amazon"": ""third""}",True,True,False,False,"step 5 (SOA), "
wowhead.com,amazon,"{""amazon"": ""third""}",True,True,False,False,"step 5 (SOA), "
wp-rocket.me,cloudflare,"{""cloudflare"": ""third""}",True,True,False,False,"step 5 (SOA), "
wp.com,wordpress,"{""wordpress"": ""private""}",False,False,False,False,"step 2, "
wp2p.link,cloudflare,"{""cloudflare"": ""third""}",True,True,False,False,"step 5 (SOA), "
wpengine.com,wordpress|cloudflare,"{""wordpress"": ""private"", ""cloudflare"": ""third""}",True,False,True,False,"step 2, step 5 (SOA), "
wpenginepowered.com,wordpress|cloudflare,"{""wordpress"": ""private"", ""cloudflare"": ""third""}",True,False,True,False,"step 2, step 5 (SOA), "
wpeproxy.com,cloudflare,"{""cloudflare"": ""third""}",True,True,False,False,"step 5 (SOA), "
wps.com,amazon,"{""amazon"": ""third""}",True,True,False,False,"step 5 (SOA), "
ws-hp.com,amazon,"{""amazon"": ""third""}",True,True,False,False,"step 5 (SOA), "
wscdns.com,wangsu,"{""wangsu"": ""private""}",False,False,False,False,"step 2, "
wsdvs.com,wangsu,"{""wangsu"": ""private""}",False,False,False,False,"step 2, "
wsglb0.com,wangsu,"{""wangsu"": ""private""}",False,False,False,False,"step 2, "
wshareit.com,amazon,"{""amazon"": ""third""}",True,True,False,False,"step 5 (SOA), "
wsj.com,amazon,"{""amazon"": ""third""}",True,True,False,False,"step 5 (SOA), "
wsj.net,amazon,"{""amazon"": ""third""}",True,True,False,False,"step 5 (SOA), "
wsrv.nl,cloudflare,"{""cloudflare"": ""third""}",True,True,False,False,"step 5 (SOA), "
wswebcdn.com,wangsu,"{""wangsu"": ""private""}",False,False,False,False,"step 2, "
wswebpic.com,wangsu,"{""wangsu"": ""private""}",False,False,False,False,"step 2, "
wtng.io,amazon,"{""amazon"": ""third""}",True,True,False,False,"step 5 (SOA), "
wtxcdn.com,wangsu,"{""wangsu"": ""private""}",False,False,False,False,"step 2, "
wuaki.tv,amazon,"{""amazon"": ""third""}",True,True,False,False,"step 5 (SOA), "
wunderground.com,akamai,"{""akamai"": ""third""}",True,True,False,False,"step 6, "
wurflcloud.com,amazon,"{""amazon"": ""private""}",False,False,False,False,"step 5 (SOA), "
wurl.com,amazon,"{""amazon"": ""third""}",True,True,False,False,"step 5 (SOA), "
wurl.dev,amazon,"{""amazon"": ""third""}",True,True,False,False,"step 5 (SOA), "
wurl.tv,amazon,"{""amazon"": ""third""}",True,True,False,False,"step 5 (SOA), "
wustl.edu,fastly,"{""fastly"": ""third""}",True,True,False,False,"step 7, "
wuytl.com,cloudflare,"{""cloudflare"": ""third""}",True,True,False,False,"step 5 (SOA), "
wwsga.me,amazon,"{""amazon"": ""third""}",True,True,False,False,"step 5 (SOA), "
www.gov.uk,fastly,"{""fastly"": ""third""}",True,True,False,False,"step 6, "
wxlivecdn.com,microsoft,"{""microsoft"": ""private""}",False,False,False,False,"step 3, "
wyndhamhotels.com,akamai,"{""akamai"": ""third""}",True,True,False,False,"step 6, "
wyze.com,cloudflare,"{""cloudflare"": ""third""}",True,True,False,False,"step 5 (SOA), "
wyzecam.com,cloudflare,"{""cloudflare"": ""third""}",True,True,False,False,"step 5 (SOA), "
wzrkt.com,amazon,"{""amazon"": ""third""}",True,True,False,False,"step 5 (SOA), "
x-b-i-3.com,cloudflare,"{""cloudflare"": ""third""}",True,True,False,False,"step 5 (SOA), "
x-cdn-static.com,amazon,"{""amazon"": ""private""}",False,False,False,False,"step 5 (SOA), "
x-plarium.com,cloudflare,"{""cloudflare"": ""private""}",False,False,False,False,"step 5 (SOA), "
x-y-2-z.com,cloudflare,"{""cloudflare"": ""third""}",True,True,False,False,"step 5 (SOA), "
x-y-7-z.com,cloudflare,"{""cloudflare"": ""third""}",True,True,False,False,"step 5 (SOA), "
x.ai,cloudflare,"{""cloudflare"": ""third""}",True,True,False,False,"step 5 (SOA), "
x.com,cloudflare,"{""cloudflare"": ""private""}",False,False,False,False,"step 7, "
x3m.biz,amazon,"{""amazon"": ""third""}",True,True,False,False,"step 5 (SOA), "
x9fnzrtl4x8pynsf.com,cloudflare,"{""cloudflare"": ""third""}",True,True,False,False,"step 5 (SOA), "
xbox.com,microsoft|akamai,"{""microsoft"": ""third"", ""akamai"": ""third""}",True,False,True,True,"step 5 (SOA), step 6, "
xboxlive.com,microsoft,"{""microsoft"": ""private""}",False,False,False,False,"step 3, "
xboxservices.com,microsoft,"{""microsoft"": ""third""}",True,True,False,False,"step 5 (SOA), "
xcdnpro.com,amazon,"{""amazon"": ""third""}",True,True,False,False,"step 5 (SOA), "
xcoinsystem.com,amazon,"{""amazon"": ""third""}",True,True,False,False,"step 5 (SOA), "
xdrig.com,amazon,"{""amazon"": ""third""}",True,True,False,False,"step 6, "
xe.com,amazon,"{""amazon"": ""third""}",True,True,False,False,"step 5 (SOA), "
xeconvert.com,cloudflare,"{""cloudflare"": ""third""}",True,True,False,False,"step 5 (SOA), "
xendesktop.net,amazon,"{""amazon"": ""third""}",True,True,False,False,"step 5 (SOA), "
xenkod.cc,cloudflare,"{""cloudflare"": ""third""}",True,True,False,False,"step 5 (SOA), "
xepith.com,cloudflare,"{""cloudflare"": ""third""}",True,True,False,False,"step 5 (SOA), "
xero.com,amazon|akamai,"{""amazon"": ""third"", ""akamai"": ""third""}",True,False,True,True,"step 5 (SOA), step 6, "
xerox.com,akamai,"{""akamai"": ""third""}",True,True,False,False,"step 6, "
xervcwfsk.com,amazon,"{""amazon"": ""third""}",True,True,False,False,"step 5 (SOA), "
xfinity.com,akamai,"{""akamai"": ""third""}",True,True,False,False,"step 6, "
xfree.com,cloudflare,"{""cloudflare"": ""third""}",True,True,False,False,"step 5 (SOA), "
xg4ken.com,amazon,"{""amazon"": ""third""}",True,True,False,False,"step 5 (SOA), "
xgroovy.com,cloudflare,"{""cloudflare"": ""third""}",True,True,False,False,"step 5 (SOA), "
xh.partners,cloudflare,"{""cloudflare"": ""third""}",True,True,False,False,"step 5 (SOA), "
xhaccess.com,cloudflare,"{""cloudflare"": ""private""}",False,False,False,False,"step 5 (SOA), "
xham.live,microsoft|cloudflare|twitter,"{""microsoft"": ""private"", ""cloudflare"": ""third"", ""twitter"": ""third""}",True,False,True,True,"step 3, step 5 (SOA), step 6, "
xhamster.com,cloudflare,"{""cloudflare"": ""third""}",True,True,False,False,"step 5 (SOA), "
xhamster.desi,cloudflare,"{""cloudflare"": ""third""}",True,True,False,False,"step 5 (SOA), "
xhamster1.desi,cloudflare,"{""cloudflare"": ""third""}",True,True,False,False,"step 5 (SOA), "
xhamster19.com,cloudflare,"{""cloudflare"": ""private""}",False,False,False,False,"step 5 (SOA), "
xhamster2.com,cloudflare,"{""cloudflare"": ""private""}",False,False,False,False,"step 5 (SOA), "
xhamster3.com,cloudflare,"{""cloudflare"": ""third""}",True,True,False,False,"step 5 (SOA), "
xhamster46.desi,cloudflare,"{""cloudflare"": ""third""}",True,True,False,False,"step 5 (SOA), "
xhamsterlive.com,microsoft|cloudflare,"{""microsoft"": ""private"", ""cloudflare"": ""third""}",True,False,True,False,"step 3, step 5 (SOA), "
xhcdn.com,cloudflare,"{""cloudflare"": ""third""}",True,True,False,False,"step 5 (SOA), "
xhname.com,cloudflare,"{""cloudflare"": ""private""}",False,False,False,False,"step 5 (SOA), "
xhopen.com,cloudflare,"{""cloudflare"": ""private""}",False,False,False,False,"step 5 (SOA), "
xhpingcdn.com,cloudflare,"{""cloudflare"": ""third""}",True,True,False,False,"step 5 (SOA), "
xhsocial.com,cloudflare,"{""cloudflare"": ""private""}",False,False,False,False,"step 5 (SOA), "
ximalaya.com,tencent,"{""tencent"": ""private""}",False,False,False,False,"step 6, "
xing.com,amazon,"{""amazon"": ""third""}",True,True,False,False,"step 5 (SOA), "
xinhuanet.com,baishan,"{""baishan"": ""third""}",True,True,False,False,"step 6, "
xiti.com,amazon,"{""amazon"": ""third""}",True,True,False,False,"step 5 (SOA), "
xiyuudi.com,cloudflare,"{""cloudflare"": ""third""}",True,True,False,False,"step 5 (SOA), "
xlivesex.com,microsoft|cloudflare,"{""microsoft"": ""private"", ""cloudflare"": ""third""}",True,False,True,False,"step 3, step 5 (SOA), "
xlivrdr.com,cloudflare,"{""cloudflare"": ""third""}",True,True,False,False,"step 5 (SOA), "
xmrig.com,cloudflare,"{""cloudflare"": ""third""}",True,True,False,False,"step 5 (SOA), "
xn--ngstr-lra8j.com,google,"{""google"": ""third""}",True,True,False,False,"step 5 (SOA), "
xpi.com.br,amazon|akamai,"{""amazon"": ""third"", ""akamai"": ""third""}",True,False,True,True,"step 5 (SOA), step 6, "
xplosion.de,amazon,"{""amazon"": ""third""}",True,True,False,False,"step 5 (SOA), "
xsdacdn.com,amazon,"{""amazon"": ""third""}",True,True,False,False,"step 5 (SOA), "
xsolla.com,nextjs,"{""nextjs"": ""third""}",True,True,False,False,"step 7, "
xtb.com,amazon,"{""amazon"": ""third""}",True,True,False,False,"step 5 (SOA), "
xtracloud.cn,amazon,"{""amazon"": ""third""}",True,True,False,False,"step 5 (SOA), "
xtremepush.com,amazon,"{""amazon"": ""third""}",True,True,False,False,"step 5 (SOA), "
xumo.com,google|akamai,"{""google"": ""third"", ""akamai"": ""third""}",True,False,True,True,"step 5 (SOA), step 6, "
xunyou.mobi,baishan|huawei,"{""baishan"": ""third"", ""huawei"": ""third""}",True,False,True,True,"step 6, step 6, "
xvv1deos.com,cloudflare,"{""cloudflare"": ""third""}",True,True,False,False,"step 5 (SOA), "
xxxbp.tv,bunnycdn,"{""bunnycdn"": ""third""}",True,True,False,False,"step 5 (SOA), "
xxxjmp.com,cloudflare,"{""cloudflare"": ""third""}",True,True,False,False,"step 5 (SOA), "
xxxramenshopfun.lol,cloudflare,"{""cloudflare"": ""third""}",True,True,False,False,"step 5 (SOA), "
xxxviiijmp.com,cloudflare,"{""cloudflare"": ""third""}",True,True,False,False,"step 5 (SOA), "
xxxviijmp.com,cloudflare,"{""cloudflare"": ""third""}",True,True,False,False,"step 5 (SOA), "
xydiamonddbexpert.com,fastly,"{""fastly"": ""third""}",True,True,False,False,"step 6, "
xydtrip.com,cloudflare,"{""cloudflare"": ""third""}",True,True,False,False,"step 5 (SOA), "
xyzproxy.cloud,cloudflare,"{""cloudflare"": ""third""}",True,True,False,False,"step 5 (SOA), "
xzcs3zlph.com,amazon,"{""amazon"": ""third""}",True,True,False,False,"step 5 (SOA), "
y-medialink.com,google,"{""google"": ""third""}",True,True,False,False,"step 5 (SOA), "
yabidos.com,cloudflare,"{""cloudflare"": ""third""}",True,True,False,False,"step 5 (SOA), "
yahoo.co.jp,yahoo,"{""yahoo"": ""private""}",False,False,False,False,"step 3, "
yahoo.com,yahoo,"{""yahoo"": ""private""}",False,False,False,False,"step 3, "
yahoo.net,yahoo|amazon,"{""yahoo"": ""private"", ""amazon"": ""third""}",True,False,True,False,"step 3, step 6, "
yahooapis.jp,yahoo,"{""yahoo"": ""private""}",False,False,False,False,"step 3, "
yahoodns.net,yahoo,"{""yahoo"": ""private""}",False,False,False,False,"step 3, "
yahoosandbox.net,yahoo,"{""yahoo"": ""private""}",False,False,False,False,"step 3, "
yale.edu,fastly,"{""fastly"": ""third""}",True,True,False,False,"step 6, "
yalla.live,microsoft|cloudflare,"{""microsoft"": ""private"", ""cloudflare"": ""third""}",True,False,True,False,"step 3, step 6, "
yammer.com,microsoft,"{""microsoft"": ""third""}",True,True,False,False,"step 5 (SOA), "
yammerusercontent.com,microsoft,"{""microsoft"": ""third""}",True,True,False,False,"step 5 (SOA), "
yandex-team.ru,yandex,"{""yandex"": ""private""}",False,False,False,False,"step 6, "
yandex.net,yandex,"{""yandex"": ""private""}",False,False,False,False,"step 2, "
yandex.ru,yandex,"{""yandex"": ""private""}",False,False,False,False,"step 2, "
yandexcloud.net,yandex,"{""yandex"": ""private""}",False,False,False,False,"step 2, "
yango.com,amazon,"{""amazon"": ""third""}",True,True,False,False,"step 5 (SOA), "
yarn.co,cloudflare,"{""cloudflare"": ""third""}",True,True,False,False,"step 5 (SOA), "
yastatic.net,yandex,"{""yandex"": ""private""}",False,False,False,False,"step 2, "
ycombinator.com,amazon|cloudflare,"{""amazon"": ""third"", ""cloudflare"": ""third""}",True,False,True,True,"step 5 (SOA), step 6, "
ycyd123.com,cloudflare,"{""cloudflare"": ""third""}",True,True,False,False,"step 5 (SOA), "
ydstatic.com,netease|alibaba,"{""netease"": ""third"", ""alibaba"": ""third""}",True,False,True,True,"step 6, step 6, "
yeahtargeter.com,amazon,"{""amazon"": ""third""}",True,True,False,False,"step 5 (SOA), "
yealink.com,cloudflare,"{""cloudflare"": ""third""}",True,True,False,False,"step 6, "
yellowblue.io,amazon,"{""amazon"": ""third""}",True,True,False,False,"step 5 (SOA), "
yellowpages.com,cloudflare,"{""cloudflare"": ""third""}",True,True,False,False,"step 6, "
yelp.com,fastly,"{""fastly"": ""third""}",True,True,False,False,"step 6, "
yemekyedim.com,cloudflare,"{""cloudflare"": ""third""}",True,True,False,False,"step 5 (SOA), "
yesstyle.com,cloudflare,"{""cloudflare"": ""third""}",True,True,False,False,"step 5 (SOA), "
yg5sjx5kzy.com,amazon,"{""amazon"": ""private""}",False,False,False,False,"step 5 (SOA), "
ygebe.com,amazon,"{""amazon"": ""third""}",True,True,False,False,"step 5 (SOA), "
yiche.com,tencent,"{""tencent"": ""third""}",True,True,False,False,"step 6, "
yieldify.com,amazon,"{""amazon"": ""private""}",False,False,False,False,"step 5 (SOA), "
yieldlove-ad-serving.net,amazon,"{""amazon"": ""third""}",True,True,False,False,"step 5 (SOA), "
yieldmo.com,amazon,"{""amazon"": ""third""}",True,True,False,False,"step 5 (SOA), "
yieldoptimizer.com,digicert,"{""digicert"": ""third""}",True,True,False,False,"step 5 (SOA), "
yimg.com,yahoo,"{""yahoo"": ""private""}",False,False,False,False,"step 2, "
yimg.jp,yahoo,"{""yahoo"": ""private""}",False,False,False,False,"step 2, "
yindantechhk.com,amazon,"{""amazon"": ""third""}",True,True,False,False,"step 5 (SOA), "
yle.fi,amazon,"{""amazon"": ""third""}",True,True,False,False,"step 5 (SOA), "
ynet.co.il,akamai,"{""akamai"": ""third""}",True,True,False,False,"step 6, "
yomeno.xyz,cloudflare,"{""cloudflare"": ""third""}",True,True,False,False,"step 5 (SOA), "
yoox.com,akamai,"{""akamai"": ""third""}",True,True,False,False,"step 6, "
yotoplay.com,amazon,"{""amazon"": ""third""}",True,True,False,False,"step 6, "
yotpo.com,amazon,"{""amazon"": ""third""}",True,True,False,False,"step 5 (SOA), "
yotpoapi.com,amazon,"{""amazon"": ""third""}",True,True,False,False,"step 5 (SOA), "
yottaa.com,wordpress,"{""wordpress"": ""third""}",True,True,False,False,"step 6, "
yottaa.net,amazon,"{""amazon"": ""third""}",True,True,False,False,"step 5 (SOA), "
youappi.com,amazon,"{""amazon"": ""third""}",True,True,False,False,"step 5 (SOA), "
youborafds01.com,amazon,"{""amazon"": ""third""}",True,True,False,False,"step 5 (SOA), "
youboranqs01.com,amazon,"{""amazon"": ""third""}",True,True,False,False,"step 5 (SOA), "
youngle.tech,amazon,"{""amazon"": ""third""}",True,True,False,False,"step 5 (SOA), "
yourchain.info,cloudflare,"{""cloudflare"": ""third""}",True,True,False,False,"step 5 (SOA), "
youtu.be,google,"{""google"": ""third""}",True,True,False,False,"step 5 (SOA), "
youtube-nocookie.com,google,"{""google"": ""private""}",False,False,False,False,"step 2, "
youtube.com,google,"{""google"": ""private""}",False,False,False,False,"step 3, "
youtubers.me,google,"{""google"": ""private""}",False,False,False,False,"step 3, "
youversionapi.com,fastly,"{""fastly"": ""third""}",True,True,False,False,"step 6, "
ypncdn.com,amazon,"{""amazon"": ""third""}",True,True,False,False,"step 5 (SOA), "
yr.no,akamai,"{""akamai"": ""third""}",True,True,False,False,"step 6, "
ysscores.com,cloudflare,"{""cloudflare"": ""third""}",True,True,False,False,"step 5 (SOA), "
ytimg.com,google,"{""google"": ""private""}",False,False,False,False,"step 2, "
yuanshen.com,alibaba,"{""alibaba"": ""third""}",True,True,False,False,"step 6, "
yuewen.com,tencent,"{""tencent"": ""third""}",True,True,False,False,"step 6, "
yummyani.me,cloudflare,"{""cloudflare"": ""third""}",True,True,False,False,"step 5 (SOA), "
yumpu.com,amazon,"{""amazon"": ""private""}",False,False,False,False,"step 5 (SOA), "
yusercontent.com,yahoo,"{""yahoo"": ""third""}",True,True,False,False,"step 5 (SOA), "
ywxi.net,amazon,"{""amazon"": ""third""}",True,True,False,False,"step 5 (SOA), "
yxponte.com,cloudflare,"{""cloudflare"": ""third""}",True,True,False,False,"step 5 (SOA), "
yy.com,microsoft,"{""microsoft"": ""third""}",True,True,False,False,"step 5 (SOA), "
yydjc.top,cloudflare,"{""cloudflare"": ""third""}",True,True,False,False,"step 5 (SOA), "
z3.fm,cloudflare,"{""cloudflare"": ""third""}",True,True,False,False,"step 5 (SOA), "
zabbix.com,cloudflare,"{""cloudflare"": ""third""}",True,True,False,False,"step 5 (SOA), "
zalan.do,amazon,"{""amazon"": ""third""}",True,True,False,False,"step 5 (SOA), "
zalando.com,amazon,"{""amazon"": ""third""}",True,True,False,False,"step 5 (SOA), "
zalando.de,amazon|akamai,"{""amazon"": ""third"", ""akamai"": ""third""}",True,False,True,True,"step 5 (SOA), step 6, "
zangi.com,amazon,"{""amazon"": ""private""}",False,False,False,False,"step 5 (SOA), "
zapier.com,amazon,"{""amazon"": ""third""}",True,True,False,False,"step 5 (SOA), "
zappos.com,akamai,"{""akamai"": ""third""}",True,True,False,False,"step 6, "
zara.com,akamai,"{""akamai"": ""third""}",True,True,False,False,"step 6, "
zazzle.com,fastly,"{""fastly"": ""third""}",True,True,False,False,"step 6, "
zbler.com,cloudflare,"{""cloudflare"": ""third""}",True,True,False,False,"step 5 (SOA), "
zbmath.org,cloudflare,"{""cloudflare"": ""third""}",True,True,False,False,"step 5 (SOA), "
zcache.com,microsoft,"{""microsoft"": ""third""}",True,True,False,False,"step 6, "
zcvh.net,cloudflare,"{""cloudflare"": ""third""}",True,True,False,False,"step 5 (SOA), "
zdassets.com,zendesk|amazon,"{""zendesk"": ""private"", ""amazon"": ""third""}",True,False,True,False,"step 2, step 5 (SOA), "
zdbb.net,amazon,"{""amazon"": ""third""}",True,True,False,False,"step 5 (SOA), "
zdf.de,akamai,"{""akamai"": ""third""}",True,True,False,False,"step 6, "
zdn.vn,wikimedia,"{""wikimedia"": ""third""}",True,True,False,False,"step 7, "
zdoiodhtqahjizqq.net,amazon,"{""amazon"": ""third""}",True,True,False,False,"step 5 (SOA), "
zdusercontent.com,amazon,"{""amazon"": ""third""}",True,True,False,False,"step 5 (SOA), "
zeasn.tv,amazon,"{""amazon"": ""third""}",True,True,False,False,"step 5 (SOA), "
zebra.com,microsoft|fastly,"{""microsoft"": ""third"", ""fastly"": ""third""}",True,False,True,True,"step 5 (SOA), step 6, "
zed.dev,cloudflare,"{""cloudflare"": ""third""}",True,True,False,False,"step 5 (SOA), "
zee5.com,akamai,"{""akamai"": ""third""}",True,True,False,False,"step 6, "
zefrdata.com,cloudflare,"{""cloudflare"": ""third""}",True,True,False,False,"step 5 (SOA), "
zelcore.io,cloudflare,"{""cloudflare"": ""third""}",True,True,False,False,"step 5 (SOA), "
zemanta.com,cloudflare|akamai,"{""cloudflare"": ""third"", ""akamai"": ""third""}",True,False,True,True,"step 5 (SOA), step 6, "
zencdn.net,amazon,"{""amazon"": ""third""}",True,True,False,False,"step 5 (SOA), "
zendesk.com,zendesk|amazon|cloudflare,"{""zendesk"": ""private"", ""amazon"": ""third"", ""cloudflare"": ""third""}",True,False,True,True,"step 2, step 5 (SOA), step 6, "
zenmxapps.com,amazon,"{""amazon"": ""third""}",True,True,False,False,"step 5 (SOA), "
zenno.services,cloudflare,"{""cloudflare"": ""third""}",True,True,False,False,"step 5 (SOA), "
zennolab.com,cloudflare,"{""cloudflare"": ""third""}",True,True,False,False,"step 5 (SOA), "
zeotap.com,cloudflare,"{""cloudflare"": ""third""}",True,True,False,False,"step 5 (SOA), "
zephr.com,amazon,"{""amazon"": ""third""}",True,True,False,False,"step 5 (SOA), "
zepto.co.in,amazon,"{""amazon"": ""third""}",True,True,False,False,"step 5 (SOA), "
zepto.com,amazon,"{""amazon"": ""third""}",True,True,False,False,"step 5 (SOA), "
zeronaught.com,amazon|google,"{""amazon"": ""third"", ""google"": ""third""}",True,False,True,True,"step 5 (SOA), step 6, "
zetaglobal.io,amazon,"{""amazon"": ""third""}",True,True,False,False,"step 5 (SOA), "
zg-api.com,amazon,"{""amazon"": ""third""}",True,True,False,False,"step 5 (SOA), "
zhuqiy.com,cloudflare,"{""cloudflare"": ""private""}",False,False,False,False,"step 6, "
zi-scripts.com,cloudflare,"{""cloudflare"": ""third""}",True,True,False,False,"step 5 (SOA), "
ziffstatic.com,amazon,"{""amazon"": ""third""}",True,True,False,False,"step 5 (SOA), "
zillow.com,amazon,"{""amazon"": ""third""}",True,True,False,False,"step 5 (SOA), "
zillowstatic.com,amazon,"{""amazon"": ""third""}",True,True,False,False,"step 5 (SOA), "
zimaspace.com,cloudflare,"{""cloudflare"": ""third""}",True,True,False,False,"step 5 (SOA), "
zincha.net,cloudflare,"{""cloudflare"": ""third""}",True,True,False,False,"step 5 (SOA), "
zingpingbees.com,cloudflare,"{""cloudflare"": ""third""}",True,True,False,False,"step 5 (SOA), "
ziniao.com,alibaba,"{""alibaba"": ""third""}",True,True,False,False,"step 6, "
zip.co,cloudflare,"{""cloudflare"": ""third""}",True,True,False,False,"step 5 (SOA), "
zipoapps.com,github,"{""github"": ""third""}",True,True,False,False,"step 6, "
zippypongbee.com,cloudflare,"{""cloudflare"": ""third""}",True,True,False,False,"step 5 (SOA), "
ziprecruiter.com,cloudflare,"{""cloudflare"": ""third""}",True,True,False,False,"step 5 (SOA), "
zmaticoo.com,amazon,"{""amazon"": ""third""}",True,True,False,False,"step 5 (SOA), "
zobj.net,cloudflare,"{""cloudflare"": ""third""}",True,True,False,False,"step 5 (SOA), "
zomato.com,amazon|akamai,"{""amazon"": ""third"", ""akamai"": ""third""}",True,False,True,True,"step 5 (SOA), step 6, "
zonebourse.com,akamai,"{""akamai"": ""third""}",True,True,False,False,"step 6, "
zoom.com,amazon,"{""amazon"": ""third""}",True,True,False,False,"step 5 (SOA), "
zoom.us,amazon,"{""amazon"": ""third""}",True,True,False,False,"step 5 (SOA), "
zoominfo.com,cloudflare,"{""cloudflare"": ""third""}",True,True,False,False,"step 5 (SOA), "
zoopla.co.uk,amazon|cloudflare,"{""amazon"": ""third"", ""cloudflare"": ""third""}",True,False,True,True,"step 5 (SOA), step 6, "
zoro.com,amazon|akamai,"{""amazon"": ""third"", ""akamai"": ""third""}",True,False,True,True,"step 5 (SOA), step 6, "
zorvian.com,cloudflare,"{""cloudflare"": ""third""}",True,True,False,False,"step 5 (SOA), "
zotabox.com,cloudflare,"{""cloudflare"": ""third""}",True,True,False,False,"step 5 (SOA), "
zotero.org,amazon,"{""amazon"": ""third""}",True,True,False,False,"step 5 (SOA), "
zpatwo.net,digicert,"{""digicert"": ""third""}",True,True,False,False,"step 5 (SOA), "
zprk.io,amazon,"{""amazon"": ""third""}",True,True,False,False,"step 5 (SOA), "
zqtk.net,amazon,"{""amazon"": ""third""}",True,True,False,False,"step 5 (SOA), "
zscaler.com,zscaler|digicert|cloudflare,"{""zscaler"": ""private"", ""digicert"": ""third"", ""cloudflare"": ""third""}",True,False,True,True,"step 2, step 5 (SOA), step 6, "
zscaler.net,zscaler|digicert,"{""zscaler"": ""private"", ""digicert"": ""third""}",True,False,True,False,"step 2, step 5 (SOA), "
zscalerthree.net,zscaler|digicert,"{""zscaler"": ""private"", ""digicert"": ""third""}",True,False,True,False,"step 2, step 5 (SOA), "
zscalertwo.net,zscaler|digicert,"{""zscaler"": ""private"", ""digicert"": ""third""}",True,False,True,False,"step 2, step 5 (SOA), "
zscloud.net,zscaler|digicert,"{""zscaler"": ""private"", ""digicert"": ""third""}",True,False,True,False,"step 2, step 5 (SOA), "
ztat.net,amazon,"{""amazon"": ""third""}",True,True,False,False,"step 5 (SOA), "
zucks.net,amazon,"{""amazon"": ""third""}",True,True,False,False,"step 5 (SOA), "
zuimeitianqi.com,huawei,"{""huawei"": ""third""}",True,True,False,False,"step 6, "
zwyr157wwiu6eior.com,cloudflare,"{""cloudflare"": ""third""}",True,True,False,False,"step 5 (SOA), "
zxcvbnml.com,amazon,"{""amazon"": ""third""}",True,True,False,False,"step 5 (SOA), "
zynga.com,amazon,"{""amazon"": ""third""}",True,True,False,False,"step 6, "
zyxel.com,amazon,"{""amazon"": ""third""}",True,True,False,False,"step 6, "
zyzoom.net,cloudflare,"{""cloudflare"": ""third""}",True,True,False,False,"step 5 (SOA), "
zzpxy.top,cloudflare,"{""cloudflare"": ""third""}",True,True,False,False,"step 5 (SOA), "
