website,cdns,cdn_types,uses_third_party,critical_dependency,redundant,mult_third,step_id
06yahoo.com,yahoo,"{""yahoo"": ""private""}",False,False,False,False,"step 3, "
0wikipedia.org,wikimedia|cloudflare,"{""wikimedia"": ""private"", ""cloudflare"": ""third""}",True,False,True,False,"step 3, step 5 (SOA), "
1-urlm.co,cloudflare,"{""cloudflare"": ""private""}",False,False,False,False,"step 5 (SOA), "
1001fonts.com,google,"{""google"": ""private""}",False,False,False,False,"step 5 (SOA), "
100ms.live,microsoft|amazon,"{""microsoft"": ""private"", ""amazon"": ""third""}",True,False,True,False,"step 3, step 5 (SOA), "
1010discs.com,cloudflare,"{""cloudflare"": ""private""}",False,False,False,False,"step 5 (SOA), "
101xp.com,google,"{""google"": ""private""}",False,False,False,False,"step 5 (SOA), "
103.by,cloudflare,"{""cloudflare"": ""private""}",False,False,False,False,"step 5 (SOA), "
10xgenomics.com,cloudflare,"{""cloudflare"": ""private""}",False,False,False,False,"step 5 (SOA), "
111percent.net,google,"{""google"": ""private""}",False,False,False,False,"step 5 (SOA), "
11alive.com,microsoft|amazon|akamai,"{""microsoft"": ""private"", ""amazon"": ""third"", ""akamai"": ""third""}",True,False,True,True,"step 3, step 5 (SOA), step 6, "
11clubhouse.com,amazon,"{""amazon"": ""private""}",False,False,False,False,"step 5 (SOA), "
123apps.io,gcore,"{""gcore"": ""private""}",False,False,False,False,"step 5 (SOA), "
123flmsfree.com,cloudflare,"{""cloudflare"": ""private""}",False,False,False,False,"step 5 (SOA), "
123pelicula.com,cloudflare,"{""cloudflare"": ""private""}",False,False,False,False,"step 5 (SOA), "
126.net,netease,"{""netease"": ""private""}",False,False,False,False,"step 2, "
163jiasu.com,netease,"{""netease"": ""private""}",False,False,False,False,"step 2, "
173livek.com,microsoft,"{""microsoft"": ""private""}",False,False,False,False,"step 3, "
173lives.com,microsoft,"{""microsoft"": ""private""}",False,False,False,False,"step 3, "
173liveu.com,microsoft,"{""microsoft"": ""private""}",False,False,False,False,"step 3, "
17track.net,cloudflare,"{""cloudflare"": ""private""}",False,False,False,False,"step 6, "
1c.eu,amazon,"{""amazon"": ""private""}",False,False,False,False,"step 5 (SOA), "
1clickvpn.com,amazon,"{""amazon"": ""private""}",False,False,False,False,"step 5 (SOA), "
1drv.com,microsoft,"{""microsoft"": ""private""}",False,False,False,False,"step 5 (SOA), "
1e100.net,google,"{""google"": ""private""}",False,False,False,False,"step 2, "
1e100cdn.net,google,"{""google"": ""private""}",False,False,False,False,"step 3, "
1panel.live,microsoft|cloudflare,"{""microsoft"": ""private"", ""cloudflare"": ""third""}",True,False,True,False,"step 3, step 5 (SOA), "
1px.tw,cloudflare,"{""cloudflare"": ""private""}",False,False,False,False,"step 5 (SOA), "
1stopbedrooms.com,cloudflare,"{""cloudflare"": ""private""}",False,False,False,False,"step 5 (SOA), "
1xbet.mobi,cloudflare,"{""cloudflare"": ""private""}",False,False,False,False,"step 5 (SOA), "
1xbetjap.com,cloudflare,"{""cloudflare"": ""private""}",False,False,False,False,"step 5 (SOA), "
209qu4892fh8934.live,microsoft|cloudflare,"{""microsoft"": ""private"", ""cloudflare"": ""third""}",True,False,True,False,"step 3, step 5 (SOA), "
22bet.co.ke,cloudflare|twitter,"{""cloudflare"": ""private"", ""twitter"": ""private""}",False,False,True,False,"step 5 (SOA), step 6, "
22bet.ug,cloudflare,"{""cloudflare"": ""private""}",False,False,False,False,"step 5 (SOA), "
247pornvids.net,cloudflare,"{""cloudflare"": ""private""}",False,False,False,False,"step 5 (SOA), "
247sexvideo.net,cloudflare,"{""cloudflare"": ""private""}",False,False,False,False,"step 5 (SOA), "
24live.com,microsoft|cloudflare,"{""microsoft"": ""private"", ""cloudflare"": ""third""}",True,False,True,False,"step 3, step 5 (SOA), "
24ur.si,google,"{""google"": ""private""}",False,False,False,False,"step 5 (SOA), "
2ch.su,cloudflare,"{""cloudflare"": ""private""}",False,False,False,False,"step 5 (SOA), "
2fa.live,microsoft|cloudflare,"{""microsoft"": ""private"", ""cloudflare"": ""third""}",True,False,True,False,"step 3, step 5 (SOA), "
2gis.ae,cloudflare,"{""cloudflare"": ""private""}",False,False,False,False,"step 5 (SOA), "
2giskz.app,cloudflare,"{""cloudflare"": ""private""}",False,False,False,False,"step 5 (SOA), "
2o7.net,adobe,"{""adobe"": ""private""}",False,False,False,False,"step 2, "
2pbff.com,cloudflare,"{""cloudflare"": ""private""}",False,False,False,False,"step 5 (SOA), "
30d.jp,amazon,"{""amazon"": ""private""}",False,False,False,False,"step 5 (SOA), "
30minuteproject.com,cloudflare|twitter,"{""cloudflare"": ""private"", ""twitter"": ""private""}",False,False,True,False,"step 5 (SOA), step 6, "
321moviesfree.com,cloudflare,"{""cloudflare"": ""private""}",False,False,False,False,"step 5 (SOA), "
32market.com,amazon|twitter,"{""amazon"": ""private"", ""twitter"": ""private""}",False,False,True,False,"step 5 (SOA), step 6, "
3600.com,360,"{""360"": ""private""}",False,False,False,False,"step 6, "
360buyimg.com,yahoo,"{""yahoo"": ""private""}",False,False,False,False,"step 3, "
360kan.com,360|wangsu,"{""360"": ""private"", ""wangsu"": ""third""}",True,False,True,False,"step 6, step 6, "
360learning.com,microsoft,"{""microsoft"": ""private""}",False,False,False,False,"step 5 (SOA), "
360monitoring.io,cloudflare,"{""cloudflare"": ""private""}",False,False,False,False,"step 5 (SOA), "
360playvid.com,cloudflare,"{""cloudflare"": ""private""}",False,False,False,False,"step 7, "
360simg.com,360,"{""360"": ""private""}",False,False,False,False,"step 6, "
360sres.com,360,"{""360"": ""private""}",False,False,False,False,"step 6, "
360totalsecurity.com,360,"{""360"": ""private""}",False,False,False,False,"step 6, "
360tres.com,360,"{""360"": ""private""}",False,False,False,False,"step 6, "
365cyd.cn,yunaq,"{""yunaq"": ""private""}",False,False,False,False,"step 2, "
37games.com,amazon,"{""amazon"": ""private""}",False,False,False,False,"step 5 (SOA), "
3ddt.com.tr,twitter,"{""twitter"": ""private""}",False,False,False,False,"step 6, "
3ds.com,amazon|akamai,"{""amazon"": ""private"", ""akamai"": ""private""}",False,False,True,False,"step 5 (SOA), step 6, "
3mp3.ru,cloudflare,"{""cloudflare"": ""private""}",False,False,False,False,"step 5 (SOA), "
3pointdata.com,amazon,"{""amazon"": ""private""}",False,False,False,False,"step 5 (SOA), "
4at5.net,amazon|akamai,"{""amazon"": ""private"", ""akamai"": ""private""}",False,False,True,False,"step 5 (SOA), step 6, "
4devs.com.br,amazon,"{""amazon"": ""private""}",False,False,False,False,"step 5 (SOA), "
4mediaentertainment.com,twitter,"{""twitter"": ""private""}",False,False,False,False,"step 6, "
4ourhouse.co.uk,amazon,"{""amazon"": ""private""}",False,False,False,False,"step 5 (SOA), "
4projects.com,amazon,"{""amazon"": ""private""}",False,False,False,False,"step 5 (SOA), "
4strokemedia.com,amazon,"{""amazon"": ""private""}",False,False,False,False,"step 5 (SOA), "
4yousee.com.br,cloudflare,"{""cloudflare"": ""private""}",False,False,False,False,"step 5 (SOA), "
51bidlive.com,microsoft,"{""microsoft"": ""private""}",False,False,False,False,"step 3, "
51credit.com,twitter,"{""twitter"": ""private""}",False,False,False,False,"step 6, "
591.com.tw,amazon,"{""amazon"": ""private""}",False,False,False,False,"step 5 (SOA), "
59c4d209cf58735d53f2006d386c4052.com,amazon,"{""amazon"": ""private""}",False,False,False,False,"step 5 (SOA), "
66yahoo.com,yahoo|wikimedia,"{""yahoo"": ""private"", ""wikimedia"": ""third""}",True,False,True,False,"step 3, step 7, "
707.lv,cloudflare,"{""cloudflare"": ""private""}",False,False,False,False,"step 5 (SOA), "
77livetj.com,microsoft,"{""microsoft"": ""private""}",False,False,False,False,"step 3, "
7asabco.org,cloudflare,"{""cloudflare"": ""private""}",False,False,False,False,"step 5 (SOA), "
7hits.games,cloudflare,"{""cloudflare"": ""private""}",False,False,False,False,"step 5 (SOA), "
7livecloud.io,microsoft|amazon,"{""microsoft"": ""private"", ""amazon"": ""third""}",True,False,True,False,"step 3, step 5 (SOA), "
7sage.com,amazon,"{""amazon"": ""private""}",False,False,False,False,"step 5 (SOA), "
8-lives-cat.io,microsoft|cloudflare,"{""microsoft"": ""private"", ""cloudflare"": ""third""}",True,False,True,False,"step 3, step 5 (SOA), "
881903.com,amazon,"{""amazon"": ""private""}",False,False,False,False,"step 5 (SOA), "
8888.google,google,"{""google"": ""private""}",False,False,False,False,"step 1, "
99designs.com,amazon,"{""amazon"": ""private""}",False,False,False,False,"step 5 (SOA), "
9gag.com,amazon|cloudflare,"{""amazon"": ""private"", ""cloudflare"": ""private""}",False,False,True,False,"step 5 (SOA), step 7, "
9jarocks.net,cloudflare,"{""cloudflare"": ""private""}",False,False,False,False,"step 5 (SOA), "
9to5google.com,google,"{""google"": ""private""}",False,False,False,False,"step 3, "
a-dc-msedge.net,microsoft,"{""microsoft"": ""private""}",False,False,False,False,"step 3, "
a-m-p.xyz,cloudflare,"{""cloudflare"": ""private""}",False,False,False,False,"step 5 (SOA), "
a-msedge.net,microsoft,"{""microsoft"": ""private""}",False,False,False,False,"step 3, "
a0s.net,amazon,"{""amazon"": ""private""}",False,False,False,False,"step 5 (SOA), "
a3games.com,amazon,"{""amazon"": ""private""}",False,False,False,False,"step 5 (SOA), "
a4v690i84d0ak10tzweg.live,microsoft,"{""microsoft"": ""private""}",False,False,False,False,"step 3, "
a7.org,bunnycdn,"{""bunnycdn"": ""private""}",False,False,False,False,"step 5 (SOA), "
aadl.org,amazon,"{""amazon"": ""private""}",False,False,False,False,"step 5 (SOA), "
aamarpay.com,cloudflare,"{""cloudflare"": ""private""}",False,False,False,False,"step 5 (SOA), "
aan.com,microsoft,"{""microsoft"": ""private""}",False,False,False,False,"step 5 (SOA), "
aaplimg.com,apple,"{""apple"": ""private""}",False,False,False,False,"step 2, "
aaroads.com,cloudflare,"{""cloudflare"": ""private""}",False,False,False,False,"step 5 (SOA), "
aast.edu,microsoft,"{""microsoft"": ""private""}",False,False,False,False,"step 5 (SOA), "
aastra.com,amazon,"{""amazon"": ""private""}",False,False,False,False,"step 5 (SOA), "
aawsat.com,amazon|cloudflare,"{""amazon"": ""private"", ""cloudflare"": ""third""}",True,False,True,False,"step 3, step 5 (SOA), "
abadis.ir,cloudflare,"{""cloudflare"": ""private""}",False,False,False,False,"step 5 (SOA), "
abb-bank.az,cloudflare,"{""cloudflare"": ""private""}",False,False,False,False,"step 5 (SOA), "
abbott.com,amazon|twitter,"{""amazon"": ""private"", ""twitter"": ""private""}",False,False,True,False,"step 6, step 6, "
abc27.com,fastly,"{""fastly"": ""private""}",False,False,False,False,"step 7, "
abc4.com,fastly,"{""fastly"": ""private""}",False,False,False,False,"step 7, "
abcdstable.com,amazon,"{""amazon"": ""private""}",False,False,False,False,"step 5 (SOA), "
abebooks.co.uk,amazon,"{""amazon"": ""private""}",False,False,False,False,"step 5 (SOA), "
abebooks.com,amazon,"{""amazon"": ""private""}",False,False,False,False,"step 5 (SOA), "
abebooks.de,amazon,"{""amazon"": ""private""}",False,False,False,False,"step 5 (SOA), "
abebooks.fr,amazon,"{""amazon"": ""private""}",False,False,False,False,"step 5 (SOA), "
abebooks.it,amazon,"{""amazon"": ""private""}",False,False,False,False,"step 5 (SOA), "
abetterrouteplanner.com,cloudflare,"{""cloudflare"": ""private""}",False,False,False,False,"step 5 (SOA), "
abjav.com,cloudflare,"{""cloudflare"": ""private""}",False,False,False,False,"step 5 (SOA), "
abmilf.com,cloudflare,"{""cloudflare"": ""private""}",False,False,False,False,"step 5 (SOA), "
about.google,google,"{""google"": ""private""}",False,False,False,False,"step 1, "
aboutamazon.com,amazon,"{""amazon"": ""private""}",False,False,False,False,"step 3, "
abplive.com,microsoft|akamai,"{""microsoft"": ""private"", ""akamai"": ""third""}",True,False,True,False,"step 3, step 6, "
abxxx.com,cloudflare,"{""cloudflare"": ""private""}",False,False,False,False,"step 5 (SOA), "
accurate.id,cloudflare,"{""cloudflare"": ""private""}",False,False,False,False,"step 5 (SOA), "
aceplanet.co.kr,twitter,"{""twitter"": ""private""}",False,False,False,False,"step 6, "
acesso.io,google,"{""google"": ""private""}",False,False,False,False,"step 5 (SOA), "
achatin.live,microsoft|cloudflare,"{""microsoft"": ""private"", ""cloudflare"": ""third""}",True,False,True,False,"step 3, step 5 (SOA), "
acowebs.com,cloudflare,"{""cloudflare"": ""private""}",False,False,False,False,"step 5 (SOA), "
acpwb.com,cloudflare,"{""cloudflare"": ""private""}",False,False,False,False,"step 5 (SOA), "
acrobat.com,twitter,"{""twitter"": ""private""}",False,False,False,False,"step 6, "
acrobits.cz,cloudflare,"{""cloudflare"": ""private""}",False,False,False,False,"step 5 (SOA), "
acrpoker.eu,cloudflare,"{""cloudflare"": ""private""}",False,False,False,False,"step 5 (SOA), "
activerain.com,amazon,"{""amazon"": ""private""}",False,False,False,False,"step 5 (SOA), "
activesoft.com.br,amazon|twitter,"{""amazon"": ""private"", ""twitter"": ""private""}",False,False,True,False,"step 5 (SOA), step 6, "
activtrak.com,amazon,"{""amazon"": ""private""}",False,False,False,False,"step 5 (SOA), "
actonservice.com,amazon,"{""amazon"": ""private""}",False,False,False,False,"step 5 (SOA), "
actonsoftware.com,amazon,"{""amazon"": ""private""}",False,False,False,False,"step 5 (SOA), "
ad-delivery.net,microsoft|cloudflare,"{""microsoft"": ""private"", ""cloudflare"": ""third""}",True,False,True,False,"step 3, step 5 (SOA), "
ad216.com,amazon,"{""amazon"": ""private""}",False,False,False,False,"step 5 (SOA), "
adadapted.com,cloudflare,"{""cloudflare"": ""private""}",False,False,False,False,"step 7, "
adam.com,digicert,"{""digicert"": ""private""}",False,False,False,False,"step 5 (SOA), "
adamnet.works,google,"{""google"": ""private""}",False,False,False,False,"step 5 (SOA), "
adblock-for-youtube.com,google|cloudflare,"{""google"": ""private"", ""cloudflare"": ""third""}",True,False,True,False,"step 3, step 5 (SOA), "
adcannyxml.com,amazon,"{""amazon"": ""private""}",False,False,False,False,"step 5 (SOA), "
addressy.com,amazon,"{""amazon"": ""private""}",False,False,False,False,"step 5 (SOA), "
addshoppers.com,amazon,"{""amazon"": ""private""}",False,False,False,False,"step 5 (SOA), "
addtocalendar.com,amazon,"{""amazon"": ""private""}",False,False,False,False,"step 5 (SOA), "
addx.live,microsoft,"{""microsoft"": ""private""}",False,False,False,False,"step 3, "
adevarul.ro,amazon,"{""amazon"": ""private""}",False,False,False,False,"step 5 (SOA), "
adex.com,amazon,"{""amazon"": ""private""}",False,False,False,False,"step 5 (SOA), "
adform.com,microsoft|cloudflare,"{""microsoft"": ""private"", ""cloudflare"": ""private""}",False,False,True,False,"step 5 (SOA), step 6, "
adgebra.co.in,google,"{""google"": ""private""}",False,False,False,False,"step 5 (SOA), "
adgeek.net,cloudflare,"{""cloudflare"": ""private""}",False,False,False,False,"step 5 (SOA), "
adgyani.com,cloudflare,"{""cloudflare"": ""private""}",False,False,False,False,"step 5 (SOA), "
adiirc.com,cloudflare,"{""cloudflare"": ""private""}",False,False,False,False,"step 5 (SOA), "
adipolo.live,microsoft|cloudflare,"{""microsoft"": ""private"", ""cloudflare"": ""third""}",True,False,True,False,"step 3, step 5 (SOA), "
adjarabet.com,cloudflare|twitter,"{""cloudflare"": ""private"", ""twitter"": ""private""}",False,False,True,False,"step 5 (SOA), step 6, "
adkit-advertising.amazon,amazon,"{""amazon"": ""private""}",False,False,False,False,"step 3, "
adleadevent.com,twitter,"{""twitter"": ""private""}",False,False,False,False,"step 6, "
adme.media,amazon,"{""amazon"": ""private""}",False,False,False,False,"step 5 (SOA), "
admedia.com,amazon,"{""amazon"": ""private""}",False,False,False,False,"step 5 (SOA), "
admeridianads.com,amazon,"{""amazon"": ""private""}",False,False,False,False,"step 5 (SOA), "
admeridianopenrtb.com,amazon,"{""amazon"": ""private""}",False,False,False,False,"step 5 (SOA), "
admidainsight.com,amazon|twitter,"{""amazon"": ""private"", ""twitter"": ""private""}",False,False,True,False,"step 5 (SOA), step 6, "
admira.com,amazon,"{""amazon"": ""private""}",False,False,False,False,"step 5 (SOA), "
admixer.com,cloudflare,"{""cloudflare"": ""private""}",False,False,False,False,"step 5 (SOA), "
admozartexchange.com,amazon,"{""amazon"": ""private""}",False,False,False,False,"step 5 (SOA), "
admozartppc.com,amazon,"{""amazon"": ""private""}",False,False,False,False,"step 5 (SOA), "
admozartxml.com,amazon,"{""amazon"": ""private""}",False,False,False,False,"step 5 (SOA), "
adnimation.live,microsoft|cloudflare,"{""microsoft"": ""private"", ""cloudflare"": ""third""}",True,False,True,False,"step 3, step 5 (SOA), "
adnuntius.delivery,microsoft|cloudflare,"{""microsoft"": ""private"", ""cloudflare"": ""third""}",True,False,True,False,"step 3, step 5 (SOA), "
adobeconnect.com,amazon|twitter,"{""amazon"": ""private"", ""twitter"": ""private""}",False,False,True,False,"step 6, step 6, "
adobedtm.com,adobe,"{""adobe"": ""private""}",False,False,False,False,"step 2, "
adokutcontextual.com,amazon,"{""amazon"": ""private""}",False,False,False,False,"step 5 (SOA), "
adokutrtb.com,amazon,"{""amazon"": ""private""}",False,False,False,False,"step 5 (SOA), "
adoric.com,cloudflare,"{""cloudflare"": ""private""}",False,False,False,False,"step 5 (SOA), "
adpushup.com,amazon,"{""amazon"": ""private""}",False,False,False,False,"step 5 (SOA), "
adquery.io,cloudflare,"{""cloudflare"": ""private""}",False,False,False,False,"step 5 (SOA), "
adquint.com,twitter,"{""twitter"": ""private""}",False,False,False,False,"step 6, "
adrecover.com,amazon,"{""amazon"": ""private""}",False,False,False,False,"step 5 (SOA), "
adrise.tv,amazon,"{""amazon"": ""private""}",False,False,False,False,"step 5 (SOA), "
adrive.com,cloudflare,"{""cloudflare"": ""private""}",False,False,False,False,"step 5 (SOA), "
adrop.io,amazon,"{""amazon"": ""private""}",False,False,False,False,"step 5 (SOA), "
adrta.com,amazon,"{""amazon"": ""private""}",False,False,False,False,"step 5 (SOA), "
ads2.bid,cloudflare,"{""cloudflare"": ""private""}",False,False,False,False,"step 5 (SOA), "
adsaay.com,cloudflare,"{""cloudflare"": ""private""}",False,False,False,False,"step 7, "
adsb.lol,cloudflare,"{""cloudflare"": ""private""}",False,False,False,False,"step 5 (SOA), "
adsinteractive.com,cloudflare,"{""cloudflare"": ""private""}",False,False,False,False,"step 5 (SOA), "
adsolut.in,cloudflare,"{""cloudflare"": ""private""}",False,False,False,False,"step 5 (SOA), "
adsplacedhere.live,microsoft|cloudflare,"{""microsoft"": ""private"", ""cloudflare"": ""third""}",True,False,True,False,"step 3, step 5 (SOA), "
adswizz.com,amazon,"{""amazon"": ""private""}",False,False,False,False,"step 5 (SOA), "
adtarget.com.tr,cloudflare|twitter,"{""cloudflare"": ""private"", ""twitter"": ""private""}",False,False,True,False,"step 5 (SOA), step 6, "
adtarget.market,cloudflare,"{""cloudflare"": ""private""}",False,False,False,False,"step 5 (SOA), "
adtarget.me,cloudflare|telegram,"{""cloudflare"": ""private"", ""telegram"": ""private""}",False,False,True,False,"step 5 (SOA), step 6, "
adtelligent.com,twitter,"{""twitter"": ""private""}",False,False,False,False,"step 6, "
adtiming.com,amazon,"{""amazon"": ""private""}",False,False,False,False,"step 5 (SOA), "
adtrafficquality.google,google,"{""google"": ""private""}",False,False,False,False,"step 1, "
adultiptv.net,cloudflare,"{""cloudflare"": ""private""}",False,False,False,False,"step 5 (SOA), "
adv.bet,amazon,"{""amazon"": ""private""}",False,False,False,False,"step 5 (SOA), "
advancedcommerce.services,digicert,"{""digicert"": ""private""}",False,False,False,False,"step 5 (SOA), "
advanceplumbing.com,microsoft|cloudflare,"{""microsoft"": ""private"", ""cloudflare"": ""third""}",True,False,True,False,"step 3, step 6, "
advbox.com.br,cloudflare,"{""cloudflare"": ""private""}",False,False,False,False,"step 5 (SOA), "
advertising.com,amazon|cloudflare,"{""amazon"": ""private"", ""cloudflare"": ""private""}",False,False,True,False,"step 5 (SOA), step 7, "
advertoix.live,microsoft|cloudflare,"{""microsoft"": ""private"", ""cloudflare"": ""third""}",True,False,True,False,"step 3, step 5 (SOA), "
adverty-cloudflare.com,cloudflare,"{""cloudflare"": ""private""}",False,False,False,False,"step 3, "
advlistings.com,amazon,"{""amazon"": ""private""}",False,False,False,False,"step 5 (SOA), "
advolcano.io,nextjs,"{""nextjs"": ""private""}",False,False,False,False,"step 7, "
adxadserv.com,cloudflare,"{""cloudflare"": ""private""}",False,False,False,False,"step 5 (SOA), "
adxpoint.com,cloudflare|twitter|nextjs,"{""cloudflare"": ""private"", ""twitter"": ""private"", ""nextjs"": ""private""}",False,False,True,False,"step 5 (SOA), step 6, step 7, "
adxpremium.services,cloudflare,"{""cloudflare"": ""private""}",False,False,False,False,"step 5 (SOA), "
adzestocp.com,amazon,"{""amazon"": ""private""}",False,False,False,False,"step 5 (SOA), "
aem.live,microsoft|google|fastly,"{""microsoft"": ""private"", ""google"": ""third"", ""fastly"": ""third""}",True,False,True,True,"step 3, step 5 (SOA), step 6, "
aestus.live,microsoft|cloudflare,"{""microsoft"": ""private"", ""cloudflare"": ""private""}",False,False,True,False,"step 3, step 5 (SOA), "
affise.com,amazon,"{""amazon"": ""private""}",False,False,False,False,"step 5 (SOA), "
afgr1.com,amazon,"{""amazon"": ""private""}",False,False,False,False,"step 5 (SOA), "
afreecatv.com,microsoft,"{""microsoft"": ""private""}",False,False,False,False,"step 5 (SOA), "
aftersell.app,google,"{""google"": ""private""}",False,False,False,False,"step 5 (SOA), "
agilebits.com,amazon,"{""amazon"": ""private""}",False,False,False,False,"step 5 (SOA), "
agomo.com,amazon,"{""amazon"": ""private""}",False,False,False,False,"step 5 (SOA), "
agoralab.co,amazon,"{""amazon"": ""private""}",False,False,False,False,"step 5 (SOA), "
agroads.com.ar,amazon,"{""amazon"": ""private""}",False,False,False,False,"step 5 (SOA), "
agu.gov.br,amazon,"{""amazon"": ""private""}",False,False,False,False,"step 5 (SOA), "
ahaslides.com,amazon,"{""amazon"": ""private""}",False,False,False,False,"step 5 (SOA), "
ahlan.live,microsoft|cloudflare,"{""microsoft"": ""private"", ""cloudflare"": ""third""}",True,False,True,False,"step 3, step 6, "
ahnlab.com,amazon,"{""amazon"": ""private""}",False,False,False,False,"step 6, "
ai2.moe,shopify|cloudflare,"{""shopify"": ""private"", ""cloudflare"": ""private""}",False,False,True,False,"step 6, step 7, "
aiartondemand.com,amazon,"{""amazon"": ""private""}",False,False,False,False,"step 5 (SOA), "
aicdn.com,upyun,"{""upyun"": ""private""}",False,False,False,False,"step 2, "
aihitdata.com,google,"{""google"": ""private""}",False,False,False,False,"step 5 (SOA), "
ailivechatweb.com,microsoft,"{""microsoft"": ""private""}",False,False,False,False,"step 3, "
aippy.live,microsoft|cloudflare,"{""microsoft"": ""private"", ""cloudflare"": ""third""}",True,False,True,False,"step 3, step 5 (SOA), "
aira.life,cloudflare,"{""cloudflare"": ""private""}",False,False,False,False,"step 5 (SOA), "
airdroid.com,amazon,"{""amazon"": ""private""}",False,False,False,False,"step 5 (SOA), "
airlinesim.aero,amazon,"{""amazon"": ""private""}",False,False,False,False,"step 5 (SOA), "
airplanes.live,microsoft|cloudflare,"{""microsoft"": ""private"", ""cloudflare"": ""third""}",True,False,True,False,"step 3, step 5 (SOA), "
airportinfo.live,microsoft|cloudflare,"{""microsoft"": ""private"", ""cloudflare"": ""third""}",True,False,True,False,"step 3, step 5 (SOA), "
airproxy.io,cloudflare,"{""cloudflare"": ""private""}",False,False,False,False,"step 5 (SOA), "
airtame.cloud,amazon,"{""amazon"": ""private""}",False,False,False,False,"step 5 (SOA), "
airtame.com,cloudflare,"{""cloudflare"": ""private""}",False,False,False,False,"step 5 (SOA), "
aisense.com,amazon,"{""amazon"": ""private""}",False,False,False,False,"step 5 (SOA), "
aisensia.com,google,"{""google"": ""private""}",False,False,False,False,"step 5 (SOA), "
aisweicloud.com,apple,"{""apple"": ""private""}",False,False,False,False,"step 3, "
aiv-delivery.net,microsoft|amazon,"{""microsoft"": ""private"", ""amazon"": ""third""}",True,False,True,False,"step 3, step 5 (SOA), "
aivencloud.com,amazon,"{""amazon"": ""private""}",False,False,False,False,"step 5 (SOA), "
ajay.app,cloudflare,"{""cloudflare"": ""private""}",False,False,False,False,"step 5 (SOA), "
ajera.com,amazon,"{""amazon"": ""private""}",False,False,False,False,"step 5 (SOA), "
akadns.net,akamai,"{""akamai"": ""private""}",False,False,False,False,"step 2, "
akamai-access.com,akamai|amazon,"{""akamai"": ""private"", ""amazon"": ""third""}",True,False,True,False,"step 3, step 5 (SOA), "
akamai-zt.com,akamai,"{""akamai"": ""private""}",False,False,False,False,"step 3, "
akamai.com,akamai,"{""akamai"": ""private""}",False,False,False,False,"step 2, "
akamai.net,akamai,"{""akamai"": ""private""}",False,False,False,False,"step 2, "
akamai.net.in,akamai|google,"{""akamai"": ""private"", ""google"": ""third""}",True,False,True,False,"step 3, step 5 (SOA), "
akamaiapis.net,akamai,"{""akamai"": ""private""}",False,False,False,False,"step 3, "
akamaiedge-staging.net,akamai,"{""akamai"": ""private""}",False,False,False,False,"step 2, "
akamaiedge.net,akamai,"{""akamai"": ""private""}",False,False,False,False,"step 2, "
akamaihd.net,akamai,"{""akamai"": ""private""}",False,False,False,False,"step 2, "
akamaiorigin.net,akamai,"{""akamai"": ""private""}",False,False,False,False,"step 2, "
akamaistream.net,akamai,"{""akamai"": ""private""}",False,False,False,False,"step 2, "
akamaitech.net,akamai,"{""akamai"": ""private""}",False,False,False,False,"step 2, "
akamaitechnologies.com,akamai,"{""akamai"": ""private""}",False,False,False,False,"step 2, "
akamaix.com,akamai|cloudflare,"{""akamai"": ""private"", ""cloudflare"": ""third""}",True,False,True,False,"step 3, step 5 (SOA), "
akamaized.ca,akamai|cloudflare,"{""akamai"": ""private"", ""cloudflare"": ""third""}",True,False,True,False,"step 3, step 5 (SOA), "
akamaized.net,akamai,"{""akamai"": ""private""}",False,False,False,False,"step 2, "
akbartravels.com,amazon,"{""amazon"": ""private""}",False,False,False,False,"step 5 (SOA), "
akismet.com,twitter,"{""twitter"": ""private""}",False,False,False,False,"step 6, "
aladhan.com,cloudflare|nextjs,"{""cloudflare"": ""private"", ""nextjs"": ""private""}",False,False,True,False,"step 5 (SOA), step 7, "
alarmnet.com,cloudflare|twitter,"{""cloudflare"": ""private"", ""twitter"": ""private""}",False,False,True,False,"step 5 (SOA), step 6, "
alasans.ie,cloudflare,"{""cloudflare"": ""private""}",False,False,False,False,"step 5 (SOA), "
alation.com,amazon,"{""amazon"": ""private""}",False,False,False,False,"step 5 (SOA), "
alchemer.eu,amazon,"{""amazon"": ""private""}",False,False,False,False,"step 5 (SOA), "
alctel.com.br,amazon,"{""amazon"": ""private""}",False,False,False,False,"step 5 (SOA), "
aldoshoes.me,cloudflare,"{""cloudflare"": ""private""}",False,False,False,False,"step 5 (SOA), "
alertcalifornia.org,amazon,"{""amazon"": ""private""}",False,False,False,False,"step 5 (SOA), "
alertmedia.com,amazon|cloudflare,"{""amazon"": ""private"", ""cloudflare"": ""private""}",False,False,True,False,"step 5 (SOA), step 7, "
alevco.de,google,"{""google"": ""private""}",False,False,False,False,"step 5 (SOA), "
algopix.com,amazon,"{""amazon"": ""private""}",False,False,False,False,"step 5 (SOA), "
algosolutions.com,cloudflare,"{""cloudflare"": ""private""}",False,False,False,False,"step 5 (SOA), "
alia-cloudflare.com,cloudflare,"{""cloudflare"": ""private""}",False,False,False,False,"step 3, "
alianza.com,amazon|cloudflare,"{""amazon"": ""private"", ""cloudflare"": ""private""}",False,False,True,False,"step 5 (SOA), step 7, "
alicdn.com,alibaba,"{""alibaba"": ""private""}",False,False,False,False,"step 2, "
alicloudapi.com,apple,"{""apple"": ""private""}",False,False,False,False,"step 3, "
aliexpress.com,akamai,"{""akamai"": ""private""}",False,False,False,False,"step 6, "
alightcreative.com,google,"{""google"": ""private""}",False,False,False,False,"step 5 (SOA), "
alikunlun.com,alibaba,"{""alibaba"": ""private""}",False,False,False,False,"step 2, "
alikunlun.net,alibaba,"{""alibaba"": ""private""}",False,False,False,False,"step 2, "
aliluminescent.com,twitter,"{""twitter"": ""private""}",False,False,False,False,"step 6, "
alitools.io,amazon,"{""amazon"": ""private""}",False,False,False,False,"step 5 (SOA), "
alive5.com,microsoft|amazon,"{""microsoft"": ""private"", ""amazon"": ""third""}",True,False,True,False,"step 3, step 5 (SOA), "
alivecdn.com,microsoft,"{""microsoft"": ""private""}",False,False,False,False,"step 3, "
alivecordoba.cfd,microsoft,"{""microsoft"": ""private""}",False,False,False,False,"step 3, "
aliyun-inc.com,alibaba,"{""alibaba"": ""private""}",False,False,False,False,"step 2, "
aliyun.com,alibaba,"{""alibaba"": ""private""}",False,False,False,False,"step 2, "
aliyuncs.com,alibaba,"{""alibaba"": ""private""}",False,False,False,False,"step 2, "
aliyunlivetest.com,microsoft,"{""microsoft"": ""private""}",False,False,False,False,"step 3, "
alkora.app,cloudflare|google,"{""cloudflare"": ""private"", ""google"": ""private""}",False,False,True,False,"step 5 (SOA), step 7, "
allarchivecenter.live,microsoft|cloudflare,"{""microsoft"": ""private"", ""cloudflare"": ""third""}",True,False,True,False,"step 3, step 5 (SOA), "
allen.in,amazon,"{""amazon"": ""private""}",False,False,False,False,"step 5 (SOA), "
allenpress.com,cloudflare,"{""cloudflare"": ""private""}",False,False,False,False,"step 7, "
allfilesproof.live,microsoft|cloudflare,"{""microsoft"": ""private"", ""cloudflare"": ""third""}",True,False,True,False,"step 3, step 5 (SOA), "
alloy.ch,amazon,"{""amazon"": ""private""}",False,False,False,False,"step 5 (SOA), "
allpoetry.com,cloudflare,"{""cloudflare"": ""private""}",False,False,False,False,"step 5 (SOA), "
allrecordhub.live,microsoft|cloudflare,"{""microsoft"": ""private"", ""cloudflare"": ""third""}",True,False,True,False,"step 3, step 5 (SOA), "
allscripts.com,amazon,"{""amazon"": ""private""}",False,False,False,False,"step 5 (SOA), "
allstarlink.org,cloudflare,"{""cloudflare"": ""private""}",False,False,False,False,"step 5 (SOA), "
almamedia.fi,amazon|cloudflare,"{""amazon"": ""private"", ""cloudflare"": ""private""}",False,False,True,False,"step 5 (SOA), step 7, "
alocdn.com,amazon,"{""amazon"": ""private""}",False,False,False,False,"step 5 (SOA), "
alohafind.com,amazon,"{""amazon"": ""private""}",False,False,False,False,"step 5 (SOA), "
alphanews.live,microsoft|cloudflare,"{""microsoft"": ""private"", ""cloudflare"": ""third""}",True,False,True,False,"step 3, step 5 (SOA), "
alpsport.com.au,twitter,"{""twitter"": ""private""}",False,False,False,False,"step 6, "
alright.network,amazon,"{""amazon"": ""private""}",False,False,False,False,"step 5 (SOA), "
alt.com,twitter,"{""twitter"": ""private""}",False,False,False,False,"step 6, "
altenens.is,cloudflare,"{""cloudflare"": ""private""}",False,False,False,False,"step 5 (SOA), "
alternate.de,cloudflare,"{""cloudflare"": ""private""}",False,False,False,False,"step 5 (SOA), "
althea.org,cloudflare,"{""cloudflare"": ""private""}",False,False,False,False,"step 5 (SOA), "
altusplatform.com,amazon,"{""amazon"": ""private""}",False,False,False,False,"step 5 (SOA), "
alvaroapoio.com.br,amazon,"{""amazon"": ""private""}",False,False,False,False,"step 5 (SOA), "
am.com.mx,amazon,"{""amazon"": ""private""}",False,False,False,False,"step 5 (SOA), "
amahi.org,amazon,"{""amazon"": ""private""}",False,False,False,False,"step 5 (SOA), "
amaicdn.com,cloudflare|upyun,"{""cloudflare"": ""private"", ""upyun"": ""private""}",False,False,True,False,"step 5 (SOA), step 6, "
amandahugnkiss.org,amazon|cloudflare,"{""amazon"": ""private"", ""cloudflare"": ""private""}",False,False,True,False,"step 5 (SOA), step 7, "
amanoteam.com,cloudflare,"{""cloudflare"": ""private""}",False,False,False,False,"step 5 (SOA), "
amat.com,twitter,"{""twitter"": ""private""}",False,False,False,False,"step 6, "
amazee.io,amazon|fastly,"{""amazon"": ""private"", ""fastly"": ""private""}",False,False,True,False,"step 5 (SOA), step 6, "
amazon-ads-attestation.com,amazon,"{""amazon"": ""private""}",False,False,False,False,"step 3, "
amazon-adsystem.com,amazon,"{""amazon"": ""private""}",False,False,False,False,"step 3, "
amazon-corp.com,amazon,"{""amazon"": ""private""}",False,False,False,False,"step 3, "
amazon-dss.com,amazon,"{""amazon"": ""private""}",False,False,False,False,"step 3, "
amazon-value-service.com,amazon,"{""amazon"": ""private""}",False,False,False,False,"step 3, "
amazon.ae,amazon|akamai,"{""amazon"": ""private"", ""akamai"": ""private""}",False,False,True,False,"step 3, step 6, "
amazon.ca,amazon,"{""amazon"": ""private""}",False,False,False,False,"step 3, "
amazon.cn,amazon,"{""amazon"": ""private""}",False,False,False,False,"step 3, "
amazon.co.jp,amazon,"{""amazon"": ""private""}",False,False,False,False,"step 3, "
amazon.co.uk,amazon,"{""amazon"": ""private""}",False,False,False,False,"step 3, "
amazon.co.za,amazon,"{""amazon"": ""private""}",False,False,False,False,"step 3, "
amazon.com,amazon,"{""amazon"": ""private""}",False,False,False,False,"step 3, "
amazon.com.au,amazon,"{""amazon"": ""private""}",False,False,False,False,"step 3, "
amazon.com.be,amazon|akamai,"{""amazon"": ""private"", ""akamai"": ""private""}",False,False,True,False,"step 3, step 6, "
amazon.com.br,amazon,"{""amazon"": ""private""}",False,False,False,False,"step 3, "
amazon.com.hr,amazon,"{""amazon"": ""private""}",False,False,False,False,"step 3, "
amazon.com.mx,amazon,"{""amazon"": ""private""}",False,False,False,False,"step 3, "
amazon.com.tr,amazon|akamai,"{""amazon"": ""private"", ""akamai"": ""private""}",False,False,True,False,"step 3, step 6, "
amazon.de,amazon,"{""amazon"": ""private""}",False,False,False,False,"step 3, "
amazon.dev,amazon,"{""amazon"": ""private""}",False,False,False,False,"step 3, "
amazon.eg,amazon|akamai,"{""amazon"": ""private"", ""akamai"": ""private""}",False,False,True,False,"step 3, step 6, "
amazon.es,amazon|akamai,"{""amazon"": ""private"", ""akamai"": ""private""}",False,False,True,False,"step 3, step 6, "
amazon.eu,amazon,"{""amazon"": ""private""}",False,False,False,False,"step 3, "
amazon.fr,amazon,"{""amazon"": ""private""}",False,False,False,False,"step 3, "
amazon.ie,amazon,"{""amazon"": ""private""}",False,False,False,False,"step 3, "
amazon.in,amazon,"{""amazon"": ""private""}",False,False,False,False,"step 3, "
amazon.it,amazon,"{""amazon"": ""private""}",False,False,False,False,"step 3, "
amazon.jobs,amazon,"{""amazon"": ""private""}",False,False,False,False,"step 3, "
amazon.jp,amazon,"{""amazon"": ""private""}",False,False,False,False,"step 3, "
amazon.nl,amazon|akamai,"{""amazon"": ""private"", ""akamai"": ""private""}",False,False,True,False,"step 3, step 6, "
amazon.pl,amazon|akamai,"{""amazon"": ""private"", ""akamai"": ""private""}",False,False,True,False,"step 3, step 6, "
amazon.sa,amazon|akamai,"{""amazon"": ""private"", ""akamai"": ""private""}",False,False,True,False,"step 3, step 6, "
amazon.science,amazon,"{""amazon"": ""private""}",False,False,False,False,"step 3, "
amazon.se,amazon,"{""amazon"": ""private""}",False,False,False,False,"step 3, "
amazon.sg,amazon|akamai,"{""amazon"": ""private"", ""akamai"": ""private""}",False,False,True,False,"step 3, step 6, "
amazon.work,amazon,"{""amazon"": ""private""}",False,False,False,False,"step 3, "
amazonalexa.com,amazon,"{""amazon"": ""private""}",False,False,False,False,"step 3, "
amazonappstream.com,amazon,"{""amazon"": ""private""}",False,False,False,False,"step 3, "
amazonaws-us-gov.com,amazon,"{""amazon"": ""private""}",False,False,False,False,"step 3, "
amazonaws.cn,amazon,"{""amazon"": ""private""}",False,False,False,False,"step 3, "
amazonaws.com,amazon,"{""amazon"": ""private""}",False,False,False,False,"step 2, "
amazonaws.com.cn,amazon,"{""amazon"": ""private""}",False,False,False,False,"step 3, "
amazonaws.eu,amazon,"{""amazon"": ""private""}",False,False,False,False,"step 3, "
amazonbot.amazon,amazon,"{""amazon"": ""private""}",False,False,False,False,"step 3, "
amazoncognito.com,amazon,"{""amazon"": ""private""}",False,False,False,False,"step 3, "
amazoncrl.com,amazon,"{""amazon"": ""private""}",False,False,False,False,"step 3, "
amazondevices.com,amazon,"{""amazon"": ""private""}",False,False,False,False,"step 3, "
amazone-s3.com,amazon|cloudflare,"{""amazon"": ""private"", ""cloudflare"": ""third""}",True,False,True,False,"step 3, step 5 (SOA), "
amazonfiretvapp.com,amazon,"{""amazon"": ""private""}",False,False,False,False,"step 3, "
amazonforum.com,amazon,"{""amazon"": ""private""}",False,False,False,False,"step 3, "
amazongames.com,amazon,"{""amazon"": ""private""}",False,False,False,False,"step 3, "
amazonlightsail.com,amazon,"{""amazon"": ""private""}",False,False,False,False,"step 3, "
amazonlinux.com,amazon,"{""amazon"": ""private""}",False,False,False,False,"step 3, "
amazonmusic.com,amazon,"{""amazon"": ""private""}",False,False,False,False,"step 3, "
amazonoperations.app,amazon,"{""amazon"": ""private""}",False,False,False,False,"step 3, "
amazonses.com,amazon,"{""amazon"": ""private""}",False,False,False,False,"step 3, "
amazonsilk.com,amazon,"{""amazon"": ""private""}",False,False,False,False,"step 3, "
amazontrust.com,amazon,"{""amazon"": ""private""}",False,False,False,False,"step 3, "
amazonvideo.com,amazon,"{""amazon"": ""private""}",False,False,False,False,"step 3, "
amazonworkdocs.com,amazon,"{""amazon"": ""private""}",False,False,False,False,"step 3, "
amazonworkspaces.com,amazon,"{""amazon"": ""private""}",False,False,False,False,"step 3, "
ambeed.com,akamai,"{""akamai"": ""private""}",False,False,False,False,"step 6, "
ambrahealth.com,amazon|cloudflare,"{""amazon"": ""private"", ""cloudflare"": ""private""}",False,False,True,False,"step 5 (SOA), step 7, "
ameblo.jp,amazon,"{""amazon"": ""private""}",False,False,False,False,"step 5 (SOA), "
americamagazine.org,cloudflare,"{""cloudflare"": ""private""}",False,False,False,False,"step 5 (SOA), "
amherst.edu,amazon,"{""amazon"": ""private""}",False,False,False,False,"step 5 (SOA), "
amion.com,amazon,"{""amazon"": ""private""}",False,False,False,False,"step 5 (SOA), "
amo.co,google,"{""google"": ""private""}",False,False,False,False,"step 5 (SOA), "
amocrm.com,digicert,"{""digicert"": ""private""}",False,False,False,False,"step 5 (SOA), "
amolive.net,microsoft,"{""microsoft"": ""private""}",False,False,False,False,"step 3, "
amplitude.com,amazon,"{""amazon"": ""private""}",False,False,False,False,"step 5 (SOA), "
ampproject.org,google,"{""google"": ""private""}",False,False,False,False,"step 2, "
ams360.com,amazon,"{""amazon"": ""private""}",False,False,False,False,"step 5 (SOA), "
amuselabs.com,cloudflare,"{""cloudflare"": ""private""}",False,False,False,False,"step 7, "
amyosport.com,twitter,"{""twitter"": ""private""}",False,False,False,False,"step 6, "
amzn.eu,amazon,"{""amazon"": ""private""}",False,False,False,False,"step 3, "
amzn.to,amazon,"{""amazon"": ""private""}",False,False,False,False,"step 3, "
amzndns.co.uk,amazon,"{""amazon"": ""private""}",False,False,False,False,"step 3, "
amzndns.net,amazon,"{""amazon"": ""private""}",False,False,False,False,"step 3, "
amzndns.org,amazon,"{""amazon"": ""private""}",False,False,False,False,"step 3, "
analvids.com,cloudflare,"{""cloudflare"": ""private""}",False,False,False,False,"step 5 (SOA), "
andata.ru,cloudflare,"{""cloudflare"": ""private""}",False,False,False,False,"step 5 (SOA), "
andoverlibraryohio.org,microsoft,"{""microsoft"": ""private""}",False,False,False,False,"step 5 (SOA), "
android-firebase.com,google|cloudflare,"{""google"": ""private"", ""cloudflare"": ""third""}",True,False,True,False,"step 3, step 5 (SOA), "
android.biz,google,"{""google"": ""private""}",False,False,False,False,"step 3, "
android.com,google,"{""google"": ""private""}",False,False,False,False,"step 3, "
androidauthority.com,google|cloudflare,"{""google"": ""private"", ""cloudflare"": ""third""}",True,False,True,False,"step 3, step 5 (SOA), "
androidayuda.com,google|cloudflare,"{""google"": ""private"", ""cloudflare"": ""third""}",True,False,True,False,"step 3, step 5 (SOA), "
androidblip.com,google|cloudflare,"{""google"": ""private"", ""cloudflare"": ""third""}",True,False,True,False,"step 3, step 5 (SOA), "
androidcentral.com,google|amazon|fastly,"{""google"": ""private"", ""amazon"": ""third"", ""fastly"": ""third""}",True,False,True,True,"step 3, step 5 (SOA), step 6, "
androidfilehost.com,google|cloudflare,"{""google"": ""private"", ""cloudflare"": ""third""}",True,False,True,False,"step 3, step 5 (SOA), "
androidforums.com,google,"{""google"": ""private""}",False,False,False,False,"step 3, "
androidheadlines.com,google|cloudflare,"{""google"": ""private"", ""cloudflare"": ""third""}",True,False,True,False,"step 3, step 5 (SOA), "
androidout.com,google|cloudflare,"{""google"": ""private"", ""cloudflare"": ""third""}",True,False,True,False,"step 3, step 5 (SOA), "
androidpolice.com,google,"{""google"": ""private""}",False,False,False,False,"step 3, "
androidrepublic.org,google|cloudflare,"{""google"": ""private"", ""cloudflare"": ""third""}",True,False,True,False,"step 3, step 5 (SOA), "
androidsis.com,google|cloudflare,"{""google"": ""private"", ""cloudflare"": ""third""}",True,False,True,False,"step 3, step 5 (SOA), "
androidtv.com,google,"{""google"": ""private""}",False,False,False,False,"step 3, "
ang-content.com,twitter,"{""twitter"": ""private""}",False,False,False,False,"step 6, "
angolacables.co.ao,cloudflare,"{""cloudflare"": ""private""}",False,False,False,False,"step 5 (SOA), "
aninebing.com,microsoft|shopify,"{""microsoft"": ""private"", ""shopify"": ""third""}",True,False,True,False,"step 3, step 6, "
ankiweb.net,cloudflare,"{""cloudflare"": ""private""}",False,False,False,False,"step 5 (SOA), "
anna.center,amazon,"{""amazon"": ""private""}",False,False,False,False,"step 5 (SOA), "
anna.money,google,"{""google"": ""private""}",False,False,False,False,"step 5 (SOA), "
anonch.org,cloudflare,"{""cloudflare"": ""private""}",False,False,False,False,"step 5 (SOA), "
anotherboring.top,cloudflare,"{""cloudflare"": ""private""}",False,False,False,False,"step 5 (SOA), "
anticheatexpert.com,twitter,"{""twitter"": ""private""}",False,False,False,False,"step 6, "
antigravity.google,google,"{""google"": ""private""}",False,False,False,False,"step 1, "
anubisgamehobby.com,cloudflare,"{""cloudflare"": ""private""}",False,False,False,False,"step 7, "
anybunny.org,bunnycdn|cloudflare,"{""bunnycdn"": ""private"", ""cloudflare"": ""third""}",True,False,True,False,"step 3, step 5 (SOA), "
anyfund.live,microsoft|cloudflare,"{""microsoft"": ""private"", ""cloudflare"": ""third""}",True,False,True,False,"step 3, step 5 (SOA), "
anylang.net,bunnycdn,"{""bunnycdn"": ""private""}",False,False,False,False,"step 5 (SOA), "
anymarket.com.br,amazon|twitter,"{""amazon"": ""private"", ""twitter"": ""private""}",False,False,True,False,"step 5 (SOA), step 6, "
anytech365.com,amazon,"{""amazon"": ""private""}",False,False,False,False,"step 5 (SOA), "
anytype.io,cloudflare,"{""cloudflare"": ""private""}",False,False,False,False,"step 5 (SOA), "
anzu-rtb.live,microsoft|cloudflare,"{""microsoft"": ""private"", ""cloudflare"": ""third""}",True,False,True,False,"step 3, step 5 (SOA), "
aocde.com,chuangcache,"{""chuangcache"": ""private""}",False,False,False,False,"step 2, "
apartmentguide.com,amazon,"{""amazon"": ""private""}",False,False,False,False,"step 5 (SOA), "
apester.live,microsoft|cloudflare,"{""microsoft"": ""private"", ""cloudflare"": ""third""}",True,False,True,False,"step 3, step 5 (SOA), "
api.aws,amazon,"{""amazon"": ""private""}",False,False,False,False,"step 3, "
apidatax.live,microsoft|cloudflare,"{""microsoft"": ""private"", ""cloudflare"": ""third""}",True,False,True,False,"step 3, step 5 (SOA), "
apilayer.net,cloudflare,"{""cloudflare"": ""private""}",False,False,False,False,"step 5 (SOA), "
apinmo.com,amazon,"{""amazon"": ""private""}",False,False,False,False,"step 5 (SOA), "
apisplus.live,microsoft|bunnycdn,"{""microsoft"": ""private"", ""bunnycdn"": ""third""}",True,False,True,False,"step 3, step 5 (SOA), "
apiture.com,amazon,"{""amazon"": ""private""}",False,False,False,False,"step 5 (SOA), "
apk.live,microsoft,"{""microsoft"": ""private""}",False,False,False,False,"step 3, "
apktorrents.com,cloudflare,"{""cloudflare"": ""private""}",False,False,False,False,"step 5 (SOA), "
aplicativo.net,amazon,"{""amazon"": ""private""}",False,False,False,False,"step 5 (SOA), "
app.delivery,microsoft|cloudflare,"{""microsoft"": ""private"", ""cloudflare"": ""third""}",True,False,True,False,"step 3, step 5 (SOA), "
app.google,google,"{""google"": ""private""}",False,False,False,False,"step 1, "
appachat.live,microsoft|cloudflare,"{""microsoft"": ""private"", ""cloudflare"": ""third""}",True,False,True,False,"step 3, step 5 (SOA), "
appagg.com,cloudflare,"{""cloudflare"": ""private""}",False,False,False,False,"step 5 (SOA), "
appcard.com,amazon,"{""amazon"": ""private""}",False,False,False,False,"step 5 (SOA), "
appchannel.link,amazon,"{""amazon"": ""private""}",False,False,False,False,"step 5 (SOA), "
appconsent.io,google,"{""google"": ""private""}",False,False,False,False,"step 5 (SOA), "
appfigures.com,amazon|cloudflare,"{""amazon"": ""private"", ""cloudflare"": ""private""}",False,False,True,False,"step 5 (SOA), step 7, "
appfirebrick.com,cloudflare,"{""cloudflare"": ""private""}",False,False,False,False,"step 5 (SOA), "
appfolio.com,amazon,"{""amazon"": ""private""}",False,False,False,False,"step 5 (SOA), "
appherolab.com,amazon,"{""amazon"": ""private""}",False,False,False,False,"step 5 (SOA), "
apphousekitchen.com,cloudflare,"{""cloudflare"": ""private""}",False,False,False,False,"step 5 (SOA), "
appia.com,amazon|fastly,"{""amazon"": ""private"", ""fastly"": ""private""}",False,False,True,False,"step 5 (SOA), step 6, "
appiancloud.com,amazon,"{""amazon"": ""private""}",False,False,False,False,"step 5 (SOA), "
apple-cloudkit.com,apple|twitter,"{""apple"": ""private"", ""twitter"": ""private""}",False,False,True,False,"step 3, step 6, "
apple-dns.cn,apple|amazon,"{""apple"": ""private"", ""amazon"": ""third""}",True,False,True,False,"step 3, step 5 (SOA), "
apple-dns.net,apple,"{""apple"": ""private""}",False,False,False,False,"step 2, "
apple-mapkit.com,apple,"{""apple"": ""private""}",False,False,False,False,"step 3, "
apple-productions.com,apple|cloudflare,"{""apple"": ""private"", ""cloudflare"": ""third""}",True,False,True,False,"step 3, step 5 (SOA), "
apple-studies.com,apple|amazon,"{""apple"": ""private"", ""amazon"": ""third""}",True,False,True,False,"step 3, step 5 (SOA), "
apple.cn,apple,"{""apple"": ""private""}",False,False,False,False,"step 3, "
apple.co,apple,"{""apple"": ""private""}",False,False,False,False,"step 3, "
apple.com,apple|akamai,"{""apple"": ""private"", ""akamai"": ""third""}",True,False,True,False,"step 3, step 6, "
apple.com.cn,apple|akamai,"{""apple"": ""private"", ""akamai"": ""third""}",True,False,True,False,"step 3, step 6, "
apple.news,apple,"{""apple"": ""private""}",False,False,False,False,"step 3, "
applearn.tv,apple|amazon,"{""apple"": ""private"", ""amazon"": ""third""}",True,False,True,False,"step 3, step 5 (SOA), "
applebees.com,apple|amazon|cloudflare,"{""apple"": ""private"", ""amazon"": ""third"", ""cloudflare"": ""third""}",True,False,True,True,"step 3, step 5 (SOA), step 6, "
applecash.apple,apple,"{""apple"": ""private""}",False,False,False,False,"step 1, "
applefritter.com,apple,"{""apple"": ""private""}",False,False,False,False,"step 3, "
appleid.com,apple,"{""apple"": ""private""}",False,False,False,False,"step 3, "
appleinsider.com,apple|cloudflare,"{""apple"": ""private"", ""cloudflare"": ""third""}",True,False,True,False,"step 3, step 5 (SOA), "
appleiphonecell.com,apple|akamai,"{""apple"": ""private"", ""akamai"": ""third""}",True,False,True,False,"step 3, step 6, "
applemediaservices.com,apple,"{""apple"": ""private""}",False,False,False,False,"step 3, "
appleofmyeye.com.tw,apple|cloudflare,"{""apple"": ""private"", ""cloudflare"": ""third""}",True,False,True,False,"step 3, step 5 (SOA), "
appleschoolcontent.com,apple,"{""apple"": ""private""}",False,False,False,False,"step 3, "
applescoop.org,apple|cloudflare,"{""apple"": ""private"", ""cloudflare"": ""third""}",True,False,True,False,"step 3, step 5 (SOA), "
applevacations.com,apple|microsoft|akamai,"{""apple"": ""private"", ""microsoft"": ""third"", ""akamai"": ""third""}",True,False,True,True,"step 3, step 5 (SOA), step 6, "
applevalleycitizens.org,apple|cloudflare,"{""apple"": ""private"", ""cloudflare"": ""third""}",True,False,True,False,"step 3, step 5 (SOA), "
applevis.com,apple|cloudflare,"{""apple"": ""private"", ""cloudflare"": ""third""}",True,False,True,False,"step 3, step 5 (SOA), "
appleworv.com,apple|cloudflare,"{""apple"": ""private"", ""cloudflare"": ""third""}",True,False,True,False,"step 3, step 7, "
applicantstack.com,amazon,"{""amazon"": ""private""}",False,False,False,False,"step 5 (SOA), "
appliedcloudplatform.com,cloudflare,"{""cloudflare"": ""private""}",False,False,False,False,"step 5 (SOA), "
applovin.com,google,"{""google"": ""private""}",False,False,False,False,"step 5 (SOA), "
appocean.media,cloudflare,"{""cloudflare"": ""private""}",False,False,False,False,"step 5 (SOA), "
appriver.com,cloudflare,"{""cloudflare"": ""private""}",False,False,False,False,"step 5 (SOA), "
apps-newhorizonindia.in,amazon,"{""amazon"": ""private""}",False,False,False,False,"step 5 (SOA), "
appsheet.com,google|twitter,"{""google"": ""private"", ""twitter"": ""private""}",False,False,True,False,"step 5 (SOA), step 6, "
appspot.com,google,"{""google"": ""private""}",False,False,False,False,"step 2, "
appstle.com,google,"{""google"": ""private""}",False,False,False,False,"step 5 (SOA), "
appsumo.com,cloudflare,"{""cloudflare"": ""private""}",False,False,False,False,"step 5 (SOA), "
apptimize.com,amazon,"{""amazon"": ""private""}",False,False,False,False,"step 5 (SOA), "
appyet.com,twitter,"{""twitter"": ""private""}",False,False,False,False,"step 6, "
aprendechinohoy.com,amazon,"{""amazon"": ""private""}",False,False,False,False,"step 5 (SOA), "
apriori.com,cloudflare,"{""cloudflare"": ""private""}",False,False,False,False,"step 7, "
aptdeco.com,amazon,"{""amazon"": ""private""}",False,False,False,False,"step 5 (SOA), "
apteryx.com,cloudflare,"{""cloudflare"": ""private""}",False,False,False,False,"step 5 (SOA), "
aptoslabs.com,google|nextjs,"{""google"": ""private"", ""nextjs"": ""private""}",False,False,True,False,"step 5 (SOA), step 7, "
aquariumspecialty.com,cloudflare,"{""cloudflare"": ""private""}",False,False,False,False,"step 5 (SOA), "
arabiaweather.com,amazon,"{""amazon"": ""private""}",False,False,False,False,"step 5 (SOA), "
arc-dc-msedge.net,microsoft,"{""microsoft"": ""private""}",False,False,False,False,"step 3, "
arc-msedge.net,microsoft,"{""microsoft"": ""private""}",False,False,False,False,"step 3, "
arca.live,microsoft|cloudflare,"{""microsoft"": ""private"", ""cloudflare"": ""third""}",True,False,True,False,"step 3, step 5 (SOA), "
archivommdh.cl,microsoft,"{""microsoft"": ""private""}",False,False,False,False,"step 5 (SOA), "
arconazure.com,microsoft,"{""microsoft"": ""private""}",False,False,False,False,"step 3, "
areyouwatchingthis.com,amazon,"{""amazon"": ""private""}",False,False,False,False,"step 5 (SOA), "
argenprop.com,amazon,"{""amazon"": ""private""}",False,False,False,False,"step 5 (SOA), "
argentinatv.live,microsoft|cloudflare,"{""microsoft"": ""private"", ""cloudflare"": ""third""}",True,False,True,False,"step 3, step 5 (SOA), "
argep.hu,amazon|cloudflare,"{""amazon"": ""private"", ""cloudflare"": ""private""}",False,False,True,False,"step 5 (SOA), step 6, "
arivaran.ai,cloudflare,"{""cloudflare"": ""private""}",False,False,False,False,"step 5 (SOA), "
arizona-rp.com,cloudflare,"{""cloudflare"": ""private""}",False,False,False,False,"step 5 (SOA), "
arkdedicated.com,amazon,"{""amazon"": ""private""}",False,False,False,False,"step 5 (SOA), "
arm-dc-msedge.net,microsoft,"{""microsoft"": ""private""}",False,False,False,False,"step 3, "
arm-msedge.net,microsoft,"{""microsoft"": ""private""}",False,False,False,False,"step 3, "
armtek.ru,cloudflare,"{""cloudflare"": ""private""}",False,False,False,False,"step 5 (SOA), "
arquivei.com.br,google,"{""google"": ""private""}",False,False,False,False,"step 5 (SOA), "
array.io,digicert,"{""digicert"": ""private""}",False,False,False,False,"step 5 (SOA), "
arstechnica.com,amazon,"{""amazon"": ""private""}",False,False,False,False,"step 5 (SOA), "
artstorm.tech,amazon,"{""amazon"": ""private""}",False,False,False,False,"step 5 (SOA), "
arxiv.org,google|fastly,"{""google"": ""private"", ""fastly"": ""private""}",False,False,True,False,"step 5 (SOA), step 7, "
asanpardakht.com,twitter,"{""twitter"": ""private""}",False,False,False,False,"step 6, "
ascenzmarorka.com,microsoft,"{""microsoft"": ""private""}",False,False,False,False,"step 5 (SOA), "
asco.org,amazon,"{""amazon"": ""private""}",False,False,False,False,"step 5 (SOA), "
asesores-e.com,amazon,"{""amazon"": ""private""}",False,False,False,False,"step 5 (SOA), "
asklayer.io,cloudflare,"{""cloudflare"": ""private""}",False,False,False,False,"step 5 (SOA), "
asocks.com,cloudflare,"{""cloudflare"": ""private""}",False,False,False,False,"step 5 (SOA), "
assaygenie.com,cloudflare,"{""cloudflare"": ""private""}",False,False,False,False,"step 7, "
assetsdelivery.com,microsoft|amazon,"{""microsoft"": ""private"", ""amazon"": ""third""}",True,False,True,False,"step 3, step 5 (SOA), "
assoc-amazon.com,amazon,"{""amazon"": ""private""}",False,False,False,False,"step 3, "
astratech.ae,amazon,"{""amazon"": ""private""}",False,False,False,False,"step 5 (SOA), "
astrazeneca.cn,amazon,"{""amazon"": ""private""}",False,False,False,False,"step 6, "
astrotalk.com,amazon,"{""amazon"": ""private""}",False,False,False,False,"step 5 (SOA), "
astrotalk.in,amazon,"{""amazon"": ""private""}",False,False,False,False,"step 5 (SOA), "
asup.su,cloudflare,"{""cloudflare"": ""private""}",False,False,False,False,"step 5 (SOA), "
athlonsports.com,cloudflare|fastly,"{""cloudflare"": ""private"", ""fastly"": ""private""}",False,False,True,False,"step 5 (SOA), step 7, "
atiofny.com,microsoft|sucuri,"{""microsoft"": ""private"", ""sucuri"": ""private""}",False,False,True,False,"step 5 (SOA), step 7, "
atlantablackstar.com,cloudflare,"{""cloudflare"": ""private""}",False,False,False,False,"step 5 (SOA), "
atlanticcouncil.org,cloudflare,"{""cloudflare"": ""private""}",False,False,False,False,"step 5 (SOA), "
atmeta.com,meta,"{""meta"": ""private""}",False,False,False,False,"step 5 (SOA), "
atmosenergy.com,microsoft,"{""microsoft"": ""private""}",False,False,False,False,"step 5 (SOA), "
atomex.net,amazon,"{""amazon"": ""private""}",False,False,False,False,"step 5 (SOA), "
att.com.mx,twitter|amazon,"{""twitter"": ""private"", ""amazon"": ""private""}",False,False,True,False,"step 6, step 7, "
attendanceondemand.com,cloudflare,"{""cloudflare"": ""private""}",False,False,False,False,"step 7, "
attensi.com,microsoft,"{""microsoft"": ""private""}",False,False,False,False,"step 5 (SOA), "
attwifi.com,microsoft,"{""microsoft"": ""private""}",False,False,False,False,"step 5 (SOA), "
atuin.sh,cloudflare,"{""cloudflare"": ""private""}",False,False,False,False,"step 5 (SOA), "
au-msedge.net,microsoft,"{""microsoft"": ""private""}",False,False,False,False,"step 3, "
auction.co.kr,amazon|cloudflare,"{""amazon"": ""private"", ""cloudflare"": ""private""}",False,False,True,False,"step 5 (SOA), step 6, "
auctionmobility.com,amazon,"{""amazon"": ""private""}",False,False,False,False,"step 5 (SOA), "
audalize.co,microsoft,"{""microsoft"": ""private""}",False,False,False,False,"step 5 (SOA), "
audible.ca,amazon,"{""amazon"": ""private""}",False,False,False,False,"step 5 (SOA), "
audible.co.jp,amazon,"{""amazon"": ""private""}",False,False,False,False,"step 5 (SOA), "
audible.co.uk,amazon,"{""amazon"": ""private""}",False,False,False,False,"step 5 (SOA), "
audible.com,amazon,"{""amazon"": ""private""}",False,False,False,False,"step 5 (SOA), "
audible.com.au,amazon,"{""amazon"": ""private""}",False,False,False,False,"step 5 (SOA), "
audible.com.br,amazon,"{""amazon"": ""private""}",False,False,False,False,"step 5 (SOA), "
audible.de,amazon,"{""amazon"": ""private""}",False,False,False,False,"step 5 (SOA), "
audible.es,amazon,"{""amazon"": ""private""}",False,False,False,False,"step 5 (SOA), "
audible.fr,amazon,"{""amazon"": ""private""}",False,False,False,False,"step 5 (SOA), "
audible.in,amazon,"{""amazon"": ""private""}",False,False,False,False,"step 5 (SOA), "
audible.it,amazon,"{""amazon"": ""private""}",False,False,False,False,"step 5 (SOA), "
audirsclub.it,cloudflare,"{""cloudflare"": ""private""}",False,False,False,False,"step 5 (SOA), "
august.com,amazon|twitter|cloudflare,"{""amazon"": ""private"", ""twitter"": ""private"", ""cloudflare"": ""private""}",False,False,True,False,"step 5 (SOA), step 6, step 7, "
aurelon.com,amazon,"{""amazon"": ""private""}",False,False,False,False,"step 5 (SOA), "
auslogics.com,amazon,"{""amazon"": ""private""}",False,False,False,False,"step 5 (SOA), "
austinchronicle.com,cloudflare,"{""cloudflare"": ""private""}",False,False,False,False,"step 5 (SOA), "
australianmusiccentre.com.au,amazon,"{""amazon"": ""private""}",False,False,False,False,"step 5 (SOA), "
auth-secure-socket.com,twitter,"{""twitter"": ""private""}",False,False,False,False,"step 6, "
autoblog.com,amazon|fastly,"{""amazon"": ""private"", ""fastly"": ""private""}",False,False,True,False,"step 5 (SOA), step 7, "
autobrr.com,cloudflare,"{""cloudflare"": ""private""}",False,False,False,False,"step 5 (SOA), "
autocad.com,amazon,"{""amazon"": ""private""}",False,False,False,False,"step 5 (SOA), "
autochinanet.com,twitter,"{""twitter"": ""private""}",False,False,False,False,"step 6, "
autodeskplm360.net,amazon,"{""amazon"": ""private""}",False,False,False,False,"step 5 (SOA), "
autoleadstar.com,amazon,"{""amazon"": ""private""}",False,False,False,False,"step 5 (SOA), "
automotivemastermind.com,microsoft|google,"{""microsoft"": ""private"", ""google"": ""private""}",False,False,True,False,"step 5 (SOA), step 7, "
autopiter.ru,cloudflare,"{""cloudflare"": ""private""}",False,False,False,False,"step 5 (SOA), "
autoplusmart.com,twitter,"{""twitter"": ""private""}",False,False,False,False,"step 6, "
autospajaen.com,cloudflare,"{""cloudflare"": ""private""}",False,False,False,False,"step 5 (SOA), "
autotrader.co.uk,cloudflare,"{""cloudflare"": ""private""}",False,False,False,False,"step 5 (SOA), "
autotraderspecialty.com,amazon,"{""amazon"": ""private""}",False,False,False,False,"step 5 (SOA), "
avads.live,microsoft|cloudflare,"{""microsoft"": ""private"", ""cloudflare"": ""third""}",True,False,True,False,"step 3, step 5 (SOA), "
avads.net,google,"{""google"": ""private""}",False,False,False,False,"step 7, "
avanan.net,amazon,"{""amazon"": ""private""}",False,False,False,False,"step 5 (SOA), "
avantlink.com,amazon,"{""amazon"": ""private""}",False,False,False,False,"step 5 (SOA), "
avast.com,avast|akamai,"{""avast"": ""private"", ""akamai"": ""third""}",True,False,True,False,"step 3, step 6, "
avastbrowser.com,avast|cloudflare,"{""avast"": ""private"", ""cloudflare"": ""third""}",True,False,True,False,"step 3, step 5 (SOA), "
avastcdn.com,avast,"{""avast"": ""private""}",False,False,False,False,"step 3, "
avidbots.com,amazon,"{""amazon"": ""private""}",False,False,False,False,"step 5 (SOA), "
avspare.com,cloudflare,"{""cloudflare"": ""private""}",False,False,False,False,"step 5 (SOA), "
awdeliverynet.com,microsoft|twitter,"{""microsoft"": ""private"", ""twitter"": ""private""}",False,False,True,False,"step 3, step 6, "
awesomescreenshot.com,twitter,"{""twitter"": ""private""}",False,False,False,False,"step 6, "
aws-cbc.cloud,amazon,"{""amazon"": ""private""}",False,False,False,False,"step 3, "
aws-prd.net,amazon,"{""amazon"": ""private""}",False,False,False,False,"step 3, "
aws-thinq-prd.net,amazon,"{""amazon"": ""private""}",False,False,False,False,"step 3, "
aws.com,amazon,"{""amazon"": ""private""}",False,False,False,False,"step 3, "
aws.dev,amazon,"{""amazon"": ""private""}",False,False,False,False,"step 3, "
aws5gbet.com,amazon,"{""amazon"": ""private""}",False,False,False,False,"step 3, "
aws777tiger.com,amazon,"{""amazon"": ""private""}",False,False,False,False,"step 3, "
aws888pg.com,amazon,"{""amazon"": ""private""}",False,False,False,False,"step 3, "
awsapprunner.com,amazon,"{""amazon"": ""private""}",False,False,False,False,"step 3, "
awsapps.com,amazon,"{""amazon"": ""private""}",False,False,False,False,"step 3, "
awscloud.com,amazon,"{""amazon"": ""private""}",False,False,False,False,"step 3, "
awsdns-00.co.uk,amazon,"{""amazon"": ""private""}",False,False,False,False,"step 3, "
awsdns-00.com,amazon,"{""amazon"": ""private""}",False,False,False,False,"step 3, "
awsdns-00.net,amazon,"{""amazon"": ""private""}",False,False,False,False,"step 3, "
awsdns-00.org,amazon,"{""amazon"": ""private""}",False,False,False,False,"step 3, "
awsdns-01.co.uk,amazon,"{""amazon"": ""private""}",False,False,False,False,"step 3, "
awsdns-01.com,amazon,"{""amazon"": ""private""}",False,False,False,False,"step 3, "
awsdns-01.net,amazon,"{""amazon"": ""private""}",False,False,False,False,"step 3, "
awsdns-01.org,amazon,"{""amazon"": ""private""}",False,False,False,False,"step 3, "
awsdns-02.co.uk,amazon,"{""amazon"": ""private""}",False,False,False,False,"step 3, "
awsdns-02.com,amazon,"{""amazon"": ""private""}",False,False,False,False,"step 3, "
awsdns-02.net,amazon,"{""amazon"": ""private""}",False,False,False,False,"step 3, "
awsdns-02.org,amazon,"{""amazon"": ""private""}",False,False,False,False,"step 3, "
awsdns-03.co.uk,amazon,"{""amazon"": ""private""}",False,False,False,False,"step 3, "
awsdns-03.com,amazon,"{""amazon"": ""private""}",False,False,False,False,"step 3, "
awsdns-03.net,amazon,"{""amazon"": ""private""}",False,False,False,False,"step 3, "
awsdns-03.org,amazon,"{""amazon"": ""private""}",False,False,False,False,"step 3, "
awsdns-04.co.uk,amazon,"{""amazon"": ""private""}",False,False,False,False,"step 3, "
awsdns-04.com,amazon,"{""amazon"": ""private""}",False,False,False,False,"step 3, "
awsdns-04.net,amazon,"{""amazon"": ""private""}",False,False,False,False,"step 3, "
awsdns-04.org,amazon,"{""amazon"": ""private""}",False,False,False,False,"step 3, "
awsdns-05.co.uk,amazon,"{""amazon"": ""private""}",False,False,False,False,"step 3, "
awsdns-05.com,amazon,"{""amazon"": ""private""}",False,False,False,False,"step 3, "
awsdns-05.net,amazon,"{""amazon"": ""private""}",False,False,False,False,"step 3, "
awsdns-05.org,amazon,"{""amazon"": ""private""}",False,False,False,False,"step 3, "
awsdns-06.co.uk,amazon,"{""amazon"": ""private""}",False,False,False,False,"step 3, "
awsdns-06.com,amazon,"{""amazon"": ""private""}",False,False,False,False,"step 3, "
awsdns-06.net,amazon,"{""amazon"": ""private""}",False,False,False,False,"step 3, "
awsdns-06.org,amazon,"{""amazon"": ""private""}",False,False,False,False,"step 3, "
awsdns-07.co.uk,amazon,"{""amazon"": ""private""}",False,False,False,False,"step 3, "
awsdns-07.com,amazon,"{""amazon"": ""private""}",False,False,False,False,"step 3, "
awsdns-07.net,amazon,"{""amazon"": ""private""}",False,False,False,False,"step 3, "
awsdns-07.org,amazon,"{""amazon"": ""private""}",False,False,False,False,"step 3, "
awsdns-08.co.uk,amazon,"{""amazon"": ""private""}",False,False,False,False,"step 3, "
awsdns-08.com,amazon,"{""amazon"": ""private""}",False,False,False,False,"step 3, "
awsdns-08.net,amazon,"{""amazon"": ""private""}",False,False,False,False,"step 3, "
awsdns-08.org,amazon,"{""amazon"": ""private""}",False,False,False,False,"step 3, "
awsdns-09.co.uk,amazon,"{""amazon"": ""private""}",False,False,False,False,"step 3, "
awsdns-09.com,amazon,"{""amazon"": ""private""}",False,False,False,False,"step 3, "
awsdns-09.net,amazon,"{""amazon"": ""private""}",False,False,False,False,"step 3, "
awsdns-09.org,amazon,"{""amazon"": ""private""}",False,False,False,False,"step 3, "
awsdns-10.co.uk,amazon,"{""amazon"": ""private""}",False,False,False,False,"step 3, "
awsdns-10.com,amazon,"{""amazon"": ""private""}",False,False,False,False,"step 3, "
awsdns-10.net,amazon,"{""amazon"": ""private""}",False,False,False,False,"step 3, "
awsdns-10.org,amazon,"{""amazon"": ""private""}",False,False,False,False,"step 3, "
awsdns-11.co.uk,amazon,"{""amazon"": ""private""}",False,False,False,False,"step 3, "
awsdns-11.com,amazon,"{""amazon"": ""private""}",False,False,False,False,"step 3, "
awsdns-11.net,amazon,"{""amazon"": ""private""}",False,False,False,False,"step 3, "
awsdns-11.org,amazon,"{""amazon"": ""private""}",False,False,False,False,"step 3, "
awsdns-12.co.uk,amazon,"{""amazon"": ""private""}",False,False,False,False,"step 3, "
awsdns-12.com,amazon,"{""amazon"": ""private""}",False,False,False,False,"step 3, "
awsdns-12.net,amazon,"{""amazon"": ""private""}",False,False,False,False,"step 3, "
awsdns-12.org,amazon,"{""amazon"": ""private""}",False,False,False,False,"step 3, "
awsdns-13.co.uk,amazon,"{""amazon"": ""private""}",False,False,False,False,"step 3, "
awsdns-13.com,amazon,"{""amazon"": ""private""}",False,False,False,False,"step 3, "
awsdns-13.net,amazon,"{""amazon"": ""private""}",False,False,False,False,"step 3, "
awsdns-13.org,amazon,"{""amazon"": ""private""}",False,False,False,False,"step 3, "
awsdns-14.co.uk,amazon,"{""amazon"": ""private""}",False,False,False,False,"step 3, "
awsdns-14.com,amazon,"{""amazon"": ""private""}",False,False,False,False,"step 3, "
awsdns-14.net,amazon,"{""amazon"": ""private""}",False,False,False,False,"step 3, "
awsdns-14.org,amazon,"{""amazon"": ""private""}",False,False,False,False,"step 3, "
awsdns-15.co.uk,amazon,"{""amazon"": ""private""}",False,False,False,False,"step 3, "
awsdns-15.com,amazon,"{""amazon"": ""private""}",False,False,False,False,"step 3, "
awsdns-15.net,amazon,"{""amazon"": ""private""}",False,False,False,False,"step 3, "
awsdns-15.org,amazon,"{""amazon"": ""private""}",False,False,False,False,"step 3, "
awsdns-16.co.uk,amazon,"{""amazon"": ""private""}",False,False,False,False,"step 3, "
awsdns-16.com,amazon,"{""amazon"": ""private""}",False,False,False,False,"step 3, "
awsdns-16.net,amazon,"{""amazon"": ""private""}",False,False,False,False,"step 3, "
awsdns-16.org,amazon,"{""amazon"": ""private""}",False,False,False,False,"step 3, "
awsdns-17.co.uk,amazon,"{""amazon"": ""private""}",False,False,False,False,"step 3, "
awsdns-17.com,amazon,"{""amazon"": ""private""}",False,False,False,False,"step 3, "
awsdns-17.net,amazon,"{""amazon"": ""private""}",False,False,False,False,"step 3, "
awsdns-17.org,amazon,"{""amazon"": ""private""}",False,False,False,False,"step 3, "
awsdns-18.co.uk,amazon,"{""amazon"": ""private""}",False,False,False,False,"step 3, "
awsdns-18.com,amazon,"{""amazon"": ""private""}",False,False,False,False,"step 3, "
awsdns-18.net,amazon,"{""amazon"": ""private""}",False,False,False,False,"step 3, "
awsdns-18.org,amazon,"{""amazon"": ""private""}",False,False,False,False,"step 3, "
awsdns-19.co.uk,amazon,"{""amazon"": ""private""}",False,False,False,False,"step 3, "
awsdns-19.com,amazon,"{""amazon"": ""private""}",False,False,False,False,"step 3, "
awsdns-19.net,amazon,"{""amazon"": ""private""}",False,False,False,False,"step 3, "
awsdns-19.org,amazon,"{""amazon"": ""private""}",False,False,False,False,"step 3, "
awsdns-20.co.uk,amazon,"{""amazon"": ""private""}",False,False,False,False,"step 3, "
awsdns-20.com,amazon,"{""amazon"": ""private""}",False,False,False,False,"step 3, "
awsdns-20.net,amazon,"{""amazon"": ""private""}",False,False,False,False,"step 3, "
awsdns-20.org,amazon,"{""amazon"": ""private""}",False,False,False,False,"step 3, "
awsdns-21.co.uk,amazon,"{""amazon"": ""private""}",False,False,False,False,"step 3, "
awsdns-21.com,amazon,"{""amazon"": ""private""}",False,False,False,False,"step 3, "
awsdns-21.net,amazon,"{""amazon"": ""private""}",False,False,False,False,"step 3, "
awsdns-21.org,amazon,"{""amazon"": ""private""}",False,False,False,False,"step 3, "
awsdns-22.co.uk,amazon,"{""amazon"": ""private""}",False,False,False,False,"step 3, "
awsdns-22.com,amazon,"{""amazon"": ""private""}",False,False,False,False,"step 3, "
awsdns-22.net,amazon,"{""amazon"": ""private""}",False,False,False,False,"step 3, "
awsdns-22.org,amazon,"{""amazon"": ""private""}",False,False,False,False,"step 3, "
awsdns-23.co.uk,amazon,"{""amazon"": ""private""}",False,False,False,False,"step 3, "
awsdns-23.com,amazon,"{""amazon"": ""private""}",False,False,False,False,"step 3, "
awsdns-23.net,amazon,"{""amazon"": ""private""}",False,False,False,False,"step 3, "
awsdns-23.org,amazon,"{""amazon"": ""private""}",False,False,False,False,"step 3, "
awsdns-24.co.uk,amazon,"{""amazon"": ""private""}",False,False,False,False,"step 3, "
awsdns-24.com,amazon,"{""amazon"": ""private""}",False,False,False,False,"step 3, "
awsdns-24.net,amazon,"{""amazon"": ""private""}",False,False,False,False,"step 3, "
awsdns-24.org,amazon,"{""amazon"": ""private""}",False,False,False,False,"step 3, "
awsdns-25.co.uk,amazon,"{""amazon"": ""private""}",False,False,False,False,"step 3, "
awsdns-25.com,amazon,"{""amazon"": ""private""}",False,False,False,False,"step 3, "
awsdns-25.net,amazon,"{""amazon"": ""private""}",False,False,False,False,"step 3, "
awsdns-25.org,amazon,"{""amazon"": ""private""}",False,False,False,False,"step 3, "
awsdns-26.co.uk,amazon,"{""amazon"": ""private""}",False,False,False,False,"step 3, "
awsdns-26.com,amazon,"{""amazon"": ""private""}",False,False,False,False,"step 3, "
awsdns-26.net,amazon,"{""amazon"": ""private""}",False,False,False,False,"step 3, "
awsdns-26.org,amazon,"{""amazon"": ""private""}",False,False,False,False,"step 3, "
awsdns-27.co.uk,amazon,"{""amazon"": ""private""}",False,False,False,False,"step 3, "
awsdns-27.com,amazon,"{""amazon"": ""private""}",False,False,False,False,"step 3, "
awsdns-27.net,amazon,"{""amazon"": ""private""}",False,False,False,False,"step 3, "
awsdns-27.org,amazon,"{""amazon"": ""private""}",False,False,False,False,"step 3, "
awsdns-28.co.uk,amazon,"{""amazon"": ""private""}",False,False,False,False,"step 3, "
awsdns-28.com,amazon,"{""amazon"": ""private""}",False,False,False,False,"step 3, "
awsdns-28.net,amazon,"{""amazon"": ""private""}",False,False,False,False,"step 3, "
awsdns-28.org,amazon,"{""amazon"": ""private""}",False,False,False,False,"step 3, "
awsdns-29.co.uk,amazon,"{""amazon"": ""private""}",False,False,False,False,"step 3, "
awsdns-29.com,amazon,"{""amazon"": ""private""}",False,False,False,False,"step 3, "
awsdns-29.net,amazon,"{""amazon"": ""private""}",False,False,False,False,"step 3, "
awsdns-29.org,amazon,"{""amazon"": ""private""}",False,False,False,False,"step 3, "
awsdns-30.co.uk,amazon,"{""amazon"": ""private""}",False,False,False,False,"step 3, "
awsdns-30.com,amazon,"{""amazon"": ""private""}",False,False,False,False,"step 3, "
awsdns-30.net,amazon,"{""amazon"": ""private""}",False,False,False,False,"step 3, "
awsdns-30.org,amazon,"{""amazon"": ""private""}",False,False,False,False,"step 3, "
awsdns-31.co.uk,amazon,"{""amazon"": ""private""}",False,False,False,False,"step 3, "
awsdns-31.com,amazon,"{""amazon"": ""private""}",False,False,False,False,"step 3, "
awsdns-31.net,amazon,"{""amazon"": ""private""}",False,False,False,False,"step 3, "
awsdns-31.org,amazon,"{""amazon"": ""private""}",False,False,False,False,"step 3, "
awsdns-32.co.uk,amazon,"{""amazon"": ""private""}",False,False,False,False,"step 3, "
awsdns-32.com,amazon,"{""amazon"": ""private""}",False,False,False,False,"step 3, "
awsdns-32.net,amazon,"{""amazon"": ""private""}",False,False,False,False,"step 3, "
awsdns-32.org,amazon,"{""amazon"": ""private""}",False,False,False,False,"step 3, "
awsdns-33.co.uk,amazon,"{""amazon"": ""private""}",False,False,False,False,"step 3, "
awsdns-33.com,amazon,"{""amazon"": ""private""}",False,False,False,False,"step 3, "
awsdns-33.net,amazon,"{""amazon"": ""private""}",False,False,False,False,"step 3, "
awsdns-33.org,amazon,"{""amazon"": ""private""}",False,False,False,False,"step 3, "
awsdns-34.co.uk,amazon,"{""amazon"": ""private""}",False,False,False,False,"step 3, "
awsdns-34.com,amazon,"{""amazon"": ""private""}",False,False,False,False,"step 3, "
awsdns-34.net,amazon,"{""amazon"": ""private""}",False,False,False,False,"step 3, "
awsdns-34.org,amazon,"{""amazon"": ""private""}",False,False,False,False,"step 3, "
awsdns-35.co.uk,amazon,"{""amazon"": ""private""}",False,False,False,False,"step 3, "
awsdns-35.com,amazon,"{""amazon"": ""private""}",False,False,False,False,"step 3, "
awsdns-35.net,amazon,"{""amazon"": ""private""}",False,False,False,False,"step 3, "
awsdns-35.org,amazon,"{""amazon"": ""private""}",False,False,False,False,"step 3, "
awsdns-36.co.uk,amazon,"{""amazon"": ""private""}",False,False,False,False,"step 3, "
awsdns-36.com,amazon,"{""amazon"": ""private""}",False,False,False,False,"step 3, "
awsdns-36.net,amazon,"{""amazon"": ""private""}",False,False,False,False,"step 3, "
awsdns-36.org,amazon,"{""amazon"": ""private""}",False,False,False,False,"step 3, "
awsdns-37.co.uk,amazon,"{""amazon"": ""private""}",False,False,False,False,"step 3, "
awsdns-37.com,amazon,"{""amazon"": ""private""}",False,False,False,False,"step 3, "
awsdns-37.net,amazon,"{""amazon"": ""private""}",False,False,False,False,"step 3, "
awsdns-37.org,amazon,"{""amazon"": ""private""}",False,False,False,False,"step 3, "
awsdns-38.co.uk,amazon,"{""amazon"": ""private""}",False,False,False,False,"step 3, "
awsdns-38.com,amazon,"{""amazon"": ""private""}",False,False,False,False,"step 3, "
awsdns-38.net,amazon,"{""amazon"": ""private""}",False,False,False,False,"step 3, "
awsdns-38.org,amazon,"{""amazon"": ""private""}",False,False,False,False,"step 3, "
awsdns-39.co.uk,amazon,"{""amazon"": ""private""}",False,False,False,False,"step 3, "
awsdns-39.com,amazon,"{""amazon"": ""private""}",False,False,False,False,"step 3, "
awsdns-39.net,amazon,"{""amazon"": ""private""}",False,False,False,False,"step 3, "
awsdns-39.org,amazon,"{""amazon"": ""private""}",False,False,False,False,"step 3, "
awsdns-40.co.uk,amazon,"{""amazon"": ""private""}",False,False,False,False,"step 3, "
awsdns-40.com,amazon,"{""amazon"": ""private""}",False,False,False,False,"step 3, "
awsdns-40.net,amazon,"{""amazon"": ""private""}",False,False,False,False,"step 3, "
awsdns-40.org,amazon,"{""amazon"": ""private""}",False,False,False,False,"step 3, "
awsdns-41.co.uk,amazon,"{""amazon"": ""private""}",False,False,False,False,"step 3, "
awsdns-41.com,amazon,"{""amazon"": ""private""}",False,False,False,False,"step 3, "
awsdns-41.net,amazon,"{""amazon"": ""private""}",False,False,False,False,"step 3, "
awsdns-41.org,amazon,"{""amazon"": ""private""}",False,False,False,False,"step 3, "
awsdns-42.co.uk,amazon,"{""amazon"": ""private""}",False,False,False,False,"step 3, "
awsdns-42.com,amazon,"{""amazon"": ""private""}",False,False,False,False,"step 3, "
awsdns-42.net,amazon,"{""amazon"": ""private""}",False,False,False,False,"step 3, "
awsdns-42.org,amazon,"{""amazon"": ""private""}",False,False,False,False,"step 3, "
awsdns-43.co.uk,amazon,"{""amazon"": ""private""}",False,False,False,False,"step 3, "
awsdns-43.com,amazon,"{""amazon"": ""private""}",False,False,False,False,"step 3, "
awsdns-43.net,amazon,"{""amazon"": ""private""}",False,False,False,False,"step 3, "
awsdns-43.org,amazon,"{""amazon"": ""private""}",False,False,False,False,"step 3, "
awsdns-44.co.uk,amazon,"{""amazon"": ""private""}",False,False,False,False,"step 3, "
awsdns-44.com,amazon,"{""amazon"": ""private""}",False,False,False,False,"step 3, "
awsdns-44.net,amazon,"{""amazon"": ""private""}",False,False,False,False,"step 3, "
awsdns-44.org,amazon,"{""amazon"": ""private""}",False,False,False,False,"step 3, "
awsdns-45.co.uk,amazon,"{""amazon"": ""private""}",False,False,False,False,"step 3, "
awsdns-45.com,amazon,"{""amazon"": ""private""}",False,False,False,False,"step 3, "
awsdns-45.net,amazon,"{""amazon"": ""private""}",False,False,False,False,"step 3, "
awsdns-45.org,amazon,"{""amazon"": ""private""}",False,False,False,False,"step 3, "
awsdns-46.co.uk,amazon,"{""amazon"": ""private""}",False,False,False,False,"step 3, "
awsdns-46.com,amazon,"{""amazon"": ""private""}",False,False,False,False,"step 3, "
awsdns-46.net,amazon,"{""amazon"": ""private""}",False,False,False,False,"step 3, "
awsdns-46.org,amazon,"{""amazon"": ""private""}",False,False,False,False,"step 3, "
awsdns-47.co.uk,amazon,"{""amazon"": ""private""}",False,False,False,False,"step 3, "
awsdns-47.com,amazon,"{""amazon"": ""private""}",False,False,False,False,"step 3, "
awsdns-47.net,amazon,"{""amazon"": ""private""}",False,False,False,False,"step 3, "
awsdns-47.org,amazon,"{""amazon"": ""private""}",False,False,False,False,"step 3, "
awsdns-48.co.uk,amazon,"{""amazon"": ""private""}",False,False,False,False,"step 3, "
awsdns-48.com,amazon,"{""amazon"": ""private""}",False,False,False,False,"step 3, "
awsdns-48.net,amazon,"{""amazon"": ""private""}",False,False,False,False,"step 3, "
awsdns-48.org,amazon,"{""amazon"": ""private""}",False,False,False,False,"step 3, "
awsdns-49.co.uk,amazon,"{""amazon"": ""private""}",False,False,False,False,"step 3, "
awsdns-49.com,amazon,"{""amazon"": ""private""}",False,False,False,False,"step 3, "
awsdns-49.net,amazon,"{""amazon"": ""private""}",False,False,False,False,"step 3, "
awsdns-49.org,amazon,"{""amazon"": ""private""}",False,False,False,False,"step 3, "
awsdns-50.co.uk,amazon,"{""amazon"": ""private""}",False,False,False,False,"step 3, "
awsdns-50.com,amazon,"{""amazon"": ""private""}",False,False,False,False,"step 3, "
awsdns-50.net,amazon,"{""amazon"": ""private""}",False,False,False,False,"step 3, "
awsdns-50.org,amazon,"{""amazon"": ""private""}",False,False,False,False,"step 3, "
awsdns-51.co.uk,amazon,"{""amazon"": ""private""}",False,False,False,False,"step 3, "
awsdns-51.com,amazon,"{""amazon"": ""private""}",False,False,False,False,"step 3, "
awsdns-51.net,amazon,"{""amazon"": ""private""}",False,False,False,False,"step 3, "
awsdns-51.org,amazon,"{""amazon"": ""private""}",False,False,False,False,"step 3, "
awsdns-52.co.uk,amazon,"{""amazon"": ""private""}",False,False,False,False,"step 3, "
awsdns-52.com,amazon,"{""amazon"": ""private""}",False,False,False,False,"step 3, "
awsdns-52.net,amazon,"{""amazon"": ""private""}",False,False,False,False,"step 3, "
awsdns-52.org,amazon,"{""amazon"": ""private""}",False,False,False,False,"step 3, "
awsdns-53.co.uk,amazon,"{""amazon"": ""private""}",False,False,False,False,"step 3, "
awsdns-53.com,amazon,"{""amazon"": ""private""}",False,False,False,False,"step 3, "
awsdns-53.net,amazon,"{""amazon"": ""private""}",False,False,False,False,"step 3, "
awsdns-53.org,amazon,"{""amazon"": ""private""}",False,False,False,False,"step 3, "
awsdns-54.co.uk,amazon,"{""amazon"": ""private""}",False,False,False,False,"step 3, "
awsdns-54.com,amazon,"{""amazon"": ""private""}",False,False,False,False,"step 3, "
awsdns-54.net,amazon,"{""amazon"": ""private""}",False,False,False,False,"step 3, "
awsdns-54.org,amazon,"{""amazon"": ""private""}",False,False,False,False,"step 3, "
awsdns-55.co.uk,amazon,"{""amazon"": ""private""}",False,False,False,False,"step 3, "
awsdns-55.com,amazon,"{""amazon"": ""private""}",False,False,False,False,"step 3, "
awsdns-55.net,amazon,"{""amazon"": ""private""}",False,False,False,False,"step 3, "
awsdns-55.org,amazon,"{""amazon"": ""private""}",False,False,False,False,"step 3, "
awsdns-56.co.uk,amazon,"{""amazon"": ""private""}",False,False,False,False,"step 3, "
awsdns-56.com,amazon,"{""amazon"": ""private""}",False,False,False,False,"step 3, "
awsdns-56.net,amazon,"{""amazon"": ""private""}",False,False,False,False,"step 3, "
awsdns-56.org,amazon,"{""amazon"": ""private""}",False,False,False,False,"step 3, "
awsdns-57.co.uk,amazon,"{""amazon"": ""private""}",False,False,False,False,"step 3, "
awsdns-57.com,amazon,"{""amazon"": ""private""}",False,False,False,False,"step 3, "
awsdns-57.net,amazon,"{""amazon"": ""private""}",False,False,False,False,"step 3, "
awsdns-57.org,amazon,"{""amazon"": ""private""}",False,False,False,False,"step 3, "
awsdns-58.co.uk,amazon,"{""amazon"": ""private""}",False,False,False,False,"step 3, "
awsdns-58.com,amazon,"{""amazon"": ""private""}",False,False,False,False,"step 3, "
awsdns-58.net,amazon,"{""amazon"": ""private""}",False,False,False,False,"step 3, "
awsdns-58.org,amazon,"{""amazon"": ""private""}",False,False,False,False,"step 3, "
awsdns-59.co.uk,amazon,"{""amazon"": ""private""}",False,False,False,False,"step 3, "
awsdns-59.com,amazon,"{""amazon"": ""private""}",False,False,False,False,"step 3, "
awsdns-59.net,amazon,"{""amazon"": ""private""}",False,False,False,False,"step 3, "
awsdns-59.org,amazon,"{""amazon"": ""private""}",False,False,False,False,"step 3, "
awsdns-60.co.uk,amazon,"{""amazon"": ""private""}",False,False,False,False,"step 3, "
awsdns-60.com,amazon,"{""amazon"": ""private""}",False,False,False,False,"step 3, "
awsdns-60.net,amazon,"{""amazon"": ""private""}",False,False,False,False,"step 3, "
awsdns-60.org,amazon,"{""amazon"": ""private""}",False,False,False,False,"step 3, "
awsdns-61.co.uk,amazon,"{""amazon"": ""private""}",False,False,False,False,"step 3, "
awsdns-61.com,amazon,"{""amazon"": ""private""}",False,False,False,False,"step 3, "
awsdns-61.net,amazon,"{""amazon"": ""private""}",False,False,False,False,"step 3, "
awsdns-61.org,amazon,"{""amazon"": ""private""}",False,False,False,False,"step 3, "
awsdns-62.co.uk,amazon,"{""amazon"": ""private""}",False,False,False,False,"step 3, "
awsdns-62.com,amazon,"{""amazon"": ""private""}",False,False,False,False,"step 3, "
awsdns-62.net,amazon,"{""amazon"": ""private""}",False,False,False,False,"step 3, "
awsdns-62.org,amazon,"{""amazon"": ""private""}",False,False,False,False,"step 3, "
awsdns-63.co.uk,amazon,"{""amazon"": ""private""}",False,False,False,False,"step 3, "
awsdns-63.com,amazon,"{""amazon"": ""private""}",False,False,False,False,"step 3, "
awsdns-63.net,amazon,"{""amazon"": ""private""}",False,False,False,False,"step 3, "
awsdns-63.org,amazon,"{""amazon"": ""private""}",False,False,False,False,"step 3, "
awselbcombine.com,amazon,"{""amazon"": ""private""}",False,False,False,False,"step 3, "
awsglobalaccelerator.com,amazon,"{""amazon"": ""private""}",False,False,False,False,"step 2, "
awsilvcons.com,amazon,"{""amazon"": ""private""}",False,False,False,False,"step 3, "
awsli.com.br,amazon,"{""amazon"": ""private""}",False,False,False,False,"step 3, "
awsmpsa.com,amazon,"{""amazon"": ""private""}",False,False,False,False,"step 3, "
awsno.com,amazon|cloudflare,"{""amazon"": ""private"", ""cloudflare"": ""third""}",True,False,True,False,"step 3, step 5 (SOA), "
awspopcap.com,amazon|akamai,"{""amazon"": ""private"", ""akamai"": ""third""}",True,False,True,False,"step 3, step 6, "
awsstatic.com,amazon,"{""amazon"": ""private""}",False,False,False,False,"step 3, "
awstrack.me,amazon,"{""amazon"": ""private""}",False,False,False,False,"step 3, "
awstrack.vip,amazon,"{""amazon"": ""private""}",False,False,False,False,"step 3, "
awswaf.com,amazon,"{""amazon"": ""private""}",False,False,False,False,"step 3, "
ax-dc-msedge.net,microsoft,"{""microsoft"": ""private""}",False,False,False,False,"step 3, "
ax-msedge.net,microsoft,"{""microsoft"": ""private""}",False,False,False,False,"step 2, "
axcient.com,twitter|cloudflare,"{""twitter"": ""private"", ""cloudflare"": ""private""}",False,False,True,False,"step 6, step 7, "
axiscare.com,amazon,"{""amazon"": ""private""}",False,False,False,False,"step 5 (SOA), "
axm-usercontent-apple.com,apple,"{""apple"": ""private""}",False,False,False,False,"step 3, "
axoft.com,amazon|twitter,"{""amazon"": ""private"", ""twitter"": ""private""}",False,False,True,False,"step 5 (SOA), step 6, "
axomtube.com,cloudflare,"{""cloudflare"": ""private""}",False,False,False,False,"step 5 (SOA), "
axon.ai,google,"{""google"": ""private""}",False,False,False,False,"step 5 (SOA), "
axwaycloud.com,amazon,"{""amazon"": ""private""}",False,False,False,False,"step 5 (SOA), "
axxessweb.com,amazon,"{""amazon"": ""private""}",False,False,False,False,"step 5 (SOA), "
ay.delivery,microsoft|cloudflare,"{""microsoft"": ""private"", ""cloudflare"": ""third""}",True,False,True,False,"step 3, step 5 (SOA), "
ayarlive.com,microsoft|cloudflare|amazon,"{""microsoft"": ""private"", ""cloudflare"": ""third"", ""amazon"": ""third""}",True,False,True,True,"step 3, step 5 (SOA), step 6, "
azaleahealth.com,amazon|cloudflare,"{""amazon"": ""private"", ""cloudflare"": ""private""}",False,False,True,False,"step 5 (SOA), step 7, "
azallivegroup.com,microsoft|amazon,"{""microsoft"": ""private"", ""amazon"": ""third""}",True,False,True,False,"step 3, step 5 (SOA), "
azarlive.com,microsoft|amazon|cloudflare,"{""microsoft"": ""private"", ""amazon"": ""third"", ""cloudflare"": ""third""}",True,False,True,True,"step 3, step 5 (SOA), step 6, "
azion.com,azion,"{""azion"": ""private""}",False,False,False,False,"step 2, "
azion.net,azion|amazon,"{""azion"": ""private"", ""amazon"": ""third""}",True,False,True,False,"step 2, step 5 (SOA), "
azioncdn.net,azion,"{""azion"": ""private""}",False,False,False,False,"step 2, "
azure-api.cn,microsoft,"{""microsoft"": ""private""}",False,False,False,False,"step 3, "
azure-api.net,microsoft,"{""microsoft"": ""private""}",False,False,False,False,"step 3, "
azure-api.us,microsoft,"{""microsoft"": ""private""}",False,False,False,False,"step 3, "
azure-apihub.net,microsoft,"{""microsoft"": ""private""}",False,False,False,False,"step 3, "
azure-apim.net,microsoft,"{""microsoft"": ""private""}",False,False,False,False,"step 3, "
azure-automation.net,microsoft,"{""microsoft"": ""private""}",False,False,False,False,"step 3, "
azure-devices-provisioning.net,microsoft,"{""microsoft"": ""private""}",False,False,False,False,"step 3, "
azure-devices-provisioning.us,microsoft,"{""microsoft"": ""private""}",False,False,False,False,"step 3, "
azure-devices.net,microsoft,"{""microsoft"": ""private""}",False,False,False,False,"step 3, "
azure-devices.us,microsoft,"{""microsoft"": ""private""}",False,False,False,False,"step 3, "
azure-dns.com,microsoft,"{""microsoft"": ""private""}",False,False,False,False,"step 3, "
azure-dns.info,microsoft,"{""microsoft"": ""private""}",False,False,False,False,"step 3, "
azure-dns.net,microsoft,"{""microsoft"": ""private""}",False,False,False,False,"step 3, "
azure-dns.org,microsoft,"{""microsoft"": ""private""}",False,False,False,False,"step 3, "
azure-test.net,microsoft,"{""microsoft"": ""private""}",False,False,False,False,"step 3, "
azure.cn,microsoft,"{""microsoft"": ""private""}",False,False,False,False,"step 3, "
azure.com,microsoft|twitter,"{""microsoft"": ""private"", ""twitter"": ""third""}",True,False,True,False,"step 2, step 6, "
azure.net,microsoft,"{""microsoft"": ""private""}",False,False,False,False,"step 3, "
azure.us,microsoft,"{""microsoft"": ""private""}",False,False,False,False,"step 3, "
azureaaron.net,microsoft|cloudflare,"{""microsoft"": ""private"", ""cloudflare"": ""third""}",True,False,True,False,"step 3, step 5 (SOA), "
azurecomm.net,microsoft,"{""microsoft"": ""private""}",False,False,False,False,"step 3, "
azurecontainer.io,microsoft,"{""microsoft"": ""private""}",False,False,False,False,"step 3, "
azurecontainerapps.io,microsoft,"{""microsoft"": ""private""}",False,False,False,False,"step 3, "
azurecr.io,microsoft,"{""microsoft"": ""private""}",False,False,False,False,"step 3, "
azuredatabricks.net,microsoft,"{""microsoft"": ""private""}",False,False,False,False,"step 3, "
azureedge-global-fastly-cloudfront-ondigitalocean-stackpathcdn.buzz,microsoft|cloudflare,"{""microsoft"": ""private"", ""cloudflare"": ""third""}",True,False,True,False,"step 3, step 5 (SOA), "
azureedge.net,microsoft,"{""microsoft"": ""private""}",False,False,False,False,"step 2, "
azureedge.us,microsoft,"{""microsoft"": ""private""}",False,False,False,False,"step 3, "
azurefd-test.net,microsoft,"{""microsoft"": ""private""}",False,False,False,False,"step 3, "
azurefd.net,microsoft,"{""microsoft"": ""private""}",False,False,False,False,"step 2, "
azurefd.us,microsoft,"{""microsoft"": ""private""}",False,False,False,False,"step 3, "
azuregov-dns.us,microsoft,"{""microsoft"": ""private""}",False,False,False,False,"step 3, "
azurelbs.com,microsoft,"{""microsoft"": ""private""}",False,False,False,False,"step 3, "
azureml.ms,microsoft,"{""microsoft"": ""private""}",False,False,False,False,"step 3, "
azurerms.com,microsoft,"{""microsoft"": ""private""}",False,False,False,False,"step 3, "
azureserviceprofiler.net,microsoft,"{""microsoft"": ""private""}",False,False,False,False,"step 3, "
azurespirit.blog,microsoft|cloudflare,"{""microsoft"": ""private"", ""cloudflare"": ""third""}",True,False,True,False,"step 3, step 5 (SOA), "
azurestaticapps.net,microsoft,"{""microsoft"": ""private""}",False,False,False,False,"step 3, "
azuresynapse.net,microsoft,"{""microsoft"": ""private""}",False,False,False,False,"step 3, "
azurewebsites.net,microsoft,"{""microsoft"": ""private""}",False,False,False,False,"step 2, "
azurewebsites.us,microsoft,"{""microsoft"": ""private""}",False,False,False,False,"step 3, "
azurgames.com,cloudflare,"{""cloudflare"": ""private""}",False,False,False,False,"step 5 (SOA), "
b-cdn.net,bunnycdn,"{""bunnycdn"": ""private""}",False,False,False,False,"step 2, "
b-dc-msedge.net,microsoft,"{""microsoft"": ""private""}",False,False,False,False,"step 3, "
b-msedge.net,microsoft,"{""microsoft"": ""private""}",False,False,False,False,"step 3, "
b0e8.com,google,"{""google"": ""private""}",False,False,False,False,"step 7, "
b2i.us,cloudflare,"{""cloudflare"": ""private""}",False,False,False,False,"step 5 (SOA), "
b8cdn.com,amazon,"{""amazon"": ""private""}",False,False,False,False,"step 5 (SOA), "
bac.com,akamai,"{""akamai"": ""private""}",False,False,False,False,"step 6, "
backend-aplha.com,cloudflare,"{""cloudflare"": ""private""}",False,False,False,False,"step 5 (SOA), "
backpacker.com,cloudflare,"{""cloudflare"": ""private""}",False,False,False,False,"step 5 (SOA), "
backtory.com,cloudflare,"{""cloudflare"": ""private""}",False,False,False,False,"step 5 (SOA), "
baidu.cn,baidu,"{""baidu"": ""private""}",False,False,False,False,"step 6, "
baidu.com,baidu,"{""baidu"": ""private""}",False,False,False,False,"step 6, "
baidu.hk,baidu,"{""baidu"": ""private""}",False,False,False,False,"step 6, "
baidubce.com,baidu,"{""baidu"": ""private""}",False,False,False,False,"step 2, "
baidupcs.com,baidu,"{""baidu"": ""private""}",False,False,False,False,"step 6, "
baishancloud.com,baishan,"{""baishan"": ""private""}",False,False,False,False,"step 6, "
balancer.ru,cloudflare,"{""cloudflare"": ""private""}",False,False,False,False,"step 5 (SOA), "
balancy.dev,google,"{""google"": ""private""}",False,False,False,False,"step 7, "
bale.ai,nextjs,"{""nextjs"": ""private""}",False,False,False,False,"step 7, "
balifiber.id,cloudflare,"{""cloudflare"": ""private""}",False,False,False,False,"step 5 (SOA), "
ballaratopendata.org.au,cloudflare,"{""cloudflare"": ""private""}",False,False,False,False,"step 5 (SOA), "
balloonchat.co.uk,twitter,"{""twitter"": ""private""}",False,False,False,False,"step 6, "
bancointer.com,amazon,"{""amazon"": ""private""}",False,False,False,False,"step 5 (SOA), "
bandi.so,cloudflare,"{""cloudflare"": ""private""}",False,False,False,False,"step 5 (SOA), "
bangbros.com,cloudflare,"{""cloudflare"": ""private""}",False,False,False,False,"step 5 (SOA), "
bangsamoro.gov.ph,cloudflare,"{""cloudflare"": ""private""}",False,False,False,False,"step 5 (SOA), "
bankwest.com.au,amazon|cloudflare|twitter,"{""amazon"": ""private"", ""cloudflare"": ""private"", ""twitter"": ""private""}",False,False,True,False,"step 5 (SOA), step 6, step 6, "
banno.com,amazon,"{""amazon"": ""private""}",False,False,False,False,"step 5 (SOA), "
barmer.de,amazon,"{""amazon"": ""private""}",False,False,False,False,"step 5 (SOA), "
barraider.com,amazon|fastly,"{""amazon"": ""private"", ""fastly"": ""private""}",False,False,True,False,"step 5 (SOA), step 7, "
basenet.nl,amazon,"{""amazon"": ""private""}",False,False,False,False,"step 5 (SOA), "
basketballnetwork.net,fastly,"{""fastly"": ""private""}",False,False,False,False,"step 7, "
battlefront.com,twitter,"{""twitter"": ""private""}",False,False,False,False,"step 6, "
bbbprograms.org,amazon,"{""amazon"": ""private""}",False,False,False,False,"step 5 (SOA), "
bbc.co.uk,fastly,"{""fastly"": ""private""}",False,False,False,False,"step 6, "
bbc.com,fastly,"{""fastly"": ""private""}",False,False,False,False,"step 6, "
bblivestream.com,microsoft|amazon,"{""microsoft"": ""private"", ""amazon"": ""third""}",True,False,True,False,"step 3, step 5 (SOA), "
bbpos.com,amazon,"{""amazon"": ""private""}",False,False,False,False,"step 5 (SOA), "
bbqproshop.com,cloudflare,"{""cloudflare"": ""private""}",False,False,False,False,"step 7, "
bc0a.com,google,"{""google"": ""private""}",False,False,False,False,"step 7, "
bcebos.com,baidu,"{""baidu"": ""private""}",False,False,False,False,"step 2, "
bcelive.com,microsoft,"{""microsoft"": ""private""}",False,False,False,False,"step 3, "
bci2000.org,cloudflare,"{""cloudflare"": ""private""}",False,False,False,False,"step 5 (SOA), "
bdcrictime.com,cloudflare,"{""cloudflare"": ""private""}",False,False,False,False,"step 5 (SOA), "
bdgest.com,twitter,"{""twitter"": ""private""}",False,False,False,False,"step 6, "
bdhealthymart.com,twitter,"{""twitter"": ""private""}",False,False,False,False,"step 6, "
bdstatic.com,baidu,"{""baidu"": ""private""}",False,False,False,False,"step 2, "
bdtelemetry.amazon,amazon,"{""amazon"": ""private""}",False,False,False,False,"step 3, "
bdydns.com,baidu,"{""baidu"": ""private""}",False,False,False,False,"step 2, "
beacondb.net,cloudflare,"{""cloudflare"": ""private""}",False,False,False,False,"step 5 (SOA), "
beatrice-raws.org,amazon|cloudflare,"{""amazon"": ""private"", ""cloudflare"": ""third""}",True,False,True,False,"step 3, step 5 (SOA), "
beautybridge.com,cloudflare,"{""cloudflare"": ""private""}",False,False,False,False,"step 7, "
beck.de,microsoft,"{""microsoft"": ""private""}",False,False,False,False,"step 5 (SOA), "
beckmancoulter.com,cloudflare,"{""cloudflare"": ""private""}",False,False,False,False,"step 5 (SOA), "
bedpage.com,sucuri,"{""sucuri"": ""private""}",False,False,False,False,"step 7, "
beebom.com,amazon,"{""amazon"": ""private""}",False,False,False,False,"step 5 (SOA), "
beefree.cloud,amazon,"{""amazon"": ""private""}",False,False,False,False,"step 5 (SOA), "
beeglivesex.com,microsoft,"{""microsoft"": ""private""}",False,False,False,False,"step 3, "
beesweb.app,cloudflare|firebase,"{""cloudflare"": ""private"", ""firebase"": ""private""}",False,False,True,False,"step 5 (SOA), step 6, "
beetsandbarefeet.com,twitter,"{""twitter"": ""private""}",False,False,False,False,"step 6, "
befrugal.com,amazon,"{""amazon"": ""private""}",False,False,False,False,"step 5 (SOA), "
begenuin.com,amazon|nextjs,"{""amazon"": ""private"", ""nextjs"": ""private""}",False,False,True,False,"step 5 (SOA), step 7, "
beget.com,twitter,"{""twitter"": ""private""}",False,False,False,False,"step 6, "
behance.net,amazon,"{""amazon"": ""private""}",False,False,False,False,"step 5 (SOA), "
beiresources.org,digicert,"{""digicert"": ""private""}",False,False,False,False,"step 5 (SOA), "
belamer.co,cloudflare,"{""cloudflare"": ""private""}",False,False,False,False,"step 7, "
belfastlive.co.uk,microsoft|amazon,"{""microsoft"": ""private"", ""amazon"": ""third""}",True,False,True,False,"step 3, step 5 (SOA), "
bestjavporn.live,microsoft|cloudflare,"{""microsoft"": ""private"", ""cloudflare"": ""third""}",True,False,True,False,"step 3, step 5 (SOA), "
bestlivecamgirls.org,microsoft|cloudflare,"{""microsoft"": ""private"", ""cloudflare"": ""third""}",True,False,True,False,"step 3, step 5 (SOA), "
bestlivesvip.com,microsoft|cloudflare,"{""microsoft"": ""private"", ""cloudflare"": ""third""}",True,False,True,False,"step 3, step 5 (SOA), "
bestreviews.com,amazon,"{""amazon"": ""private""}",False,False,False,False,"step 5 (SOA), "
betboom.ru,cloudflare,"{""cloudflare"": ""private""}",False,False,False,False,"step 5 (SOA), "
betcity.net,cloudflare,"{""cloudflare"": ""private""}",False,False,False,False,"step 5 (SOA), "
betclic.fr,amazon,"{""amazon"": ""private""}",False,False,False,False,"step 5 (SOA), "
betimate.com,cloudflare,"{""cloudflare"": ""private""}",False,False,False,False,"step 5 (SOA), "
betlive.com,microsoft|cloudflare,"{""microsoft"": ""private"", ""cloudflare"": ""third""}",True,False,True,False,"step 3, step 6, "
betradar.com,amazon,"{""amazon"": ""private""}",False,False,False,False,"step 5 (SOA), "
betterroblox.com,roblox|cloudflare,"{""roblox"": ""private"", ""cloudflare"": ""third""}",True,False,True,False,"step 3, step 5 (SOA), "
bettertrips.com,amazon,"{""amazon"": ""private""}",False,False,False,False,"step 5 (SOA), "
between.us,amazon,"{""amazon"": ""private""}",False,False,False,False,"step 5 (SOA), "
beytoote.com,cloudflare,"{""cloudflare"": ""private""}",False,False,False,False,"step 5 (SOA), "
bgp.tools,amazon,"{""amazon"": ""private""}",False,False,False,False,"step 5 (SOA), "
bgstatic.com,google|amazon,"{""google"": ""private"", ""amazon"": ""third""}",True,False,True,False,"step 3, step 5 (SOA), "
bharatpe.in,amazon,"{""amazon"": ""private""}",False,False,False,False,"step 5 (SOA), "
bi.live,microsoft|amazon,"{""microsoft"": ""private"", ""amazon"": ""third""}",True,False,True,False,"step 3, step 5 (SOA), "
bibleportal.com,amazon|google,"{""amazon"": ""private"", ""google"": ""private""}",False,False,True,False,"step 5 (SOA), step 7, "
biblia.com,amazon,"{""amazon"": ""private""}",False,False,False,False,"step 5 (SOA), "
bibliaon.com,amazon,"{""amazon"": ""private""}",False,False,False,False,"step 5 (SOA), "
biblio.org,digicert,"{""digicert"": ""private""}",False,False,False,False,"step 5 (SOA), "
bibliocommons.com,amazon,"{""amazon"": ""private""}",False,False,False,False,"step 5 (SOA), "
bibliotekacyfrowa.eu,cloudflare,"{""cloudflare"": ""private""}",False,False,False,False,"step 5 (SOA), "
bidmyadz.com,cloudflare,"{""cloudflare"": ""private""}",False,False,False,False,"step 5 (SOA), "
bidnest.cc,google,"{""google"": ""private""}",False,False,False,False,"step 5 (SOA), "
bidsxchange.com,amazon,"{""amazon"": ""private""}",False,False,False,False,"step 5 (SOA), "
bidv.com.vn,cloudflare,"{""cloudflare"": ""private""}",False,False,False,False,"step 5 (SOA), "
bidvertiser.com,amazon,"{""amazon"": ""private""}",False,False,False,False,"step 5 (SOA), "
bigfuck.tv,cloudflare,"{""cloudflare"": ""private""}",False,False,False,False,"step 5 (SOA), "
biggo.com,cloudflare,"{""cloudflare"": ""private""}",False,False,False,False,"step 5 (SOA), "
biggo.dev,cloudflare,"{""cloudflare"": ""private""}",False,False,False,False,"step 5 (SOA), "
biggo.uk,cloudflare,"{""cloudflare"": ""private""}",False,False,False,False,"step 5 (SOA), "
bigin.io,amazon,"{""amazon"": ""private""}",False,False,False,False,"step 5 (SOA), "
bigjimsbowcompany.com,cloudflare,"{""cloudflare"": ""private""}",False,False,False,False,"step 7, "
biglive.com,microsoft,"{""microsoft"": ""private""}",False,False,False,False,"step 3, "
bigmarker.com,amazon,"{""amazon"": ""private""}",False,False,False,False,"step 5 (SOA), "
bigo.sg,amazon,"{""amazon"": ""private""}",False,False,False,False,"step 5 (SOA), "
bigo.tv,amazon,"{""amazon"": ""private""}",False,False,False,False,"step 5 (SOA), "
bigolive.tv,microsoft|amazon,"{""microsoft"": ""private"", ""amazon"": ""private""}",False,False,True,False,"step 3, step 5 (SOA), "
biketours.com,amazon,"{""amazon"": ""private""}",False,False,False,False,"step 5 (SOA), "
bikewale.com,amazon,"{""amazon"": ""private""}",False,False,False,False,"step 5 (SOA), "
biliapi.com,bilibili,"{""bilibili"": ""private""}",False,False,False,False,"step 2, "
bilibilicloud01.com,apple,"{""apple"": ""private""}",False,False,False,False,"step 3, "
bilibilicloud01.net,apple,"{""apple"": ""private""}",False,False,False,False,"step 3, "
billetreduc.com,akamai,"{""akamai"": ""private""}",False,False,False,False,"step 6, "
billiongraves.com,amazon|nextjs,"{""amazon"": ""private"", ""nextjs"": ""private""}",False,False,True,False,"step 5 (SOA), step 7, "
binarydefense.com,amazon,"{""amazon"": ""private""}",False,False,False,False,"step 5 (SOA), "
bing.com,microsoft|akamai,"{""microsoft"": ""private"", ""akamai"": ""third""}",True,False,True,False,"step 3, step 6, "
bing.net,microsoft,"{""microsoft"": ""private""}",False,False,False,False,"step 3, "
bing3d.top,microsoft|cloudflare,"{""microsoft"": ""private"", ""cloudflare"": ""third""}",True,False,True,False,"step 3, step 5 (SOA), "
bingapis.com,microsoft,"{""microsoft"": ""private""}",False,False,False,False,"step 3, "
binge.com.au,microsoft|amazon,"{""microsoft"": ""private"", ""amazon"": ""third""}",True,False,True,False,"step 3, step 5 (SOA), "
bingebase.com,microsoft|cloudflare,"{""microsoft"": ""private"", ""cloudflare"": ""third""}",True,False,True,False,"step 3, step 5 (SOA), "
bingebm.com,microsoft|cloudflare,"{""microsoft"": ""private"", ""cloudflare"": ""third""}",True,False,True,False,"step 3, step 5 (SOA), "
binged.com,microsoft|cloudflare,"{""microsoft"": ""private"", ""cloudflare"": ""third""}",True,False,True,False,"step 3, step 5 (SOA), "
bingeme.in,microsoft|amazon,"{""microsoft"": ""private"", ""amazon"": ""third""}",True,False,True,False,"step 3, step 5 (SOA), "
bingesnaps.com,microsoft|amazon,"{""microsoft"": ""private"", ""amazon"": ""third""}",True,False,True,False,"step 3, step 5 (SOA), "
binghamton.edu,microsoft|amazon,"{""microsoft"": ""private"", ""amazon"": ""third""}",True,False,True,False,"step 3, step 6, "
bingle.com.au,microsoft|imperva,"{""microsoft"": ""private"", ""imperva"": ""third""}",True,False,True,False,"step 3, step 6, "
binglee.com.au,microsoft|amazon|cloudflare,"{""microsoft"": ""private"", ""amazon"": ""third"", ""cloudflare"": ""third""}",True,False,True,True,"step 3, step 5 (SOA), step 6, "
bingner.com,microsoft,"{""microsoft"": ""private""}",False,False,False,False,"step 3, "
bingo.bet.br,microsoft|cloudflare,"{""microsoft"": ""private"", ""cloudflare"": ""third""}",True,False,True,False,"step 3, step 5 (SOA), "
bingobaker.com,microsoft,"{""microsoft"": ""private""}",False,False,False,False,"step 3, "
bingoblitz.com,microsoft|akamai,"{""microsoft"": ""private"", ""akamai"": ""third""}",True,False,True,False,"step 3, step 6, "
bingoplus.com,microsoft,"{""microsoft"": ""private""}",False,False,False,False,"step 3, "
bingviz.com,microsoft,"{""microsoft"": ""private""}",False,False,False,False,"step 3, "
bingx.com,microsoft|cloudflare|amazon,"{""microsoft"": ""private"", ""cloudflare"": ""third"", ""amazon"": ""third""}",True,False,True,True,"step 3, step 5 (SOA), step 6, "
binotel.com,amazon,"{""amazon"": ""private""}",False,False,False,False,"step 5 (SOA), "
binstream.live,microsoft,"{""microsoft"": ""private""}",False,False,False,False,"step 3, "
bioheritage.nz,microsoft,"{""microsoft"": ""private""}",False,False,False,False,"step 5 (SOA), "
bioscopelive.com,microsoft|amazon,"{""microsoft"": ""private"", ""amazon"": ""third""}",True,False,True,False,"step 3, step 5 (SOA), "
biq.dk,cloudflare,"{""cloudflare"": ""private""}",False,False,False,False,"step 5 (SOA), "
birchard.org,microsoft,"{""microsoft"": ""private""}",False,False,False,False,"step 5 (SOA), "
bird.com,amazon,"{""amazon"": ""private""}",False,False,False,False,"step 5 (SOA), "
birdeye.com,amazon,"{""amazon"": ""private""}",False,False,False,False,"step 5 (SOA), "
birdid.com.br,amazon,"{""amazon"": ""private""}",False,False,False,False,"step 5 (SOA), "
bit.ly,google,"{""google"": ""private""}",False,False,False,False,"step 5 (SOA), "
bit4id.com,amazon,"{""amazon"": ""private""}",False,False,False,False,"step 5 (SOA), "
bitbucket.io,amazon,"{""amazon"": ""private""}",False,False,False,False,"step 5 (SOA), "
bitbucket.org,amazon,"{""amazon"": ""private""}",False,False,False,False,"step 5 (SOA), "
bitcoinstat.org,cloudflare,"{""cloudflare"": ""private""}",False,False,False,False,"step 5 (SOA), "
bitfirenetworks.com,amazon,"{""amazon"": ""private""}",False,False,False,False,"step 5 (SOA), "
bitfocus.io,amazon,"{""amazon"": ""private""}",False,False,False,False,"step 5 (SOA), "
bitget.live,microsoft|amazon|akamai,"{""microsoft"": ""private"", ""amazon"": ""third"", ""akamai"": ""third""}",True,False,True,True,"step 3, step 5 (SOA), step 6, "
bitgravity.com,tata,"{""tata"": ""private""}",False,False,False,False,"step 2, "
bitly.com,amazon|google,"{""amazon"": ""private"", ""google"": ""private""}",False,False,True,False,"step 5 (SOA), step 7, "
bitmango.com,amazon,"{""amazon"": ""private""}",False,False,False,False,"step 5 (SOA), "
bitsum.com,cloudflare,"{""cloudflare"": ""private""}",False,False,False,False,"step 5 (SOA), "
biz-gid.com,cloudflare,"{""cloudflare"": ""private""}",False,False,False,False,"step 5 (SOA), "
bizcommunity.com,cloudflare,"{""cloudflare"": ""private""}",False,False,False,False,"step 5 (SOA), "
bizhubmarketplace.com,amazon,"{""amazon"": ""private""}",False,False,False,False,"step 5 (SOA), "
bizrate.co.uk,amazon,"{""amazon"": ""private""}",False,False,False,False,"step 5 (SOA), "
blablacar.com,google,"{""google"": ""private""}",False,False,False,False,"step 5 (SOA), "
blackbaud.com,microsoft,"{""microsoft"": ""private""}",False,False,False,False,"step 6, "
blackberry.net,amazon,"{""amazon"": ""private""}",False,False,False,False,"step 5 (SOA), "
blackfacts.com,sucuri,"{""sucuri"": ""private""}",False,False,False,False,"step 7, "
blackgold.org,cloudflare,"{""cloudflare"": ""private""}",False,False,False,False,"step 5 (SOA), "
blancco.cloud,amazon,"{""amazon"": ""private""}",False,False,False,False,"step 5 (SOA), "
blastness.com,cloudflare,"{""cloudflare"": ""private""}",False,False,False,False,"step 5 (SOA), "
bleacherreport.com,amazon|twitter,"{""amazon"": ""private"", ""twitter"": ""private""}",False,False,True,False,"step 5 (SOA), step 6, "
bleedingcool.com,amazon|sucuri,"{""amazon"": ""private"", ""sucuri"": ""private""}",False,False,True,False,"step 5 (SOA), step 7, "
blend.com,amazon,"{""amazon"": ""private""}",False,False,False,False,"step 5 (SOA), "
blendlabs.com,amazon,"{""amazon"": ""private""}",False,False,False,False,"step 5 (SOA), "
blesk.cz,cloudflare,"{""cloudflare"": ""private""}",False,False,False,False,"step 5 (SOA), "
blink.new,cloudflare,"{""cloudflare"": ""private""}",False,False,False,False,"step 5 (SOA), "
blinkcomet.com,twitter,"{""twitter"": ""private""}",False,False,False,False,"step 6, "
blitzmightyparty.com,amazon,"{""amazon"": ""private""}",False,False,False,False,"step 5 (SOA), "
blivenyc.com,microsoft|amazon,"{""microsoft"": ""private"", ""amazon"": ""private""}",False,False,True,False,"step 3, step 5 (SOA), "
blockedbyheimdalsecurity.com,amazon,"{""amazon"": ""private""}",False,False,False,False,"step 5 (SOA), "
blocksi.net,cloudflare,"{""cloudflare"": ""private""}",False,False,False,False,"step 5 (SOA), "
blocksite.co,amazon,"{""amazon"": ""private""}",False,False,False,False,"step 5 (SOA), "
blockstream.info,google,"{""google"": ""private""}",False,False,False,False,"step 5 (SOA), "
blog.google,google,"{""google"": ""private""}",False,False,False,False,"step 1, "
bloodpressure-daily.live,microsoft,"{""microsoft"": ""private""}",False,False,False,False,"step 3, "
bloomerang.co,cloudflare,"{""cloudflare"": ""private""}",False,False,False,False,"step 5 (SOA), "
bloomingtonsubaru.com,cloudflare,"{""cloudflare"": ""private""}",False,False,False,False,"step 7, "
bloompeak.io,amazon,"{""amazon"": ""private""}",False,False,False,False,"step 5 (SOA), "
bloxcms.com,cloudflare,"{""cloudflare"": ""private""}",False,False,False,False,"step 5 (SOA), "
bluebird.id,cloudflare,"{""cloudflare"": ""private""}",False,False,False,False,"step 5 (SOA), "
bluecava.com,amazon|fastly,"{""amazon"": ""private"", ""fastly"": ""private""}",False,False,True,False,"step 5 (SOA), step 7, "
bluechew.com,google,"{""google"": ""private""}",False,False,False,False,"step 5 (SOA), "
bluecore.com,google,"{""google"": ""private""}",False,False,False,False,"step 5 (SOA), "
blueduckredapple.com,apple|cloudflare,"{""apple"": ""private"", ""cloudflare"": ""third""}",True,False,True,False,"step 3, step 5 (SOA), "
blueprintprep.com,amazon,"{""amazon"": ""private""}",False,False,False,False,"step 5 (SOA), "
bluip.com,cloudflare,"{""cloudflare"": ""private""}",False,False,False,False,"step 5 (SOA), "
bmwfaq.org,cloudflare,"{""cloudflare"": ""private""}",False,False,False,False,"step 5 (SOA), "
bndzgl.com,cloudflare,"{""cloudflare"": ""private""}",False,False,False,False,"step 5 (SOA), "
bngwlt.com,twitter,"{""twitter"": ""private""}",False,False,False,False,"step 6, "
bnr.bg,microsoft,"{""microsoft"": ""private""}",False,False,False,False,"step 5 (SOA), "
boardgamearena.com,cloudflare,"{""cloudflare"": ""private""}",False,False,False,False,"step 5 (SOA), "
boatbeaconapp.com,amazon,"{""amazon"": ""private""}",False,False,False,False,"step 5 (SOA), "
boconcept.com,cloudflare|twitter,"{""cloudflare"": ""private"", ""twitter"": ""private""}",False,False,True,False,"step 6, step 6, "
boeingservices.com,microsoft,"{""microsoft"": ""private""}",False,False,False,False,"step 5 (SOA), "
boffoadsapi.com,amazon,"{""amazon"": ""private""}",False,False,False,False,"step 5 (SOA), "
boffoadsfeeds.com,amazon,"{""amazon"": ""private""}",False,False,False,False,"step 5 (SOA), "
bogota.gov.co,microsoft,"{""microsoft"": ""private""}",False,False,False,False,"step 5 (SOA), "
boingo.com,amazon,"{""amazon"": ""private""}",False,False,False,False,"step 5 (SOA), "
bokun.io,amazon,"{""amazon"": ""private""}",False,False,False,False,"step 5 (SOA), "
bokuntest.com,amazon|twitter|cloudflare,"{""amazon"": ""private"", ""twitter"": ""private"", ""cloudflare"": ""private""}",False,False,True,False,"step 5 (SOA), step 6, step 7, "
boldwin.live,microsoft|cloudflare,"{""microsoft"": ""private"", ""cloudflare"": ""third""}",True,False,True,False,"step 3, step 5 (SOA), "
boligcenter.dk,cloudflare,"{""cloudflare"": ""private""}",False,False,False,False,"step 5 (SOA), "
bollywoodbubble.com,cloudflare,"{""cloudflare"": ""private""}",False,False,False,False,"step 5 (SOA), "
boltiviersoul.com,cloudflare,"{""cloudflare"": ""private""}",False,False,False,False,"step 5 (SOA), "
bombas.com,amazon,"{""amazon"": ""private""}",False,False,False,False,"step 5 (SOA), "
bombingscience.com,microsoft|cloudflare,"{""microsoft"": ""private"", ""cloudflare"": ""third""}",True,False,True,False,"step 3, step 5 (SOA), "
bongacams11.com,cloudflare,"{""cloudflare"": ""private""}",False,False,False,False,"step 7, "
bongacams7.com,cloudflare,"{""cloudflare"": ""private""}",False,False,False,False,"step 7, "
bonzai.co,amazon,"{""amazon"": ""private""}",False,False,False,False,"step 5 (SOA), "
boobingit.com,microsoft|cloudflare,"{""microsoft"": ""private"", ""cloudflare"": ""third""}",True,False,True,False,"step 3, step 5 (SOA), "
book-secure.com,amazon,"{""amazon"": ""private""}",False,False,False,False,"step 5 (SOA), "
bookcreator.com,google|cloudflare,"{""google"": ""private"", ""cloudflare"": ""private""}",False,False,True,False,"step 5 (SOA), step 7, "
bookculture.com,fastly,"{""fastly"": ""private""}",False,False,False,False,"step 7, "
bookdelivery.com,microsoft|amazon,"{""microsoft"": ""private"", ""amazon"": ""third""}",True,False,True,False,"step 3, step 5 (SOA), "
bookingexpert.it,google,"{""google"": ""private""}",False,False,False,False,"step 5 (SOA), "
booklive.jp,microsoft|amazon,"{""microsoft"": ""private"", ""amazon"": ""third""}",True,False,True,False,"step 3, step 5 (SOA), "
bookloop.com.au,cloudflare,"{""cloudflare"": ""private""}",False,False,False,False,"step 7, "
bookmarking.site,cloudflare,"{""cloudflare"": ""private""}",False,False,False,False,"step 5 (SOA), "
bookmeter.com,amazon,"{""amazon"": ""private""}",False,False,False,False,"step 5 (SOA), "
bookpal.com,cloudflare,"{""cloudflare"": ""private""}",False,False,False,False,"step 7, "
booksense.com,google,"{""google"": ""private""}",False,False,False,False,"step 5 (SOA), "
boomtownroi.com,cloudflare,"{""cloudflare"": ""private""}",False,False,False,False,"step 7, "
booqcloud.com,amazon,"{""amazon"": ""private""}",False,False,False,False,"step 5 (SOA), "
bootstrapcdn.com,stackpath|cloudflare,"{""stackpath"": ""private"", ""cloudflare"": ""third""}",True,False,True,False,"step 2, step 5 (SOA), "
borderconnect.com,twitter,"{""twitter"": ""private""}",False,False,False,False,"step 6, "
borrelioz.com,amazon,"{""amazon"": ""private""}",False,False,False,False,"step 5 (SOA), "
botim.me,amazon,"{""amazon"": ""private""}",False,False,False,False,"step 5 (SOA), "
botlab.me,cloudflare,"{""cloudflare"": ""private""}",False,False,False,False,"step 5 (SOA), "
botrix.live,microsoft|cloudflare,"{""microsoft"": ""private"", ""cloudflare"": ""third""}",True,False,True,False,"step 3, step 5 (SOA), "
box.ca,amazon,"{""amazon"": ""private""}",False,False,False,False,"step 5 (SOA), "
boxboxclub.com,cloudflare,"{""cloudflare"": ""private""}",False,False,False,False,"step 5 (SOA), "
boxstv.com,cloudflare,"{""cloudflare"": ""private""}",False,False,False,False,"step 5 (SOA), "
boxx.ai,amazon,"{""amazon"": ""private""}",False,False,False,False,"step 5 (SOA), "
boy18tube.com,cloudflare,"{""cloudflare"": ""private""}",False,False,False,False,"step 5 (SOA), "
bpmedialive.com,microsoft,"{""microsoft"": ""private""}",False,False,False,False,"step 3, "
braincloudservers.com,amazon,"{""amazon"": ""private""}",False,False,False,False,"step 5 (SOA), "
braindw.com,amazon,"{""amazon"": ""private""}",False,False,False,False,"step 5 (SOA), "
brandeis.edu,amazon,"{""amazon"": ""private""}",False,False,False,False,"step 5 (SOA), "
brandful.com.br,amazon,"{""amazon"": ""private""}",False,False,False,False,"step 5 (SOA), "
brandreward.com,cloudflare,"{""cloudflare"": ""private""}",False,False,False,False,"step 5 (SOA), "
bravenet.com,twitter,"{""twitter"": ""private""}",False,False,False,False,"step 6, "
brawlfind.com,cloudflare,"{""cloudflare"": ""private""}",False,False,False,False,"step 5 (SOA), "
brazzers.com,amazon,"{""amazon"": ""private""}",False,False,False,False,"step 5 (SOA), "
brazzersnetwork.com,amazon,"{""amazon"": ""private""}",False,False,False,False,"step 5 (SOA), "
brdtest.com,amazon|twitter,"{""amazon"": ""private"", ""twitter"": ""private""}",False,False,True,False,"step 5 (SOA), step 6, "
breezy.hr,amazon,"{""amazon"": ""private""}",False,False,False,False,"step 5 (SOA), "
briangriffiths.co.uk,cloudflare,"{""cloudflare"": ""private""}",False,False,False,False,"step 5 (SOA), "
bricksbuilder.io,cloudflare,"{""cloudflare"": ""private""}",False,False,False,False,"step 7, "
bridgemanimages.com,amazon,"{""amazon"": ""private""}",False,False,False,False,"step 5 (SOA), "
bridgew.edu,microsoft,"{""microsoft"": ""private""}",False,False,False,False,"step 5 (SOA), "
brightside.me,amazon,"{""amazon"": ""private""}",False,False,False,False,"step 5 (SOA), "
brksedu.com.br,cloudflare,"{""cloudflare"": ""private""}",False,False,False,False,"step 5 (SOA), "
broadcom.com,cloudflare,"{""cloudflare"": ""private""}",False,False,False,False,"step 6, "
brokerforum.com,amazon,"{""amazon"": ""private""}",False,False,False,False,"step 5 (SOA), "
browsec.com,amazon,"{""amazon"": ""private""}",False,False,False,False,"step 5 (SOA), "
browserleaks.com,cloudflare,"{""cloudflare"": ""private""}",False,False,False,False,"step 5 (SOA), "
brreg.no,microsoft,"{""microsoft"": ""private""}",False,False,False,False,"step 5 (SOA), "
brsgolf.com,cloudflare,"{""cloudflare"": ""private""}",False,False,False,False,"step 7, "
bruteprotect.com,twitter,"{""twitter"": ""private""}",False,False,False,False,"step 6, "
bs-live.de,microsoft,"{""microsoft"": ""private""}",False,False,False,False,"step 3, "
bsappapi.cc,amazon,"{""amazon"": ""private""}",False,False,False,False,"step 5 (SOA), "
bsclink.cn,baishan,"{""baishan"": ""private""}",False,False,False,False,"step 2, "
bsgslb.cn,baishan,"{""baishan"": ""private""}",False,False,False,False,"step 2, "
bsh-aws.com,amazon,"{""amazon"": ""private""}",False,False,False,False,"step 3, "
bstatic.com,amazon,"{""amazon"": ""private""}",False,False,False,False,"step 5 (SOA), "
bstatic.live,microsoft|cloudflare,"{""microsoft"": ""private"", ""cloudflare"": ""third""}",True,False,True,False,"step 3, step 5 (SOA), "
bta.bg,cloudflare,"{""cloudflare"": ""private""}",False,False,False,False,"step 5 (SOA), "
btguard.com,digicert,"{""digicert"": ""private""}",False,False,False,False,"step 5 (SOA), "
btsar.space,cloudflare,"{""cloudflare"": ""private""}",False,False,False,False,"step 5 (SOA), "
budgetbakers.com,amazon,"{""amazon"": ""private""}",False,False,False,False,"step 5 (SOA), "
buffaloplumbingshowroom.com,microsoft|cloudflare,"{""microsoft"": ""private"", ""cloudflare"": ""third""}",True,False,True,False,"step 3, step 6, "
bufferapp.com,cloudflare,"{""cloudflare"": ""private""}",False,False,False,False,"step 5 (SOA), "
buildertrend.net,google,"{""google"": ""private""}",False,False,False,False,"step 5 (SOA), "
buildingconnected.com,amazon,"{""amazon"": ""private""}",False,False,False,False,"step 5 (SOA), "
bujet.ru,cloudflare,"{""cloudflare"": ""private""}",False,False,False,False,"step 5 (SOA), "
buldak.com,amazon,"{""amazon"": ""private""}",False,False,False,False,"step 5 (SOA), "
bulletstrike.com,cloudflare,"{""cloudflare"": ""private""}",False,False,False,False,"step 5 (SOA), "
bunny.net,bunnycdn,"{""bunnycdn"": ""private""}",False,False,False,False,"step 2, "
bunny.run,bunnycdn,"{""bunnycdn"": ""private""}",False,False,False,False,"step 3, "
bunnycdn.com,bunnycdn|cloudflare,"{""bunnycdn"": ""private"", ""cloudflare"": ""private""}",False,False,True,False,"step 2, step 5 (SOA), "
bunnydb.net,bunnycdn,"{""bunnycdn"": ""private""}",False,False,False,False,"step 3, "
bunnydns.com,bunnycdn,"{""bunnycdn"": ""private""}",False,False,False,False,"step 3, "
bunnyfeet.baby,bunnycdn|cloudflare,"{""bunnycdn"": ""private"", ""cloudflare"": ""third""}",True,False,True,False,"step 3, step 5 (SOA), "
bunnyinfra.net,bunnycdn,"{""bunnycdn"": ""private""}",False,False,False,False,"step 3, "
burjauto.com,amazon,"{""amazon"": ""private""}",False,False,False,False,"step 5 (SOA), "
business-tiktok.com,tiktok,"{""tiktok"": ""private""}",False,False,False,False,"step 3, "
bustednewspaper.com,cloudflare,"{""cloudflare"": ""private""}",False,False,False,False,"step 5 (SOA), "
busybusy.io,amazon,"{""amazon"": ""private""}",False,False,False,False,"step 5 (SOA), "
buy-spares.ie,amazon,"{""amazon"": ""private""}",False,False,False,False,"step 5 (SOA), "
buyspares.co.uk,amazon,"{""amazon"": ""private""}",False,False,False,False,"step 5 (SOA), "
buzzni.com,amazon,"{""amazon"": ""private""}",False,False,False,False,"step 5 (SOA), "
bvsalud.org,bunnycdn,"{""bunnycdn"": ""private""}",False,False,False,False,"step 5 (SOA), "
bx-dc-msedge.net,microsoft,"{""microsoft"": ""private""}",False,False,False,False,"step 3, "
bx-msedge.net,microsoft,"{""microsoft"": ""private""}",False,False,False,False,"step 3, "
bybit-aws.com,amazon,"{""amazon"": ""private""}",False,False,False,False,"step 3, "
bysh.me,amazon,"{""amazon"": ""private""}",False,False,False,False,"step 5 (SOA), "
byteacctimg.com,bytedance,"{""bytedance"": ""private""}",False,False,False,False,"step 2, "
bytebucket.org,amazon,"{""amazon"": ""private""}",False,False,False,False,"step 5 (SOA), "
bytecdn.cn,bytedance,"{""bytedance"": ""private""}",False,False,False,False,"step 2, "
bytedance.com,bytedance|tiktok|akamai,"{""bytedance"": ""private"", ""tiktok"": ""private"", ""akamai"": ""third""}",True,False,True,False,"step 2, step 3, step 6, "
bytedance.net,tiktok,"{""tiktok"": ""private""}",False,False,False,False,"step 3, "
bytedanceapi.com,tiktok,"{""tiktok"": ""private""}",False,False,False,False,"step 3, "
bytedancevod.com,tiktok,"{""tiktok"": ""private""}",False,False,False,False,"step 3, "
byteimg.com,bytedance,"{""bytedance"": ""private""}",False,False,False,False,"step 2, "
bytello.com,amazon,"{""amazon"": ""private""}",False,False,False,False,"step 5 (SOA), "
bytexns.com,twitter,"{""twitter"": ""private""}",False,False,False,False,"step 6, "
bytstream.live,microsoft|cloudflare,"{""microsoft"": ""private"", ""cloudflare"": ""third""}",True,False,True,False,"step 3, step 5 (SOA), "
c-msedge.net,microsoft,"{""microsoft"": ""private""}",False,False,False,False,"step 3, "
c6gj-static.net,amazon,"{""amazon"": ""private""}",False,False,False,False,"step 5 (SOA), "
caast.tv,cloudflare,"{""cloudflare"": ""private""}",False,False,False,False,"step 5 (SOA), "
caaws.services,amazon,"{""amazon"": ""private""}",False,False,False,False,"step 3, "
cacheflow.live,microsoft|amazon,"{""microsoft"": ""private"", ""amazon"": ""third""}",True,False,True,False,"step 3, step 5 (SOA), "
cachefly.net,cachefly,"{""cachefly"": ""private""}",False,False,False,False,"step 2, "
cachequick.live,microsoft|amazon,"{""microsoft"": ""private"", ""amazon"": ""third""}",True,False,True,False,"step 3, step 5 (SOA), "
cad3d.it,cloudflare,"{""cloudflare"": ""private""}",False,False,False,False,"step 5 (SOA), "
cadenlane.com,cloudflare,"{""cloudflare"": ""private""}",False,False,False,False,"step 7, "
cadent.tv,cloudflare,"{""cloudflare"": ""private""}",False,False,False,False,"step 7, "
caiso.com,amazon,"{""amazon"": ""private""}",False,False,False,False,"step 6, "
cakap.com,cloudflare,"{""cloudflare"": ""private""}",False,False,False,False,"step 5 (SOA), "
calabriocloud.com,amazon,"{""amazon"": ""private""}",False,False,False,False,"step 5 (SOA), "
calculat.io,cloudflare,"{""cloudflare"": ""private""}",False,False,False,False,"step 5 (SOA), "
calendarr.com,amazon,"{""amazon"": ""private""}",False,False,False,False,"step 5 (SOA), "
cali.org,amazon,"{""amazon"": ""private""}",False,False,False,False,"step 5 (SOA), "
californiapsychics.com,amazon,"{""amazon"": ""private""}",False,False,False,False,"step 5 (SOA), "
calil.jp,amazon,"{""amazon"": ""private""}",False,False,False,False,"step 5 (SOA), "
calisthenics-parks.com,amazon,"{""amazon"": ""private""}",False,False,False,False,"step 5 (SOA), "
callbox.com,amazon,"{""amazon"": ""private""}",False,False,False,False,"step 5 (SOA), "
callejero.net,amazon,"{""amazon"": ""private""}",False,False,False,False,"step 5 (SOA), "
callmeasurement.com,amazon|twitter,"{""amazon"": ""private"", ""twitter"": ""private""}",False,False,True,False,"step 5 (SOA), step 6, "
calm.com,amazon,"{""amazon"": ""private""}",False,False,False,False,"step 5 (SOA), "
camect.com,google|twitter,"{""google"": ""private"", ""twitter"": ""private""}",False,False,True,False,"step 5 (SOA), step 6, "
camel2.live,microsoft|cloudflare|twitter,"{""microsoft"": ""private"", ""cloudflare"": ""third"", ""twitter"": ""third""}",True,False,True,True,"step 3, step 5 (SOA), step 6, "
camel4.live,microsoft|cloudflare,"{""microsoft"": ""private"", ""cloudflare"": ""private""}",False,False,True,False,"step 3, step 5 (SOA), "
cameltv.live,microsoft|cloudflare,"{""microsoft"": ""private"", ""cloudflare"": ""third""}",True,False,True,False,"step 3, step 5 (SOA), "
cameyo.com,google,"{""google"": ""private""}",False,False,False,False,"step 5 (SOA), "
campaignlive.co.uk,microsoft|cloudflare,"{""microsoft"": ""private"", ""cloudflare"": ""third""}",True,False,True,False,"step 3, step 5 (SOA), "
campminder.com,microsoft|cloudflare,"{""microsoft"": ""private"", ""cloudflare"": ""private""}",False,False,True,False,"step 5 (SOA), step 7, "
campograndenews.com.br,amazon,"{""amazon"": ""private""}",False,False,False,False,"step 5 (SOA), "
campuslegends.com,amazon,"{""amazon"": ""private""}",False,False,False,False,"step 5 (SOA), "
camra.org.uk,digicert|cloudflare,"{""digicert"": ""private"", ""cloudflare"": ""private""}",False,False,True,False,"step 5 (SOA), step 7, "
canada411.ca,amazon,"{""amazon"": ""private""}",False,False,False,False,"step 5 (SOA), "
canela.tv,amazon|google,"{""amazon"": ""private"", ""google"": ""private""}",False,False,True,False,"step 5 (SOA), step 7, "
canireachthe.net,amazon,"{""amazon"": ""private""}",False,False,False,False,"step 5 (SOA), "
canlii.org,amazon,"{""amazon"": ""private""}",False,False,False,False,"step 5 (SOA), "
canpages.ca,amazon,"{""amazon"": ""private""}",False,False,False,False,"step 5 (SOA), "
capcom.com,amazon,"{""amazon"": ""private""}",False,False,False,False,"step 5 (SOA), "
capedge.com,amazon,"{""amazon"": ""private""}",False,False,False,False,"step 5 (SOA), "
capitalbankcard.com,amazon,"{""amazon"": ""private""}",False,False,False,False,"step 5 (SOA), "
capitalmarket.com,twitter,"{""twitter"": ""private""}",False,False,False,False,"step 6, "
captcha-delivery.com,microsoft|amazon,"{""microsoft"": ""private"", ""amazon"": ""third""}",True,False,True,False,"step 3, step 5 (SOA), "
captive.net,amazon,"{""amazon"": ""private""}",False,False,False,False,"step 5 (SOA), "
caravanclub.co.uk,cloudflare,"{""cloudflare"": ""private""}",False,False,False,False,"step 5 (SOA), "
carbon.network,amazon|google,"{""amazon"": ""private"", ""google"": ""private""}",False,False,True,False,"step 5 (SOA), step 7, "
carbonatix.com,cloudflare|amazon,"{""cloudflare"": ""private"", ""amazon"": ""private""}",False,False,True,False,"step 5 (SOA), step 7, "
carbonreach.io,amazon,"{""amazon"": ""private""}",False,False,False,False,"step 5 (SOA), "
cardano.org,amazon,"{""amazon"": ""private""}",False,False,False,False,"step 5 (SOA), "
cardlytics.net,amazon,"{""amazon"": ""private""}",False,False,False,False,"step 5 (SOA), "
careers360.mobi,amazon,"{""amazon"": ""private""}",False,False,False,False,"step 5 (SOA), "
carestack.com,cloudflare,"{""cloudflare"": ""private""}",False,False,False,False,"step 5 (SOA), "
caretobeauty.com,amazon,"{""amazon"": ""private""}",False,False,False,False,"step 5 (SOA), "
cargo.site,amazon,"{""amazon"": ""private""}",False,False,False,False,"step 5 (SOA), "
cargocollective.com,amazon,"{""amazon"": ""private""}",False,False,False,False,"step 5 (SOA), "
carnegiescience.edu,google,"{""google"": ""private""}",False,False,False,False,"step 5 (SOA), "
carnivalmobile.com,amazon,"{""amazon"": ""private""}",False,False,False,False,"step 5 (SOA), "
carol.ai,cloudflare,"{""cloudflare"": ""private""}",False,False,False,False,"step 5 (SOA), "
carolinahuddle.com,google,"{""google"": ""private""}",False,False,False,False,"step 7, "
carolinaplumbingsupply.com,microsoft|cloudflare,"{""microsoft"": ""private"", ""cloudflare"": ""third""}",True,False,True,False,"step 3, step 6, "
carpages.ca,google,"{""google"": ""private""}",False,False,False,False,"step 5 (SOA), "
carpetcouriers.com,amazon|cloudflare,"{""amazon"": ""private"", ""cloudflare"": ""private""}",False,False,True,False,"step 5 (SOA), step 7, "
carriersignal.info,meta,"{""meta"": ""private""}",False,False,False,False,"step 5 (SOA), "
cars.com,amazon|cloudflare,"{""amazon"": ""private"", ""cloudflare"": ""private""}",False,False,True,False,"step 5 (SOA), step 6, "
carscoops.com,cloudflare,"{""cloudflare"": ""private""}",False,False,False,False,"step 5 (SOA), "
carto.com,amazon|google,"{""amazon"": ""private"", ""google"": ""private""}",False,False,True,False,"step 5 (SOA), step 7, "
cartoon-aa.xyz,cloudflare,"{""cloudflare"": ""private""}",False,False,False,False,"step 5 (SOA), "
cartoonnetwork.co.uk,amazon,"{""amazon"": ""private""}",False,False,False,False,"step 5 (SOA), "
cartrade.com,amazon,"{""amazon"": ""private""}",False,False,False,False,"step 5 (SOA), "
cartsguru.io,amazon,"{""amazon"": ""private""}",False,False,False,False,"step 5 (SOA), "
carused.jp,amazon,"{""amazon"": ""private""}",False,False,False,False,"step 5 (SOA), "
carwale.com,amazon,"{""amazon"": ""private""}",False,False,False,False,"step 5 (SOA), "
casar.com,amazon,"{""amazon"": ""private""}",False,False,False,False,"step 5 (SOA), "
cash.app,amazon|cloudflare,"{""amazon"": ""private"", ""cloudflare"": ""private""}",False,False,True,False,"step 5 (SOA), step 7, "
cashdrawers.ie,amazon,"{""amazon"": ""private""}",False,False,False,False,"step 5 (SOA), "
cashstaging.app,amazon|cloudflare,"{""amazon"": ""private"", ""cloudflare"": ""private""}",False,False,True,False,"step 5 (SOA), step 7, "
casinist.com,twitter,"{""twitter"": ""private""}",False,False,False,False,"step 6, "
casinoplus.live,microsoft|cloudflare,"{""microsoft"": ""private"", ""cloudflare"": ""third""}",True,False,True,False,"step 3, step 5 (SOA), "
caspio.com,amazon|cloudflare,"{""amazon"": ""private"", ""cloudflare"": ""private""}",False,False,True,False,"step 5 (SOA), step 7, "
castlabs.com,amazon,"{""amazon"": ""private""}",False,False,False,False,"step 5 (SOA), "
castro.fm,cloudflare,"{""cloudflare"": ""private""}",False,False,False,False,"step 5 (SOA), "
catcar.info,cloudflare,"{""cloudflare"": ""private""}",False,False,False,False,"step 5 (SOA), "
caubr.gov.br,microsoft,"{""microsoft"": ""private""}",False,False,False,False,"step 5 (SOA), "
caughtoffside.com,cloudflare,"{""cloudflare"": ""private""}",False,False,False,False,"step 5 (SOA), "
cbd.int,amazon,"{""amazon"": ""private""}",False,False,False,False,"step 5 (SOA), "
cbs.com,fastly,"{""fastly"": ""private""}",False,False,False,False,"step 6, "
cbtp.co.id,cloudflare,"{""cloudflare"": ""private""}",False,False,False,False,"step 5 (SOA), "
ccgslb.com.cn,chinacache,"{""chinacache"": ""private""}",False,False,False,False,"step 2, "
cchaxcess.com,microsoft,"{""microsoft"": ""private""}",False,False,False,False,"step 5 (SOA), "
cchst.ca,amazon,"{""amazon"": ""private""}",False,False,False,False,"step 5 (SOA), "
ccpsx.com,amazon,"{""amazon"": ""private""}",False,False,False,False,"step 5 (SOA), "
cdgo.com,amazon,"{""amazon"": ""private""}",False,False,False,False,"step 5 (SOA), "
cdn-apple.com,apple,"{""apple"": ""private""}",False,False,False,False,"step 2, "
cdn-bgf.com,cloudflare,"{""cloudflare"": ""private""}",False,False,False,False,"step 5 (SOA), "
cdn.live,microsoft|cloudflare,"{""microsoft"": ""private"", ""cloudflare"": ""third""}",True,False,True,False,"step 3, step 5 (SOA), "
cdn77.com,cdn77,"{""cdn77"": ""private""}",False,False,False,False,"step 2, "
cdn77.org,cdn77,"{""cdn77"": ""private""}",False,False,False,False,"step 2, "
cdnandroid.com,google|cloudflare,"{""google"": ""private"", ""cloudflare"": ""third""}",True,False,True,False,"step 3, step 5 (SOA), "
cdnazuremicrosoft.com,microsoft|cloudflare,"{""microsoft"": ""private"", ""cloudflare"": ""third""}",True,False,True,False,"step 3, step 5 (SOA), "
cdnedge.live,microsoft|cloudflare,"{""microsoft"": ""private"", ""cloudflare"": ""third""}",True,False,True,False,"step 3, step 5 (SOA), "
cdnetworks.net,cdnetworks,"{""cdnetworks"": ""private""}",False,False,False,False,"step 2, "
cdnexpress.live,microsoft|amazon,"{""microsoft"": ""private"", ""amazon"": ""third""}",True,False,True,False,"step 3, step 5 (SOA), "
cdnga.net,cdnetworks,"{""cdnetworks"": ""private""}",False,False,False,False,"step 2, "
cdngc.net,cdnetworks,"{""cdnetworks"": ""private""}",False,False,False,False,"step 2, "
cdnhwc1.com,huawei,"{""huawei"": ""private""}",False,False,False,False,"step 2, "
cdnhwc2.com,huawei,"{""huawei"": ""private""}",False,False,False,False,"step 2, "
cdnhwc3.com,huawei,"{""huawei"": ""private""}",False,False,False,False,"step 2, "
cdninstagram.com,meta,"{""meta"": ""private""}",False,False,False,False,"step 2, "
cdnnetwork.live,microsoft|amazon,"{""microsoft"": ""private"", ""amazon"": ""third""}",True,False,True,False,"step 3, step 5 (SOA), "
cdntip.com,tencent,"{""tencent"": ""private""}",False,False,False,False,"step 2, "
cdnvideo.net,cdnvideo,"{""cdnvideo"": ""private""}",False,False,False,False,"step 2, "
cdnvideo.ru,cdnvideo,"{""cdnvideo"": ""private""}",False,False,False,False,"step 2, "
cdnvideohub.com,cloudflare,"{""cloudflare"": ""private""}",False,False,False,False,"step 5 (SOA), "
cdprojektred.com,amazon,"{""amazon"": ""private""}",False,False,False,False,"step 5 (SOA), "
cdrst.com,cloudflare|twitter,"{""cloudflare"": ""private"", ""twitter"": ""private""}",False,False,True,False,"step 5 (SOA), step 6, "
celebnewsuggestions.com,cloudflare,"{""cloudflare"": ""private""}",False,False,False,False,"step 5 (SOA), "
celebrations.com,fastly,"{""fastly"": ""private""}",False,False,False,False,"step 6, "
celerantwebservices.com,cloudflare,"{""cloudflare"": ""private""}",False,False,False,False,"step 5 (SOA), "
cello.so,amazon,"{""amazon"": ""private""}",False,False,False,False,"step 5 (SOA), "
cellphones.com.vn,cloudflare,"{""cloudflare"": ""private""}",False,False,False,False,"step 5 (SOA), "
celvoke.com,amazon,"{""amazon"": ""private""}",False,False,False,False,"step 5 (SOA), "
cenmed.com,cloudflare,"{""cloudflare"": ""private""}",False,False,False,False,"step 5 (SOA), "
cens.io,amazon,"{""amazon"": ""private""}",False,False,False,False,"step 5 (SOA), "
centralindex.com,amazon,"{""amazon"": ""private""}",False,False,False,False,"step 5 (SOA), "
centralreach.com,amazon|cloudflare,"{""amazon"": ""private"", ""cloudflare"": ""private""}",False,False,True,False,"step 5 (SOA), step 7, "
cfgr1.com,amazon,"{""amazon"": ""private""}",False,False,False,False,"step 5 (SOA), "
cfstack.com,cloudflare,"{""cloudflare"": ""private""}",False,False,False,False,"step 5 (SOA), "
cgee.net,cloudflare,"{""cloudflare"": ""private""}",False,False,False,False,"step 5 (SOA), "
cgu.gov.br,amazon,"{""amazon"": ""private""}",False,False,False,False,"step 5 (SOA), "
ch3oh.ru,cloudflare,"{""cloudflare"": ""private""}",False,False,False,False,"step 5 (SOA), "
chaos.com,google,"{""google"": ""private""}",False,False,False,False,"step 5 (SOA), "
chaport.ru,cloudflare,"{""cloudflare"": ""private""}",False,False,False,False,"step 5 (SOA), "
charliemonroe.net,cloudflare,"{""cloudflare"": ""private""}",False,False,False,False,"step 5 (SOA), "
charmdiamondcentres.com,cloudflare,"{""cloudflare"": ""private""}",False,False,False,False,"step 5 (SOA), "
chartbeat.com,amazon|twitter,"{""amazon"": ""private"", ""twitter"": ""private""}",False,False,True,False,"step 5 (SOA), step 6, "
chatgpt4google.com,google|amazon,"{""google"": ""private"", ""amazon"": ""third""}",True,False,True,False,"step 3, step 5 (SOA), "
chatolive.net,microsoft|cloudflare,"{""microsoft"": ""private"", ""cloudflare"": ""third""}",True,False,True,False,"step 3, step 5 (SOA), "
chatovod.com,cloudflare,"{""cloudflare"": ""private""}",False,False,False,False,"step 5 (SOA), "
chatterresearch.com,amazon,"{""amazon"": ""private""}",False,False,False,False,"step 5 (SOA), "
cheapthrillsmoto.com,microsoft|cloudflare,"{""microsoft"": ""private"", ""cloudflare"": ""private""}",False,False,True,False,"step 5 (SOA), step 7, "
checkpointcloudsec.com,amazon,"{""amazon"": ""private""}",False,False,False,False,"step 5 (SOA), "
checkvideo.net,cloudflare|amazon,"{""cloudflare"": ""private"", ""amazon"": ""private""}",False,False,True,False,"step 5 (SOA), step 6, "
chegiochi.it,google,"{""google"": ""private""}",False,False,False,False,"step 5 (SOA), "
cherry-lt-01.live,microsoft|gcore,"{""microsoft"": ""private"", ""gcore"": ""third""}",True,False,True,False,"step 3, step 5 (SOA), "
cherry-nll-01.live,microsoft|gcore,"{""microsoft"": ""private"", ""gcore"": ""third""}",True,False,True,False,"step 3, step 5 (SOA), "
cherry-us-01.live,microsoft|gcore,"{""microsoft"": ""private"", ""gcore"": ""third""}",True,False,True,False,"step 3, step 5 (SOA), "
chickpt.com.tw,amazon|twitter,"{""amazon"": ""private"", ""twitter"": ""private""}",False,False,True,False,"step 5 (SOA), step 6, "
chicoryapp.com,google,"{""google"": ""private""}",False,False,False,False,"step 5 (SOA), "
chilipiper.com,amazon,"{""amazon"": ""private""}",False,False,False,False,"step 5 (SOA), "
chilis.com,google,"{""google"": ""private""}",False,False,False,False,"step 5 (SOA), "
chime.aws,amazon,"{""amazon"": ""private""}",False,False,False,False,"step 3, "
chime.me,amazon,"{""amazon"": ""private""}",False,False,False,False,"step 5 (SOA), "
chinabagsnet.com,twitter,"{""twitter"": ""private""}",False,False,False,False,"step 6, "
chinacloudsites.cn,microsoft,"{""microsoft"": ""private""}",False,False,False,False,"step 2, "
chinanetcenter.com,wangsu,"{""wangsu"": ""private""}",False,False,False,False,"step 2, "
chinapackagenet.com,twitter,"{""twitter"": ""private""}",False,False,False,False,"step 6, "
chinatopforwarder.com,cloudflare,"{""cloudflare"": ""private""}",False,False,False,False,"step 7, "
chinatopfreight.com,twitter|cloudflare,"{""twitter"": ""private"", ""cloudflare"": ""private""}",False,False,True,False,"step 6, step 7, "
chinwag.org,cloudflare,"{""cloudflare"": ""private""}",False,False,False,False,"step 5 (SOA), "
chitra.live,microsoft|cloudflare,"{""microsoft"": ""private"", ""cloudflare"": ""third""}",True,False,True,False,"step 3, step 5 (SOA), "
chitubox.com,alibaba,"{""alibaba"": ""private""}",False,False,False,False,"step 6, "
chl.ca,amazon|cloudflare,"{""amazon"": ""private"", ""cloudflare"": ""private""}",False,False,True,False,"step 5 (SOA), step 7, "
chloeting.com,amazon,"{""amazon"": ""private""}",False,False,False,False,"step 5 (SOA), "
choiceindia.com,cloudflare,"{""cloudflare"": ""private""}",False,False,False,False,"step 5 (SOA), "
choosecapstone.com,amazon,"{""amazon"": ""private""}",False,False,False,False,"step 5 (SOA), "
chordify.net,cloudflare,"{""cloudflare"": ""private""}",False,False,False,False,"step 5 (SOA), "
chorus.one,cloudflare,"{""cloudflare"": ""private""}",False,False,False,False,"step 5 (SOA), "
chromaticgamestcg.com.au,cloudflare,"{""cloudflare"": ""private""}",False,False,False,False,"step 7, "
chromedata.com,amazon,"{""amazon"": ""private""}",False,False,False,False,"step 5 (SOA), "
chromeenterprise.google,google,"{""google"": ""private""}",False,False,False,False,"step 1, "
chroniclelive.co.uk,microsoft|amazon,"{""microsoft"": ""private"", ""amazon"": ""third""}",True,False,True,False,"step 3, step 5 (SOA), "
chryssafidis.com,cloudflare,"{""cloudflare"": ""private""}",False,False,False,False,"step 5 (SOA), "
chuangcdn.com,chuangcache,"{""chuangcache"": ""private""}",False,False,False,False,"step 2, "
churnzero.net,amazon,"{""amazon"": ""private""}",False,False,False,False,"step 5 (SOA), "
cilia.com.br,amazon,"{""amazon"": ""private""}",False,False,False,False,"step 5 (SOA), "
cimpress.com,amazon,"{""amazon"": ""private""}",False,False,False,False,"step 5 (SOA), "
cineca.it,cloudflare,"{""cloudflare"": ""private""}",False,False,False,False,"step 6, "
cinsscore.com,cloudflare,"{""cloudflare"": ""private""}",False,False,False,False,"step 5 (SOA), "
cintamobil.com,cloudflare,"{""cloudflare"": ""private""}",False,False,False,False,"step 5 (SOA), "
cirion.live,microsoft,"{""microsoft"": ""private""}",False,False,False,False,"step 3, "
cirreon.com,amazon,"{""amazon"": ""private""}",False,False,False,False,"step 5 (SOA), "
citrusad.com,amazon,"{""amazon"": ""private""}",False,False,False,False,"step 5 (SOA), "
city-data.com,digicert,"{""digicert"": ""private""}",False,False,False,False,"step 5 (SOA), "
citymall.live,microsoft|amazon,"{""microsoft"": ""private"", ""amazon"": ""third""}",True,False,True,False,"step 3, step 5 (SOA), "
civiclive.com,microsoft|cloudflare,"{""microsoft"": ""private"", ""cloudflare"": ""third""}",True,False,True,False,"step 3, step 5 (SOA), "
cjponyparts.com,cloudflare,"{""cloudflare"": ""private""}",False,False,False,False,"step 7, "
ckitchen.com,cloudflare,"{""cloudflare"": ""private""}",False,False,False,False,"step 5 (SOA), "
clamsnet.org,microsoft|amazon,"{""microsoft"": ""private"", ""amazon"": ""private""}",False,False,True,False,"step 3, step 5 (SOA), "
clara.net,twitter,"{""twitter"": ""private""}",False,False,False,False,"step 6, "
clarionsafety.com,cloudflare,"{""cloudflare"": ""private""}",False,False,False,False,"step 7, "
classicbond.com,sucuri,"{""sucuri"": ""private""}",False,False,False,False,"step 7, "
classicbroncos.com,cloudflare,"{""cloudflare"": ""private""}",False,False,False,False,"step 5 (SOA), "
classlink.io,amazon,"{""amazon"": ""private""}",False,False,False,False,"step 5 (SOA), "
cleanernoble.live,microsoft|cloudflare,"{""microsoft"": ""private"", ""cloudflare"": ""third""}",True,False,True,False,"step 3, step 5 (SOA), "
cleanertoolboxonline.live,microsoft|cloudflare,"{""microsoft"": ""private"", ""cloudflare"": ""third""}",True,False,True,False,"step 3, step 5 (SOA), "
cleanerwish.live,microsoft|cloudflare,"{""microsoft"": ""private"", ""cloudflare"": ""third""}",True,False,True,False,"step 3, step 5 (SOA), "
cleanmachinepro.live,microsoft|cloudflare,"{""microsoft"": ""private"", ""cloudflare"": ""third""}",True,False,True,False,"step 3, step 5 (SOA), "
cleantalk.org,amazon,"{""amazon"": ""private""}",False,False,False,False,"step 5 (SOA), "
clearcleanerpro.live,microsoft|cloudflare,"{""microsoft"": ""private"", ""cloudflare"": ""third""}",True,False,True,False,"step 3, step 5 (SOA), "
clearcompany.com,amazon,"{""amazon"": ""private""}",False,False,False,False,"step 5 (SOA), "
clerkprod-cloudflare.net,cloudflare,"{""cloudflare"": ""private""}",False,False,False,False,"step 3, "
clever-cloud.com,cloudflare,"{""cloudflare"": ""private""}",False,False,False,False,"step 5 (SOA), "
clicksend.com,amazon,"{""amazon"": ""private""}",False,False,False,False,"step 5 (SOA), "
clicktotweet.com,cloudflare|twitter,"{""cloudflare"": ""private"", ""twitter"": ""private""}",False,False,True,False,"step 5 (SOA), step 6, "
clicktripz.com,amazon,"{""amazon"": ""private""}",False,False,False,False,"step 5 (SOA), "
clientgear.com,amazon,"{""amazon"": ""private""}",False,False,False,False,"step 5 (SOA), "
climatixic.com,microsoft,"{""microsoft"": ""private""}",False,False,False,False,"step 5 (SOA), "
clipcentric.com,amazon,"{""amazon"": ""private""}",False,False,False,False,"step 5 (SOA), "
clipstat.com,amazon|twitter,"{""amazon"": ""private"", ""twitter"": ""private""}",False,False,True,False,"step 5 (SOA), step 6, "
clive.cloud,microsoft|amazon,"{""microsoft"": ""private"", ""amazon"": ""third""}",True,False,True,False,"step 3, step 5 (SOA), "
clivetadds.com,microsoft|cloudflare,"{""microsoft"": ""private"", ""cloudflare"": ""third""}",True,False,True,False,"step 3, step 5 (SOA), "
clksite.com,digicert,"{""digicert"": ""private""}",False,False,False,False,"step 5 (SOA), "
clojars.org,amazon,"{""amazon"": ""private""}",False,False,False,False,"step 5 (SOA), "
cloud-dev.microsoft,microsoft,"{""microsoft"": ""private""}",False,False,False,False,"step 1, "
cloud.google,google,"{""google"": ""private""}",False,False,False,False,"step 1, "
cloud.gov,amazon,"{""amazon"": ""private""}",False,False,False,False,"step 5 (SOA), "
cloud.microsoft,microsoft,"{""microsoft"": ""private""}",False,False,False,False,"step 1, "
cloudant.com,twitter,"{""twitter"": ""private""}",False,False,False,False,"step 6, "
cloudapp.net,microsoft,"{""microsoft"": ""private""}",False,False,False,False,"step 2, "
cloudbackup.management,amazon,"{""amazon"": ""private""}",False,False,False,False,"step 5 (SOA), "
cloudbreak.us,amazon,"{""amazon"": ""private""}",False,False,False,False,"step 5 (SOA), "
cloudcall.com,amazon|cloudflare,"{""amazon"": ""private"", ""cloudflare"": ""private""}",False,False,True,False,"step 5 (SOA), step 7, "
cloudconvert.com,amazon|twitter,"{""amazon"": ""private"", ""twitter"": ""private""}",False,False,True,False,"step 5 (SOA), step 6, "
cloudflare-cn.com,cloudflare,"{""cloudflare"": ""private""}",False,False,False,False,"step 3, "
cloudflare-dm-cmpimg.com,cloudflare,"{""cloudflare"": ""private""}",False,False,False,False,"step 3, "
cloudflare-dns.com,cloudflare,"{""cloudflare"": ""private""}",False,False,False,False,"step 2, "
cloudflare-ech.com,cloudflare,"{""cloudflare"": ""private""}",False,False,False,False,"step 3, "
cloudflare-eth.com,cloudflare,"{""cloudflare"": ""private""}",False,False,False,False,"step 3, "
cloudflare-gateway.com,cloudflare,"{""cloudflare"": ""private""}",False,False,False,False,"step 3, "
cloudflare-ipfs.com,cloudflare,"{""cloudflare"": ""private""}",False,False,False,False,"step 3, "
cloudflare-terms-of-service-abuse.com,cloudflare,"{""cloudflare"": ""private""}",False,False,False,False,"step 3, "
cloudflare.com,cloudflare,"{""cloudflare"": ""private""}",False,False,False,False,"step 2, "
cloudflare.dev,cloudflare,"{""cloudflare"": ""private""}",False,False,False,False,"step 3, "
cloudflare.net,cloudflare,"{""cloudflare"": ""private""}",False,False,False,False,"step 2, "
cloudflareaccess.com,cloudflare,"{""cloudflare"": ""private""}",False,False,False,False,"step 3, "
cloudflareclient.com,cloudflare,"{""cloudflare"": ""private""}",False,False,False,False,"step 3, "
cloudflarecn.net,cloudflare,"{""cloudflare"": ""private""}",False,False,False,False,"step 3, "
cloudflarecp.com,cloudflare,"{""cloudflare"": ""private""}",False,False,False,False,"step 3, "
cloudflareinsights.com,cloudflare,"{""cloudflare"": ""private""}",False,False,False,False,"step 3, "
cloudflaremirrors.com,cloudflare,"{""cloudflare"": ""private""}",False,False,False,False,"step 3, "
cloudflareok.com,cloudflare,"{""cloudflare"": ""private""}",False,False,False,False,"step 3, "
cloudflareperf.com,cloudflare,"{""cloudflare"": ""private""}",False,False,False,False,"step 3, "
cloudflareportal.com,cloudflare,"{""cloudflare"": ""private""}",False,False,False,False,"step 3, "
cloudflareresolve.com,cloudflare,"{""cloudflare"": ""private""}",False,False,False,False,"step 3, "
cloudflaressl.com,cloudflare,"{""cloudflare"": ""private""}",False,False,False,False,"step 3, "
cloudflarestatus.com,cloudflare|google,"{""cloudflare"": ""private"", ""google"": ""third""}",True,False,True,False,"step 3, step 5 (SOA), "
cloudflarestorage.com,cloudflare,"{""cloudflare"": ""private""}",False,False,False,False,"step 3, "
cloudflarestream.com,cloudflare,"{""cloudflare"": ""private""}",False,False,False,False,"step 3, "
cloudflareworkers.com,cloudflare,"{""cloudflare"": ""private""}",False,False,False,False,"step 3, "
cloudfront.cn,amazon,"{""amazon"": ""private""}",False,False,False,False,"step 3, "
cloudfront.net,amazon,"{""amazon"": ""private""}",False,False,False,False,"step 2, "
cloudfrontcdn.com,amazon|apple,"{""amazon"": ""private"", ""apple"": ""third""}",True,False,True,False,"step 3, step 5 (SOA), "
cloudhub.io,amazon,"{""amazon"": ""private""}",False,False,False,False,"step 5 (SOA), "
cloudimg.io,amazon,"{""amazon"": ""private""}",False,False,False,False,"step 5 (SOA), "
cloudimperiumgames.com,amazon,"{""amazon"": ""private""}",False,False,False,False,"step 5 (SOA), "
cloudinary.com,cloudinary|amazon,"{""cloudinary"": ""private"", ""amazon"": ""third""}",True,False,True,False,"step 2, step 5 (SOA), "
cloudinary.net,cloudinary|amazon,"{""cloudinary"": ""private"", ""amazon"": ""third""}",True,False,True,False,"step 2, step 5 (SOA), "
cloudkeyz.com,amazon,"{""amazon"": ""private""}",False,False,False,False,"step 5 (SOA), "
cloudlivecdn.com,microsoft|cloudflare,"{""microsoft"": ""private"", ""cloudflare"": ""third""}",True,False,True,False,"step 3, step 5 (SOA), "
cloudpath.live,microsoft|cloudflare,"{""microsoft"": ""private"", ""cloudflare"": ""third""}",True,False,True,False,"step 3, step 5 (SOA), "
cloudsmith.com,amazon,"{""amazon"": ""private""}",False,False,False,False,"step 5 (SOA), "
cloudsoftphone.com,cloudflare,"{""cloudflare"": ""private""}",False,False,False,False,"step 5 (SOA), "
clubpet.com.au,twitter,"{""twitter"": ""private""}",False,False,False,False,"step 6, "
cluep.com,amazon,"{""amazon"": ""private""}",False,False,False,False,"step 5 (SOA), "
cma-cgm.com,amazon|cloudflare,"{""amazon"": ""private"", ""cloudflare"": ""private""}",False,False,True,False,"step 5 (SOA), step 6, "
cmdmtc.com,amazon,"{""amazon"": ""private""}",False,False,False,False,"step 5 (SOA), "
cms-ds.com,digicert,"{""digicert"": ""private""}",False,False,False,False,"step 5 (SOA), "
cmsnl.com,microsoft|cloudflare,"{""microsoft"": ""private"", ""cloudflare"": ""third""}",True,False,True,False,"step 3, step 5 (SOA), "
cnbvnc.win,cloudflare,"{""cloudflare"": ""private""}",False,False,False,False,"step 5 (SOA), "
cnewslive.com,microsoft|cloudflare,"{""microsoft"": ""private"", ""cloudflare"": ""third""}",True,False,True,False,"step 3, step 5 (SOA), "
cnewsliveenglish.com,microsoft|cloudflare,"{""microsoft"": ""private"", ""cloudflare"": ""third""}",True,False,True,False,"step 3, step 5 (SOA), "
cnmsn.net,microsoft,"{""microsoft"": ""private""}",False,False,False,False,"step 3, "
cobaltgroup.com,amazon,"{""amazon"": ""private""}",False,False,False,False,"step 5 (SOA), "
cobrasoftwares.in,cloudflare,"{""cloudflare"": ""private""}",False,False,False,False,"step 5 (SOA), "
cobrowse.io,amazon,"{""amazon"": ""private""}",False,False,False,False,"step 5 (SOA), "
coccodrillo.eu,cloudflare,"{""cloudflare"": ""private""}",False,False,False,False,"step 5 (SOA), "
coccolive.com,microsoft|amazon,"{""microsoft"": ""private"", ""amazon"": ""third""}",True,False,True,False,"step 3, step 5 (SOA), "
coches.net,amazon,"{""amazon"": ""private""}",False,False,False,False,"step 5 (SOA), "
cocmap.com,cloudflare,"{""cloudflare"": ""private""}",False,False,False,False,"step 5 (SOA), "
cocoduck.live,microsoft|cloudflare,"{""microsoft"": ""private"", ""cloudflare"": ""third""}",True,False,True,False,"step 3, step 5 (SOA), "
coconala.com,amazon,"{""amazon"": ""private""}",False,False,False,False,"step 5 (SOA), "
codacloud.net,cloudflare|amazon,"{""cloudflare"": ""private"", ""amazon"": ""private""}",False,False,True,False,"step 5 (SOA), step 6, "
code.golf,cloudflare,"{""cloudflare"": ""private""}",False,False,False,False,"step 5 (SOA), "
codeblocks.org,cloudflare,"{""cloudflare"": ""private""}",False,False,False,False,"step 5 (SOA), "
codegym.cc,amazon,"{""amazon"": ""private""}",False,False,False,False,"step 5 (SOA), "
cofc.edu,amazon,"{""amazon"": ""private""}",False,False,False,False,"step 5 (SOA), "
coin-stats.com,cloudflare,"{""cloudflare"": ""private""}",False,False,False,False,"step 5 (SOA), "
coinlive.com,microsoft|cloudflare,"{""microsoft"": ""private"", ""cloudflare"": ""third""}",True,False,True,False,"step 3, step 5 (SOA), "
colgatepalmolive.com,microsoft|akamai,"{""microsoft"": ""private"", ""akamai"": ""third""}",True,False,True,False,"step 3, step 6, "
collabornation.net,amazon,"{""amazon"": ""private""}",False,False,False,False,"step 5 (SOA), "
collegeconfidential.com,amazon|cloudflare,"{""amazon"": ""private"", ""cloudflare"": ""private""}",False,False,True,False,"step 5 (SOA), step 7, "
com-central.net,cloudflare,"{""cloudflare"": ""private""}",False,False,False,False,"step 5 (SOA), "
com-x.life,cloudflare,"{""cloudflare"": ""private""}",False,False,False,False,"step 5 (SOA), "
comet.com,amazon|twitter,"{""amazon"": ""private"", ""twitter"": ""private""}",False,False,True,False,"step 5 (SOA), step 6, "
comfortwiz.com,cloudflare,"{""cloudflare"": ""private""}",False,False,False,False,"step 7, "
comiccollectorlive.com,microsoft|cloudflare,"{""microsoft"": ""private"", ""cloudflare"": ""third""}",True,False,True,False,"step 3, step 5 (SOA), "
comick.live,microsoft|cloudflare,"{""microsoft"": ""private"", ""cloudflare"": ""third""}",True,False,True,False,"step 3, step 5 (SOA), "
comicshubingestion.goog,microsoft|google,"{""microsoft"": ""private"", ""google"": ""third""}",True,False,True,False,"step 3, step 5 (SOA), "
commandlink.net,cloudflare,"{""cloudflare"": ""private""}",False,False,False,False,"step 5 (SOA), "
commercebuild.com,google,"{""google"": ""private""}",False,False,False,False,"step 5 (SOA), "
companycheck.co.uk,amazon,"{""amazon"": ""private""}",False,False,False,False,"step 5 (SOA), "
companyreports.it,cloudflare,"{""cloudflare"": ""private""}",False,False,False,False,"step 5 (SOA), "
compas.cloud,cloudflare,"{""cloudflare"": ""private""}",False,False,False,False,"step 5 (SOA), "
compensationrecovery.com,cloudflare,"{""cloudflare"": ""private""}",False,False,False,False,"step 5 (SOA), "
complyauto.com,amazon,"{""amazon"": ""private""}",False,False,False,False,"step 5 (SOA), "
componentsearchengine.com,cloudflare,"{""cloudflare"": ""private""}",False,False,False,False,"step 5 (SOA), "
compreconfie.com.br,microsoft,"{""microsoft"": ""private""}",False,False,False,False,"step 5 (SOA), "
comss.ru,cloudflare,"{""cloudflare"": ""private""}",False,False,False,False,"step 5 (SOA), "
comvoy.com,microsoft,"{""microsoft"": ""private""}",False,False,False,False,"step 5 (SOA), "
concentrixcx.com,microsoft,"{""microsoft"": ""private""}",False,False,False,False,"step 5 (SOA), "
conceptboard.com,amazon,"{""amazon"": ""private""}",False,False,False,False,"step 5 (SOA), "
conceptnet.io,amazon,"{""amazon"": ""private""}",False,False,False,False,"step 5 (SOA), "
concordfax.com,cloudflare,"{""cloudflare"": ""private""}",False,False,False,False,"step 7, "
concretesoftware.com,amazon,"{""amazon"": ""private""}",False,False,False,False,"step 5 (SOA), "
condfy.com.br,cloudflare,"{""cloudflare"": ""private""}",False,False,False,False,"step 5 (SOA), "
connect-social-live.com,microsoft|cloudflare,"{""microsoft"": ""private"", ""cloudflare"": ""third""}",True,False,True,False,"step 3, step 6, "
connect.aws,amazon,"{""amazon"": ""private""}",False,False,False,False,"step 3, "
connected-biking.cloud,amazon,"{""amazon"": ""private""}",False,False,False,False,"step 5 (SOA), "
connectedcooking.com,microsoft,"{""microsoft"": ""private""}",False,False,False,False,"step 5 (SOA), "
connectif.cloud,microsoft,"{""microsoft"": ""private""}",False,False,False,False,"step 5 (SOA), "
connectlive2024.com,microsoft,"{""microsoft"": ""private""}",False,False,False,False,"step 3, "
connectyou.net.au,amazon,"{""amazon"": ""private""}",False,False,False,False,"step 5 (SOA), "
connpass.com,amazon,"{""amazon"": ""private""}",False,False,False,False,"step 5 (SOA), "
consignet.com.br,twitter,"{""twitter"": ""private""}",False,False,False,False,"step 6, "
constructr-project.com,google|twitter,"{""google"": ""private"", ""twitter"": ""private""}",False,False,True,False,"step 5 (SOA), step 6, "
contactpigeon.com,cloudflare,"{""cloudflare"": ""private""}",False,False,False,False,"step 5 (SOA), "
containerize.com,amazon,"{""amazon"": ""private""}",False,False,False,False,"step 5 (SOA), "
contentcontroller.com,amazon,"{""amazon"": ""private""}",False,False,False,False,"step 5 (SOA), "
contentdeliveries.com,microsoft|amazon,"{""microsoft"": ""private"", ""amazon"": ""third""}",True,False,True,False,"step 3, step 5 (SOA), "
contentdelivery.net,microsoft,"{""microsoft"": ""private""}",False,False,False,False,"step 3, "
contextads.live,microsoft|amazon,"{""microsoft"": ""private"", ""amazon"": ""third""}",True,False,True,False,"step 3, step 5 (SOA), "
controld.com,cloudflare,"{""cloudflare"": ""private""}",False,False,False,False,"step 5 (SOA), "
controlid.com.br,amazon,"{""amazon"": ""private""}",False,False,False,False,"step 5 (SOA), "
conversion.io,amazon|google,"{""amazon"": ""private"", ""google"": ""private""}",False,False,True,False,"step 5 (SOA), step 7, "
convertbox.com,amazon|cloudflare,"{""amazon"": ""private"", ""cloudflare"": ""private""}",False,False,True,False,"step 5 (SOA), step 7, "
convertri.com,amazon,"{""amazon"": ""private""}",False,False,False,False,"step 5 (SOA), "
cookappsgames.com,amazon,"{""amazon"": ""private""}",False,False,False,False,"step 5 (SOA), "
cookie-script.com,twitter,"{""twitter"": ""private""}",False,False,False,False,"step 6, "
cookieconfirm.com,cloudflare,"{""cloudflare"": ""private""}",False,False,False,False,"step 5 (SOA), "
cookiefirst.com,twitter,"{""twitter"": ""private""}",False,False,False,False,"step 6, "
cookiehub.net,amazon,"{""amazon"": ""private""}",False,False,False,False,"step 5 (SOA), "
cookingzone.org,cloudflare,"{""cloudflare"": ""private""}",False,False,False,False,"step 5 (SOA), "
coolaler.com,cloudflare,"{""cloudflare"": ""private""}",False,False,False,False,"step 5 (SOA), "
copart.com,digicert|twitter|imperva,"{""digicert"": ""private"", ""twitter"": ""private"", ""imperva"": ""private""}",False,False,True,False,"step 5 (SOA), step 6, step 6, "
copart.com.br,digicert|twitter|imperva,"{""digicert"": ""private"", ""twitter"": ""private"", ""imperva"": ""private""}",False,False,True,False,"step 5 (SOA), step 6, step 6, "
copilot.live,microsoft|cloudflare,"{""microsoft"": ""private"", ""cloudflare"": ""third""}",True,False,True,False,"step 3, step 5 (SOA), "
copper6.live,microsoft|cloudflare,"{""microsoft"": ""private"", ""cloudflare"": ""third""}",True,False,True,False,"step 3, step 5 (SOA), "
coralogix.com,cloudflare,"{""cloudflare"": ""private""}",False,False,False,False,"step 5 (SOA), "
core.microsoft,microsoft,"{""microsoft"": ""private""}",False,False,False,False,"step 1, "
coreknowledge.org,cloudflare,"{""cloudflare"": ""private""}",False,False,False,False,"step 5 (SOA), "
coren-sp.gov.br,amazon,"{""amazon"": ""private""}",False,False,False,False,"step 5 (SOA), "
corendon.nl,microsoft,"{""microsoft"": ""private""}",False,False,False,False,"step 5 (SOA), "
cornwalllive.com,microsoft|amazon,"{""microsoft"": ""private"", ""amazon"": ""third""}",True,False,True,False,"step 3, step 5 (SOA), "
coromant.com,twitter,"{""twitter"": ""private""}",False,False,False,False,"step 6, "
corover.ai,cloudflare,"{""cloudflare"": ""private""}",False,False,False,False,"step 5 (SOA), "
corporatebook.org,cloudflare,"{""cloudflare"": ""private""}",False,False,False,False,"step 5 (SOA), "
corretto.aws,amazon,"{""amazon"": ""private""}",False,False,False,False,"step 3, "
corriere.it,fastly,"{""fastly"": ""private""}",False,False,False,False,"step 6, "
corza.com,cloudflare,"{""cloudflare"": ""private""}",False,False,False,False,"step 7, "
cosmospro.com.br,cloudflare,"{""cloudflare"": ""private""}",False,False,False,False,"step 5 (SOA), "
costcobusinessdelivery.com,microsoft|fastly,"{""microsoft"": ""private"", ""fastly"": ""third""}",True,False,True,False,"step 3, step 6, "
cottonandsteelfabrics.com,amazon|google,"{""amazon"": ""private"", ""google"": ""private""}",False,False,True,False,"step 5 (SOA), step 7, "
coursera.org,amazon,"{""amazon"": ""private""}",False,False,False,False,"step 5 (SOA), "
courtlistener.com,amazon,"{""amazon"": ""private""}",False,False,False,False,"step 5 (SOA), "
covetedclaws.com,amazon|google|shopify,"{""amazon"": ""private"", ""google"": ""third"", ""shopify"": ""third""}",True,False,True,True,"step 3, step 5 (SOA), step 6, "
cowgl.tech,cloudflare,"{""cloudflare"": ""private""}",False,False,False,False,"step 5 (SOA), "
cp20.com,amazon,"{""amazon"": ""private""}",False,False,False,False,"step 5 (SOA), "
cppredir.net,microsoft,"{""microsoft"": ""private""}",False,False,False,False,"step 5 (SOA), "
cps.golf,cloudflare,"{""cloudflare"": ""private""}",False,False,False,False,"step 5 (SOA), "
cpu.edu.ph,cloudflare,"{""cloudflare"": ""private""}",False,False,False,False,"step 5 (SOA), "
cpx.to,amazon,"{""amazon"": ""private""}",False,False,False,False,"step 5 (SOA), "
crackle.co.in,amazon,"{""amazon"": ""private""}",False,False,False,False,"step 5 (SOA), "
craftcutconcepts.com,cloudflare,"{""cloudflare"": ""private""}",False,False,False,False,"step 5 (SOA), "
crane.aero,cloudflare,"{""cloudflare"": ""private""}",False,False,False,False,"step 7, "
crazynewworld.net,cloudflare,"{""cloudflare"": ""private""}",False,False,False,False,"step 5 (SOA), "
creately.com,cloudflare|amazon,"{""cloudflare"": ""private"", ""amazon"": ""private""}",False,False,True,False,"step 5 (SOA), step 7, "
creativelive.com,microsoft|amazon,"{""microsoft"": ""private"", ""amazon"": ""private""}",False,False,True,False,"step 3, step 5 (SOA), "
creatorsapi.amazon,amazon,"{""amazon"": ""private""}",False,False,False,False,"step 3, "
crediblebh.com,microsoft,"{""microsoft"": ""private""}",False,False,False,False,"step 5 (SOA), "
creditsyard.com,amazon,"{""amazon"": ""private""}",False,False,False,False,"step 5 (SOA), "
crexendovip.com,cloudflare,"{""cloudflare"": ""private""}",False,False,False,False,"step 5 (SOA), "
crickapi.com,google,"{""google"": ""private""}",False,False,False,False,"step 7, "
criteo.com,criteo|fastly,"{""criteo"": ""private"", ""fastly"": ""private""}",False,False,True,False,"step 2, step 7, "
criteo.net,criteo,"{""criteo"": ""private""}",False,False,False,False,"step 2, "
crowdin.com,amazon,"{""amazon"": ""private""}",False,False,False,False,"step 5 (SOA), "
crowdin.net,amazon,"{""amazon"": ""private""}",False,False,False,False,"step 5 (SOA), "
crowdworks.jp,amazon,"{""amazon"": ""private""}",False,False,False,False,"step 5 (SOA), "
crushfun.live,microsoft|amazon,"{""microsoft"": ""private"", ""amazon"": ""third""}",True,False,True,False,"step 3, step 5 (SOA), "
crustytoothpaste.net,google,"{""google"": ""private""}",False,False,False,False,"step 5 (SOA), "
cryptobrowser.site,cloudflare,"{""cloudflare"": ""private""}",False,False,False,False,"step 5 (SOA), "
csgo.com,cloudflare,"{""cloudflare"": ""private""}",False,False,False,False,"step 5 (SOA), "
csusm.edu,microsoft,"{""microsoft"": ""private""}",False,False,False,False,"step 6, "
ctext.org,amazon,"{""amazon"": ""private""}",False,False,False,False,"step 5 (SOA), "
ctmirror.org,cloudflare,"{""cloudflare"": ""private""}",False,False,False,False,"step 5 (SOA), "
ctuit.com,amazon|twitter,"{""amazon"": ""private"", ""twitter"": ""private""}",False,False,True,False,"step 5 (SOA), step 6, "
cubecobra.com,cloudflare,"{""cloudflare"": ""private""}",False,False,False,False,"step 5 (SOA), "
cucloud.cn,ucloud,"{""ucloud"": ""private""}",False,False,False,False,"step 6, "
cuebiq.com,amazon|cloudflare,"{""amazon"": ""private"", ""cloudflare"": ""private""}",False,False,True,False,"step 5 (SOA), step 7, "
cuevana.life,cloudflare,"{""cloudflare"": ""private""}",False,False,False,False,"step 5 (SOA), "
cuevana1.live,microsoft|cloudflare,"{""microsoft"": ""private"", ""cloudflare"": ""third""}",True,False,True,False,"step 3, step 5 (SOA), "
cuevana4br.com,cloudflare,"{""cloudflare"": ""private""}",False,False,False,False,"step 5 (SOA), "
culturedcode.com,amazon,"{""amazon"": ""private""}",False,False,False,False,"step 5 (SOA), "
cupe.ca,microsoft|fastly,"{""microsoft"": ""private"", ""fastly"": ""private""}",False,False,True,False,"step 5 (SOA), step 7, "
curama.jp,amazon,"{""amazon"": ""private""}",False,False,False,False,"step 5 (SOA), "
currencylive.com,microsoft|cloudflare,"{""microsoft"": ""private"", ""cloudflare"": ""third""}",True,False,True,False,"step 3, step 5 (SOA), "
cursosycarreras.es,amazon,"{""amazon"": ""private""}",False,False,False,False,"step 5 (SOA), "
custompricecalculator.com,cloudflare,"{""cloudflare"": ""private""}",False,False,False,False,"step 5 (SOA), "
cve.org,amazon,"{""amazon"": ""private""}",False,False,False,False,"step 5 (SOA), "
cws.digital,amazon,"{""amazon"": ""private""}",False,False,False,False,"step 5 (SOA), "
cyberimpact.com,twitter,"{""twitter"": ""private""}",False,False,False,False,"step 6, "
cyberscore.live,microsoft|cloudflare|amazon,"{""microsoft"": ""private"", ""cloudflare"": ""third"", ""amazon"": ""third""}",True,False,True,True,"step 3, step 5 (SOA), step 6, "
cykelkraft.se,amazon,"{""amazon"": ""private""}",False,False,False,False,"step 5 (SOA), "
cymbiotika.com,cloudflare,"{""cloudflare"": ""private""}",False,False,False,False,"step 7, "
cyntelli.com,cloudflare,"{""cloudflare"": ""private""}",False,False,False,False,"step 5 (SOA), "
cyolo.io,amazon,"{""amazon"": ""private""}",False,False,False,False,"step 5 (SOA), "
cypherworx.com,amazon,"{""amazon"": ""private""}",False,False,False,False,"step 5 (SOA), "
cytracom.net,amazon,"{""amazon"": ""private""}",False,False,False,False,"step 5 (SOA), "
czo.gov.ua,amazon,"{""amazon"": ""private""}",False,False,False,False,"step 5 (SOA), "
d4sign.com.br,amazon,"{""amazon"": ""private""}",False,False,False,False,"step 5 (SOA), "
daacestar6.com,cloudflare,"{""cloudflare"": ""private""}",False,False,False,False,"step 5 (SOA), "
dailyadvent.com,twitter,"{""twitter"": ""private""}",False,False,False,False,"step 6, "
dailymotion.com,dailymotion|amazon,"{""dailymotion"": ""private"", ""amazon"": ""third""}",True,False,True,False,"step 6, step 6, "
daisonet.com,amazon|shopify|twitter,"{""amazon"": ""private"", ""shopify"": ""private"", ""twitter"": ""private""}",False,False,True,False,"step 5 (SOA), step 6, step 6, "
darkgenerationsbook.com,cloudflare,"{""cloudflare"": ""private""}",False,False,False,False,"step 5 (SOA), "
darkorbit.com,amazon|twitter,"{""amazon"": ""private"", ""twitter"": ""private""}",False,False,True,False,"step 5 (SOA), step 6, "
darkvod.com,apple,"{""apple"": ""private""}",False,False,False,False,"step 5 (SOA), "
darpanmagazine.com,amazon,"{""amazon"": ""private""}",False,False,False,False,"step 5 (SOA), "
darwinbox.com,amazon,"{""amazon"": ""private""}",False,False,False,False,"step 5 (SOA), "
dasa.com.br,amazon,"{""amazon"": ""private""}",False,False,False,False,"step 5 (SOA), "
dashjs.org,fastly,"{""fastly"": ""private""}",False,False,False,False,"step 7, "
dasmodewerk.com,cloudflare,"{""cloudflare"": ""private""}",False,False,False,False,"step 7, "
datacamp.com,amazon|cloudflare,"{""amazon"": ""private"", ""cloudflare"": ""private""}",False,False,True,False,"step 5 (SOA), step 6, "
datadistribute.live,microsoft|amazon,"{""microsoft"": ""private"", ""amazon"": ""third""}",True,False,True,False,"step 3, step 5 (SOA), "
datafront.co,amazon|twitter,"{""amazon"": ""private"", ""twitter"": ""private""}",False,False,True,False,"step 5 (SOA), step 6, "
datajet.io,amazon,"{""amazon"": ""private""}",False,False,False,False,"step 5 (SOA), "
datalivemarketing.com.br,microsoft|google,"{""microsoft"": ""private"", ""google"": ""third""}",True,False,True,False,"step 3, step 5 (SOA), "
datamanager.co.kr,amazon,"{""amazon"": ""private""}",False,False,False,False,"step 5 (SOA), "
datarecoverybonus.live,microsoft|cloudflare,"{""microsoft"": ""private"", ""cloudflare"": ""third""}",True,False,True,False,"step 3, step 5 (SOA), "
datarecoveryradical.live,microsoft|cloudflare,"{""microsoft"": ""private"", ""cloudflare"": ""third""}",True,False,True,False,"step 3, step 5 (SOA), "
datasheet.live,microsoft|cloudflare,"{""microsoft"": ""private"", ""cloudflare"": ""third""}",True,False,True,False,"step 3, step 5 (SOA), "
datingfactory.com,amazon,"{""amazon"": ""private""}",False,False,False,False,"step 5 (SOA), "
dauup.com,amazon,"{""amazon"": ""private""}",False,False,False,False,"step 5 (SOA), "
daytona.io,amazon,"{""amazon"": ""private""}",False,False,False,False,"step 5 (SOA), "
dayugslb.com,tencent,"{""tencent"": ""private""}",False,False,False,False,"step 2, "
dbastatic.dk,amazon,"{""amazon"": ""private""}",False,False,False,False,"step 5 (SOA), "
dblks.net,cloudflare,"{""cloudflare"": ""private""}",False,False,False,False,"step 5 (SOA), "
dc-msedge.net,microsoft,"{""microsoft"": ""private""}",False,False,False,False,"step 3, "
dcap.com,cloudflare,"{""cloudflare"": ""private""}",False,False,False,False,"step 5 (SOA), "
dcloudlive.com,microsoft,"{""microsoft"": ""private""}",False,False,False,False,"step 3, "
ddanzi.com,cloudflare,"{""cloudflare"": ""private""}",False,False,False,False,"step 5 (SOA), "
deadline.com,amazon,"{""amazon"": ""private""}",False,False,False,False,"step 5 (SOA), "
dealeraccelerate.com,amazon,"{""amazon"": ""private""}",False,False,False,False,"step 5 (SOA), "
dealerk.com,cloudflare,"{""cloudflare"": ""private""}",False,False,False,False,"step 5 (SOA), "
debrid-link.com,cloudflare,"{""cloudflare"": ""private""}",False,False,False,False,"step 5 (SOA), "
deces-en-france.com,cloudflare,"{""cloudflare"": ""private""}",False,False,False,False,"step 5 (SOA), "
decorativeplumbingsupply.com,microsoft|cloudflare,"{""microsoft"": ""private"", ""cloudflare"": ""third""}",True,False,True,False,"step 3, step 6, "
dediseedbox.com,cloudflare,"{""cloudflare"": ""private""}",False,False,False,False,"step 5 (SOA), "
deduce.com,amazon,"{""amazon"": ""private""}",False,False,False,False,"step 5 (SOA), "
deepai.org,amazon,"{""amazon"": ""private""}",False,False,False,False,"step 5 (SOA), "
deepmind.google,google,"{""google"": ""private""}",False,False,False,False,"step 1, "
deepreader.live,microsoft|cloudflare,"{""microsoft"": ""private"", ""cloudflare"": ""third""}",True,False,True,False,"step 3, step 5 (SOA), "
deepthought.cloud,amazon,"{""amazon"": ""private""}",False,False,False,False,"step 5 (SOA), "
definify.com,cloudflare,"{""cloudflare"": ""private""}",False,False,False,False,"step 5 (SOA), "
definithing.com,cloudflare,"{""cloudflare"": ""private""}",False,False,False,False,"step 5 (SOA), "
delicloud.com,apple,"{""apple"": ""private""}",False,False,False,False,"step 3, "
deliverect.com,microsoft|cloudflare,"{""microsoft"": ""private"", ""cloudflare"": ""third""}",True,False,True,False,"step 3, step 5 (SOA), "
deliverimp.com,microsoft|amazon,"{""microsoft"": ""private"", ""amazon"": ""third""}",True,False,True,False,"step 3, step 5 (SOA), "
deliveroo.ae,microsoft|cloudflare,"{""microsoft"": ""private"", ""cloudflare"": ""third""}",True,False,True,False,"step 3, step 5 (SOA), "
deliveroo.co.uk,microsoft|cloudflare,"{""microsoft"": ""private"", ""cloudflare"": ""third""}",True,False,True,False,"step 3, step 5 (SOA), "
deliveroo.com,microsoft|cloudflare,"{""microsoft"": ""private"", ""cloudflare"": ""third""}",True,False,True,False,"step 3, step 5 (SOA), "
deliveroo.fr,microsoft|cloudflare,"{""microsoft"": ""private"", ""cloudflare"": ""third""}",True,False,True,False,"step 3, step 5 (SOA), "
deliveroo.net,microsoft|cloudflare,"{""microsoft"": ""private"", ""cloudflare"": ""third""}",True,False,True,False,"step 3, step 5 (SOA), "
deliverr.com,microsoft|amazon,"{""microsoft"": ""private"", ""amazon"": ""private""}",False,False,True,False,"step 3, step 5 (SOA), "
delivery-amazing.com,microsoft|cloudflare,"{""microsoft"": ""private"", ""cloudflare"": ""third""}",True,False,True,False,"step 3, step 5 (SOA), "
deliverydireto.com.br,microsoft,"{""microsoft"": ""private""}",False,False,False,False,"step 3, "
deliveryhero.com,microsoft|cloudflare,"{""microsoft"": ""private"", ""cloudflare"": ""third""}",True,False,True,False,"step 3, step 5 (SOA), "
deliveryhero.io,microsoft|cloudflare,"{""microsoft"": ""private"", ""cloudflare"": ""third""}",True,False,True,False,"step 3, step 5 (SOA), "
deliveryhero.net,microsoft|cloudflare,"{""microsoft"": ""private"", ""cloudflare"": ""third""}",True,False,True,False,"step 3, step 5 (SOA), "
deliverynow.vn,microsoft|amazon,"{""microsoft"": ""private"", ""amazon"": ""third""}",True,False,True,False,"step 3, step 5 (SOA), "
demant.com,microsoft|twitter,"{""microsoft"": ""private"", ""twitter"": ""private""}",False,False,True,False,"step 5 (SOA), step 6, "
demdex.net,adobe|amazon,"{""adobe"": ""private"", ""amazon"": ""private""}",False,False,True,False,"step 2, step 6, "
dengage.com,amazon,"{""amazon"": ""private""}",False,False,False,False,"step 5 (SOA), "
denox.com.br,amazon,"{""amazon"": ""private""}",False,False,False,False,"step 5 (SOA), "
denverlibrary.org,amazon,"{""amazon"": ""private""}",False,False,False,False,"step 5 (SOA), "
deped.gov.ph,microsoft,"{""microsoft"": ""private""}",False,False,False,False,"step 5 (SOA), "
dergipark.org.tr,google,"{""google"": ""private""}",False,False,False,False,"step 5 (SOA), "
designerprints.com,amazon,"{""amazon"": ""private""}",False,False,False,False,"step 5 (SOA), "
deslegte.com,google,"{""google"": ""private""}",False,False,False,False,"step 5 (SOA), "
destinia.com,cloudflare,"{""cloudflare"": ""private""}",False,False,False,False,"step 5 (SOA), "
destinilocators.com,amazon,"{""amazon"": ""private""}",False,False,False,False,"step 5 (SOA), "
destinyitemmanager.com,cloudflare,"{""cloudflare"": ""private""}",False,False,False,False,"step 5 (SOA), "
deultimominuto.net,amazon,"{""amazon"": ""private""}",False,False,False,False,"step 5 (SOA), "
dev.microsoft,microsoft,"{""microsoft"": ""private""}",False,False,False,False,"step 1, "
devilhard.com,cloudflare,"{""cloudflare"": ""private""}",False,False,False,False,"step 5 (SOA), "
devonlive.com,microsoft|amazon,"{""microsoft"": ""private"", ""amazon"": ""third""}",True,False,True,False,"step 3, step 5 (SOA), "
devpost.com,twitter,"{""twitter"": ""private""}",False,False,False,False,"step 6, "
dexcom.eu,google,"{""google"": ""private""}",False,False,False,False,"step 5 (SOA), "
dexcom.jp,google,"{""google"": ""private""}",False,False,False,False,"step 5 (SOA), "
dexland.org,cloudflare,"{""cloudflare"": ""private""}",False,False,False,False,"step 5 (SOA), "
dexterchaney.com,amazon,"{""amazon"": ""private""}",False,False,False,False,"step 5 (SOA), "
deyeesoft.com,twitter,"{""twitter"": ""private""}",False,False,False,False,"step 6, "
dgicloud.com,apple|amazon,"{""apple"": ""private"", ""amazon"": ""third""}",True,False,True,False,"step 3, step 5 (SOA), "
dhakamail.com,akamai|cloudflare,"{""akamai"": ""private"", ""cloudflare"": ""third""}",True,False,True,False,"step 3, step 5 (SOA), "
dhiaws.com,amazon,"{""amazon"": ""private""}",False,False,False,False,"step 3, "
dhimgs.com,amazon,"{""amazon"": ""private""}",False,False,False,False,"step 5 (SOA), "
dht.live,microsoft|amazon,"{""microsoft"": ""private"", ""amazon"": ""third""}",True,False,True,False,"step 3, step 5 (SOA), "
dialpyx.com,amazon,"{""amazon"": ""private""}",False,False,False,False,"step 5 (SOA), "
diariolibre.com,amazon,"{""amazon"": ""private""}",False,False,False,False,"step 5 (SOA), "
dib-moce-cdn.info,cloudflare,"{""cloudflare"": ""private""}",False,False,False,False,"step 5 (SOA), "
didna.io,google,"{""google"": ""private""}",False,False,False,False,"step 5 (SOA), "
digiboy.ir,cloudflare,"{""cloudflare"": ""private""}",False,False,False,False,"step 5 (SOA), "
digicert.cn,digicert,"{""digicert"": ""private""}",False,False,False,False,"step 3, "
digicert.com,digicert|imperva,"{""digicert"": ""private"", ""imperva"": ""third""}",True,False,True,False,"step 3, step 6, "
digicert.eu,digicert,"{""digicert"": ""private""}",False,False,False,False,"step 3, "
digicertdns.com,digicert,"{""digicert"": ""private""}",False,False,False,False,"step 3, "
digicertdns.net,digicert,"{""digicert"": ""private""}",False,False,False,False,"step 3, "
digital-catalogue.com,amazon,"{""amazon"": ""private""}",False,False,False,False,"step 5 (SOA), "
digitalcombatsimulator.com,cloudflare,"{""cloudflare"": ""private""}",False,False,False,False,"step 5 (SOA), "
digitaldisbursements.com,amazon,"{""amazon"": ""private""}",False,False,False,False,"step 5 (SOA), "
digitalhoper.com,cloudflare,"{""cloudflare"": ""private""}",False,False,False,False,"step 5 (SOA), "
digitaljournal.com,cloudflare,"{""cloudflare"": ""private""}",False,False,False,False,"step 5 (SOA), "
digitalocean.com,digitalocean|cloudflare,"{""digitalocean"": ""private"", ""cloudflare"": ""third""}",True,False,True,False,"step 2, step 5 (SOA), "
digitaloceanspaces.com,digitalocean|cloudflare,"{""digitalocean"": ""private"", ""cloudflare"": ""third""}",True,False,True,False,"step 2, step 5 (SOA), "
digitalphone.io,google,"{""google"": ""private""}",False,False,False,False,"step 5 (SOA), "
digitalsportstech.com,amazon,"{""amazon"": ""private""}",False,False,False,False,"step 5 (SOA), "
digiturkplay.com,amazon,"{""amazon"": ""private""}",False,False,False,False,"step 5 (SOA), "
diia.gov.ua,amazon,"{""amazon"": ""private""}",False,False,False,False,"step 5 (SOA), "
dimensions.ai,amazon|cloudflare,"{""amazon"": ""private"", ""cloudflare"": ""private""}",False,False,True,False,"step 5 (SOA), step 7, "
dir.bg,cloudflare,"{""cloudflare"": ""private""}",False,False,False,False,"step 5 (SOA), "
directadvert.ru,cloudflare,"{""cloudflare"": ""private""}",False,False,False,False,"step 5 (SOA), "
disa.mil,akamai,"{""akamai"": ""private""}",False,False,False,False,"step 6, "
discordapp.com,discord|cloudflare,"{""discord"": ""private"", ""cloudflare"": ""third""}",True,False,True,False,"step 2, step 5 (SOA), "
discordapp.io,cloudflare,"{""cloudflare"": ""private""}",False,False,False,False,"step 5 (SOA), "
discordapp.net,discord|cloudflare,"{""discord"": ""private"", ""cloudflare"": ""third""}",True,False,True,False,"step 2, step 5 (SOA), "
dishanywhere.com,digicert,"{""digicert"": ""private""}",False,False,False,False,"step 5 (SOA), "
dishtv.technology,amazon,"{""amazon"": ""private""}",False,False,False,False,"step 5 (SOA), "
dito.com.br,amazon|google,"{""amazon"": ""private"", ""google"": ""private""}",False,False,True,False,"step 5 (SOA), step 7, "
divas.cloud,amazon,"{""amazon"": ""private""}",False,False,False,False,"step 5 (SOA), "
dive.games,cloudflare,"{""cloudflare"": ""private""}",False,False,False,False,"step 5 (SOA), "
diversitysoftware.com,amazon,"{""amazon"": ""private""}",False,False,False,False,"step 5 (SOA), "
dividendinvestor.com,google,"{""google"": ""private""}",False,False,False,False,"step 5 (SOA), "
divvy.co,amazon,"{""amazon"": ""private""}",False,False,False,False,"step 5 (SOA), "
diyanet.gov.tr,microsoft,"{""microsoft"": ""private""}",False,False,False,False,"step 5 (SOA), "
dl-files.com,cloudflare,"{""cloudflare"": ""private""}",False,False,False,False,"step 5 (SOA), "
dlocal.com,amazon,"{""amazon"": ""private""}",False,False,False,False,"step 5 (SOA), "
dlrg.de,amazon,"{""amazon"": ""private""}",False,False,False,False,"step 5 (SOA), "
dlron.us,digicert|fastly,"{""digicert"": ""private"", ""fastly"": ""private""}",False,False,True,False,"step 5 (SOA), step 7, "
dltv.org,cloudflare,"{""cloudflare"": ""private""}",False,False,False,False,"step 5 (SOA), "
dmcdn.net,dailymotion,"{""dailymotion"": ""private""}",False,False,False,False,"step 2, "
dmhosts.com,cloudflare,"{""cloudflare"": ""private""}",False,False,False,False,"step 5 (SOA), "
dns.google,google,"{""google"": ""private""}",False,False,False,False,"step 1, "
dns4me.net,amazon,"{""amazon"": ""private""}",False,False,False,False,"step 5 (SOA), "
dnsexit.com,twitter,"{""twitter"": ""private""}",False,False,False,False,"step 6, "
dnsmadeeasy.com,fastly,"{""fastly"": ""private""}",False,False,False,False,"step 7, "
dnsv1.com,tencent,"{""tencent"": ""private""}",False,False,False,False,"step 2, "
dnswarden.com,cloudflare|fastly,"{""cloudflare"": ""private"", ""fastly"": ""private""}",False,False,True,False,"step 5 (SOA), step 7, "
docaccess.com,amazon,"{""amazon"": ""private""}",False,False,False,False,"step 5 (SOA), "
docgenie.in,amazon,"{""amazon"": ""private""}",False,False,False,False,"step 5 (SOA), "
doctolib.com,cloudflare,"{""cloudflare"": ""private""}",False,False,False,False,"step 5 (SOA), "
doctoralia.com.mx,amazon,"{""amazon"": ""private""}",False,False,False,False,"step 5 (SOA), "
documentsdelivered.com,microsoft|cloudflare,"{""microsoft"": ""private"", ""cloudflare"": ""third""}",True,False,True,False,"step 3, step 5 (SOA), "
dodois.com,microsoft,"{""microsoft"": ""private""}",False,False,False,False,"step 5 (SOA), "
dodopizza.com,microsoft,"{""microsoft"": ""private""}",False,False,False,False,"step 5 (SOA), "
dodopizza.ru,microsoft,"{""microsoft"": ""private""}",False,False,False,False,"step 5 (SOA), "
doggtreats.com,google,"{""google"": ""private""}",False,False,False,False,"step 5 (SOA), "
dohalist.com,cloudflare|twitter,"{""cloudflare"": ""private"", ""twitter"": ""private""}",False,False,True,False,"step 5 (SOA), step 6, "
dollopsdigital.com,cloudflare,"{""cloudflare"": ""private""}",False,False,False,False,"step 5 (SOA), "
dolphin-emu.org,bunnycdn,"{""bunnycdn"": ""private""}",False,False,False,False,"step 5 (SOA), "
dome9.com,amazon,"{""amazon"": ""private""}",False,False,False,False,"step 5 (SOA), "
domestika.org,amazon,"{""amazon"": ""private""}",False,False,False,False,"step 5 (SOA), "
domodi.pl,microsoft,"{""microsoft"": ""private""}",False,False,False,False,"step 5 (SOA), "
dopalive.com,microsoft|amazon,"{""microsoft"": ""private"", ""amazon"": ""third""}",True,False,True,False,"step 3, step 5 (SOA), "
doppiocdn.live,microsoft|cloudflare,"{""microsoft"": ""private"", ""cloudflare"": ""third""}",True,False,True,False,"step 3, step 5 (SOA), "
doramalives.news,microsoft|cloudflare,"{""microsoft"": ""private"", ""cloudflare"": ""third""}",True,False,True,False,"step 3, step 5 (SOA), "
dorkhost.com,twitter,"{""twitter"": ""private""}",False,False,False,False,"step 6, "
dotit.com,amazon|twitter,"{""amazon"": ""private"", ""twitter"": ""private""}",False,False,True,False,"step 5 (SOA), step 6, "
doubleclick-cn.net,google,"{""google"": ""private""}",False,False,False,False,"step 3, "
doubleclick.com,google,"{""google"": ""private""}",False,False,False,False,"step 3, "
doubleclick.net,google,"{""google"": ""private""}",False,False,False,False,"step 3, "
doubleclickbygoogle.com,google,"{""google"": ""private""}",False,False,False,False,"step 3, "
dovetail.com,amazon,"{""amazon"": ""private""}",False,False,False,False,"step 5 (SOA), "
dovetailchaos.com,amazon,"{""amazon"": ""private""}",False,False,False,False,"step 5 (SOA), "
doxxbet.sk,amazon,"{""amazon"": ""private""}",False,False,False,False,"step 5 (SOA), "
dp-ca-01.live,microsoft|gcore,"{""microsoft"": ""private"", ""gcore"": ""third""}",True,False,True,False,"step 3, step 5 (SOA), "
dp-de-01.live,microsoft|gcore,"{""microsoft"": ""private"", ""gcore"": ""third""}",True,False,True,False,"step 3, step 5 (SOA), "
dp-es-01.live,microsoft|gcore,"{""microsoft"": ""private"", ""gcore"": ""third""}",True,False,True,False,"step 3, step 5 (SOA), "
dp-hu-01.live,microsoft|gcore,"{""microsoft"": ""private"", ""gcore"": ""third""}",True,False,True,False,"step 3, step 5 (SOA), "
dp-pl-01.live,microsoft|gcore,"{""microsoft"": ""private"", ""gcore"": ""third""}",True,False,True,False,"step 3, step 5 (SOA), "
dp-tr-01.live,microsoft|gcore,"{""microsoft"": ""private"", ""gcore"": ""third""}",True,False,True,False,"step 3, step 5 (SOA), "
dpa-sportslive.com,microsoft|cloudflare,"{""microsoft"": ""private"", ""cloudflare"": ""third""}",True,False,True,False,"step 3, step 5 (SOA), "
dps.live,microsoft,"{""microsoft"": ""private""}",False,False,False,False,"step 3, "
dramarushbingeshort.com,microsoft|amazon,"{""microsoft"": ""private"", ""amazon"": ""third""}",True,False,True,False,"step 3, step 5 (SOA), "
dramasfree.com,cloudflare,"{""cloudflare"": ""private""}",False,False,False,False,"step 5 (SOA), "
drawdeliver.de,microsoft|cloudflare,"{""microsoft"": ""private"", ""cloudflare"": ""third""}",True,False,True,False,"step 3, step 5 (SOA), "
dream-singles.com,amazon,"{""amazon"": ""private""}",False,False,False,False,"step 5 (SOA), "
dreammu.live,microsoft,"{""microsoft"": ""private""}",False,False,False,False,"step 3, "
dreamstime.com,amazon,"{""amazon"": ""private""}",False,False,False,False,"step 5 (SOA), "
dreamvisioncreations.com,google,"{""google"": ""private""}",False,False,False,False,"step 5 (SOA), "
driftpixel.live,microsoft|cloudflare,"{""microsoft"": ""private"", ""cloudflare"": ""third""}",True,False,True,False,"step 3, step 5 (SOA), "
drikpanchang.com,google,"{""google"": ""private""}",False,False,False,False,"step 5 (SOA), "
drive-glicloudccp.com,apple,"{""apple"": ""private""}",False,False,False,False,"step 3, "
drive2.com,amazon,"{""amazon"": ""private""}",False,False,False,False,"step 5 (SOA), "
driverpack.io,cloudflare,"{""cloudflare"": ""private""}",False,False,False,False,"step 5 (SOA), "
drmtoday.com,amazon,"{""amazon"": ""private""}",False,False,False,False,"step 5 (SOA), "
droicloud.com,apple,"{""apple"": ""private""}",False,False,False,False,"step 3, "
drp.su,amazon,"{""amazon"": ""private""}",False,False,False,False,"step 5 (SOA), "
drpc.live,microsoft|amazon,"{""microsoft"": ""private"", ""amazon"": ""third""}",True,False,True,False,"step 3, step 5 (SOA), "
drtuber.com,cloudflare,"{""cloudflare"": ""private""}",False,False,False,False,"step 5 (SOA), "
drugvokrug.ru,amazon,"{""amazon"": ""private""}",False,False,False,False,"step 5 (SOA), "
drupalcode.org,digicert,"{""digicert"": ""private""}",False,False,False,False,"step 5 (SOA), "
ds77.de,cloudflare,"{""cloudflare"": ""private""}",False,False,False,False,"step 5 (SOA), "
dscgirls.live,microsoft|cloudflare,"{""microsoft"": ""private"", ""cloudflare"": ""third""}",True,False,True,False,"step 3, step 5 (SOA), "
dssott.com,telegram,"{""telegram"": ""private""}",False,False,False,False,"step 6, "
dtf.ru,cloudflare,"{""cloudflare"": ""private""}",False,False,False,False,"step 5 (SOA), "
dtn.com,cloudflare,"{""cloudflare"": ""private""}",False,False,False,False,"step 7, "
dual-s-dc-msedge.net,microsoft,"{""microsoft"": ""private""}",False,False,False,False,"step 3, "
dual-s-msedge.net,microsoft,"{""microsoft"": ""private""}",False,False,False,False,"step 3, "
duapps.com,amazon,"{""amazon"": ""private""}",False,False,False,False,"step 5 (SOA), "
dubbing.tech,microsoft,"{""microsoft"": ""private""}",False,False,False,False,"step 3, "
dubbingai.io,microsoft|cloudflare,"{""microsoft"": ""private"", ""cloudflare"": ""third""}",True,False,True,False,"step 3, step 5 (SOA), "
duddino.com,cloudflare,"{""cloudflare"": ""private""}",False,False,False,False,"step 5 (SOA), "
duetapp.net,google,"{""google"": ""private""}",False,False,False,False,"step 5 (SOA), "
dune-project.org,cloudflare,"{""cloudflare"": ""private""}",False,False,False,False,"step 5 (SOA), "
dwphonetest.com,twitter,"{""twitter"": ""private""}",False,False,False,False,"step 6, "
dxdelivery.com,microsoft|amazon,"{""microsoft"": ""private"", ""amazon"": ""third""}",True,False,True,False,"step 3, step 6, "
dxlive.com,microsoft|cloudflare,"{""microsoft"": ""private"", ""cloudflare"": ""third""}",True,False,True,False,"step 3, step 5 (SOA), "
dynabic.com,amazon,"{""amazon"": ""private""}",False,False,False,False,"step 5 (SOA), "
dynamic.ooo,cloudflare,"{""cloudflare"": ""private""}",False,False,False,False,"step 7, "
dynamics.com,microsoft,"{""microsoft"": ""private""}",False,False,False,False,"step 5 (SOA), "
e-apteka.com.ua,cloudflare,"{""cloudflare"": ""private""}",False,False,False,False,"step 5 (SOA), "
e-dc-msedge.net,microsoft,"{""microsoft"": ""private""}",False,False,False,False,"step 3, "
e-msedge.net,microsoft,"{""microsoft"": ""private""}",False,False,False,False,"step 3, "
e-volution.ai,amazon,"{""amazon"": ""private""}",False,False,False,False,"step 5 (SOA), "
e24.no,amazon,"{""amazon"": ""private""}",False,False,False,False,"step 5 (SOA), "
ea-mct-live.com,microsoft|amazon,"{""microsoft"": ""private"", ""amazon"": ""third""}",True,False,True,False,"step 3, step 5 (SOA), "
eab.com,amazon|cloudflare,"{""amazon"": ""private"", ""cloudflare"": ""private""}",False,False,True,False,"step 5 (SOA), step 7, "
easee.com,amazon|cloudflare,"{""amazon"": ""private"", ""cloudflare"": ""private""}",False,False,True,False,"step 5 (SOA), step 7, "
easelive.tv,microsoft|netlify,"{""microsoft"": ""private"", ""netlify"": ""third""}",True,False,True,False,"step 3, step 6, "
easy.co.il,cloudflare,"{""cloudflare"": ""private""}",False,False,False,False,"step 6, "
easyasdns.com,cloudflare,"{""cloudflare"": ""private""}",False,False,False,False,"step 5 (SOA), "
easybet.co.za,amazon|twitter,"{""amazon"": ""private"", ""twitter"": ""private""}",False,False,True,False,"step 5 (SOA), step 6, "
easybroker.com,amazon,"{""amazon"": ""private""}",False,False,False,False,"step 5 (SOA), "
easyliveauction.com,microsoft|cloudflare,"{""microsoft"": ""private"", ""cloudflare"": ""third""}",True,False,True,False,"step 3, step 5 (SOA), "
eb.com,amazon,"{""amazon"": ""private""}",False,False,False,False,"step 5 (SOA), "
ebayimg.com,yahoo,"{""yahoo"": ""private""}",False,False,False,False,"step 3, "
ecatholic.com,cloudflare,"{""cloudflare"": ""private""}",False,False,False,False,"step 5 (SOA), "
ecdn.dk,cloudflare,"{""cloudflare"": ""private""}",False,False,False,False,"step 5 (SOA), "
echobeamradio.com,amazon,"{""amazon"": ""private""}",False,False,False,False,"step 5 (SOA), "
ecicloud.com,apple,"{""apple"": ""private""}",False,False,False,False,"step 3, "
eclecticlight.co,twitter,"{""twitter"": ""private""}",False,False,False,False,"step 6, "
ecocart.io,amazon,"{""amazon"": ""private""}",False,False,False,False,"step 5 (SOA), "
econdos.com.br,amazon,"{""amazon"": ""private""}",False,False,False,False,"step 5 (SOA), "
ecovadis.com,cloudflare,"{""cloudflare"": ""private""}",False,False,False,False,"step 5 (SOA), "
ecr.aws,amazon,"{""amazon"": ""private""}",False,False,False,False,"step 3, "
ecsdk.com,amazon,"{""amazon"": ""private""}",False,False,False,False,"step 5 (SOA), "
ecwid.com,amazon,"{""amazon"": ""private""}",False,False,False,False,"step 5 (SOA), "
edealer.ca,amazon,"{""amazon"": ""private""}",False,False,False,False,"step 5 (SOA), "
edexlive.com,microsoft|amazon|cloudflare,"{""microsoft"": ""private"", ""amazon"": ""third"", ""cloudflare"": ""third""}",True,False,True,True,"step 3, step 5 (SOA), step 6, "
edge-delivery-prod.com,microsoft|cloudflare,"{""microsoft"": ""private"", ""cloudflare"": ""third""}",True,False,True,False,"step 3, step 5 (SOA), "
edge.apple,apple,"{""apple"": ""private""}",False,False,False,False,"step 1, "
edgecache.live,microsoft|amazon,"{""microsoft"": ""private"", ""amazon"": ""third""}",True,False,True,False,"step 3, step 5 (SOA), "
edgedatg.com,amazon,"{""amazon"": ""private""}",False,False,False,False,"step 5 (SOA), "
edgekey-staging.net,akamai,"{""akamai"": ""private""}",False,False,False,False,"step 3, "
edgekey.net,akamai,"{""akamai"": ""private""}",False,False,False,False,"step 2, "
edgekey88.net,akamai,"{""akamai"": ""private""}",False,False,False,False,"step 3, "
edgesuite.net,akamai,"{""akamai"": ""private""}",False,False,False,False,"step 2, "
edgesuite88.net,akamai,"{""akamai"": ""private""}",False,False,False,False,"step 3, "
edisound.com,cloudflare,"{""cloudflare"": ""private""}",False,False,False,False,"step 5 (SOA), "
edit.site,cloudflare,"{""cloudflare"": ""private""}",False,False,False,False,"step 5 (SOA), "
editorialmanager.com,amazon|cloudflare,"{""amazon"": ""private"", ""cloudflare"": ""private""}",False,False,True,False,"step 5 (SOA), step 6, "
edrawsoft.cn,amazon,"{""amazon"": ""private""}",False,False,False,False,"step 3, "
edrawsoft.com,amazon|akamai,"{""amazon"": ""private"", ""akamai"": ""third""}",True,False,True,False,"step 3, step 6, "
edsanta.com,google,"{""google"": ""private""}",False,False,False,False,"step 7, "
educadventista.org,amazon,"{""amazon"": ""private""}",False,False,False,False,"step 5 (SOA), "
education.gov.uk,amazon,"{""amazon"": ""private""}",False,False,False,False,"step 5 (SOA), "
educationalnetworks.net,google,"{""google"": ""private""}",False,False,False,False,"step 5 (SOA), "
eduki.com,amazon,"{""amazon"": ""private""}",False,False,False,False,"step 5 (SOA), "
edweek.org,cloudflare,"{""cloudflare"": ""private""}",False,False,False,False,"step 5 (SOA), "
eeo.cn,tencent,"{""tencent"": ""private""}",False,False,False,False,"step 6, "
effem.com,amazon,"{""amazon"": ""private""}",False,False,False,False,"step 5 (SOA), "
efilive.com,microsoft|cloudflare,"{""microsoft"": ""private"", ""cloudflare"": ""third""}",True,False,True,False,"step 3, step 5 (SOA), "
egam.com.br,amazon,"{""amazon"": ""private""}",False,False,False,False,"step 5 (SOA), "
egoi.page,bunnycdn,"{""bunnycdn"": ""private""}",False,False,False,False,"step 6, "
egym.com,google,"{""google"": ""private""}",False,False,False,False,"step 5 (SOA), "
eichvw.com,amazon|cloudflare,"{""amazon"": ""private"", ""cloudflare"": ""private""}",False,False,True,False,"step 5 (SOA), step 7, "
eiga.com,amazon,"{""amazon"": ""private""}",False,False,False,False,"step 5 (SOA), "
eightfold.ai,amazon,"{""amazon"": ""private""}",False,False,False,False,"step 5 (SOA), "
eintaxid.com,google,"{""google"": ""private""}",False,False,False,False,"step 5 (SOA), "
eitvcloud.com,amazon,"{""amazon"": ""private""}",False,False,False,False,"step 5 (SOA), "
eksmo.ru,cloudflare,"{""cloudflare"": ""private""}",False,False,False,False,"step 5 (SOA), "
el.com.br,amazon,"{""amazon"": ""private""}",False,False,False,False,"step 5 (SOA), "
elarabygroup.com,amazon,"{""amazon"": ""private""}",False,False,False,False,"step 5 (SOA), "
elaws.us,amazon,"{""amazon"": ""private""}",False,False,False,False,"step 3, "
elcinema.com,amazon,"{""amazon"": ""private""}",False,False,False,False,"step 5 (SOA), "
eldroadmap.com,amazon,"{""amazon"": ""private""}",False,False,False,False,"step 5 (SOA), "
eleadcrm.com,microsoft,"{""microsoft"": ""private""}",False,False,False,False,"step 5 (SOA), "
electre-ng.com,google,"{""google"": ""private""}",False,False,False,False,"step 5 (SOA), "
elemecdn.com,eleme|dnion,"{""eleme"": ""private"", ""dnion"": ""third""}",True,False,True,False,"step 2, step 6, "
elements.amazon,amazon,"{""amazon"": ""private""}",False,False,False,False,"step 3, "
eletromidia.com.br,google,"{""google"": ""private""}",False,False,False,False,"step 5 (SOA), "
elevate.cafe,amazon|cloudflare,"{""amazon"": ""private"", ""cloudflare"": ""private""}",False,False,True,False,"step 5 (SOA), step 6, "
elitescastle.com,amazon,"{""amazon"": ""private""}",False,False,False,False,"step 5 (SOA), "
elive.fans,microsoft|cloudflare|amazon,"{""microsoft"": ""private"", ""cloudflare"": ""third"", ""amazon"": ""third""}",True,False,True,True,"step 3, step 5 (SOA), step 6, "
elli.eco,microsoft,"{""microsoft"": ""private""}",False,False,False,False,"step 5 (SOA), "
elluciancloud.com,amazon,"{""amazon"": ""private""}",False,False,False,False,"step 5 (SOA), "
elongstatic.com,google,"{""google"": ""private""}",False,False,False,False,"step 3, "
elonreptiloid.com,cloudflare,"{""cloudflare"": ""private""}",False,False,False,False,"step 5 (SOA), "
elphasecure.io,amazon,"{""amazon"": ""private""}",False,False,False,False,"step 5 (SOA), "
eltropy.com,amazon|cloudflare,"{""amazon"": ""private"", ""cloudflare"": ""private""}",False,False,True,False,"step 5 (SOA), step 7, "
elusivedisc.com,cloudflare,"{""cloudflare"": ""private""}",False,False,False,False,"step 7, "
elyrialibrary.org,microsoft,"{""microsoft"": ""private""}",False,False,False,False,"step 5 (SOA), "
em-consulte.com,amazon,"{""amazon"": ""private""}",False,False,False,False,"step 5 (SOA), "
email-rec.com,cloudflare,"{""cloudflare"": ""private""}",False,False,False,False,"step 5 (SOA), "
email.it,cloudflare,"{""cloudflare"": ""private""}",False,False,False,False,"step 5 (SOA), "
emailservice.io,amazon,"{""amazon"": ""private""}",False,False,False,False,"step 5 (SOA), "
emailsp.com,amazon,"{""amazon"": ""private""}",False,False,False,False,"step 5 (SOA), "
emarsys.net,digicert,"{""digicert"": ""private""}",False,False,False,False,"step 5 (SOA), "
emart.com,twitter|amazon,"{""twitter"": ""private"", ""amazon"": ""private""}",False,False,True,False,"step 6, step 6, "
emblemhealth.com,amazon,"{""amazon"": ""private""}",False,False,False,False,"step 6, "
emiliocavallini.com,cloudflare,"{""cloudflare"": ""private""}",False,False,False,False,"step 5 (SOA), "
emnuvens.com.br,cloudflare,"{""cloudflare"": ""private""}",False,False,False,False,"step 5 (SOA), "
emonitor.us,amazon,"{""amazon"": ""private""}",False,False,False,False,"step 5 (SOA), "
empflix.com,cloudflare|microsoft,"{""cloudflare"": ""private"", ""microsoft"": ""private""}",False,False,True,False,"step 5 (SOA), step 6, "
emusprint.com,twitter,"{""twitter"": ""private""}",False,False,False,False,"step 6, "
energybillcruncher.com,amazon,"{""amazon"": ""private""}",False,False,False,False,"step 5 (SOA), "
engadinemusic.com.au,cloudflare,"{""cloudflare"": ""private""}",False,False,False,False,"step 7, "
englandrugby.com,amazon,"{""amazon"": ""private""}",False,False,False,False,"step 5 (SOA), "
engoo.com,amazon,"{""amazon"": ""private""}",False,False,False,False,"step 5 (SOA), "
enhanced.live,microsoft|amazon,"{""microsoft"": ""private"", ""amazon"": ""third""}",True,False,True,False,"step 3, step 5 (SOA), "
enlisted.net,amazon,"{""amazon"": ""private""}",False,False,False,False,"step 5 (SOA), "
enlivedental.com,microsoft|cloudflare,"{""microsoft"": ""private"", ""cloudflare"": ""third""}",True,False,True,False,"step 3, step 5 (SOA), "
enotalone.com,cloudflare,"{""cloudflare"": ""private""}",False,False,False,False,"step 7, "
entersect.co.za,amazon|twitter,"{""amazon"": ""private"", ""twitter"": ""private""}",False,False,True,False,"step 5 (SOA), step 6, "
entitysport.com,cloudflare|twitter,"{""cloudflare"": ""private"", ""twitter"": ""private""}",False,False,True,False,"step 5 (SOA), step 6, "
enwikipedia.org,wikimedia,"{""wikimedia"": ""private""}",False,False,False,False,"step 3, "
eosusa.io,cloudflare,"{""cloudflare"": ""private""}",False,False,False,False,"step 5 (SOA), "
epicgames.com,amazon|cloudflare,"{""amazon"": ""private"", ""cloudflare"": ""private""}",False,False,True,False,"step 5 (SOA), step 6, "
epicgames.dev,amazon,"{""amazon"": ""private""}",False,False,False,False,"step 5 (SOA), "
eposnowhq.com,amazon,"{""amazon"": ""private""}",False,False,False,False,"step 5 (SOA), "
epreselec.com,amazon,"{""amazon"": ""private""}",False,False,False,False,"step 5 (SOA), "
epygicloud.com,apple|cloudflare,"{""apple"": ""private"", ""cloudflare"": ""third""}",True,False,True,False,"step 3, step 5 (SOA), "
equidia.fr,amazon,"{""amazon"": ""private""}",False,False,False,False,"step 5 (SOA), "
equip-bid.com,amazon,"{""amazon"": ""private""}",False,False,False,False,"step 5 (SOA), "
eqxiu.com,tencent,"{""tencent"": ""private""}",False,False,False,False,"step 6, "
erasmusu.com,cloudflare,"{""cloudflare"": ""private""}",False,False,False,False,"step 5 (SOA), "
ercdn.net,amazon,"{""amazon"": ""private""}",False,False,False,False,"step 5 (SOA), "
ericomcloud.net,amazon,"{""amazon"": ""private""}",False,False,False,False,"step 5 (SOA), "
eriehome.com,cloudflare,"{""cloudflare"": ""private""}",False,False,False,False,"step 7, "
erinn.biz,cloudflare,"{""cloudflare"": ""private""}",False,False,False,False,"step 5 (SOA), "
eroprofile.com,gcore,"{""gcore"": ""private""}",False,False,False,False,"step 5 (SOA), "
eroscripts.com,cloudflare,"{""cloudflare"": ""private""}",False,False,False,False,"step 5 (SOA), "
erply.com,amazon,"{""amazon"": ""private""}",False,False,False,False,"step 5 (SOA), "
ersties.com,cloudflare,"{""cloudflare"": ""private""}",False,False,False,False,"step 5 (SOA), "
escalated.io,amazon,"{""amazon"": ""private""}",False,False,False,False,"step 5 (SOA), "
escholarship.org,amazon|cloudflare,"{""amazon"": ""private"", ""cloudflare"": ""private""}",False,False,True,False,"step 5 (SOA), step 7, "
eshopadmin.com,google|fastly,"{""google"": ""private"", ""fastly"": ""private""}",False,False,True,False,"step 5 (SOA), step 7, "
espares.fr,amazon,"{""amazon"": ""private""}",False,False,False,False,"step 5 (SOA), "
esportlive.vip,microsoft|cloudflare,"{""microsoft"": ""private"", ""cloudflare"": ""third""}",True,False,True,False,"step 3, step 5 (SOA), "
essexlive.news,microsoft|amazon,"{""microsoft"": ""private"", ""amazon"": ""third""}",True,False,True,False,"step 3, step 5 (SOA), "
essrtb.com,amazon,"{""amazon"": ""private""}",False,False,False,False,"step 5 (SOA), "
estatesales.org,amazon,"{""amazon"": ""private""}",False,False,False,False,"step 5 (SOA), "
estuda.com,amazon|cloudflare,"{""amazon"": ""private"", ""cloudflare"": ""private""}",False,False,True,False,"step 5 (SOA), step 7, "
etahub.com,amazon,"{""amazon"": ""private""}",False,False,False,False,"step 5 (SOA), "
etargetnet.com,twitter,"{""twitter"": ""private""}",False,False,False,False,"step 6, "
etermax.com,amazon,"{""amazon"": ""private""}",False,False,False,False,"step 5 (SOA), "
etfflows.com,cloudflare,"{""cloudflare"": ""private""}",False,False,False,False,"step 5 (SOA), "
etherfax.net,cloudflare,"{""cloudflare"": ""private""}",False,False,False,False,"step 7, "
ethermail.io,amazon,"{""amazon"": ""private""}",False,False,False,False,"step 5 (SOA), "
ethernet.edu.et,microsoft,"{""microsoft"": ""private""}",False,False,False,False,"step 5 (SOA), "
ethyca.com,amazon,"{""amazon"": ""private""}",False,False,False,False,"step 5 (SOA), "
etimeoffice.com,amazon,"{""amazon"": ""private""}",False,False,False,False,"step 5 (SOA), "
etrade.com,akamai,"{""akamai"": ""private""}",False,False,False,False,"step 6, "
etsy.com,fastly,"{""fastly"": ""private""}",False,False,False,False,"step 6, "
eturbonews.com,cloudflare,"{""cloudflare"": ""private""}",False,False,False,False,"step 5 (SOA), "
euclidlibrary.org,microsoft,"{""microsoft"": ""private""}",False,False,False,False,"step 5 (SOA), "
eum-appdynamics.com,amazon,"{""amazon"": ""private""}",False,False,False,False,"step 5 (SOA), "
europepmc.org,amazon,"{""amazon"": ""private""}",False,False,False,False,"step 5 (SOA), "
europosit.com,twitter,"{""twitter"": ""private""}",False,False,False,False,"step 6, "
ev2-msedge.net,microsoft,"{""microsoft"": ""private""}",False,False,False,False,"step 3, "
eva.ua,cloudflare,"{""cloudflare"": ""private""}",False,False,False,False,"step 5 (SOA), "
evans-mfg.com,microsoft,"{""microsoft"": ""private""}",False,False,False,False,"step 5 (SOA), "
everfit.io,google,"{""google"": ""private""}",False,False,False,False,"step 5 (SOA), "
everpuredata.com,amazon,"{""amazon"": ""private""}",False,False,False,False,"step 5 (SOA), "
eversensedms.com,cloudflare,"{""cloudflare"": ""private""}",False,False,False,False,"step 5 (SOA), "
everymarket.com,google|twitter,"{""google"": ""private"", ""twitter"": ""private""}",False,False,True,False,"step 5 (SOA), step 6, "
evolok.net,amazon,"{""amazon"": ""private""}",False,False,False,False,"step 5 (SOA), "
exacteditions.com,amazon,"{""amazon"": ""private""}",False,False,False,False,"step 5 (SOA), "
exacttarget.com,salesforce,"{""salesforce"": ""private""}",False,False,False,False,"step 2, "
examinerlive.co.uk,microsoft|amazon,"{""microsoft"": ""private"", ""amazon"": ""third""}",True,False,True,False,"step 3, step 5 (SOA), "
excitel.in,google,"{""google"": ""private""}",False,False,False,False,"step 5 (SOA), "
execstays.com,amazon,"{""amazon"": ""private""}",False,False,False,False,"step 5 (SOA), "
exetel.com.au,amazon,"{""amazon"": ""private""}",False,False,False,False,"step 5 (SOA), "
exonhost.com,cloudflare|twitter,"{""cloudflare"": ""private"", ""twitter"": ""private""}",False,False,True,False,"step 5 (SOA), step 6, "
exoscale.ch,cloudflare,"{""cloudflare"": ""private""}",False,False,False,False,"step 5 (SOA), "
exotel.com,amazon,"{""amazon"": ""private""}",False,False,False,False,"step 5 (SOA), "
experityhealth.com,amazon|cloudflare,"{""amazon"": ""private"", ""cloudflare"": ""private""}",False,False,True,False,"step 5 (SOA), step 7, "
expertvillagemedia.com,amazon,"{""amazon"": ""private""}",False,False,False,False,"step 5 (SOA), "
explainfast.live,microsoft|cloudflare,"{""microsoft"": ""private"", ""cloudflare"": ""third""}",True,False,True,False,"step 3, step 5 (SOA), "
explore-nyc.org,cloudflare,"{""cloudflare"": ""private""}",False,False,False,False,"step 5 (SOA), "
exposale.net,cloudflare,"{""cloudflare"": ""private""}",False,False,False,False,"step 5 (SOA), "
expose-news.com,cloudflare,"{""cloudflare"": ""private""}",False,False,False,False,"step 7, "
expressapisv2.net,amazon,"{""amazon"": ""private""}",False,False,False,False,"step 5 (SOA), "
expressvpn.works,amazon,"{""amazon"": ""private""}",False,False,False,False,"step 5 (SOA), "
extendedstayamerica.com,amazon,"{""amazon"": ""private""}",False,False,False,False,"step 5 (SOA), "
externulls.com,cloudflare,"{""cloudflare"": ""private""}",False,False,False,False,"step 5 (SOA), "
extremecloudiq.com,amazon,"{""amazon"": ""private""}",False,False,False,False,"step 5 (SOA), "
eyefinityehr.com,amazon,"{""amazon"": ""private""}",False,False,False,False,"step 5 (SOA), "
eyeonspain.com,amazon,"{""amazon"": ""private""}",False,False,False,False,"step 5 (SOA), "
eyny.com,cloudflare,"{""cloudflare"": ""private""}",False,False,False,False,"step 5 (SOA), "
ezadlive.com,microsoft|cloudflare,"{""microsoft"": ""private"", ""cloudflare"": ""third""}",True,False,True,False,"step 3, step 5 (SOA), "
ezcast.com,amazon|twitter,"{""amazon"": ""private"", ""twitter"": ""private""}",False,False,True,False,"step 5 (SOA), step 6, "
ezgif.com,cloudflare,"{""cloudflare"": ""private""}",False,False,False,False,"step 5 (SOA), "
ezviz7.com,amazon,"{""amazon"": ""private""}",False,False,False,False,"step 6, "
fabfitfun.com,amazon,"{""amazon"": ""private""}",False,False,False,False,"step 5 (SOA), "
facebook-hardware.com,meta,"{""meta"": ""private""}",False,False,False,False,"step 3, "
facebook.com,meta,"{""meta"": ""private""}",False,False,False,False,"step 3, "
facebook.com.br,meta,"{""meta"": ""private""}",False,False,False,False,"step 3, "
facebook.de,meta,"{""meta"": ""private""}",False,False,False,False,"step 3, "
facebook.fr,meta,"{""meta"": ""private""}",False,False,False,False,"step 3, "
facebook.net,meta,"{""meta"": ""private""}",False,False,False,False,"step 2, "
facebookmail.com,meta,"{""meta"": ""private""}",False,False,False,False,"step 3, "
facebookvirtualassistant.com,meta,"{""meta"": ""private""}",False,False,False,False,"step 3, "
facecast.net,google,"{""google"": ""private""}",False,False,False,False,"step 5 (SOA), "
factorios.live,microsoft|cloudflare,"{""microsoft"": ""private"", ""cloudflare"": ""third""}",True,False,True,False,"step 3, step 5 (SOA), "
fakturownia.pl,amazon,"{""amazon"": ""private""}",False,False,False,False,"step 5 (SOA), "
falepaco.com.br,google,"{""google"": ""private""}",False,False,False,False,"step 5 (SOA), "
famaga.co.uk,cloudflare,"{""cloudflare"": ""private""}",False,False,False,False,"step 5 (SOA), "
fametent.com,twitter,"{""twitter"": ""private""}",False,False,False,False,"step 6, "
familytreedna.com,amazon,"{""amazon"": ""private""}",False,False,False,False,"step 5 (SOA), "
familywall.com,amazon,"{""amazon"": ""private""}",False,False,False,False,"step 5 (SOA), "
famouspaintings.com,amazon,"{""amazon"": ""private""}",False,False,False,False,"step 5 (SOA), "
fanp.me,google,"{""google"": ""private""}",False,False,False,False,"step 5 (SOA), "
faphouselive.com,microsoft|cloudflare,"{""microsoft"": ""private"", ""cloudflare"": ""third""}",True,False,True,False,"step 3, step 5 (SOA), "
faqprime.com,amazon,"{""amazon"": ""private""}",False,False,False,False,"step 5 (SOA), "
farmerama.com,amazon,"{""amazon"": ""private""}",False,False,False,False,"step 5 (SOA), "
faslet.net,amazon,"{""amazon"": ""private""}",False,False,False,False,"step 5 (SOA), "
fast-dns-host.com,cloudflare|twitter,"{""cloudflare"": ""private"", ""twitter"": ""private""}",False,False,True,False,"step 5 (SOA), step 6, "
fastbots.ai,cloudflare,"{""cloudflare"": ""private""}",False,False,False,False,"step 5 (SOA), "
fastcontent.live,microsoft|amazon,"{""microsoft"": ""private"", ""amazon"": ""third""}",True,False,True,False,"step 3, step 5 (SOA), "
fastlin.live,microsoft|cloudflare,"{""microsoft"": ""private"", ""cloudflare"": ""third""}",True,False,True,False,"step 3, step 5 (SOA), "
fastly-edge.com,fastly,"{""fastly"": ""private""}",False,False,False,False,"step 2, "
fastly-insights.com,fastly|google,"{""fastly"": ""private"", ""google"": ""third""}",True,False,True,False,"step 3, step 5 (SOA), "
fastly-masque.net,fastly,"{""fastly"": ""private""}",False,False,False,False,"step 3, "
fastly.com,fastly,"{""fastly"": ""private""}",False,False,False,False,"step 2, "
fastly.net,fastly,"{""fastly"": ""private""}",False,False,False,False,"step 2, "
fastlydns.net,fastly,"{""fastly"": ""private""}",False,False,False,False,"step 3, "
fastlylb.net,fastly,"{""fastly"": ""private""}",False,False,False,False,"step 2, "
fastpixel.io,cloudflare,"{""cloudflare"": ""private""}",False,False,False,False,"step 5 (SOA), "
fastrr.com,cloudflare,"{""cloudflare"": ""private""}",False,False,False,False,"step 5 (SOA), "
fastsupport.com,amazon|twitter,"{""amazon"": ""private"", ""twitter"": ""private""}",False,False,True,False,"step 5 (SOA), step 6, "
fasttax.com,amazon,"{""amazon"": ""private""}",False,False,False,False,"step 5 (SOA), "
favish.com,google,"{""google"": ""private""}",False,False,False,False,"step 5 (SOA), "
fawesome.tv,amazon,"{""amazon"": ""private""}",False,False,False,False,"step 5 (SOA), "
fb-t-msedge.net,microsoft,"{""microsoft"": ""private""}",False,False,False,False,"step 3, "
fb.com,meta,"{""meta"": ""private""}",False,False,False,False,"step 2, "
fb.me,meta,"{""meta"": ""private""}",False,False,False,False,"step 2, "
fbcdn.com,meta,"{""meta"": ""private""}",False,False,False,False,"step 3, "
fbcdn.net,meta,"{""meta"": ""private""}",False,False,False,False,"step 2, "
fbgcdn.com,akamai|gcore,"{""akamai"": ""private"", ""gcore"": ""private""}",False,False,True,False,"step 6, step 6, "
fbs1-t-msedge.net,microsoft,"{""microsoft"": ""private""}",False,False,False,False,"step 3, "
fbsbx.com,meta,"{""meta"": ""private""}",False,False,False,False,"step 2, "
fccs.com,wangsu,"{""wangsu"": ""private""}",False,False,False,False,"step 6, "
fd.nl,cloudflare,"{""cloudflare"": ""private""}",False,False,False,False,"step 5 (SOA), "
federalnewsnetwork.com,amazon|fastly,"{""amazon"": ""private"", ""fastly"": ""private""}",False,False,True,False,"step 5 (SOA), step 7, "
federatedlink.com,amazon,"{""amazon"": ""private""}",False,False,False,False,"step 5 (SOA), "
feebee.com.tw,cloudflare|google,"{""cloudflare"": ""private"", ""google"": ""private""}",False,False,True,False,"step 5 (SOA), step 7, "
feebee.tw,cloudflare,"{""cloudflare"": ""private""}",False,False,False,False,"step 5 (SOA), "
feedblitz.com,amazon,"{""amazon"": ""private""}",False,False,False,False,"step 5 (SOA), "
feedreader.com,amazon,"{""amazon"": ""private""}",False,False,False,False,"step 5 (SOA), "
feegow.com,amazon,"{""amazon"": ""private""}",False,False,False,False,"step 5 (SOA), "
feelthemusi.com,amazon,"{""amazon"": ""private""}",False,False,False,False,"step 5 (SOA), "
feitsui.com,alibaba,"{""alibaba"": ""private""}",False,False,False,False,"step 6, "
fenixlive.click,microsoft|cloudflare,"{""microsoft"": ""private"", ""cloudflare"": ""third""}",True,False,True,False,"step 3, step 5 (SOA), "
fetchapro.com,amazon,"{""amazon"": ""private""}",False,False,False,False,"step 5 (SOA), "
ffmuc.net,gcore,"{""gcore"": ""private""}",False,False,False,False,"step 5 (SOA), "
fibbl.com,amazon,"{""amazon"": ""private""}",False,False,False,False,"step 5 (SOA), "
fibery.io,amazon,"{""amazon"": ""private""}",False,False,False,False,"step 5 (SOA), "
fiction.live,microsoft|cloudflare,"{""microsoft"": ""private"", ""cloudflare"": ""third""}",True,False,True,False,"step 3, step 5 (SOA), "
fieldcontrol.com.br,amazon,"{""amazon"": ""private""}",False,False,False,False,"step 5 (SOA), "
fieldx.io,amazon,"{""amazon"": ""private""}",False,False,False,False,"step 5 (SOA), "
figment.io,amazon,"{""amazon"": ""private""}",False,False,False,False,"step 5 (SOA), "
figshare.com,amazon,"{""amazon"": ""private""}",False,False,False,False,"step 5 (SOA), "
figstatic.com,google|amazon,"{""google"": ""private"", ""amazon"": ""third""}",True,False,True,False,"step 3, step 5 (SOA), "
filecr.com,cloudflare|nextjs,"{""cloudflare"": ""private"", ""nextjs"": ""private""}",False,False,True,False,"step 5 (SOA), step 7, "
filen.io,cloudflare,"{""cloudflare"": ""private""}",False,False,False,False,"step 5 (SOA), "
filepicker.io,amazon|fastly,"{""amazon"": ""private"", ""fastly"": ""private""}",False,False,True,False,"step 5 (SOA), step 6, "
filmzie.com,google,"{""google"": ""private""}",False,False,False,False,"step 5 (SOA), "
finalsite.com,cloudflare,"{""cloudflare"": ""private""}",False,False,False,False,"step 5 (SOA), "
finance-calculator.co.uk,cloudflare,"{""cloudflare"": ""private""}",False,False,False,False,"step 5 (SOA), "
finance.ua,cloudflare,"{""cloudflare"": ""private""}",False,False,False,False,"step 5 (SOA), "
financhill.com,amazon,"{""amazon"": ""private""}",False,False,False,False,"step 5 (SOA), "
financialaidtv.com,amazon,"{""amazon"": ""private""}",False,False,False,False,"step 5 (SOA), "
financialcontent.com,amazon|twitter,"{""amazon"": ""private"", ""twitter"": ""private""}",False,False,True,False,"step 5 (SOA), step 6, "
financialmodelingprep.com,amazon,"{""amazon"": ""private""}",False,False,False,False,"step 5 (SOA), "
finanztip.de,cloudflare,"{""cloudflare"": ""private""}",False,False,False,False,"step 5 (SOA), "
findatopdoc.com,digicert|amazon,"{""digicert"": ""private"", ""amazon"": ""private""}",False,False,True,False,"step 5 (SOA), step 7, "
findify.io,google,"{""google"": ""private""}",False,False,False,False,"step 5 (SOA), "
findmycams.live,microsoft,"{""microsoft"": ""private""}",False,False,False,False,"step 3, "
fineartamerica.com,amazon,"{""amazon"": ""private""}",False,False,False,False,"step 5 (SOA), "
finegrand.live,microsoft|cloudflare,"{""microsoft"": ""private"", ""cloudflare"": ""third""}",True,False,True,False,"step 3, step 5 (SOA), "
fingercheck.com,cloudflare,"{""cloudflare"": ""private""}",False,False,False,False,"step 7, "
firaxislive.com,microsoft|amazon,"{""microsoft"": ""private"", ""amazon"": ""third""}",True,False,True,False,"step 3, step 5 (SOA), "
firebaseapp.com,firebase|google,"{""firebase"": ""private"", ""google"": ""third""}",True,False,True,False,"step 2, step 5 (SOA), "
fireblocks.io,amazon,"{""amazon"": ""private""}",False,False,False,False,"step 5 (SOA), "
firefliesapp.com,google,"{""google"": ""private""}",False,False,False,False,"step 5 (SOA), "
fireflycloud.net,amazon,"{""amazon"": ""private""}",False,False,False,False,"step 5 (SOA), "
fireside.fm,cloudflare,"{""cloudflare"": ""private""}",False,False,False,False,"step 5 (SOA), "
firetvcaptiveportal.com,amazon,"{""amazon"": ""private""}",False,False,False,False,"step 5 (SOA), "
firmacerta.it,amazon,"{""amazon"": ""private""}",False,False,False,False,"step 5 (SOA), "
fishki.net,cloudflare,"{""cloudflare"": ""private""}",False,False,False,False,"step 5 (SOA), "
fitbit.com,google|twitter,"{""google"": ""private"", ""twitter"": ""private""}",False,False,True,False,"step 5 (SOA), step 6, "
fithotties.com,cloudflare,"{""cloudflare"": ""private""}",False,False,False,False,"step 7, "
fitnesskeeperapi.com,amazon,"{""amazon"": ""private""}",False,False,False,False,"step 5 (SOA), "
five9.eu,cloudflare|fastly,"{""cloudflare"": ""private"", ""fastly"": ""private""}",False,False,True,False,"step 5 (SOA), step 7, "
fl8.jp,cloudflare,"{""cloudflare"": ""private""}",False,False,False,False,"step 5 (SOA), "
flaggmineralfoundation.org,cloudflare,"{""cloudflare"": ""private""}",False,False,False,False,"step 7, "
flaglerlive.com,microsoft|cloudflare,"{""microsoft"": ""private"", ""cloudflare"": ""third""}",True,False,True,False,"step 3, step 5 (SOA), "
flairadscpc.com,amazon,"{""amazon"": ""private""}",False,False,False,False,"step 5 (SOA), "
flat.io,amazon|cloudflare,"{""amazon"": ""private"", ""cloudflare"": ""private""}",False,False,True,False,"step 5 (SOA), step 7, "
fleaflicker.com,amazon,"{""amazon"": ""private""}",False,False,False,False,"step 5 (SOA), "
flightsimulator.com,microsoft,"{""microsoft"": ""private""}",False,False,False,False,"step 5 (SOA), "
flingo.tv,amazon,"{""amazon"": ""private""}",False,False,False,False,"step 5 (SOA), "
flipkart.com,twitter,"{""twitter"": ""private""}",False,False,False,False,"step 6, "
flix360.com,amazon,"{""amazon"": ""private""}",False,False,False,False,"step 5 (SOA), "
flixcar.com,amazon,"{""amazon"": ""private""}",False,False,False,False,"step 5 (SOA), "
flockler.com,amazon,"{""amazon"": ""private""}",False,False,False,False,"step 5 (SOA), "
flokubernetes.com,amazon,"{""amazon"": ""private""}",False,False,False,False,"step 5 (SOA), "
flow-content.google,google,"{""google"": ""private""}",False,False,False,False,"step 1, "
flowplayer.org,amazon,"{""amazon"": ""private""}",False,False,False,False,"step 5 (SOA), "
flowrestling.org,amazon,"{""amazon"": ""private""}",False,False,False,False,"step 5 (SOA), "
fluid.io,cloudflare,"{""cloudflare"": ""private""}",False,False,False,False,"step 5 (SOA), "
fluigidentity.com,amazon,"{""amazon"": ""private""}",False,False,False,False,"step 5 (SOA), "
flumetech.com,google,"{""google"": ""private""}",False,False,False,False,"step 5 (SOA), "
flutter.dev,google|fastly,"{""google"": ""private"", ""fastly"": ""private""}",False,False,True,False,"step 5 (SOA), step 7, "
flux.jp,microsoft|cloudflare,"{""microsoft"": ""private"", ""cloudflare"": ""private""}",False,False,True,False,"step 5 (SOA), step 7, "
fluxer.app,bunnycdn,"{""bunnycdn"": ""private""}",False,False,False,False,"step 5 (SOA), "
fly.dev,fly,"{""fly"": ""private""}",False,False,False,False,"step 2, "
fly.io,fly,"{""fly"": ""private""}",False,False,False,False,"step 2, "
flybits.com,amazon,"{""amazon"": ""private""}",False,False,False,False,"step 5 (SOA), "
flyshopsalmon2000.com,cloudflare,"{""cloudflare"": ""private""}",False,False,False,False,"step 5 (SOA), "
flyteam.jp,amazon,"{""amazon"": ""private""}",False,False,False,False,"step 5 (SOA), "
fmgsuite.com,amazon|cloudflare,"{""amazon"": ""private"", ""cloudflare"": ""private""}",False,False,True,False,"step 5 (SOA), step 7, "
fmtdata.com,cloudflare,"{""cloudflare"": ""private""}",False,False,False,False,"step 5 (SOA), "
fnac.ch,akamai,"{""akamai"": ""private""}",False,False,False,False,"step 6, "
foldingathome.org,cloudflare,"{""cloudflare"": ""private""}",False,False,False,False,"step 5 (SOA), "
fontsinuse.com,bunnycdn|fastly,"{""bunnycdn"": ""private"", ""fastly"": ""private""}",False,False,True,False,"step 5 (SOA), step 7, "
footba11.net,cloudflare,"{""cloudflare"": ""private""}",False,False,False,False,"step 5 (SOA), "
footerfont.com,twitter,"{""twitter"": ""private""}",False,False,False,False,"step 6, "
foots66.com,amazon|cloudflare,"{""amazon"": ""private"", ""cloudflare"": ""private""}",False,False,True,False,"step 5 (SOA), step 7, "
foreflight.com,amazon|twitter,"{""amazon"": ""private"", ""twitter"": ""private""}",False,False,True,False,"step 5 (SOA), step 6, "
forem.com,cloudflare,"{""cloudflare"": ""private""}",False,False,False,False,"step 5 (SOA), "
foreman.mn,google,"{""google"": ""private""}",False,False,False,False,"step 5 (SOA), "
foreupsoftware.com,amazon,"{""amazon"": ""private""}",False,False,False,False,"step 5 (SOA), "
formassembly.com,amazon,"{""amazon"": ""private""}",False,False,False,False,"step 5 (SOA), "
formotiv.com,amazon,"{""amazon"": ""private""}",False,False,False,False,"step 5 (SOA), "
formstack.com,amazon|cloudflare,"{""amazon"": ""private"", ""cloudflare"": ""private""}",False,False,True,False,"step 5 (SOA), step 7, "
formulatv.com,cloudflare,"{""cloudflare"": ""private""}",False,False,False,False,"step 5 (SOA), "
forobeta.com,cloudflare|sucuri,"{""cloudflare"": ""private"", ""sucuri"": ""private""}",False,False,True,False,"step 5 (SOA), step 7, "
forosdeelectronica.com,amazon,"{""amazon"": ""private""}",False,False,False,False,"step 5 (SOA), "
fortestecnologia.com.br,amazon,"{""amazon"": ""private""}",False,False,False,False,"step 5 (SOA), "
forticloud.com,apple,"{""apple"": ""private""}",False,False,False,False,"step 3, "
fortiedr.com,google|cloudflare,"{""google"": ""private"", ""cloudflare"": ""private""}",False,False,True,False,"step 5 (SOA), step 7, "
fortiweb-cloud-azure.net,microsoft,"{""microsoft"": ""private""}",False,False,False,False,"step 3, "
fortnox.se,cloudflare,"{""cloudflare"": ""private""}",False,False,False,False,"step 5 (SOA), "
fortune.com,amazon,"{""amazon"": ""private""}",False,False,False,False,"step 5 (SOA), "
forumfree.org,cloudflare,"{""cloudflare"": ""private""}",False,False,False,False,"step 5 (SOA), "
found.ee,amazon,"{""amazon"": ""private""}",False,False,False,False,"step 5 (SOA), "
foursixty.com,cloudflare,"{""cloudflare"": ""private""}",False,False,False,False,"step 5 (SOA), "
foursquare.com,amazon|fastly,"{""amazon"": ""private"", ""fastly"": ""private""}",False,False,True,False,"step 5 (SOA), step 7, "
fox2now.com,fastly,"{""fastly"": ""private""}",False,False,False,False,"step 7, "
fox4kc.com,fastly,"{""fastly"": ""private""}",False,False,False,False,"step 7, "
fox59.com,fastly,"{""fastly"": ""private""}",False,False,False,False,"step 7, "
fox8.com,fastly,"{""fastly"": ""private""}",False,False,False,False,"step 7, "
foxconn.com,amazon,"{""amazon"": ""private""}",False,False,False,False,"step 6, "
foxdealer.com,amazon|cloudflare,"{""amazon"": ""private"", ""cloudflare"": ""private""}",False,False,True,False,"step 5 (SOA), step 6, "
fps.goog,google,"{""google"": ""private""}",False,False,False,False,"step 5 (SOA), "
fr.im,amazon,"{""amazon"": ""private""}",False,False,False,False,"step 5 (SOA), "
frameratetech.com,amazon,"{""amazon"": ""private""}",False,False,False,False,"step 5 (SOA), "
frandroid.com,google|cloudflare,"{""google"": ""private"", ""cloudflare"": ""third""}",True,False,True,False,"step 3, step 5 (SOA), "
freebiesupply.com,fastly,"{""fastly"": ""private""}",False,False,False,False,"step 7, "
freegalmusic.com,amazon,"{""amazon"": ""private""}",False,False,False,False,"step 5 (SOA), "
freepdfreaderzone.live,microsoft|cloudflare,"{""microsoft"": ""private"", ""cloudflare"": ""third""}",True,False,True,False,"step 3, step 5 (SOA), "
freepnglogos.com,cloudflare,"{""cloudflare"": ""private""}",False,False,False,False,"step 5 (SOA), "
freepornvideo.sex,cloudflare,"{""cloudflare"": ""private""}",False,False,False,False,"step 5 (SOA), "
freestylersupport.com,twitter,"{""twitter"": ""private""}",False,False,False,False,"step 6, "
freeswitch.org,amazon,"{""amazon"": ""private""}",False,False,False,False,"step 5 (SOA), "
freevision.live,microsoft|cloudflare,"{""microsoft"": ""private"", ""cloudflare"": ""third""}",True,False,True,False,"step 3, step 5 (SOA), "
freexh.blog,cloudflare,"{""cloudflare"": ""private""}",False,False,False,False,"step 5 (SOA), "
freexh.life,cloudflare,"{""cloudflare"": ""private""}",False,False,False,False,"step 5 (SOA), "
freexh.live,microsoft|cloudflare,"{""microsoft"": ""private"", ""cloudflare"": ""private""}",False,False,True,False,"step 3, step 5 (SOA), "
freexh.today,cloudflare,"{""cloudflare"": ""private""}",False,False,False,False,"step 5 (SOA), "
frenzy.bingo,microsoft|amazon,"{""microsoft"": ""private"", ""amazon"": ""third""}",True,False,True,False,"step 3, step 5 (SOA), "
freshbooks.com,google,"{""google"": ""private""}",False,False,False,False,"step 5 (SOA), "
freshconnect.io,amazon,"{""amazon"": ""private""}",False,False,False,False,"step 5 (SOA), "
freshfixplus.live,microsoft|cloudflare,"{""microsoft"": ""private"", ""cloudflare"": ""third""}",True,False,True,False,"step 3, step 5 (SOA), "
freshportal.delivery,microsoft|cloudflare,"{""microsoft"": ""private"", ""cloudflare"": ""third""}",True,False,True,False,"step 3, step 5 (SOA), "
freshservice.com,amazon,"{""amazon"": ""private""}",False,False,False,False,"step 5 (SOA), "
friartuckonline.com,amazon,"{""amazon"": ""private""}",False,False,False,False,"step 5 (SOA), "
friends2follow.com,amazon,"{""amazon"": ""private""}",False,False,False,False,"step 5 (SOA), "
fril.jp,amazon,"{""amazon"": ""private""}",False,False,False,False,"step 5 (SOA), "
fromsmash.co,amazon,"{""amazon"": ""private""}",False,False,False,False,"step 5 (SOA), "
frontastic.live,microsoft|google,"{""microsoft"": ""private"", ""google"": ""third""}",True,False,True,False,"step 3, step 5 (SOA), "
frontier.com,microsoft,"{""microsoft"": ""private""}",False,False,False,False,"step 7, "
frontrunnerpro.com,amazon,"{""amazon"": ""private""}",False,False,False,False,"step 6, "
frosmo.com,amazon,"{""amazon"": ""private""}",False,False,False,False,"step 5 (SOA), "
frostpoint.net,google,"{""google"": ""private""}",False,False,False,False,"step 5 (SOA), "
frozenara.com,cloudflare,"{""cloudflare"": ""private""}",False,False,False,False,"step 5 (SOA), "
frugalusenet.com,twitter,"{""twitter"": ""private""}",False,False,False,False,"step 6, "
fruitelegant.com,twitter,"{""twitter"": ""private""}",False,False,False,False,"step 6, "
fshare.vn,cloudflare,"{""cloudflare"": ""private""}",False,False,False,False,"step 5 (SOA), "
fstoppers.com,amazon,"{""amazon"": ""private""}",False,False,False,False,"step 5 (SOA), "
ftashark.com,cloudflare,"{""cloudflare"": ""private""}",False,False,False,False,"step 5 (SOA), "
fuck-rkn.xyz,cloudflare|nextjs,"{""cloudflare"": ""private"", ""nextjs"": ""private""}",False,False,True,False,"step 5 (SOA), step 7, "
fulcrumapp.com,amazon,"{""amazon"": ""private""}",False,False,False,False,"step 5 (SOA), "
fullbay.com,amazon,"{""amazon"": ""private""}",False,False,False,False,"step 5 (SOA), "
fullxh.com,cloudflare,"{""cloudflare"": ""private""}",False,False,False,False,"step 5 (SOA), "
funeraltechweb.com,amazon,"{""amazon"": ""private""}",False,False,False,False,"step 5 (SOA), "
funpay.com,cloudflare,"{""cloudflare"": ""private""}",False,False,False,False,"step 5 (SOA), "
funsol.cloud,cloudflare,"{""cloudflare"": ""private""}",False,False,False,False,"step 5 (SOA), "
furnitureandmattressforless.com,cloudflare,"{""cloudflare"": ""private""}",False,False,False,False,"step 7, "
furnituredealer.net,amazon,"{""amazon"": ""private""}",False,False,False,False,"step 5 (SOA), "
furry-paws.com,amazon|cloudflare,"{""amazon"": ""private"", ""cloudflare"": ""third""}",True,False,True,False,"step 3, step 5 (SOA), "
furunohermace.com,microsoft,"{""microsoft"": ""private""}",False,False,False,False,"step 5 (SOA), "
furycloud.io,amazon,"{""amazon"": ""private""}",False,False,False,False,"step 5 (SOA), "
fuse-ad.com,amazon,"{""amazon"": ""private""}",False,False,False,False,"step 5 (SOA), "
fuse-cloud.com,amazon,"{""amazon"": ""private""}",False,False,False,False,"step 5 (SOA), "
fusetracking.com,amazon,"{""amazon"": ""private""}",False,False,False,False,"step 5 (SOA), "
fusion-platform.com,amazon,"{""amazon"": ""private""}",False,False,False,False,"step 5 (SOA), "
fusionmail.shop,cloudflare,"{""cloudflare"": ""private""}",False,False,False,False,"step 5 (SOA), "
futbolemotion.com,amazon,"{""amazon"": ""private""}",False,False,False,False,"step 5 (SOA), "
futuremarketinsights.com,amazon,"{""amazon"": ""private""}",False,False,False,False,"step 5 (SOA), "
futuretodayinc.com,amazon,"{""amazon"": ""private""}",False,False,False,False,"step 5 (SOA), "
fuximain.com,cloudflare,"{""cloudflare"": ""private""}",False,False,False,False,"step 5 (SOA), "
fwicloud.com,apple|amazon,"{""apple"": ""private"", ""amazon"": ""third""}",True,False,True,False,"step 3, step 5 (SOA), "
fws.gov,cloudflare,"{""cloudflare"": ""private""}",False,False,False,False,"step 5 (SOA), "
fwupd.org,cloudflare,"{""cloudflare"": ""private""}",False,False,False,False,"step 5 (SOA), "
fxshield.co.kr,amazon,"{""amazon"": ""private""}",False,False,False,False,"step 5 (SOA), "
fyu.se,amazon,"{""amazon"": ""private""}",False,False,False,False,"step 5 (SOA), "
ga.gov.au,amazon,"{""amazon"": ""private""}",False,False,False,False,"step 6, "
gabormelli.com,amazon,"{""amazon"": ""private""}",False,False,False,False,"step 5 (SOA), "
gadsme.com,google,"{""google"": ""private""}",False,False,False,False,"step 5 (SOA), "
gadstat.com,twitter,"{""twitter"": ""private""}",False,False,False,False,"step 6, "
gaig.com,cloudflare,"{""cloudflare"": ""private""}",False,False,False,False,"step 5 (SOA), "
gaijin.net,amazon,"{""amazon"": ""private""}",False,False,False,False,"step 5 (SOA), "
gaijinent.com,amazon|twitter,"{""amazon"": ""private"", ""twitter"": ""private""}",False,False,True,False,"step 5 (SOA), step 6, "
gama.ir,cloudflare,"{""cloudflare"": ""private""}",False,False,False,False,"step 5 (SOA), "
gamcore.com,amazon,"{""amazon"": ""private""}",False,False,False,False,"step 5 (SOA), "
gamemonkey.org,cloudflare,"{""cloudflare"": ""private""}",False,False,False,False,"step 5 (SOA), "
gamepantheon.com,amazon,"{""amazon"": ""private""}",False,False,False,False,"step 5 (SOA), "
gamepass.com,microsoft,"{""microsoft"": ""private""}",False,False,False,False,"step 5 (SOA), "
gamepigeon.net,cloudflare,"{""cloudflare"": ""private""}",False,False,False,False,"step 5 (SOA), "
gamepulse.live,microsoft|amazon,"{""microsoft"": ""private"", ""amazon"": ""third""}",True,False,True,False,"step 3, step 5 (SOA), "
gamerant.com,twitter,"{""twitter"": ""private""}",False,False,False,False,"step 6, "
gametime.co,amazon|fastly,"{""amazon"": ""private"", ""fastly"": ""private""}",False,False,True,False,"step 5 (SOA), step 6, "
gammaplatform.com,amazon,"{""amazon"": ""private""}",False,False,False,False,"step 5 (SOA), "
gamut.media,telegram,"{""telegram"": ""private""}",False,False,False,False,"step 6, "
gapfilm.ir,cloudflare,"{""cloudflare"": ""private""}",False,False,False,False,"step 5 (SOA), "
gapines.org,cloudflare,"{""cloudflare"": ""private""}",False,False,False,False,"step 5 (SOA), "
gartner.com,cloudflare,"{""cloudflare"": ""private""}",False,False,False,False,"step 6, "
gate.tv,amazon,"{""amazon"": ""private""}",False,False,False,False,"step 5 (SOA), "
gateio.ws,amazon,"{""amazon"": ""private""}",False,False,False,False,"step 5 (SOA), "
gatewayhouse.in,sucuri,"{""sucuri"": ""private""}",False,False,False,False,"step 7, "
gatorapi.com,amazon,"{""amazon"": ""private""}",False,False,False,False,"step 5 (SOA), "
gaug.es,amazon,"{""amazon"": ""private""}",False,False,False,False,"step 5 (SOA), "
gay.bingo,microsoft|cloudflare,"{""microsoft"": ""private"", ""cloudflare"": ""private""}",False,False,True,False,"step 3, step 5 (SOA), "
gayporn.com,cloudflare,"{""cloudflare"": ""private""}",False,False,False,False,"step 5 (SOA), "
gayporn.live,microsoft,"{""microsoft"": ""private""}",False,False,False,False,"step 3, "
gayporno.fm,cloudflare,"{""cloudflare"": ""private""}",False,False,False,False,"step 5 (SOA), "
gayporntube.com,cloudflare,"{""cloudflare"": ""private""}",False,False,False,False,"step 5 (SOA), "
gazebosim.org,amazon|fastly,"{""amazon"": ""private"", ""fastly"": ""private""}",False,False,True,False,"step 5 (SOA), step 7, "
gazettelive.co.uk,microsoft|amazon,"{""microsoft"": ""private"", ""amazon"": ""third""}",True,False,True,False,"step 3, step 5 (SOA), "
gazettenet.com,twitter,"{""twitter"": ""private""}",False,False,False,False,"step 6, "
gazzetta.it,fastly,"{""fastly"": ""private""}",False,False,False,False,"step 6, "
gc.onl,gcore,"{""gcore"": ""private""}",False,False,False,False,"step 2, "
gccdn.cn,cdnetworks,"{""cdnetworks"": ""private""}",False,False,False,False,"step 2, "
gccdn.net,cdnetworks,"{""cdnetworks"": ""private""}",False,False,False,False,"step 2, "
gcdn.co,gcore,"{""gcore"": ""private""}",False,False,False,False,"step 2, "
gcore.com,gcore,"{""gcore"": ""private""}",False,False,False,False,"step 2, "
gcore.dev,gcore,"{""gcore"": ""private""}",False,False,False,False,"step 3, "
gcore.lu,gcore,"{""gcore"": ""private""}",False,False,False,False,"step 3, "
gcore.ru,gcore,"{""gcore"": ""private""}",False,False,False,False,"step 3, "
gcorelabs.com,gcore,"{""gcore"": ""private""}",False,False,False,False,"step 2, "
gde.ru,cloudflare,"{""cloudflare"": ""private""}",False,False,False,False,"step 5 (SOA), "
gdeslon.ru,cloudflare,"{""cloudflare"": ""private""}",False,False,False,False,"step 5 (SOA), "
gearfire.com,amazon,"{""amazon"": ""private""}",False,False,False,False,"step 5 (SOA), "
gearlive.com,microsoft|cloudflare,"{""microsoft"": ""private"", ""cloudflare"": ""third""}",True,False,True,False,"step 3, step 5 (SOA), "
gearsofwar.net,microsoft,"{""microsoft"": ""private""}",False,False,False,False,"step 5 (SOA), "
geekhack.org,amazon,"{""amazon"": ""private""}",False,False,False,False,"step 5 (SOA), "
gela.live,microsoft|cloudflare|amazon,"{""microsoft"": ""private"", ""cloudflare"": ""third"", ""amazon"": ""third""}",True,False,True,True,"step 3, step 5 (SOA), step 6, "
gelbeseiten.de,cloudflare,"{""cloudflare"": ""private""}",False,False,False,False,"step 5 (SOA), "
gem2go.page,microsoft,"{""microsoft"": ""private""}",False,False,False,False,"step 5 (SOA), "
gemera.one,nextjs,"{""nextjs"": ""private""}",False,False,False,False,"step 7, "
gemini.edu,amazon,"{""amazon"": ""private""}",False,False,False,False,"step 5 (SOA), "
gemini.google,google,"{""google"": ""private""}",False,False,False,False,"step 1, "
gemini.media,cloudflare,"{""cloudflare"": ""private""}",False,False,False,False,"step 5 (SOA), "
gemsny.com,microsoft,"{""microsoft"": ""private""}",False,False,False,False,"step 3, "
generalaudittool.com,google,"{""google"": ""private""}",False,False,False,False,"step 5 (SOA), "
generalplumbingsupply.com,microsoft|cloudflare,"{""microsoft"": ""private"", ""cloudflare"": ""third""}",True,False,True,False,"step 3, step 6, "
geniusmonkey.com,cloudflare|google,"{""cloudflare"": ""private"", ""google"": ""private""}",False,False,True,False,"step 5 (SOA), step 7, "
genparts.eu,cloudflare,"{""cloudflare"": ""private""}",False,False,False,False,"step 7, "
gentoo.org,fastly,"{""fastly"": ""private""}",False,False,False,False,"step 6, "
geocities.com,yahoo,"{""yahoo"": ""private""}",False,False,False,False,"step 5 (SOA), "
geokniga.org,cloudflare,"{""cloudflare"": ""private""}",False,False,False,False,"step 5 (SOA), "
geonode.io,cloudflare,"{""cloudflare"": ""private""}",False,False,False,False,"step 5 (SOA), "
geoplugin.net,cloudflare,"{""cloudflare"": ""private""}",False,False,False,False,"step 5 (SOA), "
georgetown.edu,fastly,"{""fastly"": ""private""}",False,False,False,False,"step 7, "
geoscienceworld.org,cloudflare,"{""cloudflare"": ""private""}",False,False,False,False,"step 5 (SOA), "
geostock.app,cloudflare,"{""cloudflare"": ""private""}",False,False,False,False,"step 5 (SOA), "
geozilla.com,cloudflare,"{""cloudflare"": ""private""}",False,False,False,False,"step 5 (SOA), "
get4click.ru,cloudflare,"{""cloudflare"": ""private""}",False,False,False,False,"step 5 (SOA), "
getblueshift.com,amazon|twitter|cloudflare,"{""amazon"": ""private"", ""twitter"": ""private"", ""cloudflare"": ""private""}",False,False,True,False,"step 5 (SOA), step 6, step 7, "
getboost.app,cloudflare,"{""cloudflare"": ""private""}",False,False,False,False,"step 6, "
getbutton.io,cloudflare,"{""cloudflare"": ""private""}",False,False,False,False,"step 5 (SOA), "
getcompass.com,fastly,"{""fastly"": ""private""}",False,False,False,False,"step 7, "
getcontact.com,amazon|twitter|google,"{""amazon"": ""private"", ""twitter"": ""private"", ""google"": ""private""}",False,False,True,False,"step 5 (SOA), step 6, step 7, "
getfilings.com,digicert,"{""digicert"": ""private""}",False,False,False,False,"step 5 (SOA), "
getinpix.com,amazon,"{""amazon"": ""private""}",False,False,False,False,"step 5 (SOA), "
getmicrosoftkey.com,microsoft|akamai,"{""microsoft"": ""private"", ""akamai"": ""third""}",True,False,True,False,"step 3, step 6, "
getnitropack.com,cloudflare,"{""cloudflare"": ""private""}",False,False,False,False,"step 5 (SOA), "
getnotion.com,amazon,"{""amazon"": ""private""}",False,False,False,False,"step 5 (SOA), "
getprintbox.com,amazon,"{""amazon"": ""private""}",False,False,False,False,"step 5 (SOA), "
getrak.com,amazon,"{""amazon"": ""private""}",False,False,False,False,"step 5 (SOA), "
getrak.com.br,amazon,"{""amazon"": ""private""}",False,False,False,False,"step 5 (SOA), "
getroster.com,microsoft|cloudflare,"{""microsoft"": ""private"", ""cloudflare"": ""private""}",False,False,True,False,"step 5 (SOA), step 7, "
getsatisfaction.com,amazon,"{""amazon"": ""private""}",False,False,False,False,"step 5 (SOA), "
getscreen.me,cloudflare,"{""cloudflare"": ""private""}",False,False,False,False,"step 5 (SOA), "
getshieldguard.com,amazon,"{""amazon"": ""private""}",False,False,False,False,"step 5 (SOA), "
getthedata.com,cloudflare,"{""cloudflare"": ""private""}",False,False,False,False,"step 5 (SOA), "
gettopple.com,cloudflare,"{""cloudflare"": ""private""}",False,False,False,False,"step 5 (SOA), "
getultimatenow.com,google|cloudflare,"{""google"": ""private"", ""cloudflare"": ""private""}",False,False,True,False,"step 5 (SOA), step 7, "
geus.dk,cloudflare,"{""cloudflare"": ""private""}",False,False,False,False,"step 5 (SOA), "
gezenbilir.com,cloudflare,"{""cloudflare"": ""private""}",False,False,False,False,"step 5 (SOA), "
gfbunny.com,bunnycdn,"{""bunnycdn"": ""private""}",False,False,False,False,"step 3, "
gfi.com,amazon,"{""amazon"": ""private""}",False,False,False,False,"step 5 (SOA), "
gfx.ms,microsoft,"{""microsoft"": ""private""}",False,False,False,False,"step 2, "
gg.bet,cloudflare,"{""cloudflare"": ""private""}",False,False,False,False,"step 5 (SOA), "
ggastrocloud.com,amazon,"{""amazon"": ""private""}",False,False,False,False,"step 5 (SOA), "
ggn.live,microsoft|cloudflare,"{""microsoft"": ""private"", ""cloudflare"": ""third""}",True,False,True,False,"step 3, step 5 (SOA), "
ggpht.com,google,"{""google"": ""private""}",False,False,False,False,"step 2, "
ghcr.io,amazon,"{""amazon"": ""private""}",False,False,False,False,"step 5 (SOA), "
ghe.com,amazon,"{""amazon"": ""private""}",False,False,False,False,"step 5 (SOA), "
gifer.com,cloudflare,"{""cloudflare"": ""private""}",False,False,False,False,"step 5 (SOA), "
giganews.com,cloudflare,"{""cloudflare"": ""private""}",False,False,False,False,"step 5 (SOA), "
gigaset.net,amazon,"{""amazon"": ""private""}",False,False,False,False,"step 5 (SOA), "
ginza.se,microsoft,"{""microsoft"": ""private""}",False,False,False,False,"step 5 (SOA), "
gismeteo.kz,cloudflare,"{""cloudflare"": ""private""}",False,False,False,False,"step 5 (SOA), "
git.gay,cloudflare,"{""cloudflare"": ""private""}",False,False,False,False,"step 5 (SOA), "
github.io,github|amazon,"{""github"": ""private"", ""amazon"": ""third""}",True,False,True,False,"step 2, step 5 (SOA), "
githubassets.com,github,"{""github"": ""private""}",False,False,False,False,"step 2, "
githubusercontent.com,github,"{""github"": ""private""}",False,False,False,False,"step 2, "
gitlab.com,cloudflare,"{""cloudflare"": ""private""}",False,False,False,False,"step 5 (SOA), "
gitlab.io,gitlab|cloudflare,"{""gitlab"": ""private"", ""cloudflare"": ""third""}",True,False,True,False,"step 2, step 5 (SOA), "
gitryx.com,cloudflare,"{""cloudflare"": ""private""}",False,False,False,False,"step 5 (SOA), "
givecloud.co,cloudflare,"{""cloudflare"": ""private""}",False,False,False,False,"step 5 (SOA), "
givemesport.com,digicert|twitter,"{""digicert"": ""private"", ""twitter"": ""private""}",False,False,True,False,"step 5 (SOA), step 6, "
givepulse.com,amazon,"{""amazon"": ""private""}",False,False,False,False,"step 5 (SOA), "
gledv1.us,cloudflare,"{""cloudflare"": ""private""}",False,False,False,False,"step 5 (SOA), "
glgresearch.com,amazon,"{""amazon"": ""private""}",False,False,False,False,"step 5 (SOA), "
glivestreaming.com,microsoft|cloudflare,"{""microsoft"": ""private"", ""cloudflare"": ""third""}",True,False,True,False,"step 3, step 5 (SOA), "
global-smartapp.com,cloudflare,"{""cloudflare"": ""private""}",False,False,False,False,"step 5 (SOA), "
global.com,cloudflare,"{""cloudflare"": ""private""}",False,False,False,False,"step 7, "
globallap.com,amazon,"{""amazon"": ""private""}",False,False,False,False,"step 5 (SOA), "
globalpeace.org,cloudflare,"{""cloudflare"": ""private""}",False,False,False,False,"step 7, "
globalreachtech.com,cloudflare,"{""cloudflare"": ""private""}",False,False,False,False,"step 7, "
globalsun.io,cloudflare|google,"{""cloudflare"": ""private"", ""google"": ""private""}",False,False,True,False,"step 5 (SOA), step 7, "
globalzroute.com,amazon,"{""amazon"": ""private""}",False,False,False,False,"step 5 (SOA), "
glooko.com,amazon|cloudflare,"{""amazon"": ""private"", ""cloudflare"": ""private""}",False,False,True,False,"step 5 (SOA), step 7, "
gloria.tv,cloudflare,"{""cloudflare"": ""private""}",False,False,False,False,"step 5 (SOA), "
glosbe.com,cloudflare,"{""cloudflare"": ""private""}",False,False,False,False,"step 5 (SOA), "
glossom.jp,amazon,"{""amazon"": ""private""}",False,False,False,False,"step 5 (SOA), "
gloucestershirelive.co.uk,microsoft|amazon,"{""microsoft"": ""private"", ""amazon"": ""third""}",True,False,True,False,"step 3, step 5 (SOA), "
glowforge.com,cloudflare|amazon,"{""cloudflare"": ""private"", ""amazon"": ""private""}",False,False,True,False,"step 5 (SOA), step 7, "
glowmarkt.com,twitter,"{""twitter"": ""private""}",False,False,False,False,"step 6, "
gls-spain.es,amazon,"{""amazon"": ""private""}",False,False,False,False,"step 5 (SOA), "
glulive.com,microsoft|amazon,"{""microsoft"": ""private"", ""amazon"": ""third""}",True,False,True,False,"step 3, step 5 (SOA), "
gluroo.com,amazon,"{""amazon"": ""private""}",False,False,False,False,"step 5 (SOA), "
gmail.com,google,"{""google"": ""private""}",False,False,False,False,"step 3, "
gmarket.co.kr,amazon|cloudflare|twitter,"{""amazon"": ""private"", ""cloudflare"": ""private"", ""twitter"": ""private""}",False,False,True,False,"step 5 (SOA), step 6, step 6, "
gmdsolutions.com,google,"{""google"": ""private""}",False,False,False,False,"step 5 (SOA), "
gmkt.kr,amazon,"{""amazon"": ""private""}",False,False,False,False,"step 5 (SOA), "
gnatta.com,microsoft,"{""microsoft"": ""private""}",False,False,False,False,"step 5 (SOA), "
gnoss.ws,cloudflare,"{""cloudflare"": ""private""}",False,False,False,False,"step 5 (SOA), "
gntl.uk,microsoft,"{""microsoft"": ""private""}",False,False,False,False,"step 5 (SOA), "
gnuradio.org,cloudflare,"{""cloudflare"": ""private""}",False,False,False,False,"step 5 (SOA), "
go.yandex,yandex,"{""yandex"": ""private""}",False,False,False,False,"step 6, "
go360iq.com,amazon,"{""amazon"": ""private""}",False,False,False,False,"step 5 (SOA), "
goals365.live,microsoft|twitter,"{""microsoft"": ""private"", ""twitter"": ""third""}",True,False,True,False,"step 3, step 6, "
godivinity.org,sucuri,"{""sucuri"": ""private""}",False,False,False,False,"step 7, "
godville.net,cloudflare,"{""cloudflare"": ""private""}",False,False,False,False,"step 5 (SOA), "
goethe.de,microsoft|akamai,"{""microsoft"": ""private"", ""akamai"": ""private""}",False,False,True,False,"step 5 (SOA), step 6, "
gofootball.live,microsoft|cloudflare,"{""microsoft"": ""private"", ""cloudflare"": ""third""}",True,False,True,False,"step 3, step 5 (SOA), "
goforandroid.com,google,"{""google"": ""private""}",False,False,False,False,"step 3, "
gofund.me,amazon,"{""amazon"": ""private""}",False,False,False,False,"step 5 (SOA), "
goinstore.com,amazon,"{""amazon"": ""private""}",False,False,False,False,"step 5 (SOA), "
goisco.com,cloudflare,"{""cloudflare"": ""private""}",False,False,False,False,"step 7, "
golang.org,google,"{""google"": ""private""}",False,False,False,False,"step 5 (SOA), "
goldapple.ru,apple,"{""apple"": ""private""}",False,False,False,False,"step 3, "
goldderby.com,amazon,"{""amazon"": ""private""}",False,False,False,False,"step 5 (SOA), "
goldenforint.com,cloudflare|twitter,"{""cloudflare"": ""private"", ""twitter"": ""private""}",False,False,True,False,"step 5 (SOA), step 6, "
goldenlira.com,cloudflare,"{""cloudflare"": ""private""}",False,False,False,False,"step 5 (SOA), "
goldrush.llc,amazon,"{""amazon"": ""private""}",False,False,False,False,"step 5 (SOA), "
golfwrx.com,cloudflare,"{""cloudflare"": ""private""}",False,False,False,False,"step 5 (SOA), "
gomotive.com,amazon,"{""amazon"": ""private""}",False,False,False,False,"step 5 (SOA), "
gonetspeed.com,cloudflare,"{""cloudflare"": ""private""}",False,False,False,False,"step 7, "
gontp.org,cloudflare,"{""cloudflare"": ""private""}",False,False,False,False,"step 5 (SOA), "
goodreads.com,amazon,"{""amazon"": ""private""}",False,False,False,False,"step 5 (SOA), "
goodwordguide.com,cloudflare,"{""cloudflare"": ""private""}",False,False,False,False,"step 5 (SOA), "
google-analytics-s3.com,google|cloudflare,"{""google"": ""private"", ""cloudflare"": ""third""}",True,False,True,False,"step 3, step 5 (SOA), "
google-analytics.com,google,"{""google"": ""private""}",False,False,False,False,"step 2, "
google-cloud.services,google,"{""google"": ""private""}",False,False,False,False,"step 3, "
google.ac,google,"{""google"": ""private""}",False,False,False,False,"step 3, "
google.ad,google,"{""google"": ""private""}",False,False,False,False,"step 3, "
google.ae,google,"{""google"": ""private""}",False,False,False,False,"step 3, "
google.al,google,"{""google"": ""private""}",False,False,False,False,"step 3, "
google.am,google,"{""google"": ""private""}",False,False,False,False,"step 3, "
google.as,google,"{""google"": ""private""}",False,False,False,False,"step 3, "
google.at,google,"{""google"": ""private""}",False,False,False,False,"step 3, "
google.az,google,"{""google"": ""private""}",False,False,False,False,"step 3, "
google.ba,google,"{""google"": ""private""}",False,False,False,False,"step 3, "
google.be,google,"{""google"": ""private""}",False,False,False,False,"step 3, "
google.bf,google,"{""google"": ""private""}",False,False,False,False,"step 3, "
google.bg,google,"{""google"": ""private""}",False,False,False,False,"step 3, "
google.bi,google,"{""google"": ""private""}",False,False,False,False,"step 3, "
google.bj,google,"{""google"": ""private""}",False,False,False,False,"step 3, "
google.bs,google,"{""google"": ""private""}",False,False,False,False,"step 3, "
google.bt,google,"{""google"": ""private""}",False,False,False,False,"step 3, "
google.by,google,"{""google"": ""private""}",False,False,False,False,"step 3, "
google.ca,google,"{""google"": ""private""}",False,False,False,False,"step 3, "
google.cat,google,"{""google"": ""private""}",False,False,False,False,"step 3, "
google.cd,google,"{""google"": ""private""}",False,False,False,False,"step 3, "
google.cf,google,"{""google"": ""private""}",False,False,False,False,"step 3, "
google.cg,google,"{""google"": ""private""}",False,False,False,False,"step 3, "
google.ch,google,"{""google"": ""private""}",False,False,False,False,"step 3, "
google.ci,google,"{""google"": ""private""}",False,False,False,False,"step 3, "
google.cl,google,"{""google"": ""private""}",False,False,False,False,"step 3, "
google.cm,google,"{""google"": ""private""}",False,False,False,False,"step 3, "
google.cn,google,"{""google"": ""private""}",False,False,False,False,"step 3, "
google.co.ao,google,"{""google"": ""private""}",False,False,False,False,"step 3, "
google.co.bw,google,"{""google"": ""private""}",False,False,False,False,"step 3, "
google.co.ck,google,"{""google"": ""private""}",False,False,False,False,"step 3, "
google.co.cr,google,"{""google"": ""private""}",False,False,False,False,"step 3, "
google.co.id,google,"{""google"": ""private""}",False,False,False,False,"step 3, "
google.co.il,google,"{""google"": ""private""}",False,False,False,False,"step 3, "
google.co.in,google,"{""google"": ""private""}",False,False,False,False,"step 3, "
google.co.jp,google,"{""google"": ""private""}",False,False,False,False,"step 3, "
google.co.ke,google,"{""google"": ""private""}",False,False,False,False,"step 3, "
google.co.kr,google,"{""google"": ""private""}",False,False,False,False,"step 3, "
google.co.ls,google,"{""google"": ""private""}",False,False,False,False,"step 3, "
google.co.ma,google,"{""google"": ""private""}",False,False,False,False,"step 3, "
google.co.mz,google,"{""google"": ""private""}",False,False,False,False,"step 3, "
google.co.nz,google,"{""google"": ""private""}",False,False,False,False,"step 3, "
google.co.th,google,"{""google"": ""private""}",False,False,False,False,"step 3, "
google.co.tz,google,"{""google"": ""private""}",False,False,False,False,"step 3, "
google.co.ug,google,"{""google"": ""private""}",False,False,False,False,"step 3, "
google.co.uk,google,"{""google"": ""private""}",False,False,False,False,"step 3, "
google.co.uz,google,"{""google"": ""private""}",False,False,False,False,"step 3, "
google.co.ve,google,"{""google"": ""private""}",False,False,False,False,"step 3, "
google.co.vi,google,"{""google"": ""private""}",False,False,False,False,"step 3, "
google.co.za,google,"{""google"": ""private""}",False,False,False,False,"step 3, "
google.co.zm,google,"{""google"": ""private""}",False,False,False,False,"step 3, "
google.co.zw,google,"{""google"": ""private""}",False,False,False,False,"step 3, "
google.com,google,"{""google"": ""private""}",False,False,False,False,"step 2, "
google.com.af,google,"{""google"": ""private""}",False,False,False,False,"step 3, "
google.com.ag,google,"{""google"": ""private""}",False,False,False,False,"step 3, "
google.com.ai,google,"{""google"": ""private""}",False,False,False,False,"step 3, "
google.com.ar,google,"{""google"": ""private""}",False,False,False,False,"step 3, "
google.com.au,google,"{""google"": ""private""}",False,False,False,False,"step 3, "
google.com.bd,google,"{""google"": ""private""}",False,False,False,False,"step 3, "
google.com.bh,google,"{""google"": ""private""}",False,False,False,False,"step 3, "
google.com.bn,google,"{""google"": ""private""}",False,False,False,False,"step 3, "
google.com.bo,google,"{""google"": ""private""}",False,False,False,False,"step 3, "
google.com.br,google,"{""google"": ""private""}",False,False,False,False,"step 3, "
google.com.bz,google,"{""google"": ""private""}",False,False,False,False,"step 3, "
google.com.co,google,"{""google"": ""private""}",False,False,False,False,"step 3, "
google.com.com,google|cloudflare,"{""google"": ""private"", ""cloudflare"": ""third""}",True,False,True,False,"step 3, step 7, "
google.com.cu,google,"{""google"": ""private""}",False,False,False,False,"step 3, "
google.com.cy,google,"{""google"": ""private""}",False,False,False,False,"step 3, "
google.com.do,google,"{""google"": ""private""}",False,False,False,False,"step 3, "
google.com.ec,google,"{""google"": ""private""}",False,False,False,False,"step 3, "
google.com.eg,google,"{""google"": ""private""}",False,False,False,False,"step 3, "
google.com.et,google,"{""google"": ""private""}",False,False,False,False,"step 3, "
google.com.fj,google,"{""google"": ""private""}",False,False,False,False,"step 3, "
google.com.gh,google,"{""google"": ""private""}",False,False,False,False,"step 3, "
google.com.gi,google,"{""google"": ""private""}",False,False,False,False,"step 3, "
google.com.gt,google,"{""google"": ""private""}",False,False,False,False,"step 3, "
google.com.hk,google,"{""google"": ""private""}",False,False,False,False,"step 3, "
google.com.jm,google,"{""google"": ""private""}",False,False,False,False,"step 3, "
google.com.kh,google,"{""google"": ""private""}",False,False,False,False,"step 3, "
google.com.kw,google,"{""google"": ""private""}",False,False,False,False,"step 3, "
google.com.lb,google,"{""google"": ""private""}",False,False,False,False,"step 3, "
google.com.ly,google,"{""google"": ""private""}",False,False,False,False,"step 3, "
google.com.mm,google,"{""google"": ""private""}",False,False,False,False,"step 3, "
google.com.mt,google,"{""google"": ""private""}",False,False,False,False,"step 3, "
google.com.mx,google,"{""google"": ""private""}",False,False,False,False,"step 3, "
google.com.my,google,"{""google"": ""private""}",False,False,False,False,"step 3, "
google.com.na,google,"{""google"": ""private""}",False,False,False,False,"step 3, "
google.com.nf,google,"{""google"": ""private""}",False,False,False,False,"step 3, "
google.com.ng,google,"{""google"": ""private""}",False,False,False,False,"step 3, "
google.com.ni,google,"{""google"": ""private""}",False,False,False,False,"step 3, "
google.com.np,google,"{""google"": ""private""}",False,False,False,False,"step 3, "
google.com.om,google,"{""google"": ""private""}",False,False,False,False,"step 3, "
google.com.pa,google,"{""google"": ""private""}",False,False,False,False,"step 3, "
google.com.pe,google,"{""google"": ""private""}",False,False,False,False,"step 3, "
google.com.pg,google,"{""google"": ""private""}",False,False,False,False,"step 3, "
google.com.ph,google,"{""google"": ""private""}",False,False,False,False,"step 3, "
google.com.pk,google,"{""google"": ""private""}",False,False,False,False,"step 3, "
google.com.pr,google,"{""google"": ""private""}",False,False,False,False,"step 3, "
google.com.py,google,"{""google"": ""private""}",False,False,False,False,"step 3, "
google.com.qa,google,"{""google"": ""private""}",False,False,False,False,"step 3, "
google.com.ru,google,"{""google"": ""private""}",False,False,False,False,"step 3, "
google.com.sa,google,"{""google"": ""private""}",False,False,False,False,"step 3, "
google.com.sb,google,"{""google"": ""private""}",False,False,False,False,"step 3, "
google.com.sg,google,"{""google"": ""private""}",False,False,False,False,"step 3, "
google.com.sl,google,"{""google"": ""private""}",False,False,False,False,"step 3, "
google.com.sv,google,"{""google"": ""private""}",False,False,False,False,"step 3, "
google.com.tj,google,"{""google"": ""private""}",False,False,False,False,"step 3, "
google.com.tn,google,"{""google"": ""private""}",False,False,False,False,"step 3, "
google.com.tr,google,"{""google"": ""private""}",False,False,False,False,"step 3, "
google.com.tw,google,"{""google"": ""private""}",False,False,False,False,"step 3, "
google.com.ua,google,"{""google"": ""private""}",False,False,False,False,"step 3, "
google.com.uy,google,"{""google"": ""private""}",False,False,False,False,"step 3, "
google.com.vc,google,"{""google"": ""private""}",False,False,False,False,"step 3, "
google.com.vn,google,"{""google"": ""private""}",False,False,False,False,"step 3, "
google.cv,google,"{""google"": ""private""}",False,False,False,False,"step 3, "
google.cz,google,"{""google"": ""private""}",False,False,False,False,"step 3, "
google.de,google,"{""google"": ""private""}",False,False,False,False,"step 3, "
google.dev,google,"{""google"": ""private""}",False,False,False,False,"step 3, "
google.dj,google,"{""google"": ""private""}",False,False,False,False,"step 3, "
google.dk,google,"{""google"": ""private""}",False,False,False,False,"step 3, "
google.dm,google,"{""google"": ""private""}",False,False,False,False,"step 3, "
google.dz,google,"{""google"": ""private""}",False,False,False,False,"step 3, "
google.ee,google,"{""google"": ""private""}",False,False,False,False,"step 3, "
google.es,google,"{""google"": ""private""}",False,False,False,False,"step 3, "
google.eu,google,"{""google"": ""private""}",False,False,False,False,"step 3, "
google.fi,google,"{""google"": ""private""}",False,False,False,False,"step 3, "
google.fm,google,"{""google"": ""private""}",False,False,False,False,"step 3, "
google.fr,google,"{""google"": ""private""}",False,False,False,False,"step 3, "
google.ga,google,"{""google"": ""private""}",False,False,False,False,"step 3, "
google.ge,google,"{""google"": ""private""}",False,False,False,False,"step 3, "
google.gg,google,"{""google"": ""private""}",False,False,False,False,"step 3, "
google.gl,google,"{""google"": ""private""}",False,False,False,False,"step 3, "
google.gm,google,"{""google"": ""private""}",False,False,False,False,"step 3, "
google.gp,google,"{""google"": ""private""}",False,False,False,False,"step 3, "
google.gr,google,"{""google"": ""private""}",False,False,False,False,"step 3, "
google.gy,google,"{""google"": ""private""}",False,False,False,False,"step 3, "
google.hk,google,"{""google"": ""private""}",False,False,False,False,"step 3, "
google.hn,google,"{""google"": ""private""}",False,False,False,False,"step 3, "
google.hr,google,"{""google"": ""private""}",False,False,False,False,"step 3, "
google.ht,google,"{""google"": ""private""}",False,False,False,False,"step 3, "
google.hu,google,"{""google"": ""private""}",False,False,False,False,"step 3, "
google.ie,google,"{""google"": ""private""}",False,False,False,False,"step 3, "
google.im,google,"{""google"": ""private""}",False,False,False,False,"step 3, "
google.in,google,"{""google"": ""private""}",False,False,False,False,"step 3, "
google.iq,google,"{""google"": ""private""}",False,False,False,False,"step 3, "
google.is,google,"{""google"": ""private""}",False,False,False,False,"step 3, "
google.it,google,"{""google"": ""private""}",False,False,False,False,"step 3, "
google.je,google,"{""google"": ""private""}",False,False,False,False,"step 3, "
google.jo,google,"{""google"": ""private""}",False,False,False,False,"step 3, "
google.jp,google,"{""google"": ""private""}",False,False,False,False,"step 3, "
google.kg,google,"{""google"": ""private""}",False,False,False,False,"step 3, "
google.ki,google,"{""google"": ""private""}",False,False,False,False,"step 3, "
google.kz,google,"{""google"": ""private""}",False,False,False,False,"step 3, "
google.la,google,"{""google"": ""private""}",False,False,False,False,"step 3, "
google.li,google,"{""google"": ""private""}",False,False,False,False,"step 3, "
google.lk,google,"{""google"": ""private""}",False,False,False,False,"step 3, "
google.lt,google,"{""google"": ""private""}",False,False,False,False,"step 3, "
google.lu,google,"{""google"": ""private""}",False,False,False,False,"step 3, "
google.lv,google,"{""google"": ""private""}",False,False,False,False,"step 3, "
google.md,google,"{""google"": ""private""}",False,False,False,False,"step 3, "
google.me,google,"{""google"": ""private""}",False,False,False,False,"step 3, "
google.mg,google,"{""google"": ""private""}",False,False,False,False,"step 3, "
google.mk,google,"{""google"": ""private""}",False,False,False,False,"step 3, "
google.ml,google,"{""google"": ""private""}",False,False,False,False,"step 3, "
google.mn,google,"{""google"": ""private""}",False,False,False,False,"step 3, "
google.ms,google,"{""google"": ""private""}",False,False,False,False,"step 3, "
google.mu,google,"{""google"": ""private""}",False,False,False,False,"step 3, "
google.mv,google,"{""google"": ""private""}",False,False,False,False,"step 3, "
google.mw,google,"{""google"": ""private""}",False,False,False,False,"step 3, "
google.ne,google,"{""google"": ""private""}",False,False,False,False,"step 3, "
google.net,google,"{""google"": ""private""}",False,False,False,False,"step 3, "
google.ng,google,"{""google"": ""private""}",False,False,False,False,"step 3, "
google.nl,google,"{""google"": ""private""}",False,False,False,False,"step 3, "
google.no,google,"{""google"": ""private""}",False,False,False,False,"step 3, "
google.nr,google,"{""google"": ""private""}",False,False,False,False,"step 3, "
google.nu,google,"{""google"": ""private""}",False,False,False,False,"step 3, "
google.org,google,"{""google"": ""private""}",False,False,False,False,"step 3, "
google.pl,google,"{""google"": ""private""}",False,False,False,False,"step 3, "
google.pn,google,"{""google"": ""private""}",False,False,False,False,"step 3, "
google.ps,google,"{""google"": ""private""}",False,False,False,False,"step 3, "
google.pt,google,"{""google"": ""private""}",False,False,False,False,"step 3, "
google.ro,google,"{""google"": ""private""}",False,False,False,False,"step 3, "
google.rs,google,"{""google"": ""private""}",False,False,False,False,"step 3, "
google.ru,google,"{""google"": ""private""}",False,False,False,False,"step 3, "
google.rw,google,"{""google"": ""private""}",False,False,False,False,"step 3, "
google.sc,google,"{""google"": ""private""}",False,False,False,False,"step 3, "
google.se,google,"{""google"": ""private""}",False,False,False,False,"step 3, "
google.sh,google,"{""google"": ""private""}",False,False,False,False,"step 3, "
google.si,google,"{""google"": ""private""}",False,False,False,False,"step 3, "
google.sk,google,"{""google"": ""private""}",False,False,False,False,"step 3, "
google.sm,google,"{""google"": ""private""}",False,False,False,False,"step 3, "
google.sn,google,"{""google"": ""private""}",False,False,False,False,"step 3, "
google.so,google,"{""google"": ""private""}",False,False,False,False,"step 3, "
google.sr,google,"{""google"": ""private""}",False,False,False,False,"step 3, "
google.st,google,"{""google"": ""private""}",False,False,False,False,"step 3, "
google.td,google,"{""google"": ""private""}",False,False,False,False,"step 3, "
google.tg,google,"{""google"": ""private""}",False,False,False,False,"step 3, "
google.tk,google,"{""google"": ""private""}",False,False,False,False,"step 3, "
google.tl,google,"{""google"": ""private""}",False,False,False,False,"step 3, "
google.tm,google,"{""google"": ""private""}",False,False,False,False,"step 3, "
google.tn,google,"{""google"": ""private""}",False,False,False,False,"step 3, "
google.to,google,"{""google"": ""private""}",False,False,False,False,"step 3, "
google.tt,google,"{""google"": ""private""}",False,False,False,False,"step 3, "
google.us,google,"{""google"": ""private""}",False,False,False,False,"step 3, "
google.vg,google,"{""google"": ""private""}",False,False,False,False,"step 3, "
google.vu,google,"{""google"": ""private""}",False,False,False,False,"step 3, "
google.ws,google,"{""google"": ""private""}",False,False,False,False,"step 3, "
googleadservices-cn.com,google,"{""google"": ""private""}",False,False,False,False,"step 3, "
googleadservices.com,google,"{""google"": ""private""}",False,False,False,False,"step 2, "
googleadsserving.cn,google,"{""google"": ""private""}",False,False,False,False,"step 3, "
googleandroidgo.com,google|amazon,"{""google"": ""private"", ""amazon"": ""third""}",True,False,True,False,"step 3, step 5 (SOA), "
googleapis.cn,google,"{""google"": ""private""}",False,False,False,False,"step 3, "
googleapis.com,google,"{""google"": ""private""}",False,False,False,False,"step 2, "
googleapps.com,google,"{""google"": ""private""}",False,False,False,False,"step 3, "
googleblog.com,google,"{""google"": ""private""}",False,False,False,False,"step 3, "
googlebot.com,google,"{""google"": ""private""}",False,False,False,False,"step 3, "
googlecode.com,google,"{""google"": ""private""}",False,False,False,False,"step 3, "
googlecommerce.com,google,"{""google"": ""private""}",False,False,False,False,"step 3, "
googledomains.com,google,"{""google"": ""private""}",False,False,False,False,"step 3, "
googledrive.com,google,"{""google"": ""private""}",False,False,False,False,"step 3, "
googlefiber.net,google,"{""google"": ""private""}",False,False,False,False,"step 3, "
googlegroups.com,google,"{""google"": ""private""}",False,False,False,False,"step 3, "
googlehosted.com,google,"{""google"": ""private""}",False,False,False,False,"step 2, "
googlemail.com,google,"{""google"": ""private""}",False,False,False,False,"step 3, "
googlemark.info,google,"{""google"": ""private""}",False,False,False,False,"step 3, "
googlenestcommunity.com,google,"{""google"": ""private""}",False,False,False,False,"step 3, "
googlenote.net,google,"{""google"": ""private""}",False,False,False,False,"step 3, "
googleoptimize.com,google,"{""google"": ""private""}",False,False,False,False,"step 3, "
googlepages.com,google,"{""google"": ""private""}",False,False,False,False,"step 3, "
googleplex.com,google,"{""google"": ""private""}",False,False,False,False,"step 3, "
googleplusimages.com,google|cloudflare,"{""google"": ""private"", ""cloudflare"": ""third""}",True,False,True,False,"step 3, step 5 (SOA), "
googlesource.com,google,"{""google"": ""private""}",False,False,False,False,"step 3, "
googlesyndication-cn.com,google,"{""google"": ""private""}",False,False,False,False,"step 3, "
googlesyndication.com,google,"{""google"": ""private""}",False,False,False,False,"step 2, "
googletagmanager.com,google,"{""google"": ""private""}",False,False,False,False,"step 2, "
googletagservices-cn.com,google,"{""google"": ""private""}",False,False,False,False,"step 3, "
googletagservices.com,google,"{""google"": ""private""}",False,False,False,False,"step 2, "
googleusercontent.com,google,"{""google"": ""private""}",False,False,False,False,"step 2, "
googlevideo.com,google,"{""google"": ""private""}",False,False,False,False,"step 2, "
googlevpi.com,google|cloudflare,"{""google"": ""private"", ""cloudflare"": ""third""}",True,False,True,False,"step 3, step 5 (SOA), "
googlezip.net,google,"{""google"": ""private""}",False,False,False,False,"step 3, "
goquiq.com,amazon,"{""amazon"": ""private""}",False,False,False,False,"step 5 (SOA), "
gotinder.com,amazon,"{""amazon"": ""private""}",False,False,False,False,"step 5 (SOA), "
gotoda.co,amazon,"{""amazon"": ""private""}",False,False,False,False,"step 5 (SOA), "
gotruemotion.com,amazon,"{""amazon"": ""private""}",False,False,False,False,"step 5 (SOA), "
gotsport.com,twitter,"{""twitter"": ""private""}",False,False,False,False,"step 6, "
govdelivery.com,microsoft|amazon,"{""microsoft"": ""private"", ""amazon"": ""third""}",True,False,True,False,"step 3, step 5 (SOA), "
govqa.us,amazon,"{""amazon"": ""private""}",False,False,False,False,"step 5 (SOA), "
goxh.today,cloudflare,"{""cloudflare"": ""private""}",False,False,False,False,"step 5 (SOA), "
gpro.net,bunnycdn,"{""bunnycdn"": ""private""}",False,False,False,False,"step 5 (SOA), "
grabtaxi.com,amazon,"{""amazon"": ""private""}",False,False,False,False,"step 5 (SOA), "
grafana.com,amazon,"{""amazon"": ""private""}",False,False,False,False,"step 5 (SOA), "
grafana.net,amazon,"{""amazon"": ""private""}",False,False,False,False,"step 5 (SOA), "
grammarlyaws.com,amazon,"{""amazon"": ""private""}",False,False,False,False,"step 3, "
grandchef.com.br,google,"{""google"": ""private""}",False,False,False,False,"step 5 (SOA), "
graphyte.ai,amazon,"{""amazon"": ""private""}",False,False,False,False,"step 5 (SOA), "
grasshopper.com,amazon,"{""amazon"": ""private""}",False,False,False,False,"step 5 (SOA), "
gratisapple26.com,apple|cloudflare,"{""apple"": ""private"", ""cloudflare"": ""third""}",True,False,True,False,"step 3, step 5 (SOA), "
gravatar.com,gravatar,"{""gravatar"": ""private""}",False,False,False,False,"step 2, "
gravitec.net,cloudflare,"{""cloudflare"": ""private""}",False,False,False,False,"step 5 (SOA), "
gravito.net,microsoft,"{""microsoft"": ""private""}",False,False,False,False,"step 5 (SOA), "
grayv.com,amazon,"{""amazon"": ""private""}",False,False,False,False,"step 5 (SOA), "
greatbigcanvas.com,amazon,"{""amazon"": ""private""}",False,False,False,False,"step 5 (SOA), "
greatlakesskipper.com,cloudflare,"{""cloudflare"": ""private""}",False,False,False,False,"step 5 (SOA), "
greatnonprofits.org,amazon,"{""amazon"": ""private""}",False,False,False,False,"step 5 (SOA), "
grebing-marburg.info,microsoft|cloudflare,"{""microsoft"": ""private"", ""cloudflare"": ""third""}",True,False,True,False,"step 3, step 5 (SOA), "
grebing-stb.info,microsoft|cloudflare,"{""microsoft"": ""private"", ""cloudflare"": ""third""}",True,False,True,False,"step 3, step 5 (SOA), "
greeks.live,microsoft,"{""microsoft"": ""private""}",False,False,False,False,"step 3, "
greenhouse.io,amazon,"{""amazon"": ""private""}",False,False,False,False,"step 5 (SOA), "
greenradar.com,cloudflare,"{""cloudflare"": ""private""}",False,False,False,False,"step 7, "
greenwaystart.com,cloudflare|twitter,"{""cloudflare"": ""private"", ""twitter"": ""private""}",False,False,True,False,"step 5 (SOA), step 6, "
greylabeldelivery.com,microsoft|amazon,"{""microsoft"": ""private"", ""amazon"": ""third""}",True,False,True,False,"step 3, step 5 (SOA), "
grimshawsports.co.uk,amazon|shopify,"{""amazon"": ""private"", ""shopify"": ""third""}",True,False,True,False,"step 3, step 6, "
grin.co,sucuri,"{""sucuri"": ""private""}",False,False,False,False,"step 7, "
gripcloud.show,amazon,"{""amazon"": ""private""}",False,False,False,False,"step 5 (SOA), "
growdeck.io,amazon,"{""amazon"": ""private""}",False,False,False,False,"step 5 (SOA), "
growficient.com,twitter,"{""twitter"": ""private""}",False,False,False,False,"step 6, "
growkudos.com,amazon,"{""amazon"": ""private""}",False,False,False,False,"step 5 (SOA), "
growlr-live.com,microsoft|amazon,"{""microsoft"": ""private"", ""amazon"": ""third""}",True,False,True,False,"step 3, step 5 (SOA), "
growtherapy.com,amazon,"{""amazon"": ""private""}",False,False,False,False,"step 5 (SOA), "
growwinfra.in,cloudflare,"{""cloudflare"": ""private""}",False,False,False,False,"step 5 (SOA), "
grserver.gr,amazon,"{""amazon"": ""private""}",False,False,False,False,"step 5 (SOA), "
grupokabum.com.br,amazon,"{""amazon"": ""private""}",False,False,False,False,"step 5 (SOA), "
gsap.com,cloudflare,"{""cloudflare"": ""private""}",False,False,False,False,"step 5 (SOA), "
gsecondscreen.com,amazon,"{""amazon"": ""private""}",False,False,False,False,"step 5 (SOA), "
gstatic-cn.com,google,"{""google"": ""private""}",False,False,False,False,"step 3, "
gstatic.cn,google,"{""google"": ""private""}",False,False,False,False,"step 3, "
gstatic.com,google,"{""google"": ""private""}",False,False,False,False,"step 2, "
gstaticontent.com,google|cdn77,"{""google"": ""private"", ""cdn77"": ""third""}",True,False,True,False,"step 3, step 6, "
gt-ch-01.live,microsoft|gcore,"{""microsoft"": ""private"", ""gcore"": ""third""}",True,False,True,False,"step 3, step 5 (SOA), "
gt-ch-02.live,microsoft|gcore,"{""microsoft"": ""private"", ""gcore"": ""third""}",True,False,True,False,"step 3, step 5 (SOA), "
gt-fr-01.live,microsoft|gcore,"{""microsoft"": ""private"", ""gcore"": ""third""}",True,False,True,False,"step 3, step 5 (SOA), "
gtimg.cn,tencent,"{""tencent"": ""private""}",False,False,False,False,"step 2, "
gtimg.com,tencent,"{""tencent"": ""private""}",False,False,False,False,"step 2, "
guardianapp.com,google,"{""google"": ""private""}",False,False,False,False,"step 5 (SOA), "
guardingvision.com,amazon,"{""amazon"": ""private""}",False,False,False,False,"step 5 (SOA), "
guenstiger.de,amazon|cloudflare,"{""amazon"": ""private"", ""cloudflare"": ""private""}",False,False,True,False,"step 5 (SOA), step 6, "
guerrillamail.com,cloudflare,"{""cloudflare"": ""private""}",False,False,False,False,"step 5 (SOA), "
guidegeek.com,amazon,"{""amazon"": ""private""}",False,False,False,False,"step 5 (SOA), "
guidemefast.com,cloudflare|twitter,"{""cloudflare"": ""private"", ""twitter"": ""private""}",False,False,True,False,"step 5 (SOA), step 6, "
guidetoeurope.com,amazon,"{""amazon"": ""private""}",False,False,False,False,"step 5 (SOA), "
guppy.live,microsoft|amazon,"{""microsoft"": ""private"", ""amazon"": ""third""}",True,False,True,False,"step 3, step 5 (SOA), "
gvaicloud.com,apple|amazon,"{""apple"": ""private"", ""amazon"": ""third""}",True,False,True,False,"step 3, step 5 (SOA), "
gvt1.com,google,"{""google"": ""private""}",False,False,False,False,"step 2, "
gvt2.com,google,"{""google"": ""private""}",False,False,False,False,"step 2, "
gvt3.com,google,"{""google"": ""private""}",False,False,False,False,"step 2, "
gwmtracking.com,amazon,"{""amazon"": ""private""}",False,False,False,False,"step 5 (SOA), "
habbo.com,amazon,"{""amazon"": ""private""}",False,False,False,False,"step 5 (SOA), "
haberturk.com,amazon,"{""amazon"": ""private""}",False,False,False,False,"step 5 (SOA), "
hachettebookgroup.com,microsoft,"{""microsoft"": ""private""}",False,False,False,False,"step 5 (SOA), "
hachyderm.io,amazon,"{""amazon"": ""private""}",False,False,False,False,"step 5 (SOA), "
hackaday.io,amazon,"{""amazon"": ""private""}",False,False,False,False,"step 5 (SOA), "
hacklab.fi,google,"{""google"": ""private""}",False,False,False,False,"step 5 (SOA), "
halaxy.com,amazon,"{""amazon"": ""private""}",False,False,False,False,"step 5 (SOA), "
halopsa.com,amazon|cloudflare,"{""amazon"": ""private"", ""cloudflare"": ""private""}",False,False,True,False,"step 5 (SOA), step 7, "
hands.com.br,cloudflare,"{""cloudflare"": ""private""}",False,False,False,False,"step 5 (SOA), "
hansel.io,amazon,"{""amazon"": ""private""}",False,False,False,False,"step 5 (SOA), "
haoplay.com,amazon|google,"{""amazon"": ""private"", ""google"": ""private""}",False,False,True,False,"step 5 (SOA), step 7, "
haoyuetechs.com,amazon,"{""amazon"": ""private""}",False,False,False,False,"step 5 (SOA), "
hapara.com,amazon,"{""amazon"": ""private""}",False,False,False,False,"step 5 (SOA), "
harborcdn.com,cloudflare,"{""cloudflare"": ""private""}",False,False,False,False,"step 5 (SOA), "
hardenedbsd.org,cloudflare,"{""cloudflare"": ""private""}",False,False,False,False,"step 5 (SOA), "
harem-battle.club,cloudflare,"{""cloudflare"": ""private""}",False,False,False,False,"step 5 (SOA), "
harmonicsecurity.app,amazon,"{""amazon"": ""private""}",False,False,False,False,"step 5 (SOA), "
harmonycentral.com,cloudflare,"{""cloudflare"": ""private""}",False,False,False,False,"step 7, "
harry.lu,cloudflare,"{""cloudflare"": ""private""}",False,False,False,False,"step 5 (SOA), "
has-sante.fr,gcore,"{""gcore"": ""private""}",False,False,False,False,"step 7, "
hasil.gov.my,amazon,"{""amazon"": ""private""}",False,False,False,False,"step 5 (SOA), "
hasrwla.site,cloudflare,"{""cloudflare"": ""private""}",False,False,False,False,"step 5 (SOA), "
hawaiiantel.net,fastly,"{""fastly"": ""private""}",False,False,False,False,"step 7, "
haxm.co,cloudflare,"{""cloudflare"": ""private""}",False,False,False,False,"step 5 (SOA), "
hbr.org,amazon,"{""amazon"": ""private""}",False,False,False,False,"step 5 (SOA), "
hbs.edu,microsoft,"{""microsoft"": ""private""}",False,False,False,False,"step 5 (SOA), "
hbwrapper.com,cloudflare,"{""cloudflare"": ""private""}",False,False,False,False,"step 5 (SOA), "
hcl-software.com,amazon,"{""amazon"": ""private""}",False,False,False,False,"step 5 (SOA), "
hcn.org,cloudflare,"{""cloudflare"": ""private""}",False,False,False,False,"step 5 (SOA), "
hdiptv.live,microsoft|cloudflare,"{""microsoft"": ""private"", ""cloudflare"": ""third""}",True,False,True,False,"step 3, step 5 (SOA), "
hdplayer.live,microsoft|cloudflare,"{""microsoft"": ""private"", ""cloudflare"": ""third""}",True,False,True,False,"step 3, step 5 (SOA), "
hdsex.org,cloudflare,"{""cloudflare"": ""private""}",False,False,False,False,"step 5 (SOA), "
hdslb.com,bilibili,"{""bilibili"": ""private""}",False,False,False,False,"step 2, "
he.services,amazon,"{""amazon"": ""private""}",False,False,False,False,"step 5 (SOA), "
headframe.io,cloudflare,"{""cloudflare"": ""private""}",False,False,False,False,"step 5 (SOA), "
headwayapp.co,amazon,"{""amazon"": ""private""}",False,False,False,False,"step 5 (SOA), "
healthchecks.io,cloudflare,"{""cloudflare"": ""private""}",False,False,False,False,"step 5 (SOA), "
healthjd.com,jd,"{""jd"": ""private""}",False,False,False,False,"step 6, "
healthprofs.com,amazon,"{""amazon"": ""private""}",False,False,False,False,"step 5 (SOA), "
healthwatchmiltonkeynes.co.uk,microsoft,"{""microsoft"": ""private""}",False,False,False,False,"step 5 (SOA), "
heapanalytics.com,amazon,"{""amazon"": ""private""}",False,False,False,False,"step 5 (SOA), "
hearstnp.com,amazon,"{""amazon"": ""private""}",False,False,False,False,"step 6, "
hearth.com,cloudflare,"{""cloudflare"": ""private""}",False,False,False,False,"step 5 (SOA), "
heavy.com,cloudflare,"{""cloudflare"": ""private""}",False,False,False,False,"step 5 (SOA), "
hegre.com,cloudflare,"{""cloudflare"": ""private""}",False,False,False,False,"step 5 (SOA), "
heimdalsecurity.com,amazon|sucuri,"{""amazon"": ""private"", ""sucuri"": ""private""}",False,False,True,False,"step 5 (SOA), step 7, "
helloclue.com,amazon,"{""amazon"": ""private""}",False,False,False,False,"step 5 (SOA), "
hellohiro.ru,cloudflare,"{""cloudflare"": ""private""}",False,False,False,False,"step 5 (SOA), "
helmconnect.com,amazon|twitter,"{""amazon"": ""private"", ""twitter"": ""private""}",False,False,True,False,"step 5 (SOA), step 6, "
helpingthought.com,cloudflare|twitter|amazon,"{""cloudflare"": ""private"", ""twitter"": ""private"", ""amazon"": ""private""}",False,False,True,False,"step 5 (SOA), step 6, step 7, "
helprace.com,amazon,"{""amazon"": ""private""}",False,False,False,False,"step 5 (SOA), "
helps.live,microsoft,"{""microsoft"": ""private""}",False,False,False,False,"step 3, "
hengst.com,cloudflare|twitter,"{""cloudflare"": ""private"", ""twitter"": ""private""}",False,False,True,False,"step 5 (SOA), step 6, "
henryrifleforums.com,sucuri,"{""sucuri"": ""private""}",False,False,False,False,"step 7, "
heraldrysinstitute.com,google,"{""google"": ""private""}",False,False,False,False,"step 5 (SOA), "
heroeswm.ru,amazon,"{""amazon"": ""private""}",False,False,False,False,"step 5 (SOA), "
heroku.com,heroku,"{""heroku"": ""private""}",False,False,False,False,"step 2, "
herokuapp.com,heroku,"{""heroku"": ""private""}",False,False,False,False,"step 2, "
herominers.com,cloudflare,"{""cloudflare"": ""private""}",False,False,False,False,"step 5 (SOA), "
heroz.jp,amazon,"{""amazon"": ""private""}",False,False,False,False,"step 5 (SOA), "
hethongphapluat.com,cloudflare|twitter,"{""cloudflare"": ""private"", ""twitter"": ""private""}",False,False,True,False,"step 5 (SOA), step 6, "
hex.pm,cloudflare|google,"{""cloudflare"": ""private"", ""google"": ""private""}",False,False,True,False,"step 5 (SOA), step 7, "
heymarket.com,amazon|twitter,"{""amazon"": ""private"", ""twitter"": ""private""}",False,False,True,False,"step 5 (SOA), step 6, "
hf-mirror.com,cloudflare,"{""cloudflare"": ""private""}",False,False,False,False,"step 5 (SOA), "
hicloud.com,huawei|apple,"{""huawei"": ""private"", ""apple"": ""private""}",False,False,True,False,"step 2, step 3, "
hicloudcam.com,apple|amazon,"{""apple"": ""private"", ""amazon"": ""private""}",False,False,True,False,"step 3, step 6, "
highlight.io,google,"{""google"": ""private""}",False,False,False,False,"step 5 (SOA), "
highwinds-cdn.com,edgecast|cloudflare,"{""edgecast"": ""private"", ""cloudflare"": ""third""}",True,False,True,False,"step 3, step 5 (SOA), "
hihi2.com,cloudflare,"{""cloudflare"": ""private""}",False,False,False,False,"step 5 (SOA), "
hik-connect.com,amazon|twitter,"{""amazon"": ""private"", ""twitter"": ""private""}",False,False,True,False,"step 5 (SOA), step 6, "
hik-proconnect.com,twitter,"{""twitter"": ""private""}",False,False,False,False,"step 6, "
hilleldayschool.org,cloudflare,"{""cloudflare"": ""private""}",False,False,False,False,"step 7, "
hinative.com,cloudflare,"{""cloudflare"": ""private""}",False,False,False,False,"step 5 (SOA), "
hinchat.live,microsoft|cloudflare,"{""microsoft"": ""private"", ""cloudflare"": ""third""}",True,False,True,False,"step 3, step 5 (SOA), "
hingeaws.net,amazon,"{""amazon"": ""private""}",False,False,False,False,"step 3, "
hipages.com.au,amazon,"{""amazon"": ""private""}",False,False,False,False,"step 5 (SOA), "
hippoobox.com,amazon,"{""amazon"": ""private""}",False,False,False,False,"step 5 (SOA), "
hitosara.com,amazon,"{""amazon"": ""private""}",False,False,False,False,"step 5 (SOA), "
hiverhq.com,amazon,"{""amazon"": ""private""}",False,False,False,False,"step 5 (SOA), "
hix.com,google,"{""google"": ""private""}",False,False,False,False,"step 5 (SOA), "
hktdc.com,amazon,"{""amazon"": ""private""}",False,False,False,False,"step 6, "
hmrc.gov.uk,amazon,"{""amazon"": ""private""}",False,False,False,False,"step 5 (SOA), "
hn.cz,cloudflare,"{""cloudflare"": ""private""}",False,False,False,False,"step 5 (SOA), "
hnetwork-live.com,microsoft|amazon,"{""microsoft"": ""private"", ""amazon"": ""third""}",True,False,True,False,"step 3, step 5 (SOA), "
hobby-machinist.com,twitter,"{""twitter"": ""private""}",False,False,False,False,"step 6, "
hobbydb.com,cloudflare,"{""cloudflare"": ""private""}",False,False,False,False,"step 5 (SOA), "
hockerty.com,amazon,"{""amazon"": ""private""}",False,False,False,False,"step 5 (SOA), "
hocmai.vn,cloudflare,"{""cloudflare"": ""private""}",False,False,False,False,"step 5 (SOA), "
hola.org,amazon,"{""amazon"": ""private""}",False,False,False,False,"step 5 (SOA), "
holax.io,amazon,"{""amazon"": ""private""}",False,False,False,False,"step 5 (SOA), "
holid.io,cloudflare,"{""cloudflare"": ""private""}",False,False,False,False,"step 5 (SOA), "
homefinder.com,amazon,"{""amazon"": ""private""}",False,False,False,False,"step 5 (SOA), "
homejavlive.com,microsoft|cloudflare,"{""microsoft"": ""private"", ""cloudflare"": ""third""}",True,False,True,False,"step 3, step 5 (SOA), "
homejunction.com,amazon,"{""amazon"": ""private""}",False,False,False,False,"step 5 (SOA), "
homenetiol.com,amazon,"{""amazon"": ""private""}",False,False,False,False,"step 5 (SOA), "
homes.co.jp,amazon,"{""amazon"": ""private""}",False,False,False,False,"step 5 (SOA), "
homesalive.ca,microsoft|fastly,"{""microsoft"": ""private"", ""fastly"": ""third""}",True,False,True,False,"step 3, step 6, "
homesourcesystems.com,amazon,"{""amazon"": ""private""}",False,False,False,False,"step 5 (SOA), "
homewizard.com,google,"{""google"": ""private""}",False,False,False,False,"step 5 (SOA), "
honey.io,google,"{""google"": ""private""}",False,False,False,False,"step 5 (SOA), "
honoredsoft.com,twitter,"{""twitter"": ""private""}",False,False,False,False,"step 6, "
honto.jp,google,"{""google"": ""private""}",False,False,False,False,"step 7, "
hopenapi.com,cloudflare,"{""cloudflare"": ""private""}",False,False,False,False,"step 5 (SOA), "
hopper.com,google,"{""google"": ""private""}",False,False,False,False,"step 5 (SOA), "
horde.org,cloudflare,"{""cloudflare"": ""private""}",False,False,False,False,"step 5 (SOA), "
horiemon.com,amazon,"{""amazon"": ""private""}",False,False,False,False,"step 5 (SOA), "
hornet-live.com,microsoft|amazon,"{""microsoft"": ""private"", ""amazon"": ""third""}",True,False,True,False,"step 3, step 5 (SOA), "
hornyleaklive.com,microsoft,"{""microsoft"": ""private""}",False,False,False,False,"step 3, "
host-ww.net,cloudflare,"{""cloudflare"": ""private""}",False,False,False,False,"step 5 (SOA), "
hostedstatus.com,amazon,"{""amazon"": ""private""}",False,False,False,False,"step 5 (SOA), "
hostelworld.com,google,"{""google"": ""private""}",False,False,False,False,"step 5 (SOA), "
hosting-minecraft.pro,cloudflare,"{""cloudflare"": ""private""}",False,False,False,False,"step 5 (SOA), "
hostnationwide.com,cloudflare,"{""cloudflare"": ""private""}",False,False,False,False,"step 5 (SOA), "
hotbot.ai,cloudflare,"{""cloudflare"": ""private""}",False,False,False,False,"step 5 (SOA), "
hotellook.com,amazon,"{""amazon"": ""private""}",False,False,False,False,"step 5 (SOA), "
hotelrunner.com,amazon,"{""amazon"": ""private""}",False,False,False,False,"step 5 (SOA), "
hotornot.com,twitter,"{""twitter"": ""private""}",False,False,False,False,"step 6, "
hotpads.com,amazon,"{""amazon"": ""private""}",False,False,False,False,"step 5 (SOA), "
hotrk0.com,amazon,"{""amazon"": ""private""}",False,False,False,False,"step 5 (SOA), "
hotweathers.live,microsoft|cloudflare,"{""microsoft"": ""private"", ""cloudflare"": ""third""}",True,False,True,False,"step 3, step 5 (SOA), "
house.gov,akamai,"{""akamai"": ""private""}",False,False,False,False,"step 6, "
houseofpubs.live,microsoft|cloudflare,"{""microsoft"": ""private"", ""cloudflare"": ""third""}",True,False,True,False,"step 3, step 5 (SOA), "
houstonpress.com,cloudflare,"{""cloudflare"": ""private""}",False,False,False,False,"step 5 (SOA), "
howtogeek.com,digicert,"{""digicert"": ""private""}",False,False,False,False,"step 5 (SOA), "
hpcnt.com,amazon|twitter,"{""amazon"": ""private"", ""twitter"": ""private""}",False,False,True,False,"step 5 (SOA), step 6, "
hpradar.com,cloudflare,"{""cloudflare"": ""private""}",False,False,False,False,"step 5 (SOA), "
hs-banner.com,hubspot|cloudflare,"{""hubspot"": ""private"", ""cloudflare"": ""third""}",True,False,True,False,"step 2, step 5 (SOA), "
hs-sites.com,hubspot|cloudflare,"{""hubspot"": ""private"", ""cloudflare"": ""third""}",True,False,True,False,"step 2, step 5 (SOA), "
hsappstatic.net,hubspot|cloudflare,"{""hubspot"": ""private"", ""cloudflare"": ""third""}",True,False,True,False,"step 2, step 5 (SOA), "
hsselite.com,amazon,"{""amazon"": ""private""}",False,False,False,False,"step 5 (SOA), "
html.it,cloudflare,"{""cloudflare"": ""private""}",False,False,False,False,"step 5 (SOA), "
httpbingo.org,microsoft,"{""microsoft"": ""private""}",False,False,False,False,"step 3, "
htvapps.net,amazon,"{""amazon"": ""private""}",False,False,False,False,"step 5 (SOA), "
huaweicloud-dns.cn,apple,"{""apple"": ""private""}",False,False,False,False,"step 3, "
huaweicloud-dns.com,apple,"{""apple"": ""private""}",False,False,False,False,"step 3, "
huaweicloud-dns.net,apple,"{""apple"": ""private""}",False,False,False,False,"step 3, "
huaweicloud-dns.org,apple,"{""apple"": ""private""}",False,False,False,False,"step 3, "
huaweicloud.com,huawei|apple|akamai,"{""huawei"": ""private"", ""apple"": ""private"", ""akamai"": ""third""}",True,False,True,False,"step 2, step 3, step 6, "
huaweicloudwaf.com,apple,"{""apple"": ""private""}",False,False,False,False,"step 3, "
hub88.io,cloudflare|amazon,"{""cloudflare"": ""private"", ""amazon"": ""private""}",False,False,True,False,"step 5 (SOA), step 6, "
hubble.in,amazon,"{""amazon"": ""private""}",False,False,False,False,"step 5 (SOA), "
hubitat.com,google|twitter,"{""google"": ""private"", ""twitter"": ""private""}",False,False,True,False,"step 5 (SOA), step 6, "
hubsoft.com.br,twitter,"{""twitter"": ""private""}",False,False,False,False,"step 6, "
hubspot.com,hubspot|cloudflare,"{""hubspot"": ""private"", ""cloudflare"": ""third""}",True,False,True,False,"step 2, step 5 (SOA), "
hubspot.net,cloudflare,"{""cloudflare"": ""private""}",False,False,False,False,"step 5 (SOA), "
hubspotemail.net,hubspot|cloudflare,"{""hubspot"": ""private"", ""cloudflare"": ""third""}",True,False,True,False,"step 2, step 5 (SOA), "
hubstudio.cn,amazon|alibaba,"{""amazon"": ""private"", ""alibaba"": ""private""}",False,False,True,False,"step 6, step 6, "
hubtech.live,microsoft|cloudflare|amazon,"{""microsoft"": ""private"", ""cloudflare"": ""third"", ""amazon"": ""third""}",True,False,True,True,"step 3, step 5 (SOA), step 6, "
hueadsxml.com,amazon,"{""amazon"": ""private""}",False,False,False,False,"step 5 (SOA), "
huggingface.co,amazon,"{""amazon"": ""private""}",False,False,False,False,"step 5 (SOA), "
hummert.com,twitter,"{""twitter"": ""private""}",False,False,False,False,"step 6, "
huoshanlive.com,microsoft,"{""microsoft"": ""private""}",False,False,False,False,"step 3, "
hushed.com,amazon|cloudflare,"{""amazon"": ""private"", ""cloudflare"": ""private""}",False,False,True,False,"step 5 (SOA), step 7, "
hv.life,cloudflare,"{""cloudflare"": ""private""}",False,False,False,False,"step 5 (SOA), "
hydrolix.live,microsoft|amazon,"{""microsoft"": ""private"", ""amazon"": ""third""}",True,False,True,False,"step 3, step 5 (SOA), "
hypeddit.com,amazon|twitter,"{""amazon"": ""private"", ""twitter"": ""private""}",False,False,True,False,"step 5 (SOA), step 6, "
hyper-optic.net,amazon,"{""amazon"": ""private""}",False,False,False,False,"step 5 (SOA), "
hyperwallet.com,amazon|twitter,"{""amazon"": ""private"", ""twitter"": ""private""}",False,False,True,False,"step 5 (SOA), step 6, "
hypnotube.com,cloudflare,"{""cloudflare"": ""private""}",False,False,False,False,"step 5 (SOA), "
i-dgtl.ru,amazon,"{""amazon"": ""private""}",False,False,False,False,"step 5 (SOA), "
i-ready.com,amazon,"{""amazon"": ""private""}",False,False,False,False,"step 5 (SOA), "
i2e1.in,amazon,"{""amazon"": ""private""}",False,False,False,False,"step 5 (SOA), "
iaac.net,cloudflare,"{""cloudflare"": ""private""}",False,False,False,False,"step 5 (SOA), "
iamroot.tech,gcore,"{""gcore"": ""private""}",False,False,False,False,"step 5 (SOA), "
iarticlesnet.com,twitter,"{""twitter"": ""private""}",False,False,False,False,"step 6, "
iberkshires.com,cloudflare,"{""cloudflare"": ""private""}",False,False,False,False,"step 5 (SOA), "
iberlibro.com,amazon,"{""amazon"": ""private""}",False,False,False,False,"step 5 (SOA), "
ibsrv.net,cloudflare,"{""cloudflare"": ""private""}",False,False,False,False,"step 5 (SOA), "
ibtimes.co.uk,amazon,"{""amazon"": ""private""}",False,False,False,False,"step 5 (SOA), "
ibyteimg.com,bytedance,"{""bytedance"": ""private""}",False,False,False,False,"step 2, "
icarasia.com,google,"{""google"": ""private""}",False,False,False,False,"step 5 (SOA), "
icarcdn.com,google,"{""google"": ""private""}",False,False,False,False,"step 5 (SOA), "
icegay.tv,cloudflare,"{""cloudflare"": ""private""}",False,False,False,False,"step 5 (SOA), "
icetv.com.au,amazon,"{""amazon"": ""private""}",False,False,False,False,"step 5 (SOA), "
icloud-content.com,apple,"{""apple"": ""private""}",False,False,False,False,"step 2, "
icloud-content.com.cn,apple,"{""apple"": ""private""}",False,False,False,False,"step 3, "
icloud-platform.com,apple|amazon,"{""apple"": ""private"", ""amazon"": ""third""}",True,False,True,False,"step 3, step 5 (SOA), "
icloud-sandbox.com,apple,"{""apple"": ""private""}",False,False,False,False,"step 3, "
icloud.cn,apple,"{""apple"": ""private""}",False,False,False,False,"step 3, "
icloud.com,apple|akamai,"{""apple"": ""private"", ""akamai"": ""third""}",True,False,True,False,"step 3, step 6, "
icloud.com.cn,apple|akamai,"{""apple"": ""private"", ""akamai"": ""third""}",True,False,True,False,"step 3, step 6, "
icloudv6.com,apple,"{""apple"": ""private""}",False,False,False,False,"step 3, "
icon-era.com,cloudflare,"{""cloudflare"": ""private""}",False,False,False,False,"step 5 (SOA), "
icrtouch-connect.com,twitter,"{""twitter"": ""private""}",False,False,False,False,"step 6, "
id5-sync.com,cloudflare,"{""cloudflare"": ""private""}",False,False,False,False,"step 5 (SOA), "
idailybread.com,amazon,"{""amazon"": ""private""}",False,False,False,False,"step 5 (SOA), "
idaprikol.ru,amazon,"{""amazon"": ""private""}",False,False,False,False,"step 5 (SOA), "
idmnet.pl,cloudflare,"{""cloudflare"": ""private""}",False,False,False,False,"step 5 (SOA), "
idxbroker.com,cloudflare,"{""cloudflare"": ""private""}",False,False,False,False,"step 5 (SOA), "
iedb.org,amazon,"{""amazon"": ""private""}",False,False,False,False,"step 5 (SOA), "
iezvu.com,amazon,"{""amazon"": ""private""}",False,False,False,False,"step 5 (SOA), "
ifauna.cz,cloudflare,"{""cloudflare"": ""private""}",False,False,False,False,"step 5 (SOA), "
ifit.com,amazon|twitter,"{""amazon"": ""private"", ""twitter"": ""private""}",False,False,True,False,"step 5 (SOA), step 6, "
ifood.tv,amazon,"{""amazon"": ""private""}",False,False,False,False,"step 5 (SOA), "
ifpe.edu.br,amazon,"{""amazon"": ""private""}",False,False,False,False,"step 5 (SOA), "
ift.tt,amazon,"{""amazon"": ""private""}",False,False,False,False,"step 5 (SOA), "
ifunny.co,amazon,"{""amazon"": ""private""}",False,False,False,False,"step 5 (SOA), "
ifxdb.com,amazon,"{""amazon"": ""private""}",False,False,False,False,"step 5 (SOA), "
ig.me,meta,"{""meta"": ""private""}",False,False,False,False,"step 5 (SOA), "
igamemedia.com,amazon,"{""amazon"": ""private""}",False,False,False,False,"step 5 (SOA), "
ignitenet.com,google|twitter,"{""google"": ""private"", ""twitter"": ""private""}",False,False,True,False,"step 5 (SOA), step 6, "
ihapilive.com,microsoft|google|alibaba,"{""microsoft"": ""private"", ""google"": ""third"", ""alibaba"": ""third""}",True,False,True,True,"step 3, step 5 (SOA), step 6, "
ihned.cz,cloudflare,"{""cloudflare"": ""private""}",False,False,False,False,"step 5 (SOA), "
ihr.live,microsoft|cloudflare,"{""microsoft"": ""private"", ""cloudflare"": ""third""}",True,False,True,False,"step 3, step 5 (SOA), "
ihuoshanlive.com,microsoft,"{""microsoft"": ""private""}",False,False,False,False,"step 3, "
iiab.live,microsoft,"{""microsoft"": ""private""}",False,False,False,False,"step 3, "
iibingo.com,microsoft,"{""microsoft"": ""private""}",False,False,False,False,"step 3, "
ijcrt.org,sucuri,"{""sucuri"": ""private""}",False,False,False,False,"step 7, "
il.fi,amazon,"{""amazon"": ""private""}",False,False,False,False,"step 5 (SOA), "
ilga.gov,microsoft,"{""microsoft"": ""private""}",False,False,False,False,"step 5 (SOA), "
ilive.com.ua,microsoft|cloudflare,"{""microsoft"": ""private"", ""cloudflare"": ""third""}",True,False,True,False,"step 3, step 5 (SOA), "
ilivedata.com,microsoft|amazon,"{""microsoft"": ""private"", ""amazon"": ""private""}",False,False,True,False,"step 3, step 5 (SOA), "
iliveok.com,microsoft|cloudflare,"{""microsoft"": ""private"", ""cloudflare"": ""third""}",True,False,True,False,"step 3, step 5 (SOA), "
illumin.com,cloudflare,"{""cloudflare"": ""private""}",False,False,False,False,"step 7, "
ilri.org,amazon,"{""amazon"": ""private""}",False,False,False,False,"step 5 (SOA), "
imageban.ru,cloudflare,"{""cloudflare"": ""private""}",False,False,False,False,"step 5 (SOA), "
imagecdn.live,microsoft|cloudflare,"{""microsoft"": ""private"", ""cloudflare"": ""third""}",True,False,True,False,"step 3, step 5 (SOA), "
imagedeliveries.com,microsoft|cloudflare,"{""microsoft"": ""private"", ""cloudflare"": ""third""}",True,False,True,False,"step 3, step 5 (SOA), "
imagedelivery.net,microsoft|cloudflare,"{""microsoft"": ""private"", ""cloudflare"": ""third""}",True,False,True,False,"step 3, step 5 (SOA), "
imagekit.io,imagekit|amazon,"{""imagekit"": ""private"", ""amazon"": ""private""}",False,False,True,False,"step 2, step 5 (SOA), "
images-amazon.com,amazon,"{""amazon"": ""private""}",False,False,False,False,"step 2, "
images-dnxlive.com,microsoft,"{""microsoft"": ""private""}",False,False,False,False,"step 3, "
imbeko.live,microsoft|amazon,"{""microsoft"": ""private"", ""amazon"": ""private""}",False,False,True,False,"step 3, step 5 (SOA), "
imdb.com,amazon,"{""amazon"": ""private""}",False,False,False,False,"step 5 (SOA), "
img62yahoo.com,yahoo|cloudflare,"{""yahoo"": ""private"", ""cloudflare"": ""third""}",True,False,True,False,"step 3, step 5 (SOA), "
imgbox.com,cloudflare,"{""cloudflare"": ""private""}",False,False,False,False,"step 5 (SOA), "
imgeng.in,imageengine|amazon,"{""imageengine"": ""private"", ""amazon"": ""private""}",False,False,True,False,"step 2, step 5 (SOA), "
imggaming.com,amazon,"{""amazon"": ""private""}",False,False,False,False,"step 5 (SOA), "
imgix.net,imgix|google|fastly,"{""imgix"": ""private"", ""google"": ""third"", ""fastly"": ""third""}",True,False,True,True,"step 2, step 5 (SOA), step 6, "
imho.ws,cloudflare,"{""cloudflare"": ""private""}",False,False,False,False,"step 5 (SOA), "
imi.chat,amazon,"{""amazon"": ""private""}",False,False,False,False,"step 5 (SOA), "
imlive.com,microsoft|amazon,"{""microsoft"": ""private"", ""amazon"": ""private""}",False,False,True,False,"step 3, step 5 (SOA), "
imo.org,microsoft,"{""microsoft"": ""private""}",False,False,False,False,"step 5 (SOA), "
imolive.tv,microsoft|amazon,"{""microsoft"": ""private"", ""amazon"": ""private""}",False,False,True,False,"step 3, step 5 (SOA), "
imolive2.com,microsoft|amazon,"{""microsoft"": ""private"", ""amazon"": ""third""}",True,False,True,False,"step 3, step 5 (SOA), "
impactguns.com,cloudflare,"{""cloudflare"": ""private""}",False,False,False,False,"step 7, "
impartner.live,microsoft|amazon,"{""microsoft"": ""private"", ""amazon"": ""third""}",True,False,True,False,"step 3, step 5 (SOA), "
imperva.com,imperva|incapsula|amazon,"{""imperva"": ""private"", ""incapsula"": ""private"", ""amazon"": ""third""}",True,False,True,False,"step 2, step 3, step 5 (SOA), "
impervadns.net,imperva|incapsula,"{""imperva"": ""private"", ""incapsula"": ""private""}",False,False,True,False,"step 2, step 3, "
impervasecuredns.net,incapsula,"{""incapsula"": ""private""}",False,False,False,False,"step 3, "
implanta.net.br,microsoft,"{""microsoft"": ""private""}",False,False,False,False,"step 5 (SOA), "
ims.tech,amazon,"{""amazon"": ""private""}",False,False,False,False,"step 5 (SOA), "
imslp.org,cloudflare,"{""cloudflare"": ""private""}",False,False,False,False,"step 5 (SOA), "
inara.cz,cloudflare,"{""cloudflare"": ""private""}",False,False,False,False,"step 5 (SOA), "
inbox.com,cloudflare,"{""cloudflare"": ""private""}",False,False,False,False,"step 5 (SOA), "
incapdns.net,imperva,"{""imperva"": ""private""}",False,False,False,False,"step 2, "
incapsula.com,imperva|incapsula,"{""imperva"": ""private"", ""incapsula"": ""private""}",False,False,True,False,"step 2, step 3, "
incaptest.co,amazon|twitter,"{""amazon"": ""private"", ""twitter"": ""private""}",False,False,True,False,"step 5 (SOA), step 6, "
incentivegames.com,microsoft,"{""microsoft"": ""private""}",False,False,False,False,"step 5 (SOA), "
incentivesnetwork.net,microsoft,"{""microsoft"": ""private""}",False,False,False,False,"step 5 (SOA), "
includedhealth.com,amazon|cloudflare,"{""amazon"": ""private"", ""cloudflare"": ""private""}",False,False,True,False,"step 5 (SOA), step 7, "
incrementxserv.com,amazon,"{""amazon"": ""private""}",False,False,False,False,"step 5 (SOA), "
indianewengland.com,sucuri,"{""sucuri"": ""private""}",False,False,False,False,"step 7, "
indiecommerce.com,google,"{""google"": ""private""}",False,False,False,False,"step 5 (SOA), "
indielite.org,google,"{""google"": ""private""}",False,False,False,False,"step 5 (SOA), "
indigitall.com,google|cloudflare,"{""google"": ""private"", ""cloudflare"": ""private""}",False,False,True,False,"step 5 (SOA), step 7, "
indigodergisi.com,cloudflare,"{""cloudflare"": ""private""}",False,False,False,False,"step 5 (SOA), "
indomio.al,amazon,"{""amazon"": ""private""}",False,False,False,False,"step 5 (SOA), "
indomio.es,amazon,"{""amazon"": ""private""}",False,False,False,False,"step 5 (SOA), "
indomio.rs,amazon,"{""amazon"": ""private""}",False,False,False,False,"step 5 (SOA), "
indrive.com,amazon,"{""amazon"": ""private""}",False,False,False,False,"step 5 (SOA), "
indriver.com,amazon,"{""amazon"": ""private""}",False,False,False,False,"step 5 (SOA), "
inegi.org.mx,microsoft,"{""microsoft"": ""private""}",False,False,False,False,"step 5 (SOA), "
infinario.com,google,"{""google"": ""private""}",False,False,False,False,"step 5 (SOA), "
infirmiers.com,cloudflare,"{""cloudflare"": ""private""}",False,False,False,False,"step 5 (SOA), "
infisecure.com,amazon,"{""amazon"": ""private""}",False,False,False,False,"step 5 (SOA), "
infocasas.com.uy,amazon,"{""amazon"": ""private""}",False,False,False,False,"step 5 (SOA), "
infocusconx.com,cloudflare,"{""cloudflare"": ""private""}",False,False,False,False,"step 5 (SOA), "
infocyte.com,amazon,"{""amazon"": ""private""}",False,False,False,False,"step 5 (SOA), "
infogram.com,amazon,"{""amazon"": ""private""}",False,False,False,False,"step 5 (SOA), "
infojobs.com.br,amazon,"{""amazon"": ""private""}",False,False,False,False,"step 5 (SOA), "
infra.market,sucuri,"{""sucuri"": ""private""}",False,False,False,False,"step 7, "
ingaa.xyz,amazon,"{""amazon"": ""private""}",False,False,False,False,"step 5 (SOA), "
ingest-lr.com,cloudflare,"{""cloudflare"": ""private""}",False,False,False,False,"step 5 (SOA), "
inkaddictmarket.com,amazon|twitter,"{""amazon"": ""private"", ""twitter"": ""private""}",False,False,True,False,"step 5 (SOA), step 6, "
inkbunny.net,bunnycdn,"{""bunnycdn"": ""private""}",False,False,False,False,"step 3, "
inm.gov.co,microsoft,"{""microsoft"": ""private""}",False,False,False,False,"step 5 (SOA), "
inmobi.com,google,"{""google"": ""private""}",False,False,False,False,"step 5 (SOA), "
inmyroom.ru,cloudflare,"{""cloudflare"": ""private""}",False,False,False,False,"step 5 (SOA), "
insert.com.pl,twitter,"{""twitter"": ""private""}",False,False,False,False,"step 6, "
inshorts.com,amazon,"{""amazon"": ""private""}",False,False,False,False,"step 5 (SOA), "
inside-graph.com,amazon,"{""amazon"": ""private""}",False,False,False,False,"step 5 (SOA), "
inside.chat,cloudflare,"{""cloudflare"": ""private""}",False,False,False,False,"step 5 (SOA), "
insiderdata360online.com,microsoft,"{""microsoft"": ""private""}",False,False,False,False,"step 5 (SOA), "
instadelivery.com.br,microsoft|cloudflare,"{""microsoft"": ""private"", ""cloudflare"": ""third""}",True,False,True,False,"step 3, step 5 (SOA), "
instaforex.eu,amazon,"{""amazon"": ""private""}",False,False,False,False,"step 5 (SOA), "
instagr.am,meta,"{""meta"": ""private""}",False,False,False,False,"step 5 (SOA), "
instagram.com,meta,"{""meta"": ""private""}",False,False,False,False,"step 3, "
instagram.com.br,meta,"{""meta"": ""private""}",False,False,False,False,"step 3, "
instagrammernews.com,meta|cloudflare,"{""meta"": ""private"", ""cloudflare"": ""third""}",True,False,True,False,"step 3, step 5 (SOA), "
instaview.ai,amazon,"{""amazon"": ""private""}",False,False,False,False,"step 5 (SOA), "
instories.com,cloudflare,"{""cloudflare"": ""private""}",False,False,False,False,"step 5 (SOA), "
intacct.com,amazon|cloudflare|twitter,"{""amazon"": ""private"", ""cloudflare"": ""private"", ""twitter"": ""private""}",False,False,True,False,"step 5 (SOA), step 6, step 6, "
intch.org,cloudflare,"{""cloudflare"": ""private""}",False,False,False,False,"step 5 (SOA), "
intelbrasp2p.com.br,google,"{""google"": ""private""}",False,False,False,False,"step 5 (SOA), "
intelisys.ca,amazon,"{""amazon"": ""private""}",False,False,False,False,"step 5 (SOA), "
intelligentgolf.co.uk,amazon,"{""amazon"": ""private""}",False,False,False,False,"step 6, "
intentsify.io,amazon,"{""amazon"": ""private""}",False,False,False,False,"step 5 (SOA), "
interglot.com,twitter,"{""twitter"": ""private""}",False,False,False,False,"step 6, "
internalmeta.com,meta,"{""meta"": ""private""}",False,False,False,False,"step 5 (SOA), "
internationaldelivers.com,microsoft,"{""microsoft"": ""private""}",False,False,False,False,"step 3, "
internet2.edu,cloudflare,"{""cloudflare"": ""private""}",False,False,False,False,"step 5 (SOA), "
intertechdevelopment.com,digicert|twitter,"{""digicert"": ""private"", ""twitter"": ""private""}",False,False,True,False,"step 5 (SOA), step 6, "
interweb-it.com,twitter,"{""twitter"": ""private""}",False,False,False,False,"step 6, "
intouchhealth.com,amazon,"{""amazon"": ""private""}",False,False,False,False,"step 5 (SOA), "
intrdb.com,cloudflare,"{""cloudflare"": ""private""}",False,False,False,False,"step 5 (SOA), "
intsig.net,amazon,"{""amazon"": ""private""}",False,False,False,False,"step 5 (SOA), "
inventoryrsc.com,amazon,"{""amazon"": ""private""}",False,False,False,False,"step 5 (SOA), "
investinglive.com,microsoft|amazon,"{""microsoft"": ""private"", ""amazon"": ""third""}",True,False,True,False,"step 3, step 5 (SOA), "
investorroom.com,cloudflare,"{""cloudflare"": ""private""}",False,False,False,False,"step 5 (SOA), "
investsocial.com,amazon,"{""amazon"": ""private""}",False,False,False,False,"step 5 (SOA), "
invisalign.com,amazon,"{""amazon"": ""private""}",False,False,False,False,"step 5 (SOA), "
invmed.co,amazon,"{""amazon"": ""private""}",False,False,False,False,"step 5 (SOA), "
invol.co,cloudflare,"{""cloudflare"": ""private""}",False,False,False,False,"step 5 (SOA), "
iobridge.com,digicert,"{""digicert"": ""private""}",False,False,False,False,"step 5 (SOA), "
ione.nyc,amazon,"{""amazon"": ""private""}",False,False,False,False,"step 5 (SOA), "
iotbing.com,microsoft|amazon,"{""microsoft"": ""private"", ""amazon"": ""third""}",True,False,True,False,"step 3, step 5 (SOA), "
iototoi.it,cloudflare,"{""cloudflare"": ""private""}",False,False,False,False,"step 7, "
ip-api.io,cloudflare,"{""cloudflare"": ""private""}",False,False,False,False,"step 5 (SOA), "
ip.aws,amazon,"{""amazon"": ""private""}",False,False,False,False,"step 3, "
ipcamlive.com,microsoft|cloudflare,"{""microsoft"": ""private"", ""cloudflare"": ""third""}",True,False,True,False,"step 3, step 5 (SOA), "
ipdata.co,amazon,"{""amazon"": ""private""}",False,False,False,False,"step 5 (SOA), "
ipfreely.io,amazon|cloudflare,"{""amazon"": ""private"", ""cloudflare"": ""private""}",False,False,True,False,"step 5 (SOA), step 7, "
iphones.ru,cloudflare,"{""cloudflare"": ""private""}",False,False,False,False,"step 5 (SOA), "
ipisoft.com,twitter,"{""twitter"": ""private""}",False,False,False,False,"step 6, "
ipleak.com,amazon,"{""amazon"": ""private""}",False,False,False,False,"step 5 (SOA), "
ipms247.com,amazon,"{""amazon"": ""private""}",False,False,False,False,"step 5 (SOA), "
ipolaris-tech.com,apple,"{""apple"": ""private""}",False,False,False,False,"step 5 (SOA), "
iprova.nl,microsoft,"{""microsoft"": ""private""}",False,False,False,False,"step 5 (SOA), "
ipsaya.com,cloudflare,"{""cloudflare"": ""private""}",False,False,False,False,"step 5 (SOA), "
ipstack.com,cloudflare,"{""cloudflare"": ""private""}",False,False,False,False,"step 5 (SOA), "
ipsy.com,amazon,"{""amazon"": ""private""}",False,False,False,False,"step 5 (SOA), "
ipt.pw,cloudflare,"{""cloudflare"": ""private""}",False,False,False,False,"step 5 (SOA), "
ipv4.games,cloudflare,"{""cloudflare"": ""private""}",False,False,False,False,"step 5 (SOA), "
iqzonertb.live,microsoft|cloudflare,"{""microsoft"": ""private"", ""cloudflare"": ""third""}",True,False,True,False,"step 3, step 5 (SOA), "
ir-android.com,google|cloudflare,"{""google"": ""private"", ""cloudflare"": ""third""}",True,False,True,False,"step 3, step 5 (SOA), "
irbis-nbuv.gov.ua,cloudflare,"{""cloudflare"": ""private""}",False,False,False,False,"step 5 (SOA), "
irecommend.ru,cloudflare,"{""cloudflare"": ""private""}",False,False,False,False,"step 5 (SOA), "
irys.xyz,cloudflare|nextjs,"{""cloudflare"": ""private"", ""nextjs"": ""private""}",False,False,True,False,"step 5 (SOA), step 7, "
iscanonline.com,amazon,"{""amazon"": ""private""}",False,False,False,False,"step 5 (SOA), "
isecurityplus.com,amazon,"{""amazon"": ""private""}",False,False,False,False,"step 5 (SOA), "
islamarchive.cc,cloudflare,"{""cloudflare"": ""private""}",False,False,False,False,"step 5 (SOA), "
islamicfinder.org,amazon,"{""amazon"": ""private""}",False,False,False,False,"step 5 (SOA), "
ispazio.net,cloudflare,"{""cloudflare"": ""private""}",False,False,False,False,"step 5 (SOA), "
itc.ua,cloudflare,"{""cloudflare"": ""private""}",False,False,False,False,"step 5 (SOA), "
its52.com,cloudflare,"{""cloudflare"": ""private""}",False,False,False,False,"step 5 (SOA), "
itsfoss.com,cloudflare,"{""cloudflare"": ""private""}",False,False,False,False,"step 5 (SOA), "
ittv.com.br,amazon,"{""amazon"": ""private""}",False,False,False,False,"step 5 (SOA), "
itunes.com,apple,"{""apple"": ""private""}",False,False,False,False,"step 3, "
itworkscdn.net,cloudflare|akamai,"{""cloudflare"": ""private"", ""akamai"": ""private""}",False,False,True,False,"step 5 (SOA), step 6, "
ivanticloud.com,apple|cloudflare,"{""apple"": ""private"", ""cloudflare"": ""third""}",True,False,True,False,"step 3, step 5 (SOA), "
ivaws.com,amazon|cloudflare,"{""amazon"": ""private"", ""cloudflare"": ""third""}",True,False,True,False,"step 3, step 5 (SOA), "
ivcbrasil.org.br,amazon,"{""amazon"": ""private""}",False,False,False,False,"step 5 (SOA), "
ivcsmrt.com,twitter,"{""twitter"": ""private""}",False,False,False,False,"step 6, "
ivnosys.com,cloudflare,"{""cloudflare"": ""private""}",False,False,False,False,"step 7, "
ivymobile.com,cloudflare,"{""cloudflare"": ""private""}",False,False,False,False,"step 5 (SOA), "
iwbota.com,amazon,"{""amazon"": ""private""}",False,False,False,False,"step 5 (SOA), "
izooto.com,cloudflare,"{""cloudflare"": ""private""}",False,False,False,False,"step 5 (SOA), "
jackbout.com,twitter,"{""twitter"": ""private""}",False,False,False,False,"step 6, "
jackpocket.com,twitter|akamai,"{""twitter"": ""private"", ""akamai"": ""private""}",False,False,True,False,"step 6, step 7, "
jaco.live,microsoft,"{""microsoft"": ""private""}",False,False,False,False,"step 3, "
jamaica-star.com,fastly,"{""fastly"": ""private""}",False,False,False,False,"step 7, "
jamf.build,amazon,"{""amazon"": ""private""}",False,False,False,False,"step 5 (SOA), "
jamfcloud.com,amazon,"{""amazon"": ""private""}",False,False,False,False,"step 5 (SOA), "
janestreet.com,amazon|twitter,"{""amazon"": ""private"", ""twitter"": ""private""}",False,False,True,False,"step 5 (SOA), step 6, "
janraincapture.com,amazon,"{""amazon"": ""private""}",False,False,False,False,"step 5 (SOA), "
jausoft.com,twitter,"{""twitter"": ""private""}",False,False,False,False,"step 6, "
javeriana.edu.co,google,"{""google"": ""private""}",False,False,False,False,"step 5 (SOA), "
javfree.me,cloudflare,"{""cloudflare"": ""private""}",False,False,False,False,"step 5 (SOA), "
javhdporn.live,microsoft|cloudflare,"{""microsoft"": ""private"", ""cloudflare"": ""third""}",True,False,True,False,"step 3, step 5 (SOA), "
jbtube.co,cloudflare,"{""cloudflare"": ""private""}",False,False,False,False,"step 5 (SOA), "
jcloud-cdn.com,jd,"{""jd"": ""private""}",False,False,False,False,"step 2, "
jcsc.online,cloudflare,"{""cloudflare"": ""private""}",False,False,False,False,"step 5 (SOA), "
jd-eit.com,jd,"{""jd"": ""private""}",False,False,False,False,"step 6, "
jd.com,jd,"{""jd"": ""private""}",False,False,False,False,"step 6, "
jd.hk,jd,"{""jd"": ""private""}",False,False,False,False,"step 6, "
jdadelivers.com,microsoft,"{""microsoft"": ""private""}",False,False,False,False,"step 3, "
jdcloud-oss.com,jd,"{""jd"": ""private""}",False,False,False,False,"step 6, "
jdcloud.com,jd,"{""jd"": ""private""}",False,False,False,False,"step 6, "
jddj.com,jd,"{""jd"": ""private""}",False,False,False,False,"step 6, "
jdh.com,jd,"{""jd"": ""private""}",False,False,False,False,"step 6, "
jdl.com,jd,"{""jd"": ""private""}",False,False,False,False,"step 6, "
jdpay.com,jd,"{""jd"": ""private""}",False,False,False,False,"step 6, "
jdwl.com,jd,"{""jd"": ""private""}",False,False,False,False,"step 6, "
jeannemathenyart.com,twitter,"{""twitter"": ""private""}",False,False,False,False,"step 6, "
jenkins-ci.org,microsoft,"{""microsoft"": ""private""}",False,False,False,False,"step 5 (SOA), "
jensenlab.org,cloudflare,"{""cloudflare"": ""private""}",False,False,False,False,"step 5 (SOA), "
jet.amazon,amazon,"{""amazon"": ""private""}",False,False,False,False,"step 3, "
jetgames.io,cloudflare,"{""cloudflare"": ""private""}",False,False,False,False,"step 5 (SOA), "
jfit.co,amazon|twitter,"{""amazon"": ""private"", ""twitter"": ""private""}",False,False,True,False,"step 5 (SOA), step 6, "
jfrog.com,amazon,"{""amazon"": ""private""}",False,False,False,False,"step 5 (SOA), "
jfrog.io,amazon,"{""amazon"": ""private""}",False,False,False,False,"step 5 (SOA), "
jianguoyun.com,cloudflare|google,"{""cloudflare"": ""private"", ""google"": ""private""}",False,False,True,False,"step 6, step 7, "
jiashule.com,yunaq,"{""yunaq"": ""private""}",False,False,False,False,"step 2, "
jiasule.org,yunaq,"{""yunaq"": ""private""}",False,False,False,False,"step 2, "
jin10.com,alibaba|cloudflare,"{""alibaba"": ""private"", ""cloudflare"": ""private""}",False,False,True,False,"step 6, step 6, "
jiutusw.com,cloudflare,"{""cloudflare"": ""private""}",False,False,False,False,"step 5 (SOA), "
jizzbunker.com,cloudflare,"{""cloudflare"": ""private""}",False,False,False,False,"step 5 (SOA), "
jmir.org,amazon,"{""amazon"": ""private""}",False,False,False,False,"step 5 (SOA), "
jmmobi.com,amazon,"{""amazon"": ""private""}",False,False,False,False,"step 5 (SOA), "
jmvstream.com,cloudflare,"{""cloudflare"": ""private""}",False,False,False,False,"step 5 (SOA), "
jne.co.id,cloudflare,"{""cloudflare"": ""private""}",False,False,False,False,"step 5 (SOA), "
jnlcarney.com,cloudflare,"{""cloudflare"": ""private""}",False,False,False,False,"step 5 (SOA), "
jnu.edu.cn,akamai,"{""akamai"": ""private""}",False,False,False,False,"step 6, "
jobbase.io,amazon,"{""amazon"": ""private""}",False,False,False,False,"step 5 (SOA), "
jobing.com,microsoft|cloudflare,"{""microsoft"": ""private"", ""cloudflare"": ""third""}",True,False,True,False,"step 3, step 5 (SOA), "
jobrapido.com,google,"{""google"": ""private""}",False,False,False,False,"step 5 (SOA), "
jobright.ai,amazon,"{""amazon"": ""private""}",False,False,False,False,"step 5 (SOA), "
jobthai.com,amazon,"{""amazon"": ""private""}",False,False,False,False,"step 5 (SOA), "
jocr.jp,amazon,"{""amazon"": ""private""}",False,False,False,False,"step 5 (SOA), "
joekellz.com,cloudflare,"{""cloudflare"": ""private""}",False,False,False,False,"step 5 (SOA), "
joemonster.org,cloudflare,"{""cloudflare"": ""private""}",False,False,False,False,"step 5 (SOA), "
jogos360.com.br,amazon,"{""amazon"": ""private""}",False,False,False,False,"step 5 (SOA), "
joinhandshake.com,cloudflare,"{""cloudflare"": ""private""}",False,False,False,False,"step 5 (SOA), "
joinhoney.com,google,"{""google"": ""private""}",False,False,False,False,"step 5 (SOA), "
jointheflyover.com,amazon|cloudflare,"{""amazon"": ""private"", ""cloudflare"": ""private""}",False,False,True,False,"step 5 (SOA), step 7, "
jojware.com,cloudflare,"{""cloudflare"": ""private""}",False,False,False,False,"step 5 (SOA), "
joomag.com,amazon,"{""amazon"": ""private""}",False,False,False,False,"step 5 (SOA), "
jouwweb.nl,google,"{""google"": ""private""}",False,False,False,False,"step 5 (SOA), "
joyeggs.com,cloudflare,"{""cloudflare"": ""private""}",False,False,False,False,"step 5 (SOA), "
joyit.live,microsoft|akamai,"{""microsoft"": ""private"", ""akamai"": ""third""}",True,False,True,False,"step 3, step 6, "
jp.sharp,akamai,"{""akamai"": ""private""}",False,False,False,False,"step 6, "
js7k.com,yahoo,"{""yahoo"": ""private""}",False,False,False,False,"step 5 (SOA), "
jsdeliver.cloud,microsoft|cloudflare,"{""microsoft"": ""private"", ""cloudflare"": ""third""}",True,False,True,False,"step 3, step 5 (SOA), "
jsdelivr.com,jsdelivr|cloudflare,"{""jsdelivr"": ""private"", ""cloudflare"": ""third""}",True,False,True,False,"step 2, step 5 (SOA), "
jsdelivr.net,jsdelivr,"{""jsdelivr"": ""private""}",False,False,False,False,"step 2, "
jsdoorslive.com,microsoft,"{""microsoft"": ""private""}",False,False,False,False,"step 3, "
jspp.org,amazon,"{""amazon"": ""private""}",False,False,False,False,"step 5 (SOA), "
jssmadison.org,cloudflare,"{""cloudflare"": ""private""}",False,False,False,False,"step 7, "
jtvnw.net,twitch|amazon,"{""twitch"": ""private"", ""amazon"": ""third""}",True,False,True,False,"step 2, step 5 (SOA), "
jugantor.com,cloudflare,"{""cloudflare"": ""private""}",False,False,False,False,"step 5 (SOA), "
jumpshare.com,amazon,"{""amazon"": ""private""}",False,False,False,False,"step 5 (SOA), "
junkolive.com,microsoft|cloudflare,"{""microsoft"": ""private"", ""cloudflare"": ""private""}",False,False,True,False,"step 3, step 5 (SOA), "
juspay.in,amazon,"{""amazon"": ""private""}",False,False,False,False,"step 5 (SOA), "
justapinch.com,google,"{""google"": ""private""}",False,False,False,False,"step 5 (SOA), "
justlanded.com,amazon,"{""amazon"": ""private""}",False,False,False,False,"step 5 (SOA), "
justpark.com,amazon,"{""amazon"": ""private""}",False,False,False,False,"step 5 (SOA), "
justplayapi.com,google,"{""google"": ""private""}",False,False,False,False,"step 7, "
jwbni.com,cloudflare,"{""cloudflare"": ""private""}",False,False,False,False,"step 5 (SOA), "
jwpcdn.com,jwplayer|amazon,"{""jwplayer"": ""private"", ""amazon"": ""third""}",True,False,True,False,"step 2, step 5 (SOA), "
jwplive.com,microsoft|amazon,"{""microsoft"": ""private"", ""amazon"": ""third""}",True,False,True,False,"step 3, step 5 (SOA), "
k-bid.com,amazon,"{""amazon"": ""private""}",False,False,False,False,"step 5 (SOA), "
k-msedge.net,microsoft,"{""microsoft"": ""private""}",False,False,False,False,"step 3, "
k8s.io,google,"{""google"": ""private""}",False,False,False,False,"step 5 (SOA), "
kaavan.es,cloudflare,"{""cloudflare"": ""private""}",False,False,False,False,"step 5 (SOA), "
kabutan.jp,amazon,"{""amazon"": ""private""}",False,False,False,False,"step 5 (SOA), "
kadernickyservis.sk,cloudflare,"{""cloudflare"": ""private""}",False,False,False,False,"step 5 (SOA), "
kagi.com,amazon,"{""amazon"": ""private""}",False,False,False,False,"step 5 (SOA), "
kahoot.it,amazon,"{""amazon"": ""private""}",False,False,False,False,"step 5 (SOA), "
kai-trade.com,cloudflare,"{""cloudflare"": ""private""}",False,False,False,False,"step 5 (SOA), "
kaidee.com,google,"{""google"": ""private""}",False,False,False,False,"step 5 (SOA), "
kaiostech.com,amazon,"{""amazon"": ""private""}",False,False,False,False,"step 5 (SOA), "
kakaku.com,amazon|cloudflare,"{""amazon"": ""private"", ""cloudflare"": ""private""}",False,False,True,False,"step 5 (SOA), step 7, "
kakaocdn.net,kakao,"{""kakao"": ""private""}",False,False,False,False,"step 2, "
kako.live,microsoft|amazon,"{""microsoft"": ""private"", ""amazon"": ""third""}",True,False,True,False,"step 3, step 6, "
kalayservice.com,amazon,"{""amazon"": ""private""}",False,False,False,False,"step 5 (SOA), "
kamagames.com,amazon,"{""amazon"": ""private""}",False,False,False,False,"step 5 (SOA), "
kaprila.com,cloudflare,"{""cloudflare"": ""private""}",False,False,False,False,"step 5 (SOA), "
karaoke-lyrics.net,cloudflare,"{""cloudflare"": ""private""}",False,False,False,False,"step 5 (SOA), "
kartaview.org,microsoft,"{""microsoft"": ""private""}",False,False,False,False,"step 5 (SOA), "
kaskus.id,google,"{""google"": ""private""}",False,False,False,False,"step 5 (SOA), "
katerblue.com,cloudflare,"{""cloudflare"": ""private""}",False,False,False,False,"step 5 (SOA), "
kaufda.de,amazon,"{""amazon"": ""private""}",False,False,False,False,"step 5 (SOA), "
kayako.net,amazon,"{""amazon"": ""private""}",False,False,False,False,"step 5 (SOA), "
kayzen.io,amazon,"{""amazon"": ""private""}",False,False,False,False,"step 5 (SOA), "
kbz0pwvxmv.com,amazon,"{""amazon"": ""private""}",False,False,False,False,"step 5 (SOA), "
kctag.net,amazon,"{""amazon"": ""private""}",False,False,False,False,"step 5 (SOA), "
kdvr.com,fastly,"{""fastly"": ""private""}",False,False,False,False,"step 7, "
keen.io,amazon,"{""amazon"": ""private""}",False,False,False,False,"step 5 (SOA), "
keeptruckin.com,amazon,"{""amazon"": ""private""}",False,False,False,False,"step 5 (SOA), "
kefir.games,google,"{""google"": ""private""}",False,False,False,False,"step 5 (SOA), "
kefirgames.com,google,"{""google"": ""private""}",False,False,False,False,"step 5 (SOA), "
kenlo.io,google,"{""google"": ""private""}",False,False,False,False,"step 5 (SOA), "
kentlive.news,microsoft|amazon,"{""microsoft"": ""private"", ""amazon"": ""third""}",True,False,True,False,"step 3, step 5 (SOA), "
kevinmerchant.com,twitter,"{""twitter"": ""private""}",False,False,False,False,"step 6, "
key.live,microsoft,"{""microsoft"": ""private""}",False,False,False,False,"step 3, "
keycdn.com,keycdn|amazon,"{""keycdn"": ""private"", ""amazon"": ""third""}",True,False,True,False,"step 2, step 5 (SOA), "
keyhero.com,google,"{""google"": ""private""}",False,False,False,False,"step 5 (SOA), "
keywee.co,cloudflare|fastly,"{""cloudflare"": ""private"", ""fastly"": ""private""}",False,False,True,False,"step 5 (SOA), step 7, "
keywiki.org,sucuri,"{""sucuri"": ""private""}",False,False,False,False,"step 7, "
kfintech.com,cloudflare,"{""cloudflare"": ""private""}",False,False,False,False,"step 5 (SOA), "
kgnow.com,amazon,"{""amazon"": ""private""}",False,False,False,False,"step 5 (SOA), "
kickidler.com,amazon,"{""amazon"": ""private""}",False,False,False,False,"step 5 (SOA), "
kidsafe.com,cloudflare,"{""cloudflare"": ""private""}",False,False,False,False,"step 5 (SOA), "
kik-live.com,microsoft|amazon,"{""microsoft"": ""private"", ""amazon"": ""third""}",True,False,True,False,"step 3, step 5 (SOA), "
kik.com,amazon|fastly,"{""amazon"": ""private"", ""fastly"": ""private""}",False,False,True,False,"step 5 (SOA), step 7, "
kilatechapps.com,bunnycdn,"{""bunnycdn"": ""private""}",False,False,False,False,"step 5 (SOA), "
kildarestreet.com,twitter,"{""twitter"": ""private""}",False,False,False,False,"step 6, "
kimostore.net,cloudflare,"{""cloudflare"": ""private""}",False,False,False,False,"step 7, "
kimspiano.com,cloudflare,"{""cloudflare"": ""private""}",False,False,False,False,"step 7, "
kinetix.live,microsoft|cloudflare,"{""microsoft"": ""private"", ""cloudflare"": ""third""}",True,False,True,False,"step 3, step 5 (SOA), "
kinogo.li,cloudflare,"{""cloudflare"": ""private""}",False,False,False,False,"step 5 (SOA), "
kintg.site,cloudflare,"{""cloudflare"": ""private""}",False,False,False,False,"step 5 (SOA), "
kiosgamer.co.id,amazon,"{""amazon"": ""private""}",False,False,False,False,"step 5 (SOA), "
kiotapi.com,cloudflare,"{""cloudflare"": ""private""}",False,False,False,False,"step 5 (SOA), "
kipuworks.com,amazon,"{""amazon"": ""private""}",False,False,False,False,"step 5 (SOA), "
kirvano.com,cloudflare,"{""cloudflare"": ""private""}",False,False,False,False,"step 5 (SOA), "
kissmetrics.io,nextjs,"{""nextjs"": ""private""}",False,False,False,False,"step 7, "
kitapsec.com,cloudflare,"{""cloudflare"": ""private""}",False,False,False,False,"step 5 (SOA), "
kiwisizing.com,cloudflare,"{""cloudflare"": ""private""}",False,False,False,False,"step 5 (SOA), "
kiwitaxi.com,cloudflare,"{""cloudflare"": ""private""}",False,False,False,False,"step 5 (SOA), "
kixeye.com,amazon,"{""amazon"": ""private""}",False,False,False,False,"step 5 (SOA), "
kktix.com,cloudflare,"{""cloudflare"": ""private""}",False,False,False,False,"step 5 (SOA), "
klas.com,google,"{""google"": ""private""}",False,False,False,False,"step 5 (SOA), "
klbtheme.com,cloudflare,"{""cloudflare"": ""private""}",False,False,False,False,"step 5 (SOA), "
kldewitt.com,twitter,"{""twitter"": ""private""}",False,False,False,False,"step 6, "
klear.com,amazon,"{""amazon"": ""private""}",False,False,False,False,"step 5 (SOA), "
kleosapp.com,amazon,"{""amazon"": ""private""}",False,False,False,False,"step 5 (SOA), "
klubok.com,amazon,"{""amazon"": ""private""}",False,False,False,False,"step 5 (SOA), "
knightrider.live,microsoft|cloudflare,"{""microsoft"": ""private"", ""cloudflare"": ""third""}",True,False,True,False,"step 3, step 5 (SOA), "
knorex.com,amazon,"{""amazon"": ""private""}",False,False,False,False,"step 5 (SOA), "
kobac-ageo.co.jp,amazon,"{""amazon"": ""private""}",False,False,False,False,"step 5 (SOA), "
kochava.com,google,"{""google"": ""private""}",False,False,False,False,"step 5 (SOA), "
kodansha.co.jp,amazon,"{""amazon"": ""private""}",False,False,False,False,"step 5 (SOA), "
koleso.ru,cloudflare,"{""cloudflare"": ""private""}",False,False,False,False,"step 5 (SOA), "
kolmisoft.com,twitter,"{""twitter"": ""private""}",False,False,False,False,"step 6, "
komect.com,twitter,"{""twitter"": ""private""}",False,False,False,False,"step 6, "
komehyo.jp,amazon,"{""amazon"": ""private""}",False,False,False,False,"step 5 (SOA), "
kommo.com,digicert|cloudflare,"{""digicert"": ""private"", ""cloudflare"": ""private""}",False,False,True,False,"step 5 (SOA), step 6, "
komoju.com,amazon,"{""amazon"": ""private""}",False,False,False,False,"step 5 (SOA), "
konicaminoltamarketplace.com,amazon,"{""amazon"": ""private""}",False,False,False,False,"step 5 (SOA), "
konimbo.co.il,amazon,"{""amazon"": ""private""}",False,False,False,False,"step 5 (SOA), "
kooralive.fans,microsoft|cloudflare,"{""microsoft"": ""private"", ""cloudflare"": ""third""}",True,False,True,False,"step 3, step 5 (SOA), "
kooralive360.com,microsoft,"{""microsoft"": ""private""}",False,False,False,False,"step 3, "
koreadepart.com,twitter,"{""twitter"": ""private""}",False,False,False,False,"step 6, "
koreainvestment.com,twitter,"{""twitter"": ""private""}",False,False,False,False,"step 6, "
kosmosteam.com,amazon,"{""amazon"": ""private""}",False,False,False,False,"step 5 (SOA), "
kovrenok.ru,cloudflare,"{""cloudflare"": ""private""}",False,False,False,False,"step 5 (SOA), "
kozoom.com,amazon,"{""amazon"": ""private""}",False,False,False,False,"step 5 (SOA), "
kredivo.com,amazon,"{""amazon"": ""private""}",False,False,False,False,"step 5 (SOA), "
krone.at,amazon|akamai,"{""amazon"": ""private"", ""akamai"": ""private""}",False,False,True,False,"step 5 (SOA), step 6, "
krs.io,cloudflare,"{""cloudflare"": ""private""}",False,False,False,False,"step 5 (SOA), "
kryptex.org,cloudflare,"{""cloudflare"": ""private""}",False,False,False,False,"step 5 (SOA), "
ks-cdn.com,kingsoft,"{""kingsoft"": ""private""}",False,False,False,False,"step 2, "
ks-live.com,microsoft,"{""microsoft"": ""private""}",False,False,False,False,"step 3, "
ksl.com,google,"{""google"": ""private""}",False,False,False,False,"step 5 (SOA), "
kslawin.com,amazon|akamai,"{""amazon"": ""private"", ""akamai"": ""private""}",False,False,True,False,"step 5 (SOA), step 6, "
ksu.edu,amazon,"{""amazon"": ""private""}",False,False,False,False,"step 6, "
ksyuncdn.com,kingsoft,"{""kingsoft"": ""private""}",False,False,False,False,"step 2, "
ktla.com,fastly,"{""fastly"": ""private""}",False,False,False,False,"step 7, "
ktvz.com,fastly,"{""fastly"": ""private""}",False,False,False,False,"step 7, "
kubernetes.io,google,"{""google"": ""private""}",False,False,False,False,"step 5 (SOA), "
kufar.by,amazon,"{""amazon"": ""private""}",False,False,False,False,"step 5 (SOA), "
kupikod.com,cloudflare,"{""cloudflare"": ""private""}",False,False,False,False,"step 5 (SOA), "
kuvo.com,amazon,"{""amazon"": ""private""}",False,False,False,False,"step 5 (SOA), "
kuwaitairways.com,cloudflare,"{""cloudflare"": ""private""}",False,False,False,False,"step 5 (SOA), "
kwai-pay.com,akamai,"{""akamai"": ""private""}",False,False,False,False,"step 6, "
kwai-pro.com,akamai,"{""akamai"": ""private""}",False,False,False,False,"step 6, "
kwai.com,akamai,"{""akamai"": ""private""}",False,False,False,False,"step 6, "
kwaipay.app,amazon,"{""amazon"": ""private""}",False,False,False,False,"step 5 (SOA), "
kwikku.com,amazon,"{""amazon"": ""private""}",False,False,False,False,"step 5 (SOA), "
kwikylive.com,microsoft,"{""microsoft"": ""private""}",False,False,False,False,"step 3, "
kwork.com,amazon,"{""amazon"": ""private""}",False,False,False,False,"step 5 (SOA), "
kwork.ru,amazon,"{""amazon"": ""private""}",False,False,False,False,"step 5 (SOA), "
kx.com,microsoft,"{""microsoft"": ""private""}",False,False,False,False,"step 5 (SOA), "
kxan.com,fastly,"{""fastly"": ""private""}",False,False,False,False,"step 7, "
kxcdn.com,keycdn|amazon,"{""keycdn"": ""private"", ""amazon"": ""private""}",False,False,True,False,"step 2, step 5 (SOA), "
l-msedge.net,microsoft,"{""microsoft"": ""private""}",False,False,False,False,"step 3, "
laasglobal.com,amazon,"{""amazon"": ""private""}",False,False,False,False,"step 5 (SOA), "
labelbox.com,cloudflare,"{""cloudflare"": ""private""}",False,False,False,False,"step 5 (SOA), "
labelstud.io,amazon,"{""amazon"": ""private""}",False,False,False,False,"step 5 (SOA), "
labondemand.com,digicert,"{""digicert"": ""private""}",False,False,False,False,"step 5 (SOA), "
labs.google,google,"{""google"": ""private""}",False,False,False,False,"step 1, "
ladipage.com,amazon,"{""amazon"": ""private""}",False,False,False,False,"step 5 (SOA), "
laei.ro,cloudflare,"{""cloudflare"": ""private""}",False,False,False,False,"step 5 (SOA), "
lancs.live,microsoft|amazon,"{""microsoft"": ""private"", ""amazon"": ""third""}",True,False,True,False,"step 3, step 5 (SOA), "
landerlab.io,cloudflare,"{""cloudflare"": ""private""}",False,False,False,False,"step 5 (SOA), "
landoffree.com,google,"{""google"": ""private""}",False,False,False,False,"step 5 (SOA), "
langenscheidt.com,amazon|twitter,"{""amazon"": ""private"", ""twitter"": ""private""}",False,False,True,False,"step 5 (SOA), step 6, "
lantian.pub,bunnycdn,"{""bunnycdn"": ""private""}",False,False,False,False,"step 5 (SOA), "
lariojaturismo.com,cloudflare,"{""cloudflare"": ""private""}",False,False,False,False,"step 5 (SOA), "
lat-team.com,cloudflare,"{""cloudflare"": ""private""}",False,False,False,False,"step 5 (SOA), "
latinagirls.com,cloudflare,"{""cloudflare"": ""private""}",False,False,False,False,"step 7, "
laundroworks.com,amazon|cloudflare,"{""amazon"": ""private"", ""cloudflare"": ""private""}",False,False,True,False,"step 5 (SOA), step 7, "
lava.top,cloudflare,"{""cloudflare"": ""private""}",False,False,False,False,"step 5 (SOA), "
law360.co.uk,amazon,"{""amazon"": ""private""}",False,False,False,False,"step 5 (SOA), "
lawcpd.com.au,amazon,"{""amazon"": ""private""}",False,False,False,False,"step 5 (SOA), "
lawinsider.com,google,"{""google"": ""private""}",False,False,False,False,"step 5 (SOA), "
laws.ms,amazon|cloudflare,"{""amazon"": ""private"", ""cloudflare"": ""third""}",True,False,True,False,"step 3, step 5 (SOA), "
lawsociety.org.uk,amazon|microsoft,"{""amazon"": ""private"", ""microsoft"": ""third""}",True,False,True,False,"step 3, step 5 (SOA), "
lawson.co.jp,amazon,"{""amazon"": ""private""}",False,False,False,False,"step 3, "
lawsons.com.au,amazon|cloudflare,"{""amazon"": ""private"", ""cloudflare"": ""third""}",True,False,True,False,"step 3, step 5 (SOA), "
lbkrs.com,alibaba,"{""alibaba"": ""private""}",False,False,False,False,"step 6, "
lbkwork.com,cloudflare,"{""cloudflare"": ""private""}",False,False,False,False,"step 5 (SOA), "
lcb.org,amazon,"{""amazon"": ""private""}",False,False,False,False,"step 5 (SOA), "
ldplayer.net,akamai,"{""akamai"": ""private""}",False,False,False,False,"step 6, "
ldrhub.com,amazon,"{""amazon"": ""private""}",False,False,False,False,"step 5 (SOA), "
ldubgd.edu.ua,cloudflare,"{""cloudflare"": ""private""}",False,False,False,False,"step 5 (SOA), "
ldv-svcs.live,microsoft|amazon,"{""microsoft"": ""private"", ""amazon"": ""third""}",True,False,True,False,"step 3, step 5 (SOA), "
leadcruncher.com,cloudflare,"{""cloudflare"": ""private""}",False,False,False,False,"step 5 (SOA), "
leaderkid.com.tw,amazon|cloudflare,"{""amazon"": ""private"", ""cloudflare"": ""private""}",False,False,True,False,"step 5 (SOA), step 7, "
leadid.com,amazon,"{""amazon"": ""private""}",False,False,False,False,"step 5 (SOA), "
leadingcourses.com,amazon,"{""amazon"": ""private""}",False,False,False,False,"step 5 (SOA), "
leadsrx.com,amazon|cloudflare,"{""amazon"": ""private"", ""cloudflare"": ""private""}",False,False,True,False,"step 5 (SOA), step 7, "
leagueapps.com,google,"{""google"": ""private""}",False,False,False,False,"step 5 (SOA), "
leakix.org,cloudflare,"{""cloudflare"": ""private""}",False,False,False,False,"step 5 (SOA), "
leapaws.co.uk,amazon,"{""amazon"": ""private""}",False,False,False,False,"step 3, "
leapaws.com,amazon,"{""amazon"": ""private""}",False,False,False,False,"step 3, "
leapaws.com.au,amazon,"{""amazon"": ""private""}",False,False,False,False,"step 3, "
leaponline.com,amazon,"{""amazon"": ""private""}",False,False,False,False,"step 5 (SOA), "
learnitlive.com,microsoft|cloudflare,"{""microsoft"": ""private"", ""cloudflare"": ""third""}",True,False,True,False,"step 3, step 5 (SOA), "
leaseweb.com,leaseweb|cachefly,"{""leaseweb"": ""private"", ""cachefly"": ""third""}",True,False,True,False,"step 3, step 6, "
leaseweb.net,leaseweb,"{""leaseweb"": ""private""}",False,False,False,False,"step 3, "
leasewebultracdn.com,leaseweb,"{""leaseweb"": ""private""}",False,False,False,False,"step 3, "
leboard.ru,cloudflare,"{""cloudflare"": ""private""}",False,False,False,False,"step 5 (SOA), "
leclercdrive.fr,amazon,"{""amazon"": ""private""}",False,False,False,False,"step 5 (SOA), "
ledger-live-app.io,microsoft|cloudflare,"{""microsoft"": ""private"", ""cloudflare"": ""third""}",True,False,True,False,"step 3, step 5 (SOA), "
legalblink.it,cloudflare,"{""cloudflare"": ""private""}",False,False,False,False,"step 5 (SOA), "
legalzoom.com,amazon,"{""amazon"": ""private""}",False,False,False,False,"step 6, "
lehighvalleylive.com,microsoft|akamai,"{""microsoft"": ""private"", ""akamai"": ""third""}",True,False,True,False,"step 3, step 6, "
lemmy.ca,fastly,"{""fastly"": ""private""}",False,False,False,False,"step 7, "
lendgo.com,amazon,"{""amazon"": ""private""}",False,False,False,False,"step 5 (SOA), "
lenovosoftware.com,amazon,"{""amazon"": ""private""}",False,False,False,False,"step 5 (SOA), "
lenteradana.co.id,amazon,"{""amazon"": ""private""}",False,False,False,False,"step 5 (SOA), "
lequipe.fr,akamai,"{""akamai"": ""private""}",False,False,False,False,"step 6, "
lesstroy.net,cloudflare,"{""cloudflare"": ""private""}",False,False,False,False,"step 5 (SOA), "
letemsvetemapplem.eu,apple,"{""apple"": ""private""}",False,False,False,False,"step 3, "
level.travel,cloudflare|nextjs,"{""cloudflare"": ""private"", ""nextjs"": ""private""}",False,False,True,False,"step 5 (SOA), step 7, "
lexisnexisrisk.com,cloudflare,"{""cloudflare"": ""private""}",False,False,False,False,"step 5 (SOA), "
lezhin.com,amazon,"{""amazon"": ""private""}",False,False,False,False,"step 5 (SOA), "
lgrckt-in.com,cloudflare,"{""cloudflare"": ""private""}",False,False,False,False,"step 5 (SOA), "
lh360.com,cloudflare,"{""cloudflare"": ""private""}",False,False,False,False,"step 5 (SOA), "
libanswers.com,amazon,"{""amazon"": ""private""}",False,False,False,False,"step 5 (SOA), "
libbyapp.com,amazon,"{""amazon"": ""private""}",False,False,False,False,"step 5 (SOA), "
libbyshelf.com,amazon,"{""amazon"": ""private""}",False,False,False,False,"step 5 (SOA), "
libnet.info,amazon,"{""amazon"": ""private""}",False,False,False,False,"step 5 (SOA), "
libraries.io,google,"{""google"": ""private""}",False,False,False,False,"step 5 (SOA), "
library.hk,cloudflare,"{""cloudflare"": ""private""}",False,False,False,False,"step 5 (SOA), "
library.link,amazon,"{""amazon"": ""private""}",False,False,False,False,"step 5 (SOA), "
librarycalendar.com,cloudflare|fastly,"{""cloudflare"": ""private"", ""fastly"": ""private""}",False,False,True,False,"step 5 (SOA), step 7, "
librarycatalog.info,cloudflare,"{""cloudflare"": ""private""}",False,False,False,False,"step 5 (SOA), "
libreriascolastica.it,google,"{""google"": ""private""}",False,False,False,False,"step 5 (SOA), "
libreriauniversitaria.it,google,"{""google"": ""private""}",False,False,False,False,"step 5 (SOA), "
libro.fm,amazon,"{""amazon"": ""private""}",False,False,False,False,"step 5 (SOA), "
licdn.com,linkedin,"{""linkedin"": ""private""}",False,False,False,False,"step 2, "
lichess.org,cloudflare,"{""cloudflare"": ""private""}",False,False,False,False,"step 5 (SOA), "
life360.com,amazon|cloudflare,"{""amazon"": ""private"", ""cloudflare"": ""private""}",False,False,True,False,"step 5 (SOA), step 6, "
lifebible.com,amazon,"{""amazon"": ""private""}",False,False,False,False,"step 5 (SOA), "
lifegram.cc,amazon,"{""amazon"": ""private""}",False,False,False,False,"step 5 (SOA), "
liferay.dev,cloudflare|google,"{""cloudflare"": ""private"", ""google"": ""private""}",False,False,True,False,"step 5 (SOA), step 7, "
lifesight.io,google,"{""google"": ""private""}",False,False,False,False,"step 5 (SOA), "
lifesizecloud.com,amazon,"{""amazon"": ""private""}",False,False,False,False,"step 5 (SOA), "
liftoff.io,amazon|cloudflare,"{""amazon"": ""private"", ""cloudflare"": ""private""}",False,False,True,False,"step 5 (SOA), step 7, "
lightingnewyork.com,cloudflare,"{""cloudflare"": ""private""}",False,False,False,False,"step 5 (SOA), "
lightpdf.com,cloudflare,"{""cloudflare"": ""private""}",False,False,False,False,"step 5 (SOA), "
lijit.com,twitter|amazon,"{""twitter"": ""private"", ""amazon"": ""private""}",False,False,True,False,"step 6, step 7, "
like-video.com,amazon,"{""amazon"": ""private""}",False,False,False,False,"step 5 (SOA), "
like.video,amazon,"{""amazon"": ""private""}",False,False,False,False,"step 5 (SOA), "
lilithraws.org,amazon|cloudflare,"{""amazon"": ""private"", ""cloudflare"": ""third""}",True,False,True,False,"step 3, step 5 (SOA), "
limitlesstcg.com,amazon,"{""amazon"": ""private""}",False,False,False,False,"step 5 (SOA), "
line-scdn.net,line,"{""line"": ""private""}",False,False,False,False,"step 2, "
lineapp.live,microsoft|cloudflare,"{""microsoft"": ""private"", ""cloudflare"": ""third""}",True,False,True,False,"step 3, step 5 (SOA), "
linera.net,google,"{""google"": ""private""}",False,False,False,False,"step 5 (SOA), "
lingkeai.ai,cloudflare,"{""cloudflare"": ""private""}",False,False,False,False,"step 5 (SOA), "
lingokids.com,amazon,"{""amazon"": ""private""}",False,False,False,False,"step 5 (SOA), "
linguee.com,cloudflare,"{""cloudflare"": ""private""}",False,False,False,False,"step 5 (SOA), "
linguee.es,amazon,"{""amazon"": ""private""}",False,False,False,False,"step 5 (SOA), "
linguee.pt,amazon,"{""amazon"": ""private""}",False,False,False,False,"step 5 (SOA), "
link.com,amazon,"{""amazon"": ""private""}",False,False,False,False,"step 5 (SOA), "
linkedin.com,cloudflare,"{""cloudflare"": ""private""}",False,False,False,False,"step 6, "
linuxserver.io,cloudflare,"{""cloudflare"": ""private""}",False,False,False,False,"step 5 (SOA), "
lionlibraries.org,cloudflare,"{""cloudflare"": ""private""}",False,False,False,False,"step 5 (SOA), "
liputan6.com,google,"{""google"": ""private""}",False,False,False,False,"step 5 (SOA), "
liquidplatform.com,google,"{""google"": ""private""}",False,False,False,False,"step 5 (SOA), "
listedbuy.com,amazon,"{""amazon"": ""private""}",False,False,False,False,"step 5 (SOA), "
listenlive.co,microsoft|amazon,"{""microsoft"": ""private"", ""amazon"": ""third""}",True,False,True,False,"step 3, step 5 (SOA), "
listenxportal.com.br,amazon,"{""amazon"": ""private""}",False,False,False,False,"step 5 (SOA), "
liteapp.live,microsoft|cloudflare,"{""microsoft"": ""private"", ""cloudflare"": ""third""}",True,False,True,False,"step 3, step 5 (SOA), "
lithub.com,amazon,"{""amazon"": ""private""}",False,False,False,False,"step 5 (SOA), "
litix.io,amazon,"{""amazon"": ""private""}",False,False,False,False,"step 5 (SOA), "
litmos.com,microsoft|cloudflare,"{""microsoft"": ""private"", ""cloudflare"": ""private""}",False,False,True,False,"step 5 (SOA), step 7, "
littlesis.org,cloudflare,"{""cloudflare"": ""private""}",False,False,False,False,"step 5 (SOA), "
live-co.app,microsoft|cloudflare,"{""microsoft"": ""private"", ""cloudflare"": ""third""}",True,False,True,False,"step 3, step 5 (SOA), "
live-feilvbin.com,microsoft,"{""microsoft"": ""private""}",False,False,False,False,"step 3, "
live-hub.net,microsoft|amazon,"{""microsoft"": ""private"", ""amazon"": ""third""}",True,False,True,False,"step 3, step 5 (SOA), "
live-sai.com,microsoft|cloudflare,"{""microsoft"": ""private"", ""cloudflare"": ""third""}",True,False,True,False,"step 3, step 5 (SOA), "
live-shows.net,microsoft|cloudflare,"{""microsoft"": ""private"", ""cloudflare"": ""third""}",True,False,True,False,"step 3, step 5 (SOA), "
live-social-chat.com,microsoft|cloudflare,"{""microsoft"": ""private"", ""cloudflare"": ""third""}",True,False,True,False,"step 3, step 6, "
live-update.click,microsoft|cloudflare,"{""microsoft"": ""private"", ""cloudflare"": ""third""}",True,False,True,False,"step 3, step 5 (SOA), "
live-video.net,microsoft|amazon,"{""microsoft"": ""private"", ""amazon"": ""third""}",True,False,True,False,"step 3, step 5 (SOA), "
live-website.com,microsoft,"{""microsoft"": ""private""}",False,False,False,False,"step 3, "
live.com,microsoft,"{""microsoft"": ""private""}",False,False,False,False,"step 3, "
live.net,microsoft,"{""microsoft"": ""private""}",False,False,False,False,"step 3, "
live24.gr,microsoft|amazon,"{""microsoft"": ""private"", ""amazon"": ""third""}",True,False,True,False,"step 3, step 5 (SOA), "
live2support.com,microsoft|cloudflare|amazon,"{""microsoft"": ""private"", ""cloudflare"": ""third"", ""amazon"": ""third""}",True,False,True,True,"step 3, step 5 (SOA), step 6, "
live365.com,microsoft|cloudflare,"{""microsoft"": ""private"", ""cloudflare"": ""third""}",True,False,True,False,"step 3, step 5 (SOA), "
liveatc.net,microsoft|cloudflare,"{""microsoft"": ""private"", ""cloudflare"": ""third""}",True,False,True,False,"step 3, step 5 (SOA), "
liveauctioneers.com,microsoft|amazon|imperva,"{""microsoft"": ""private"", ""amazon"": ""third"", ""imperva"": ""third""}",True,False,True,True,"step 3, step 5 (SOA), step 6, "
liveauctiongroup.com,microsoft|amazon,"{""microsoft"": ""private"", ""amazon"": ""private""}",False,False,True,False,"step 3, step 5 (SOA), "
liveauctiongroup.net,microsoft|amazon,"{""microsoft"": ""private"", ""amazon"": ""third""}",True,False,True,False,"step 3, step 5 (SOA), "
liveauctionworld.com,microsoft|amazon,"{""microsoft"": ""private"", ""amazon"": ""third""}",True,False,True,False,"step 3, step 5 (SOA), "
liveaxom.com,microsoft|cloudflare,"{""microsoft"": ""private"", ""cloudflare"": ""third""}",True,False,True,False,"step 3, step 5 (SOA), "
liveball.space,microsoft|cloudflare,"{""microsoft"": ""private"", ""cloudflare"": ""third""}",True,False,True,False,"step 3, step 5 (SOA), "
liveball.sx,microsoft|cloudflare,"{""microsoft"": ""private"", ""cloudflare"": ""third""}",True,False,True,False,"step 3, step 5 (SOA), "
livebarn.com,microsoft|amazon,"{""microsoft"": ""private"", ""amazon"": ""third""}",True,False,True,False,"step 3, step 5 (SOA), "
liveblocks.io,microsoft,"{""microsoft"": ""private""}",False,False,False,False,"step 3, "
liveblog.pro,microsoft|cloudflare,"{""microsoft"": ""private"", ""cloudflare"": ""third""}",True,False,True,False,"step 3, step 5 (SOA), "
liveblog365.com,microsoft,"{""microsoft"": ""private""}",False,False,False,False,"step 3, "
livebloggs.com,microsoft|cloudflare,"{""microsoft"": ""private"", ""cloudflare"": ""third""}",True,False,True,False,"step 3, step 5 (SOA), "
livebox.sk,microsoft,"{""microsoft"": ""private""}",False,False,False,False,"step 3, "
livebrary.com,microsoft|cloudflare,"{""microsoft"": ""private"", ""cloudflare"": ""private""}",False,False,True,False,"step 3, step 5 (SOA), "
livebuy.io,microsoft|cloudflare,"{""microsoft"": ""private"", ""cloudflare"": ""third""}",True,False,True,False,"step 3, step 7, "
livecamcdn.com,microsoft|cloudflare,"{""microsoft"": ""private"", ""cloudflare"": ""third""}",True,False,True,False,"step 3, step 5 (SOA), "
livecamrips.to,microsoft|cloudflare,"{""microsoft"": ""private"", ""cloudflare"": ""third""}",True,False,True,False,"step 3, step 5 (SOA), "
livecareer.com,microsoft|akamai,"{""microsoft"": ""private"", ""akamai"": ""third""}",True,False,True,False,"step 3, step 6, "
livecenter.com,microsoft,"{""microsoft"": ""private""}",False,False,False,False,"step 3, "
livechat-files.com,microsoft|cloudflare,"{""microsoft"": ""private"", ""cloudflare"": ""third""}",True,False,True,False,"step 3, step 5 (SOA), "
livechat-internal.com,microsoft|amazon,"{""microsoft"": ""private"", ""amazon"": ""third""}",True,False,True,False,"step 3, step 5 (SOA), "
livechat-static.com,microsoft|cloudflare,"{""microsoft"": ""private"", ""cloudflare"": ""third""}",True,False,True,False,"step 3, step 5 (SOA), "
livechat.com,microsoft|cloudflare|akamai,"{""microsoft"": ""private"", ""cloudflare"": ""third"", ""akamai"": ""third""}",True,False,True,True,"step 3, step 5 (SOA), step 6, "
livechatinc.com,microsoft|cloudflare|akamai,"{""microsoft"": ""private"", ""cloudflare"": ""third"", ""akamai"": ""third""}",True,False,True,True,"step 3, step 5 (SOA), step 6, "
livechennai.com,microsoft|cloudflare,"{""microsoft"": ""private"", ""cloudflare"": ""third""}",True,False,True,False,"step 3, step 5 (SOA), "
livechesscloud.com,microsoft,"{""microsoft"": ""private""}",False,False,False,False,"step 3, "
livecity.pl,microsoft,"{""microsoft"": ""private""}",False,False,False,False,"step 3, "
livecode.com,microsoft,"{""microsoft"": ""private""}",False,False,False,False,"step 3, "
liveconnect.me,microsoft,"{""microsoft"": ""private""}",False,False,False,False,"step 3, "
livedigital.space,microsoft,"{""microsoft"": ""private""}",False,False,False,False,"step 3, "
livedns.co.uk,microsoft,"{""microsoft"": ""private""}",False,False,False,False,"step 3, "
livedoor.biz,microsoft|amazon,"{""microsoft"": ""private"", ""amazon"": ""third""}",True,False,True,False,"step 3, step 5 (SOA), "
livedoor.blog,microsoft|amazon,"{""microsoft"": ""private"", ""amazon"": ""third""}",True,False,True,False,"step 3, step 5 (SOA), "
livedoor.com,microsoft|amazon,"{""microsoft"": ""private"", ""amazon"": ""third""}",True,False,True,False,"step 3, step 5 (SOA), "
livedoor.jp,microsoft|amazon,"{""microsoft"": ""private"", ""amazon"": ""third""}",True,False,True,False,"step 3, step 5 (SOA), "
livedoor.net,microsoft|amazon,"{""microsoft"": ""private"", ""amazon"": ""third""}",True,False,True,False,"step 3, step 5 (SOA), "
livedrive.com,microsoft|cloudflare,"{""microsoft"": ""private"", ""cloudflare"": ""third""}",True,False,True,False,"step 3, step 6, "
liveexpert.org,microsoft|cloudflare,"{""microsoft"": ""private"", ""cloudflare"": ""third""}",True,False,True,False,"step 3, step 5 (SOA), "
livefilestore.com,microsoft,"{""microsoft"": ""private""}",False,False,False,False,"step 3, "
livefutbol.com,microsoft|cloudflare,"{""microsoft"": ""private"", ""cloudflare"": ""third""}",True,False,True,False,"step 3, step 5 (SOA), "
livefyre.com,microsoft,"{""microsoft"": ""private""}",False,False,False,False,"step 3, "
livehelp100service.com,microsoft|amazon,"{""microsoft"": ""private"", ""amazon"": ""third""}",True,False,True,False,"step 3, step 5 (SOA), "
livehelpnow.net,microsoft|cloudflare,"{""microsoft"": ""private"", ""cloudflare"": ""third""}",True,False,True,False,"step 3, step 5 (SOA), "
livehindustan.com,microsoft|akamai,"{""microsoft"": ""private"", ""akamai"": ""third""}",True,False,True,False,"step 3, step 7, "
livehouseaid-kumamoto.com,microsoft,"{""microsoft"": ""private""}",False,False,False,False,"step 3, "
livehwc3.cn,microsoft|apple,"{""microsoft"": ""private"", ""apple"": ""third""}",True,False,True,False,"step 3, step 5 (SOA), "
livehwc4.com,microsoft|apple|huawei,"{""microsoft"": ""private"", ""apple"": ""third"", ""huawei"": ""third""}",True,False,True,True,"step 3, step 5 (SOA), step 6, "
liveintent.com,microsoft|amazon|cloudflare,"{""microsoft"": ""private"", ""amazon"": ""third"", ""cloudflare"": ""third""}",True,False,True,True,"step 3, step 5 (SOA), step 7, "
liveinternet.ru,microsoft,"{""microsoft"": ""private""}",False,False,False,False,"step 3, "
liveipmap.com,microsoft|cloudflare,"{""microsoft"": ""private"", ""cloudflare"": ""third""}",True,False,True,False,"step 3, step 5 (SOA), "
livejasmin.com,microsoft,"{""microsoft"": ""private""}",False,False,False,False,"step 3, "
livejournal.com,microsoft,"{""microsoft"": ""private""}",False,False,False,False,"step 3, "
livejournal.net,microsoft,"{""microsoft"": ""private""}",False,False,False,False,"step 3, "
livekit.cloud,microsoft|amazon,"{""microsoft"": ""private"", ""amazon"": ""third""}",True,False,True,False,"step 3, step 5 (SOA), "
livekit.io,microsoft|cloudflare,"{""microsoft"": ""private"", ""cloudflare"": ""third""}",True,False,True,False,"step 3, step 5 (SOA), "
livelib.ru,microsoft,"{""microsoft"": ""private""}",False,False,False,False,"step 3, "
livelikeapp.com,microsoft|amazon,"{""microsoft"": ""private"", ""amazon"": ""third""}",True,False,True,False,"step 3, step 5 (SOA), "
livelikecdn.com,microsoft|amazon,"{""microsoft"": ""private"", ""amazon"": ""third""}",True,False,True,False,"step 3, step 5 (SOA), "
livelikelou.org,microsoft,"{""microsoft"": ""private""}",False,False,False,False,"step 3, "
livelo.com.br,microsoft|akamai,"{""microsoft"": ""private"", ""akamai"": ""third""}",True,False,True,False,"step 3, step 6, "
livemail.co.uk,microsoft,"{""microsoft"": ""private""}",False,False,False,False,"step 3, "
livemapmedia.com,microsoft|cloudflare,"{""microsoft"": ""private"", ""cloudflare"": ""third""}",True,False,True,False,"step 3, step 5 (SOA), "
livemarketshoppers.com,microsoft|amazon,"{""microsoft"": ""private"", ""amazon"": ""third""}",True,False,True,False,"step 3, step 5 (SOA), "
livemaster.by,microsoft,"{""microsoft"": ""private""}",False,False,False,False,"step 3, "
livemaster.ru,microsoft,"{""microsoft"": ""private""}",False,False,False,False,"step 3, "
liveme.com,microsoft|baishan,"{""microsoft"": ""private"", ""baishan"": ""third""}",True,False,True,False,"step 3, step 6, "
livemediahost.com,microsoft|cloudflare|twitter,"{""microsoft"": ""private"", ""cloudflare"": ""private"", ""twitter"": ""private""}",False,False,True,False,"step 3, step 5 (SOA), step 6, "
livemint.com,microsoft,"{""microsoft"": ""private""}",False,False,False,False,"step 3, "
livenation.com,microsoft|fastly,"{""microsoft"": ""private"", ""fastly"": ""third""}",True,False,True,False,"step 3, step 6, "
livenationinternational.com,microsoft|amazon,"{""microsoft"": ""private"", ""amazon"": ""third""}",True,False,True,False,"step 3, step 5 (SOA), "
liveoauth.com,microsoft|cloudflare,"{""microsoft"": ""private"", ""cloudflare"": ""third""}",True,False,True,False,"step 3, step 5 (SOA), "
liveoficial.com.br,microsoft|amazon,"{""microsoft"": ""private"", ""amazon"": ""third""}",True,False,True,False,"step 3, step 5 (SOA), "
livepackagetracker.co,microsoft|cloudflare,"{""microsoft"": ""private"", ""cloudflare"": ""third""}",True,False,True,False,"step 3, step 5 (SOA), "
liveperson.com,microsoft|netlify,"{""microsoft"": ""private"", ""netlify"": ""third""}",True,False,True,False,"step 3, step 6, "
liveperson.net,microsoft,"{""microsoft"": ""private""}",False,False,False,False,"step 3, "
livepix.gg,microsoft|cloudflare,"{""microsoft"": ""private"", ""cloudflare"": ""third""}",True,False,True,False,"step 3, step 5 (SOA), "
liveplugins.com,microsoft|cloudflare,"{""microsoft"": ""private"", ""cloudflare"": ""third""}",True,False,True,False,"step 3, step 5 (SOA), "
livepositively.com,microsoft|cloudflare,"{""microsoft"": ""private"", ""cloudflare"": ""third""}",True,False,True,False,"step 3, step 5 (SOA), "
liveproxies.io,microsoft|cloudflare,"{""microsoft"": ""private"", ""cloudflare"": ""third""}",True,False,True,False,"step 3, step 5 (SOA), "
liveramp.com,microsoft|amazon|cloudflare,"{""microsoft"": ""private"", ""amazon"": ""third"", ""cloudflare"": ""third""}",True,False,True,True,"step 3, step 5 (SOA), step 7, "
livere.org,microsoft|amazon,"{""microsoft"": ""private"", ""amazon"": ""third""}",True,False,True,False,"step 3, step 5 (SOA), "
liveresult.ru,microsoft|cloudflare,"{""microsoft"": ""private"", ""cloudflare"": ""third""}",True,False,True,False,"step 3, step 5 (SOA), "
liverpool.com.mx,microsoft|akamai,"{""microsoft"": ""private"", ""akamai"": ""third""}",True,False,True,False,"step 3, step 6, "
liverpoolecho.co.uk,microsoft|amazon,"{""microsoft"": ""private"", ""amazon"": ""third""}",True,False,True,False,"step 3, step 5 (SOA), "
liverpoolfc.com,microsoft|amazon,"{""microsoft"": ""private"", ""amazon"": ""third""}",True,False,True,False,"step 3, step 5 (SOA), "
liverpoolmuseums.org.uk,microsoft,"{""microsoft"": ""private""}",False,False,False,False,"step 3, "
liverpoolsouthpastoralarea.org.uk,microsoft,"{""microsoft"": ""private""}",False,False,False,False,"step 3, "
liverpooluniversitypress.co.uk,microsoft|cloudflare,"{""microsoft"": ""private"", ""cloudflare"": ""third""}",True,False,True,False,"step 3, step 5 (SOA), "
liveru.sh,microsoft,"{""microsoft"": ""private""}",False,False,False,False,"step 3, "
livescience.com,microsoft|amazon|fastly,"{""microsoft"": ""private"", ""amazon"": ""third"", ""fastly"": ""third""}",True,False,True,True,"step 3, step 5 (SOA), step 6, "
livescore.bz,microsoft,"{""microsoft"": ""private""}",False,False,False,False,"step 3, "
livescore.co.kr,microsoft|cloudflare,"{""microsoft"": ""private"", ""cloudflare"": ""third""}",True,False,True,False,"step 3, step 5 (SOA), "
livescore.com,microsoft|google,"{""microsoft"": ""private"", ""google"": ""third""}",True,False,True,False,"step 3, step 5 (SOA), "
livescore.com.tr,microsoft|google,"{""microsoft"": ""private"", ""google"": ""third""}",True,False,True,False,"step 3, step 5 (SOA), "
livescore.cz,microsoft|cloudflare,"{""microsoft"": ""private"", ""cloudflare"": ""third""}",True,False,True,False,"step 3, step 6, "
livescore.in,microsoft,"{""microsoft"": ""private""}",False,False,False,False,"step 3, "
livescorebet.com,microsoft|google,"{""microsoft"": ""private"", ""google"": ""third""}",True,False,True,False,"step 3, step 5 (SOA), "
livescores.biz,microsoft,"{""microsoft"": ""private""}",False,False,False,False,"step 3, "
livescores.com,microsoft|google,"{""microsoft"": ""private"", ""google"": ""third""}",True,False,True,False,"step 3, step 5 (SOA), "
livesearch.app,microsoft|cloudflare,"{""microsoft"": ""private"", ""cloudflare"": ""third""}",True,False,True,False,"step 3, step 5 (SOA), "
livesense.tech,microsoft|google,"{""microsoft"": ""private"", ""google"": ""third""}",True,False,True,False,"step 3, step 5 (SOA), "
liveseries.net,microsoft|amazon,"{""microsoft"": ""private"", ""amazon"": ""third""}",True,False,True,False,"step 3, step 5 (SOA), "
liveservices.fr,microsoft,"{""microsoft"": ""private""}",False,False,False,False,"step 3, "
livesession.io,microsoft|cloudflare,"{""microsoft"": ""private"", ""cloudflare"": ""third""}",True,False,True,False,"step 3, step 5 (SOA), "
liveshops.com.br,microsoft|cloudflare,"{""microsoft"": ""private"", ""cloudflare"": ""third""}",True,False,True,False,"step 3, step 5 (SOA), "
livesoccertv.com,microsoft|cloudflare,"{""microsoft"": ""private"", ""cloudflare"": ""third""}",True,False,True,False,"step 3, step 5 (SOA), "
livespanel.com,microsoft,"{""microsoft"": ""private""}",False,False,False,False,"step 3, "
livesport.com,microsoft|twitter,"{""microsoft"": ""private"", ""twitter"": ""private""}",False,False,True,False,"step 3, step 6, "
livesport.cz,microsoft,"{""microsoft"": ""private""}",False,False,False,False,"step 3, "
livesport.services,microsoft,"{""microsoft"": ""private""}",False,False,False,False,"step 3, "
livesportmedia.eu,microsoft,"{""microsoft"": ""private""}",False,False,False,False,"step 3, "
livesports077.com,microsoft|cloudflare,"{""microsoft"": ""private"", ""cloudflare"": ""third""}",True,False,True,False,"step 3, step 5 (SOA), "
livesporttv.com,microsoft|cloudflare,"{""microsoft"": ""private"", ""cloudflare"": ""third""}",True,False,True,False,"step 3, step 5 (SOA), "
livestack.tech,microsoft|cloudflare,"{""microsoft"": ""private"", ""cloudflare"": ""third""}",True,False,True,False,"step 3, step 5 (SOA), "
livestainable.co.za,microsoft|shopify,"{""microsoft"": ""private"", ""shopify"": ""third""}",True,False,True,False,"step 3, step 6, "
livestorm.co,microsoft|amazon,"{""microsoft"": ""private"", ""amazon"": ""third""}",True,False,True,False,"step 3, step 5 (SOA), "
livestory.io,microsoft|amazon,"{""microsoft"": ""private"", ""amazon"": ""third""}",True,False,True,False,"step 3, step 5 (SOA), "
livestream.com,microsoft|amazon|fastly,"{""microsoft"": ""private"", ""amazon"": ""third"", ""fastly"": ""third""}",True,False,True,True,"step 3, step 5 (SOA), step 6, "
livesudoku.com,microsoft|cloudflare,"{""microsoft"": ""private"", ""cloudflare"": ""third""}",True,False,True,False,"step 3, step 5 (SOA), "
livesupporti.com,microsoft|cloudflare,"{""microsoft"": ""private"", ""cloudflare"": ""third""}",True,False,True,False,"step 3, step 5 (SOA), "
livetenis.ro,microsoft|cloudflare,"{""microsoft"": ""private"", ""cloudflare"": ""third""}",True,False,True,False,"step 3, step 5 (SOA), "
livetex.me,microsoft|cloudflare,"{""microsoft"": ""private"", ""cloudflare"": ""third""}",True,False,True,False,"step 3, step 5 (SOA), "
livetex.ru,microsoft,"{""microsoft"": ""private""}",False,False,False,False,"step 3, "
livetrafficfeed.com,microsoft,"{""microsoft"": ""private""}",False,False,False,False,"step 3, "
livetruematch.com,microsoft|cloudflare,"{""microsoft"": ""private"", ""cloudflare"": ""third""}",True,False,True,False,"step 3, step 5 (SOA), "
livetv.sx,microsoft,"{""microsoft"": ""private""}",False,False,False,False,"step 3, "
livetv899.me,microsoft|cloudflare,"{""microsoft"": ""private"", ""cloudflare"": ""third""}",True,False,True,False,"step 3, step 5 (SOA), "
livetv901.me,microsoft|cloudflare,"{""microsoft"": ""private"", ""cloudflare"": ""third""}",True,False,True,False,"step 3, step 5 (SOA), "
livetvstream.co.uk,microsoft|cloudflare,"{""microsoft"": ""private"", ""cloudflare"": ""third""}",True,False,True,False,"step 3, step 5 (SOA), "
liveu.tv,microsoft,"{""microsoft"": ""private""}",False,False,False,False,"step 3, "
liveuamap.com,microsoft|cloudflare,"{""microsoft"": ""private"", ""cloudflare"": ""third""}",True,False,True,False,"step 3, step 5 (SOA), "
livevox.com,microsoft|amazon,"{""microsoft"": ""private"", ""amazon"": ""third""}",True,False,True,False,"step 3, step 5 (SOA), "
livewallpapers.com,microsoft|cloudflare,"{""microsoft"": ""private"", ""cloudflare"": ""third""}",True,False,True,False,"step 3, step 5 (SOA), "
livewebinar.com,microsoft,"{""microsoft"": ""private""}",False,False,False,False,"step 3, "
livewfcast.com,microsoft|amazon,"{""microsoft"": ""private"", ""amazon"": ""third""}",True,False,True,False,"step 3, step 5 (SOA), "
liveworksheets.com,microsoft|cloudflare,"{""microsoft"": ""private"", ""cloudflare"": ""third""}",True,False,True,False,"step 3, step 5 (SOA), "
livex.ai,microsoft|cloudflare,"{""microsoft"": ""private"", ""cloudflare"": ""third""}",True,False,True,False,"step 3, step 5 (SOA), "
lixt.ch,amazon,"{""amazon"": ""private""}",False,False,False,False,"step 5 (SOA), "
lizalive.com,microsoft|amazon|firebase,"{""microsoft"": ""private"", ""amazon"": ""third"", ""firebase"": ""third""}",True,False,True,True,"step 3, step 5 (SOA), step 6, "
lizhouicloud.com,apple,"{""apple"": ""private""}",False,False,False,False,"step 3, "
lmfdb.org,google,"{""google"": ""private""}",False,False,False,False,"step 5 (SOA), "
lmni-bshog.com,cloudflare,"{""cloudflare"": ""private""}",False,False,False,False,"step 5 (SOA), "
ln-dc-msedge.net,microsoft,"{""microsoft"": ""private""}",False,False,False,False,"step 3, "
ln-msedge.net,microsoft,"{""microsoft"": ""private""}",False,False,False,False,"step 3, "
lnk.to,amazon,"{""amazon"": ""private""}",False,False,False,False,"step 5 (SOA), "
loblaws.ca,amazon|akamai,"{""amazon"": ""private"", ""akamai"": ""third""}",True,False,True,False,"step 3, step 6, "
loca.lt,cloudflare,"{""cloudflare"": ""private""}",False,False,False,False,"step 5 (SOA), "
local.ch,google,"{""google"": ""private""}",False,False,False,False,"step 5 (SOA), "
localautomation.com,amazon,"{""amazon"": ""private""}",False,False,False,False,"step 5 (SOA), "
localnews8.com,fastly,"{""fastly"": ""private""}",False,False,False,False,"step 7, "
localtonet.com,twitter,"{""twitter"": ""private""}",False,False,False,False,"step 6, "
locket.live,microsoft,"{""microsoft"": ""private""}",False,False,False,False,"step 3, "
lockincomp.com,amazon,"{""amazon"": ""private""}",False,False,False,False,"step 6, "
logos.com,amazon,"{""amazon"": ""private""}",False,False,False,False,"step 5 (SOA), "
logr-in.com,cloudflare,"{""cloudflare"": ""private""}",False,False,False,False,"step 5 (SOA), "
logr-ingest.com,cloudflare|twitter,"{""cloudflare"": ""private"", ""twitter"": ""private""}",False,False,True,False,"step 5 (SOA), step 6, "
logz.io,fastly,"{""fastly"": ""private""}",False,False,False,False,"step 7, "
lolz.live,microsoft,"{""microsoft"": ""private""}",False,False,False,False,"step 3, "
longportapp.com,amazon|alibaba,"{""amazon"": ""private"", ""alibaba"": ""private""}",False,False,True,False,"step 5 (SOA), step 6, "
loongwallpaper.com,amazon,"{""amazon"": ""private""}",False,False,False,False,"step 5 (SOA), "
looti.net,cloudflare,"{""cloudflare"": ""private""}",False,False,False,False,"step 5 (SOA), "
looti.org,cloudflare,"{""cloudflare"": ""private""}",False,False,False,False,"step 5 (SOA), "
lotlinx.com,cloudflare,"{""cloudflare"": ""private""}",False,False,False,False,"step 7, "
lovelive-anime.jp,microsoft|amazon,"{""microsoft"": ""private"", ""amazon"": ""third""}",True,False,True,False,"step 3, step 5 (SOA), "
lovoo-live.com,microsoft|amazon,"{""microsoft"": ""private"", ""amazon"": ""third""}",True,False,True,False,"step 3, step 5 (SOA), "
loyalfans.com,amazon,"{""amazon"": ""private""}",False,False,False,False,"step 5 (SOA), "
lrkt-in.com,cloudflare,"{""cloudflare"": ""private""}",False,False,False,False,"step 5 (SOA), "
ls2echo.com,apple,"{""apple"": ""private""}",False,False,False,False,"step 5 (SOA), "
lsosad.com,amazon,"{""amazon"": ""private""}",False,False,False,False,"step 5 (SOA), "
lswcdn.net,leaseweb,"{""leaseweb"": ""private""}",False,False,False,False,"step 2, "
lucidworks.com,amazon|cloudflare,"{""amazon"": ""private"", ""cloudflare"": ""private""}",False,False,True,False,"step 5 (SOA), step 7, "
luckycrush.live,microsoft|cloudflare,"{""microsoft"": ""private"", ""cloudflare"": ""third""}",True,False,True,False,"step 3, step 5 (SOA), "
luckyfriday.io,cloudflare,"{""cloudflare"": ""private""}",False,False,False,False,"step 5 (SOA), "
ludus-app.com,cloudflare,"{""cloudflare"": ""private""}",False,False,False,False,"step 5 (SOA), "
lulus.com,amazon,"{""amazon"": ""private""}",False,False,False,False,"step 5 (SOA), "
lumeriq.live,microsoft|cloudflare,"{""microsoft"": ""private"", ""cloudflare"": ""third""}",True,False,True,False,"step 3, step 5 (SOA), "
lumtest.com,amazon|twitter,"{""amazon"": ""private"", ""twitter"": ""private""}",False,False,True,False,"step 5 (SOA), step 6, "
lumu.net,amazon,"{""amazon"": ""private""}",False,False,False,False,"step 5 (SOA), "
lunamedia.live,microsoft|cloudflare,"{""microsoft"": ""private"", ""cloudflare"": ""third""}",True,False,True,False,"step 3, step 5 (SOA), "
lunar.icu,cloudflare,"{""cloudflare"": ""private""}",False,False,False,False,"step 5 (SOA), "
lura.live,microsoft|cloudflare,"{""microsoft"": ""private"", ""cloudflare"": ""private""}",False,False,True,False,"step 3, step 5 (SOA), "
luticlip.com,cloudflare,"{""cloudflare"": ""private""}",False,False,False,False,"step 5 (SOA), "
luxerone.com,amazon,"{""amazon"": ""private""}",False,False,False,False,"step 5 (SOA), "
lv.network,cloudflare,"{""cloudflare"": ""private""}",False,False,False,False,"step 5 (SOA), "
lvbet.com,google|twitter,"{""google"": ""private"", ""twitter"": ""private""}",False,False,True,False,"step 5 (SOA), step 6, "
lxdns.com,wangsu,"{""wangsu"": ""private""}",False,False,False,False,"step 2, "
lystit.com,amazon|twitter,"{""amazon"": ""private"", ""twitter"": ""private""}",False,False,True,False,"step 5 (SOA), step 6, "
m-w.com,amazon,"{""amazon"": ""private""}",False,False,False,False,"step 5 (SOA), "
m2.nz,cloudflare,"{""cloudflare"": ""private""}",False,False,False,False,"step 5 (SOA), "
m247-fi-01.live,microsoft|gcore,"{""microsoft"": ""private"", ""gcore"": ""third""}",True,False,True,False,"step 3, step 5 (SOA), "
m247-fi-02.live,microsoft|gcore,"{""microsoft"": ""private"", ""gcore"": ""third""}",True,False,True,False,"step 3, step 5 (SOA), "
m32.media,google,"{""google"": ""private""}",False,False,False,False,"step 5 (SOA), "
m4u.com.br,amazon,"{""amazon"": ""private""}",False,False,False,False,"step 5 (SOA), "
machines4u.com.au,amazon,"{""amazon"": ""private""}",False,False,False,False,"step 5 (SOA), "
machotube.tv,cloudflare,"{""cloudflare"": ""private""}",False,False,False,False,"step 5 (SOA), "
machsupport.com,twitter,"{""twitter"": ""private""}",False,False,False,False,"step 6, "
macroaxis.com,amazon,"{""amazon"": ""private""}",False,False,False,False,"step 5 (SOA), "
magento.cloud,amazon,"{""amazon"": ""private""}",False,False,False,False,"step 5 (SOA), "
magentosite.cloud,amazon,"{""amazon"": ""private""}",False,False,False,False,"step 5 (SOA), "
magersandquinn.com,sucuri,"{""sucuri"": ""private""}",False,False,False,False,"step 7, "
magic.link,cloudflare,"{""cloudflare"": ""private""}",False,False,False,False,"step 5 (SOA), "
magiceraser.live,microsoft|cloudflare,"{""microsoft"": ""private"", ""cloudflare"": ""third""}",True,False,True,False,"step 3, step 5 (SOA), "
magnet.me,telegram,"{""telegram"": ""private""}",False,False,False,False,"step 6, "
magnetmail.net,amazon,"{""amazon"": ""private""}",False,False,False,False,"step 5 (SOA), "
magnus.ms,cloudflare|fastly,"{""cloudflare"": ""private"", ""fastly"": ""private""}",False,False,True,False,"step 5 (SOA), step 7, "
mailamericas.com,amazon,"{""amazon"": ""private""}",False,False,False,False,"step 5 (SOA), "
mailcow.email,fastly,"{""fastly"": ""private""}",False,False,False,False,"step 7, "
mailgun.net,amazon,"{""amazon"": ""private""}",False,False,False,False,"step 5 (SOA), "
mailin.fr,cloudflare,"{""cloudflare"": ""private""}",False,False,False,False,"step 5 (SOA), "
mailinblue.com,cloudflare,"{""cloudflare"": ""private""}",False,False,False,False,"step 5 (SOA), "
mailplus.nl,cloudflare,"{""cloudflare"": ""private""}",False,False,False,False,"step 5 (SOA), "
mailspamprotection.com,google,"{""google"": ""private""}",False,False,False,False,"step 5 (SOA), "
maine.gov,incapsula,"{""incapsula"": ""private""}",False,False,False,False,"step 5 (SOA), "
mainstay.com,cloudflare,"{""cloudflare"": ""private""}",False,False,False,False,"step 5 (SOA), "
maintenanceconnection.com,cloudflare,"{""cloudflare"": ""private""}",False,False,False,False,"step 5 (SOA), "
mairie.com,cloudflare,"{""cloudflare"": ""private""}",False,False,False,False,"step 5 (SOA), "
maispagamentos.com.br,amazon,"{""amazon"": ""private""}",False,False,False,False,"step 5 (SOA), "
maistodos.com.br,amazon,"{""amazon"": ""private""}",False,False,False,False,"step 5 (SOA), "
makeprosimp.com,cloudflare,"{""cloudflare"": ""private""}",False,False,False,False,"step 5 (SOA), "
makeup.com.ua,amazon,"{""amazon"": ""private""}",False,False,False,False,"step 5 (SOA), "
makeup.global,amazon,"{""amazon"": ""private""}",False,False,False,False,"step 5 (SOA), "
makeup.pl,amazon,"{""amazon"": ""private""}",False,False,False,False,"step 5 (SOA), "
makeupstore.com,amazon,"{""amazon"": ""private""}",False,False,False,False,"step 5 (SOA), "
makeword.ru,cloudflare,"{""cloudflare"": ""private""}",False,False,False,False,"step 5 (SOA), "
managedoffsitebackup.net,google,"{""google"": ""private""}",False,False,False,False,"step 5 (SOA), "
mancala66.com,cloudflare,"{""cloudflare"": ""private""}",False,False,False,False,"step 5 (SOA), "
mandarb.com,cloudflare,"{""cloudflare"": ""private""}",False,False,False,False,"step 5 (SOA), "
mangapsk.ru,cloudflare,"{""cloudflare"": ""private""}",False,False,False,False,"step 5 (SOA), "
mania.kr,cloudflare,"{""cloudflare"": ""private""}",False,False,False,False,"step 5 (SOA), "
mantis-intelligence.com,amazon,"{""amazon"": ""private""}",False,False,False,False,"step 5 (SOA), "
manualdaweb.com,cloudflare,"{""cloudflare"": ""private""}",False,False,False,False,"step 5 (SOA), "
manualzz.com,cloudflare,"{""cloudflare"": ""private""}",False,False,False,False,"step 7, "
manuscriptcentral.com,amazon,"{""amazon"": ""private""}",False,False,False,False,"step 5 (SOA), "
mapify.so,amazon,"{""amazon"": ""private""}",False,False,False,False,"step 5 (SOA), "
maplemedia.io,amazon,"{""amazon"": ""private""}",False,False,False,False,"step 5 (SOA), "
mapple.net,apple,"{""apple"": ""private""}",False,False,False,False,"step 3, "
mapplehotels.com,apple|cloudflare,"{""apple"": ""private"", ""cloudflare"": ""third""}",True,False,True,False,"step 3, step 5 (SOA), "
maps.apple,apple,"{""apple"": ""private""}",False,False,False,False,"step 1, "
marathonguide.com,cloudflare,"{""cloudflare"": ""private""}",False,False,False,False,"step 5 (SOA), "
marfeel.com,amazon|fastly,"{""amazon"": ""private"", ""fastly"": ""private""}",False,False,True,False,"step 5 (SOA), step 6, "
mariadb.org,cloudflare,"{""cloudflare"": ""private""}",False,False,False,False,"step 5 (SOA), "
marist.edu,cloudflare,"{""cloudflare"": ""private""}",False,False,False,False,"step 5 (SOA), "
maritimegate.net,amazon,"{""amazon"": ""private""}",False,False,False,False,"step 5 (SOA), "
marketing-hub.net,cloudflare,"{""cloudflare"": ""private""}",False,False,False,False,"step 5 (SOA), "
marketingautomation.services,google,"{""google"": ""private""}",False,False,False,False,"step 5 (SOA), "
marketiq.com,amazon|google,"{""amazon"": ""private"", ""google"": ""private""}",False,False,True,False,"step 5 (SOA), step 7, "
marketup.com,amazon,"{""amazon"": ""private""}",False,False,False,False,"step 5 (SOA), "
markreptiloid.com,cloudflare,"{""cloudflare"": ""private""}",False,False,False,False,"step 5 (SOA), "
marmot-cloud.com,alibaba,"{""alibaba"": ""private""}",False,False,False,False,"step 6, "
marphezis.com,amazon,"{""amazon"": ""private""}",False,False,False,False,"step 5 (SOA), "
martinhash.com,cloudflare,"{""cloudflare"": ""private""}",False,False,False,False,"step 5 (SOA), "
martinmotorsports-store.ca,cloudflare,"{""cloudflare"": ""private""}",False,False,False,False,"step 7, "
marvel.com,amazon,"{""amazon"": ""private""}",False,False,False,False,"step 7, "
marvelapp.com,cloudflare|fastly,"{""cloudflare"": ""private"", ""fastly"": ""private""}",False,False,True,False,"step 5 (SOA), step 7, "
mashery.com,cloudflare|amazon,"{""cloudflare"": ""private"", ""amazon"": ""private""}",False,False,True,False,"step 5 (SOA), step 6, "
masmovil.com,google,"{""google"": ""private""}",False,False,False,False,"step 5 (SOA), "
masslive.com,microsoft|akamai,"{""microsoft"": ""private"", ""akamai"": ""third""}",True,False,True,False,"step 3, step 6, "
mastec.com,amazon,"{""amazon"": ""private""}",False,False,False,False,"step 5 (SOA), "
master.live,microsoft|amazon,"{""microsoft"": ""private"", ""amazon"": ""third""}",True,False,True,False,"step 3, step 5 (SOA), "
masterbuilder.kr,cloudflare,"{""cloudflare"": ""private""}",False,False,False,False,"step 5 (SOA), "
mastertopforum.com,cloudflare,"{""cloudflare"": ""private""}",False,False,False,False,"step 5 (SOA), "
mastertopforum.net,cloudflare,"{""cloudflare"": ""private""}",False,False,False,False,"step 5 (SOA), "
mastodon.top,cloudflare,"{""cloudflare"": ""private""}",False,False,False,False,"step 5 (SOA), "
matador.ai,amazon,"{""amazon"": ""private""}",False,False,False,False,"step 5 (SOA), "
matbao.com,amazon,"{""amazon"": ""private""}",False,False,False,False,"step 5 (SOA), "
maticooads.com,amazon,"{""amazon"": ""private""}",False,False,False,False,"step 5 (SOA), "
matterhorn-wholesale.com,cloudflare,"{""cloudflare"": ""private""}",False,False,False,False,"step 5 (SOA), "
mattermasters.com,cloudflare,"{""cloudflare"": ""private""}",False,False,False,False,"step 7, "
mauve.cloud,google,"{""google"": ""private""}",False,False,False,False,"step 5 (SOA), "
maxcdn.com,stackpath|cloudflare,"{""stackpath"": ""private"", ""cloudflare"": ""third""}",True,False,True,False,"step 2, step 5 (SOA), "
maxma.com,cloudflare,"{""cloudflare"": ""private""}",False,False,False,False,"step 5 (SOA), "
maxxxcdn.com,cloudflare,"{""cloudflare"": ""private""}",False,False,False,False,"step 5 (SOA), "
mazeedplus.com,cloudflare|google,"{""cloudflare"": ""private"", ""google"": ""private""}",False,False,True,False,"step 5 (SOA), step 7, "
mb3admin.com,cloudflare,"{""cloudflare"": ""private""}",False,False,False,False,"step 5 (SOA), "
mcafee.com,akamai,"{""akamai"": ""private""}",False,False,False,False,"step 6, "
mcdl.info,microsoft,"{""microsoft"": ""private""}",False,False,False,False,"step 5 (SOA), "
mcgrp.ru,cloudflare,"{""cloudflare"": ""private""}",False,False,False,False,"step 5 (SOA), "
mclaneco.com,microsoft,"{""microsoft"": ""private""}",False,False,False,False,"step 5 (SOA), "
mcr-msedge.net,microsoft,"{""microsoft"": ""private""}",False,False,False,False,"step 3, "
mcsservice.live,microsoft|cloudflare,"{""microsoft"": ""private"", ""cloudflare"": ""third""}",True,False,True,False,"step 3, step 5 (SOA), "
mcstats.org,cloudflare,"{""cloudflare"": ""private""}",False,False,False,False,"step 5 (SOA), "
md-hq.com,amazon,"{""amazon"": ""private""}",False,False,False,False,"step 5 (SOA), "
mdiecast.com,twitter,"{""twitter"": ""private""}",False,False,False,False,"step 6, "
mdpr.jp,amazon|fastly,"{""amazon"": ""private"", ""fastly"": ""private""}",False,False,True,False,"step 5 (SOA), step 7, "
mdscpxchg.com,cloudflare,"{""cloudflare"": ""private""}",False,False,False,False,"step 5 (SOA), "
mdstrm.com,amazon,"{""amazon"": ""private""}",False,False,False,False,"step 5 (SOA), "
mearicloud.com,apple,"{""apple"": ""private""}",False,False,False,False,"step 3, "
mebmarket.com,twitter,"{""twitter"": ""private""}",False,False,False,False,"step 6, "
medex.com.bd,cloudflare,"{""cloudflare"": ""private""}",False,False,False,False,"step 5 (SOA), "
media-amazon.com,amazon,"{""amazon"": ""private""}",False,False,False,False,"step 2, "
mediadelivery.net,microsoft|bunnycdn,"{""microsoft"": ""private"", ""bunnycdn"": ""third""}",True,False,True,False,"step 3, step 5 (SOA), "
medianova.com,medianova,"{""medianova"": ""private""}",False,False,False,False,"step 2, "
mediaset.net,amazon,"{""amazon"": ""private""}",False,False,False,False,"step 6, "
mediasetinfinity.es,amazon,"{""amazon"": ""private""}",False,False,False,False,"step 6, "
mediasystems.am,cloudflare,"{""cloudflare"": ""private""}",False,False,False,False,"step 5 (SOA), "
mediatradecraft.com,twitter|cloudflare,"{""twitter"": ""private"", ""cloudflare"": ""private""}",False,False,True,False,"step 6, step 7, "
mediavine.com,mediavine|google|fastly,"{""mediavine"": ""private"", ""google"": ""third"", ""fastly"": ""third""}",True,False,True,True,"step 2, step 5 (SOA), step 6, "
mediaworks.nz,amazon,"{""amazon"": ""private""}",False,False,False,False,"step 5 (SOA), "
medibang.com,amazon,"{""amazon"": ""private""}",False,False,False,False,"step 5 (SOA), "
medicarelist.com,amazon|twitter,"{""amazon"": ""private"", ""twitter"": ""private""}",False,False,True,False,"step 5 (SOA), step 6, "
medisafeproject.com,twitter,"{""twitter"": ""private""}",False,False,False,False,"step 6, "
meegolive.club,microsoft|cloudflare,"{""microsoft"": ""private"", ""cloudflare"": ""third""}",True,False,True,False,"step 3, step 5 (SOA), "
meeshoapi.com,google,"{""google"": ""private""}",False,False,False,False,"step 5 (SOA), "
meetcarrot.com,cloudflare|twitter,"{""cloudflare"": ""private"", ""twitter"": ""private""}",False,False,True,False,"step 5 (SOA), step 6, "
meetcircle.co,amazon,"{""amazon"": ""private""}",False,False,False,False,"step 5 (SOA), "
meetme-live.com,microsoft|amazon,"{""microsoft"": ""private"", ""amazon"": ""third""}",True,False,True,False,"step 3, step 5 (SOA), "
meeyland.com,cloudflare,"{""cloudflare"": ""private""}",False,False,False,False,"step 5 (SOA), "
megapixl.com,amazon,"{""amazon"": ""private""}",False,False,False,False,"step 5 (SOA), "
megazip.ru,cloudflare,"{""cloudflare"": ""private""}",False,False,False,False,"step 5 (SOA), "
mein-domizil.at,cloudflare,"{""cloudflare"": ""private""}",False,False,False,False,"step 5 (SOA), "
meinauto.de,google,"{""google"": ""private""}",False,False,False,False,"step 5 (SOA), "
melbet.com,twitter,"{""twitter"": ""private""}",False,False,False,False,"step 6, "
melodify.pw,cloudflare,"{""cloudflare"": ""private""}",False,False,False,False,"step 5 (SOA), "
memed.com.br,amazon,"{""amazon"": ""private""}",False,False,False,False,"step 5 (SOA), "
menkind.co.uk,cloudflare,"{""cloudflare"": ""private""}",False,False,False,False,"step 7, "
mennetwork.com,amazon,"{""amazon"": ""private""}",False,False,False,False,"step 5 (SOA), "
mensjournal.com,amazon|fastly,"{""amazon"": ""private"", ""fastly"": ""private""}",False,False,True,False,"step 5 (SOA), step 7, "
menuwebsites.com,cloudflare,"{""cloudflare"": ""private""}",False,False,False,False,"step 5 (SOA), "
meraki.cn,amazon,"{""amazon"": ""private""}",False,False,False,False,"step 5 (SOA), "
mercadopago.cl,amazon,"{""amazon"": ""private""}",False,False,False,False,"step 5 (SOA), "
mercari.jp,amazon,"{""amazon"": ""private""}",False,False,False,False,"step 5 (SOA), "
mercateo.co.uk,amazon,"{""amazon"": ""private""}",False,False,False,False,"step 5 (SOA), "
mercermettl.com,amazon,"{""amazon"": ""private""}",False,False,False,False,"step 5 (SOA), "
merckmanuals.com,amazon,"{""amazon"": ""private""}",False,False,False,False,"step 6, "
mergetwoaws.com,amazon,"{""amazon"": ""private""}",False,False,False,False,"step 3, "
mergr.com,amazon,"{""amazon"": ""private""}",False,False,False,False,"step 5 (SOA), "
merlincdn.net,amazon,"{""amazon"": ""private""}",False,False,False,False,"step 5 (SOA), "
merlinchain.io,cloudflare,"{""cloudflare"": ""private""}",False,False,False,False,"step 5 (SOA), "
merlive.am,microsoft|cloudflare,"{""microsoft"": ""private"", ""cloudflare"": ""third""}",True,False,True,False,"step 3, step 5 (SOA), "
mesec.cz,cloudflare,"{""cloudflare"": ""private""}",False,False,False,False,"step 5 (SOA), "
meshki.co.uk,cloudflare,"{""cloudflare"": ""private""}",False,False,False,False,"step 7, "
messagebird.com,amazon,"{""amazon"": ""private""}",False,False,False,False,"step 5 (SOA), "
messagenet.it,telegram,"{""telegram"": ""private""}",False,False,False,False,"step 6, "
meta.ai,meta,"{""meta"": ""private""}",False,False,False,False,"step 5 (SOA), "
meta.com,meta,"{""meta"": ""private""}",False,False,False,False,"step 5 (SOA), "
meta.me,meta,"{""meta"": ""private""}",False,False,False,False,"step 5 (SOA), "
metaaivm.com,meta,"{""meta"": ""private""}",False,False,False,False,"step 5 (SOA), "
metadata.io,amazon|cloudflare,"{""amazon"": ""private"", ""cloudflare"": ""private""}",False,False,True,False,"step 5 (SOA), step 7, "
metafb.cloud,meta,"{""meta"": ""private""}",False,False,False,False,"step 5 (SOA), "
metaratings.ru,cloudflare,"{""cloudflare"": ""private""}",False,False,False,False,"step 5 (SOA), "
metaxplay.com,apple,"{""apple"": ""private""}",False,False,False,False,"step 5 (SOA), "
meteogroup.com,cloudflare,"{""cloudflare"": ""private""}",False,False,False,False,"step 7, "
meteolive.it,microsoft|cloudflare,"{""microsoft"": ""private"", ""cloudflare"": ""third""}",True,False,True,False,"step 3, step 5 (SOA), "
metorik.com,cloudflare,"{""cloudflare"": ""private""}",False,False,False,False,"step 5 (SOA), "
metrics-bunny.net,bunnycdn,"{""bunnycdn"": ""private""}",False,False,False,False,"step 3, "
metro.net,digicert,"{""digicert"": ""private""}",False,False,False,False,"step 5 (SOA), "
metrolist.com,twitter,"{""twitter"": ""private""}",False,False,False,False,"step 6, "
mettl.com,amazon,"{""amazon"": ""private""}",False,False,False,False,"step 5 (SOA), "
meuip.com.br,google,"{""google"": ""private""}",False,False,False,False,"step 5 (SOA), "
mfbcdn.net,meta|cloudflare,"{""meta"": ""private"", ""cloudflare"": ""third""}",True,False,True,False,"step 3, step 5 (SOA), "
mfk-network.com,cloudflare,"{""cloudflare"": ""private""}",False,False,False,False,"step 5 (SOA), "
mhnet.com.br,cloudflare|twitter,"{""cloudflare"": ""private"", ""twitter"": ""private""}",False,False,True,False,"step 5 (SOA), step 6, "
mi.com,akamai,"{""akamai"": ""private""}",False,False,False,False,"step 6, "
miamioh.edu,amazon,"{""amazon"": ""private""}",False,False,False,False,"step 5 (SOA), "
miatlantic.eu,amazon,"{""amazon"": ""private""}",False,False,False,False,"step 5 (SOA), "
micasino.com,google,"{""google"": ""private""}",False,False,False,False,"step 5 (SOA), "
michigan.gov,akamai,"{""akamai"": ""private""}",False,False,False,False,"step 6, "
michiganmedicine.org,digicert,"{""digicert"": ""private""}",False,False,False,False,"step 5 (SOA), "
micolet.com,amazon|twitter,"{""amazon"": ""private"", ""twitter"": ""private""}",False,False,True,False,"step 5 (SOA), step 6, "
microsoft-ppe.com,microsoft,"{""microsoft"": ""private""}",False,False,False,False,"step 3, "
microsoft.com,microsoft|akamai,"{""microsoft"": ""private"", ""akamai"": ""third""}",True,False,True,False,"step 3, step 6, "
microsoft.net,microsoft|twitter,"{""microsoft"": ""private"", ""twitter"": ""third""}",True,False,True,False,"step 3, step 6, "
microsoft.us,microsoft,"{""microsoft"": ""private""}",False,False,False,False,"step 3, "
microsoft365.com,microsoft,"{""microsoft"": ""private""}",False,False,False,False,"step 3, "
microsoftapp.net,microsoft,"{""microsoft"": ""private""}",False,False,False,False,"step 3, "
microsoftazure.us,microsoft,"{""microsoft"": ""private""}",False,False,False,False,"step 3, "
microsoftazuread-sso.com,microsoft,"{""microsoft"": ""private""}",False,False,False,False,"step 3, "
microsoftcasualgames.com,microsoft,"{""microsoft"": ""private""}",False,False,False,False,"step 3, "
microsoftcrmportals.com,microsoft,"{""microsoft"": ""private""}",False,False,False,False,"step 3, "
microsoftedgeinsider.com,microsoft,"{""microsoft"": ""private""}",False,False,False,False,"step 3, "
microsofticm.com,microsoft,"{""microsoft"": ""private""}",False,False,False,False,"step 3, "
microsoftmetrics.com,microsoft,"{""microsoft"": ""private""}",False,False,False,False,"step 3, "
microsoftonline-p.com,microsoft,"{""microsoft"": ""private""}",False,False,False,False,"step 3, "
microsoftonline-p.net,microsoft,"{""microsoft"": ""private""}",False,False,False,False,"step 3, "
microsoftonline.cn,microsoft,"{""microsoft"": ""private""}",False,False,False,False,"step 3, "
microsoftonline.com,microsoft,"{""microsoft"": ""private""}",False,False,False,False,"step 3, "
microsoftonline.us,microsoft,"{""microsoft"": ""private""}",False,False,False,False,"step 3, "
microsoftpersonalcontent.com,microsoft,"{""microsoft"": ""private""}",False,False,False,False,"step 3, "
microsoftstream.com,microsoft|twitter,"{""microsoft"": ""private"", ""twitter"": ""third""}",True,False,True,False,"step 3, step 6, "
microsofttranslator.com,microsoft|akamai,"{""microsoft"": ""private"", ""akamai"": ""third""}",True,False,True,False,"step 3, step 6, "
microsoftusercontent.com,microsoft,"{""microsoft"": ""private""}",False,False,False,False,"step 3, "
mightytext.co,cloudflare|twitter,"{""cloudflare"": ""private"", ""twitter"": ""private""}",False,False,True,False,"step 5 (SOA), step 6, "
migolive.com,microsoft,"{""microsoft"": ""private""}",False,False,False,False,"step 3, "
mihanwebhost.com,twitter,"{""twitter"": ""private""}",False,False,False,False,"step 6, "
mijndomein.nl,google,"{""google"": ""private""}",False,False,False,False,"step 5 (SOA), "
mikeholt.com,amazon|twitter,"{""amazon"": ""private"", ""twitter"": ""private""}",False,False,True,False,"step 5 (SOA), step 6, "
mikenopa.network,cloudflare,"{""cloudflare"": ""private""}",False,False,False,False,"step 5 (SOA), "
mikeshawsubaru.com,amazon|cloudflare|akamai,"{""amazon"": ""private"", ""cloudflare"": ""third"", ""akamai"": ""third""}",True,False,True,True,"step 3, step 5 (SOA), step 6, "
mikmak.ai,amazon,"{""amazon"": ""private""}",False,False,False,False,"step 5 (SOA), "
milanjiu.live,microsoft|cloudflare,"{""microsoft"": ""private"", ""cloudflare"": ""third""}",True,False,True,False,"step 3, step 5 (SOA), "
milesplit.com,amazon|twitter,"{""amazon"": ""private"", ""twitter"": ""private""}",False,False,True,False,"step 5 (SOA), step 6, "
milfxteen.lat,cloudflare,"{""cloudflare"": ""private""}",False,False,False,False,"step 5 (SOA), "
military.com,amazon,"{""amazon"": ""private""}",False,False,False,False,"step 5 (SOA), "
mimolivesales.com.br,microsoft|cloudflare,"{""microsoft"": ""private"", ""cloudflare"": ""third""}",True,False,True,False,"step 3, step 5 (SOA), "
mimosacloud.net,amazon,"{""amazon"": ""private""}",False,False,False,False,"step 5 (SOA), "
minderest.com,amazon|twitter,"{""amazon"": ""private"", ""twitter"": ""private""}",False,False,True,False,"step 5 (SOA), step 6, "
mineblaze.net,cloudflare,"{""cloudflare"": ""private""}",False,False,False,False,"step 5 (SOA), "
mineralfashionstore.com,cloudflare,"{""cloudflare"": ""private""}",False,False,False,False,"step 7, "
minergate.com,amazon,"{""amazon"": ""private""}",False,False,False,False,"step 5 (SOA), "
minesweeper.online,cloudflare,"{""cloudflare"": ""private""}",False,False,False,False,"step 5 (SOA), "
mintkeyboard.com,cloudflare|google,"{""cloudflare"": ""private"", ""google"": ""private""}",False,False,True,False,"step 5 (SOA), step 7, "
mirrormedia.mg,google,"{""google"": ""private""}",False,False,False,False,"step 5 (SOA), "
mirus.io,google,"{""google"": ""private""}",False,False,False,False,"step 5 (SOA), "
missav.live,microsoft|cloudflare,"{""microsoft"": ""private"", ""cloudflare"": ""third""}",True,False,True,False,"step 3, step 5 (SOA), "
missourievergreen.org,amazon,"{""amazon"": ""private""}",False,False,False,False,"step 5 (SOA), "
misterwhat.com,twitter,"{""twitter"": ""private""}",False,False,False,False,"step 6, "
mitakosbooks.gr,cloudflare,"{""cloudflare"": ""private""}",False,False,False,False,"step 5 (SOA), "
mitel.io,amazon,"{""amazon"": ""private""}",False,False,False,False,"step 5 (SOA), "
mixbook.com,amazon,"{""amazon"": ""private""}",False,False,False,False,"step 5 (SOA), "
mixedmartialarts.com,cloudflare,"{""cloudflare"": ""private""}",False,False,False,False,"step 5 (SOA), "
mixi.media,cloudflare,"{""cloudflare"": ""private""}",False,False,False,False,"step 5 (SOA), "
mixpanel.com,google,"{""google"": ""private""}",False,False,False,False,"step 5 (SOA), "
mixupload.com,cloudflare,"{""cloudflare"": ""private""}",False,False,False,False,"step 5 (SOA), "
mk.io,microsoft,"{""microsoft"": ""private""}",False,False,False,False,"step 5 (SOA), "
mkr-us.com,cloudflare,"{""cloudflare"": ""private""}",False,False,False,False,"step 5 (SOA), "
ml314.com,amazon|google,"{""amazon"": ""private"", ""google"": ""private""}",False,False,True,False,"step 5 (SOA), step 7, "
mlgame.org,cloudflare,"{""cloudflare"": ""private""}",False,False,False,False,"step 5 (SOA), "
mlive.com,microsoft|akamai,"{""microsoft"": ""private"", ""akamai"": ""third""}",True,False,True,False,"step 3, step 6, "
mlsub.net,cloudflare,"{""cloudflare"": ""private""}",False,False,False,False,"step 6, "
mmayz.com,cloudflare,"{""cloudflare"": ""private""}",False,False,False,False,"step 5 (SOA), "
mmayz.net,cloudflare,"{""cloudflare"": ""private""}",False,False,False,False,"step 5 (SOA), "
mmodal.com,amazon,"{""amazon"": ""private""}",False,False,False,False,"step 5 (SOA), "
mmorealms.gg,cloudflare,"{""cloudflare"": ""private""}",False,False,False,False,"step 5 (SOA), "
mmtro.com,amazon,"{""amazon"": ""private""}",False,False,False,False,"step 5 (SOA), "
mn.co,amazon|cloudflare,"{""amazon"": ""private"", ""cloudflare"": ""private""}",False,False,True,False,"step 5 (SOA), step 7, "
mncdn.com,medianova,"{""medianova"": ""private""}",False,False,False,False,"step 2, "
mncdn.org,medianova,"{""medianova"": ""private""}",False,False,False,False,"step 2, "
moadoph.gov.au,amazon,"{""amazon"": ""private""}",False,False,False,False,"step 5 (SOA), "
mobi-commerce.com,cloudflare,"{""cloudflare"": ""private""}",False,False,False,False,"step 5 (SOA), "
mobilemed.com.br,amazon,"{""amazon"": ""private""}",False,False,False,False,"step 5 (SOA), "
mobilepricecards.com,amazon,"{""amazon"": ""private""}",False,False,False,False,"step 5 (SOA), "
mobilewallet.cards,google,"{""google"": ""private""}",False,False,False,False,"step 5 (SOA), "
mobilock.in,cloudflare,"{""cloudflare"": ""private""}",False,False,False,False,"step 5 (SOA), "
mobolive.site,microsoft|cloudflare,"{""microsoft"": ""private"", ""cloudflare"": ""third""}",True,False,True,False,"step 3, step 5 (SOA), "
mobvista.com,amazon,"{""amazon"": ""private""}",False,False,False,False,"step 5 (SOA), "
mobvoi.com,amazon,"{""amazon"": ""private""}",False,False,False,False,"step 6, "
mod.gov.uk,cloudflare,"{""cloudflare"": ""private""}",False,False,False,False,"step 5 (SOA), "
moderntv.eu,amazon,"{""amazon"": ""private""}",False,False,False,False,"step 5 (SOA), "
modesens.com,amazon,"{""amazon"": ""private""}",False,False,False,False,"step 5 (SOA), "
modo.us,amazon,"{""amazon"": ""private""}",False,False,False,False,"step 5 (SOA), "
moeblog.cn,apple|cloudflare,"{""apple"": ""private"", ""cloudflare"": ""private""}",False,False,True,False,"step 5 (SOA), step 7, "
moegirl.org.cn,amazon,"{""amazon"": ""private""}",False,False,False,False,"step 6, "
mohd.it,cloudflare,"{""cloudflare"": ""private""}",False,False,False,False,"step 5 (SOA), "
moki.com,cloudflare,"{""cloudflare"": ""private""}",False,False,False,False,"step 5 (SOA), "
mollie.com,google,"{""google"": ""private""}",False,False,False,False,"step 5 (SOA), "
molport.com,cloudflare|twitter,"{""cloudflare"": ""private"", ""twitter"": ""private""}",False,False,True,False,"step 5 (SOA), step 6, "
momentumdash.com,amazon,"{""amazon"": ""private""}",False,False,False,False,"step 5 (SOA), "
momijicloud.com,apple|cloudflare,"{""apple"": ""private"", ""cloudflare"": ""third""}",True,False,True,False,"step 3, step 5 (SOA), "
momo.com.tw,amazon,"{""amazon"": ""private""}",False,False,False,False,"step 5 (SOA), "
monacoempire.com,cloudflare,"{""cloudflare"": ""private""}",False,False,False,False,"step 5 (SOA), "
moneta.cz,cloudflare,"{""cloudflare"": ""private""}",False,False,False,False,"step 5 (SOA), "
monitormagnet.com,twitter,"{""twitter"": ""private""}",False,False,False,False,"step 6, "
monkey.cool,amazon,"{""amazon"": ""private""}",False,False,False,False,"step 5 (SOA), "
monolexi.com,amazon,"{""amazon"": ""private""}",False,False,False,False,"step 5 (SOA), "
monsido.com,google,"{""google"": ""private""}",False,False,False,False,"step 5 (SOA), "
monu.delivery,microsoft|amazon,"{""microsoft"": ""private"", ""amazon"": ""third""}",True,False,True,False,"step 3, step 5 (SOA), "
monuv.com.br,amazon,"{""amazon"": ""private""}",False,False,False,False,"step 5 (SOA), "
moonbat.co.jp,twitter,"{""twitter"": ""private""}",False,False,False,False,"step 6, "
morleylibrary.org,microsoft,"{""microsoft"": ""private""}",False,False,False,False,"step 5 (SOA), "
morningstar.com,amazon,"{""amazon"": ""private""}",False,False,False,False,"step 6, "
mosaicbeach.com,cloudflare,"{""cloudflare"": ""private""}",False,False,False,False,"step 5 (SOA), "
mostbet.com,twitter,"{""twitter"": ""private""}",False,False,False,False,"step 6, "
motogp.com,amazon,"{""amazon"": ""private""}",False,False,False,False,"step 5 (SOA), "
motohunt.com,google|twitter,"{""google"": ""private"", ""twitter"": ""private""}",False,False,True,False,"step 5 (SOA), step 6, "
motorsport-magazin.com,amazon,"{""amazon"": ""private""}",False,False,False,False,"step 5 (SOA), "
motorsportjobs.com,amazon,"{""amazon"": ""private""}",False,False,False,False,"step 5 (SOA), "
mountaincrestgardens.com,cloudflare,"{""cloudflare"": ""private""}",False,False,False,False,"step 7, "
mouseprice.com,cloudflare,"{""cloudflare"": ""private""}",False,False,False,False,"step 5 (SOA), "
mousquetaires.com,cloudflare,"{""cloudflare"": ""private""}",False,False,False,False,"step 5 (SOA), "
moveaws.com,amazon,"{""amazon"": ""private""}",False,False,False,False,"step 3, "
moveinsync.com,amazon,"{""amazon"": ""private""}",False,False,False,False,"step 5 (SOA), "
movidesk.com,amazon,"{""amazon"": ""private""}",False,False,False,False,"step 5 (SOA), "
movingselect.com.au,twitter,"{""twitter"": ""private""}",False,False,False,False,"step 6, "
moya.app,amazon,"{""amazon"": ""private""}",False,False,False,False,"step 5 (SOA), "
mozaws.net,amazon,"{""amazon"": ""private""}",False,False,False,False,"step 3, "
mp3.cc,cloudflare,"{""cloudflare"": ""private""}",False,False,False,False,"step 5 (SOA), "
mpl.live,microsoft|google|cloudflare,"{""microsoft"": ""private"", ""google"": ""third"", ""cloudflare"": ""third""}",True,False,True,True,"step 3, step 5 (SOA), step 6, "
mployeradvisor.com,cloudflare,"{""cloudflare"": ""private""}",False,False,False,False,"step 5 (SOA), "
mrdfood.com,amazon,"{""amazon"": ""private""}",False,False,False,False,"step 5 (SOA), "
mrktplcgo.io,amazon,"{""amazon"": ""private""}",False,False,False,False,"step 5 (SOA), "
msappproxy.net,microsoft,"{""microsoft"": ""private""}",False,False,False,False,"step 5 (SOA), "
msdmanuals.com,amazon,"{""amazon"": ""private""}",False,False,False,False,"step 6, "
msdn.com,microsoft,"{""microsoft"": ""private""}",False,False,False,False,"step 5 (SOA), "
msecnd.net,microsoft,"{""microsoft"": ""private""}",False,False,False,False,"step 2, "
msedge.net,microsoft,"{""microsoft"": ""private""}",False,False,False,False,"step 3, "
msedgeservices.com,microsoft,"{""microsoft"": ""private""}",False,False,False,False,"step 3, "
msftauth.net,microsoft,"{""microsoft"": ""private""}",False,False,False,False,"step 3, "
msftauthimages.net,microsoft,"{""microsoft"": ""private""}",False,False,False,False,"step 3, "
msftcloudes.com,microsoft,"{""microsoft"": ""private""}",False,False,False,False,"step 3, "
msftconnecttest.com,microsoft|akamai,"{""microsoft"": ""private"", ""akamai"": ""third""}",True,False,True,False,"step 2, step 6, "
msftlibs.com,microsoft|cloudflare|bunnycdn,"{""microsoft"": ""private"", ""cloudflare"": ""third"", ""bunnycdn"": ""third""}",True,False,True,True,"step 3, step 5 (SOA), step 6, "
msftncsi.com,microsoft|akamai,"{""microsoft"": ""private"", ""akamai"": ""third""}",True,False,True,False,"step 2, step 6, "
msftstatic.com,microsoft,"{""microsoft"": ""private""}",False,False,False,False,"step 3, "
msgsndr.com,cloudflare,"{""cloudflare"": ""private""}",False,False,False,False,"step 5 (SOA), "
msn.cn,microsoft,"{""microsoft"": ""private""}",False,False,False,False,"step 3, "
msn.com,microsoft|akamai,"{""microsoft"": ""private"", ""akamai"": ""third""}",True,False,True,False,"step 3, step 6, "
msn01.com,microsoft|cloudflare,"{""microsoft"": ""private"", ""cloudflare"": ""third""}",True,False,True,False,"step 3, step 5 (SOA), "
msnbc.com,microsoft,"{""microsoft"": ""private""}",False,False,False,False,"step 3, "
msndvr.com,microsoft,"{""microsoft"": ""private""}",False,False,False,False,"step 3, "
msnfun.com,microsoft,"{""microsoft"": ""private""}",False,False,False,False,"step 3, "
msngr.com,microsoft|meta,"{""microsoft"": ""private"", ""meta"": ""third""}",True,False,True,False,"step 3, step 5 (SOA), "
msocdn.com,microsoft,"{""microsoft"": ""private""}",False,False,False,False,"step 2, "
muchloved.com,microsoft,"{""microsoft"": ""private""}",False,False,False,False,"step 5 (SOA), "
mudfish.net,amazon,"{""amazon"": ""private""}",False,False,False,False,"step 5 (SOA), "
mugshots.com,amazon,"{""amazon"": ""private""}",False,False,False,False,"step 5 (SOA), "
mugshots.zone,cloudflare,"{""cloudflare"": ""private""}",False,False,False,False,"step 5 (SOA), "
multi.bet.br,cloudflare,"{""cloudflare"": ""private""}",False,False,False,False,"step 5 (SOA), "
multiscreensite.com,amazon,"{""amazon"": ""private""}",False,False,False,False,"step 5 (SOA), "
multitracks.com,microsoft,"{""microsoft"": ""private""}",False,False,False,False,"step 5 (SOA), "
mumsnet.com,microsoft|cloudflare,"{""microsoft"": ""private"", ""cloudflare"": ""third""}",True,False,True,False,"step 3, step 5 (SOA), "
muscdn.com,bytedance|amazon,"{""bytedance"": ""private"", ""amazon"": ""third""}",True,False,True,False,"step 2, step 5 (SOA), "
musicstorelive.com,microsoft|fastly,"{""microsoft"": ""private"", ""fastly"": ""third""}",True,False,True,False,"step 3, step 6, "
mutualofomaha.com,amazon,"{""amazon"": ""private""}",False,False,False,False,"step 6, "
mvplast.co.in,twitter,"{""twitter"": ""private""}",False,False,False,False,"step 6, "
mw2.wiki,cloudflare,"{""cloudflare"": ""private""}",False,False,False,False,"step 5 (SOA), "
mwcname.com,wangsu,"{""wangsu"": ""private""}",False,False,False,False,"step 2, "
mwsplumbing.com,microsoft|cloudflare,"{""microsoft"": ""private"", ""cloudflare"": ""third""}",True,False,True,False,"step 3, step 6, "
mx.microsoft,microsoft,"{""microsoft"": ""private""}",False,False,False,False,"step 1, "
mxlocker.com,google,"{""google"": ""private""}",False,False,False,False,"step 7, "
mxtoolbox.com,amazon,"{""amazon"": ""private""}",False,False,False,False,"step 5 (SOA), "
my-alfred.com,amazon,"{""amazon"": ""private""}",False,False,False,False,"step 5 (SOA), "
my-deliveries.de,microsoft|google,"{""microsoft"": ""private"", ""google"": ""private""}",False,False,True,False,"step 3, step 5 (SOA), "
my.gov.au,amazon,"{""amazon"": ""private""}",False,False,False,False,"step 5 (SOA), "
myacurite.com,amazon,"{""amazon"": ""private""}",False,False,False,False,"step 5 (SOA), "
myadmessenger.com,amazon,"{""amazon"": ""private""}",False,False,False,False,"step 5 (SOA), "
myasian.live,microsoft,"{""microsoft"": ""private""}",False,False,False,False,"step 3, "
myautovaluestore.com,cloudflare|amazon,"{""cloudflare"": ""private"", ""amazon"": ""private""}",False,False,True,False,"step 5 (SOA), step 7, "
myavlive.com,microsoft|cloudflare|twitter,"{""microsoft"": ""private"", ""cloudflare"": ""third"", ""twitter"": ""third""}",True,False,True,True,"step 3, step 5 (SOA), step 6, "
mybluehost.me,telegram,"{""telegram"": ""private""}",False,False,False,False,"step 6, "
mybrightwheel.com,amazon,"{""amazon"": ""private""}",False,False,False,False,"step 5 (SOA), "
mycadent.com,amazon|twitter,"{""amazon"": ""private"", ""twitter"": ""private""}",False,False,True,False,"step 5 (SOA), step 6, "
mycartpanda.com,cloudflare,"{""cloudflare"": ""private""}",False,False,False,False,"step 5 (SOA), "
mycerdant.com,microsoft|twitter,"{""microsoft"": ""private"", ""twitter"": ""private""}",False,False,True,False,"step 5 (SOA), step 6, "
mycourse.app,cloudflare,"{""cloudflare"": ""private""}",False,False,False,False,"step 5 (SOA), "
mycusthelp.com,amazon,"{""amazon"": ""private""}",False,False,False,False,"step 5 (SOA), "
mydirtyhobby.de,microsoft,"{""microsoft"": ""private""}",False,False,False,False,"step 7, "
myedimax.com,amazon,"{""amazon"": ""private""}",False,False,False,False,"step 5 (SOA), "
myendnoteweb.com,amazon|cloudflare,"{""amazon"": ""private"", ""cloudflare"": ""private""}",False,False,True,False,"step 5 (SOA), step 6, "
myforecast.com,amazon|twitter,"{""amazon"": ""private"", ""twitter"": ""private""}",False,False,True,False,"step 5 (SOA), step 6, "
myfox8.com,fastly,"{""fastly"": ""private""}",False,False,False,False,"step 7, "
myfreshworks.com,amazon,"{""amazon"": ""private""}",False,False,False,False,"step 5 (SOA), "
myfungo.com,cloudflare,"{""cloudflare"": ""private""}",False,False,False,False,"step 5 (SOA), "
mygreatweather.live,microsoft|cloudflare,"{""microsoft"": ""private"", ""cloudflare"": ""third""}",True,False,True,False,"step 3, step 5 (SOA), "
mygrocerydeals.com,amazon,"{""amazon"": ""private""}",False,False,False,False,"step 5 (SOA), "
myharmony.com,amazon,"{""amazon"": ""private""}",False,False,False,False,"step 5 (SOA), "
myherault.com,twitter,"{""twitter"": ""private""}",False,False,False,False,"step 6, "
myhuaweicloud-custom.com,apple,"{""apple"": ""private""}",False,False,False,False,"step 3, "
myhuaweicloud.cn,apple,"{""apple"": ""private""}",False,False,False,False,"step 3, "
myhuaweicloud.com,apple,"{""apple"": ""private""}",False,False,False,False,"step 3, "
myhuaweicloud.eu,apple,"{""apple"": ""private""}",False,False,False,False,"step 3, "
myhuaweicloud.ru,apple,"{""apple"": ""private""}",False,False,False,False,"step 3, "
myimg.ai,yahoo|cloudflare,"{""yahoo"": ""private"", ""cloudflare"": ""third""}",True,False,True,False,"step 3, step 5 (SOA), "
myiplist.com,twitter,"{""twitter"": ""private""}",False,False,False,False,"step 6, "
myjetbrains.com,amazon,"{""amazon"": ""private""}",False,False,False,False,"step 5 (SOA), "
myket.ir,cloudflare,"{""cloudflare"": ""private""}",False,False,False,False,"step 5 (SOA), "
mylio.com,amazon,"{""amazon"": ""private""}",False,False,False,False,"step 5 (SOA), "
mylivechat.com,microsoft|amazon,"{""microsoft"": ""private"", ""amazon"": ""third""}",True,False,True,False,"step 3, step 5 (SOA), "
myplant.io,amazon,"{""amazon"": ""private""}",False,False,False,False,"step 5 (SOA), "
myportfolio.com,amazon,"{""amazon"": ""private""}",False,False,False,False,"step 5 (SOA), "
mypurecloud.com.au,amazon,"{""amazon"": ""private""}",False,False,False,False,"step 5 (SOA), "
myqcloud.com,tencent,"{""tencent"": ""private""}",False,False,False,False,"step 2, "
myrealtyonegroup.com,cloudflare,"{""cloudflare"": ""private""}",False,False,False,False,"step 5 (SOA), "
myrepublic.co.id,cloudflare,"{""cloudflare"": ""private""}",False,False,False,False,"step 5 (SOA), "
mysamba.tv,amazon,"{""amazon"": ""private""}",False,False,False,False,"step 5 (SOA), "
myshopamine.com,amazon,"{""amazon"": ""private""}",False,False,False,False,"step 5 (SOA), "
myshopify.com,shopify|cloudflare,"{""shopify"": ""private"", ""cloudflare"": ""private""}",False,False,True,False,"step 2, step 7, "
myshows.me,cloudflare,"{""cloudflare"": ""private""}",False,False,False,False,"step 5 (SOA), "
myspace.com,google,"{""google"": ""private""}",False,False,False,False,"step 5 (SOA), "
mysquare9.com,amazon,"{""amazon"": ""private""}",False,False,False,False,"step 5 (SOA), "
mystreamplayer.com,amazon,"{""amazon"": ""private""}",False,False,False,False,"step 5 (SOA), "
mytheraboost.com,twitter,"{""twitter"": ""private""}",False,False,False,False,"step 6, "
mytotalconnectcomfort.com,cloudflare|twitter,"{""cloudflare"": ""private"", ""twitter"": ""private""}",False,False,True,False,"step 5 (SOA), step 6, "
mytvos.com,cloudflare,"{""cloudflare"": ""private""}",False,False,False,False,"step 5 (SOA), "
myvrv.com,amazon,"{""amazon"": ""private""}",False,False,False,False,"step 5 (SOA), "
myweblogon.com,cloudflare,"{""cloudflare"": ""private""}",False,False,False,False,"step 5 (SOA), "
mziq.com,amazon,"{""amazon"": ""private""}",False,False,False,False,"step 5 (SOA), "
mzstatic.com,apple,"{""apple"": ""private""}",False,False,False,False,"step 2, "
n-compass.online,amazon,"{""amazon"": ""private""}",False,False,False,False,"step 5 (SOA), "
nadeo.live,microsoft|amazon,"{""microsoft"": ""private"", ""amazon"": ""third""}",True,False,True,False,"step 3, step 5 (SOA), "
nadommebel.com,cloudflare,"{""cloudflare"": ""private""}",False,False,False,False,"step 5 (SOA), "
nagariknetwork.com,amazon,"{""amazon"": ""private""}",False,False,False,False,"step 5 (SOA), "
nagios.org,cloudflare,"{""cloudflare"": ""private""}",False,False,False,False,"step 5 (SOA), "
naibest.com,twitter,"{""twitter"": ""private""}",False,False,False,False,"step 6, "
namirial.it,amazon,"{""amazon"": ""private""}",False,False,False,False,"step 5 (SOA), "
nanosystems.it,amazon,"{""amazon"": ""private""}",False,False,False,False,"step 5 (SOA), "
narrativ.com,amazon,"{""amazon"": ""private""}",False,False,False,False,"step 5 (SOA), "
narvar.com,amazon,"{""amazon"": ""private""}",False,False,False,False,"step 5 (SOA), "
nasig.live,microsoft|cloudflare,"{""microsoft"": ""private"", ""cloudflare"": ""third""}",True,False,True,False,"step 3, step 5 (SOA), "
nation.com.pk,amazon,"{""amazon"": ""private""}",False,False,False,False,"step 5 (SOA), "
nationalarchives.ie,cloudflare,"{""cloudflare"": ""private""}",False,False,False,False,"step 5 (SOA), "
nationaltoday.com,amazon|cloudflare,"{""amazon"": ""private"", ""cloudflare"": ""private""}",False,False,True,False,"step 5 (SOA), step 7, "
natrohost.com,twitter,"{""twitter"": ""private""}",False,False,False,False,"step 6, "
naturaltherapypages.com.au,amazon,"{""amazon"": ""private""}",False,False,False,False,"step 5 (SOA), "
naturkartan.se,bunnycdn,"{""bunnycdn"": ""private""}",False,False,False,False,"step 5 (SOA), "
navi-tech.in,amazon,"{""amazon"": ""private""}",False,False,False,False,"step 5 (SOA), "
navidiumapp.com,amazon|nextjs,"{""amazon"": ""private"", ""nextjs"": ""private""}",False,False,True,False,"step 5 (SOA), step 7, "
navimro.com,cloudflare,"{""cloudflare"": ""private""}",False,False,False,False,"step 5 (SOA), "
naviplus.app,cloudflare,"{""cloudflare"": ""private""}",False,False,False,False,"step 5 (SOA), "
naxos.jp,fastly,"{""fastly"": ""private""}",False,False,False,False,"step 6, "
nba-live.com,microsoft,"{""microsoft"": ""private""}",False,False,False,False,"step 3, "
nbc.co,amazon,"{""amazon"": ""private""}",False,False,False,False,"step 5 (SOA), "
nbc4i.com,fastly,"{""fastly"": ""private""}",False,False,False,False,"step 7, "
nclottery.com,amazon,"{""amazon"": ""private""}",False,False,False,False,"step 5 (SOA), "
ncnd.mobi,amazon,"{""amazon"": ""private""}",False,False,False,False,"step 5 (SOA), "
ncrcloud.com,google,"{""google"": ""private""}",False,False,False,False,"step 5 (SOA), "
ncrpay.com,google,"{""google"": ""private""}",False,False,False,False,"step 5 (SOA), "
nctc.com,cloudflare,"{""cloudflare"": ""private""}",False,False,False,False,"step 7, "
ndmais.com.br,cloudflare,"{""cloudflare"": ""private""}",False,False,False,False,"step 5 (SOA), "
nea-fast.com,amazon|twitter,"{""amazon"": ""private"", ""twitter"": ""private""}",False,False,True,False,"step 5 (SOA), step 6, "
nearpod.com,cloudflare|amazon,"{""cloudflare"": ""private"", ""amazon"": ""private""}",False,False,True,False,"step 5 (SOA), step 6, "
nebenan.de,amazon,"{""amazon"": ""private""}",False,False,False,False,"step 5 (SOA), "
nebulalive.com,microsoft,"{""microsoft"": ""private""}",False,False,False,False,"step 3, "
nechybujte.cz,cloudflare,"{""cloudflare"": ""private""}",False,False,False,False,"step 5 (SOA), "
nedvizhimost.com.ua,twitter,"{""twitter"": ""private""}",False,False,False,False,"step 6, "
neemo.com.br,amazon,"{""amazon"": ""private""}",False,False,False,False,"step 5 (SOA), "
neighborhoodscout.com,amazon|twitter,"{""amazon"": ""private"", ""twitter"": ""private""}",False,False,True,False,"step 5 (SOA), step 6, "
neocraftstudio.com,amazon,"{""amazon"": ""private""}",False,False,False,False,"step 5 (SOA), "
neonet.co.kr,twitter,"{""twitter"": ""private""}",False,False,False,False,"step 6, "
neosmart.net,amazon,"{""amazon"": ""private""}",False,False,False,False,"step 5 (SOA), "
neowin.com,amazon,"{""amazon"": ""private""}",False,False,False,False,"step 5 (SOA), "
nepalipatro.com.np,cloudflare,"{""cloudflare"": ""private""}",False,False,False,False,"step 5 (SOA), "
nepalnews.com,cloudflare,"{""cloudflare"": ""private""}",False,False,False,False,"step 5 (SOA), "
nephobox.com,amazon,"{""amazon"": ""private""}",False,False,False,False,"step 5 (SOA), "
nerdpress.net,cloudflare,"{""cloudflare"": ""private""}",False,False,False,False,"step 5 (SOA), "
nestiolistings.com,amazon,"{""amazon"": ""private""}",False,False,False,False,"step 5 (SOA), "
nestoria.co.uk,digicert,"{""digicert"": ""private""}",False,False,False,False,"step 5 (SOA), "
net2phoneoffice.com,amazon,"{""amazon"": ""private""}",False,False,False,False,"step 5 (SOA), "
netboxlabs.com,amazon,"{""amazon"": ""private""}",False,False,False,False,"step 5 (SOA), "
netcash.co.za,cloudflare,"{""cloudflare"": ""private""}",False,False,False,False,"step 5 (SOA), "
netdna-ssl.com,stackpath|cloudflare,"{""stackpath"": ""private"", ""cloudflare"": ""third""}",True,False,True,False,"step 2, step 5 (SOA), "
netflix.com,netflix|amazon,"{""netflix"": ""private"", ""amazon"": ""private""}",False,False,True,False,"step 3, step 5 (SOA), "
netflix.net,netflix|amazon,"{""netflix"": ""private"", ""amazon"": ""private""}",False,False,True,False,"step 3, step 5 (SOA), "
netflix520.com,netflix|cloudflare,"{""netflix"": ""private"", ""cloudflare"": ""third""}",True,False,True,False,"step 3, step 5 (SOA), "
netflixstudios.com,netflix|amazon,"{""netflix"": ""private"", ""amazon"": ""third""}",True,False,True,False,"step 3, step 5 (SOA), "
netfoundry.io,amazon|cloudflare,"{""amazon"": ""private"", ""cloudflare"": ""private""}",False,False,True,False,"step 5 (SOA), step 7, "
netlify.app,netlify,"{""netlify"": ""private""}",False,False,False,False,"step 2, "
netlify.com,netlify,"{""netlify"": ""private""}",False,False,False,False,"step 2, "
netlink-connect.com,amazon|twitter,"{""amazon"": ""private"", ""twitter"": ""private""}",False,False,True,False,"step 5 (SOA), step 6, "
netmap.top,cloudflare,"{""cloudflare"": ""private""}",False,False,False,False,"step 5 (SOA), "
netmng.com,akamai,"{""akamai"": ""private""}",False,False,False,False,"step 6, "
netmonet.co,twitter,"{""twitter"": ""private""}",False,False,False,False,"step 6, "
netmoregroup.com,amazon,"{""amazon"": ""private""}",False,False,False,False,"step 5 (SOA), "
netsuite.com,akamai,"{""akamai"": ""private""}",False,False,False,False,"step 6, "
nettvservices.com,amazon|microsoft,"{""amazon"": ""private"", ""microsoft"": ""private""}",False,False,True,False,"step 5 (SOA), step 7, "
networking.apple,apple,"{""apple"": ""private""}",False,False,False,False,"step 1, "
networx.com,digicert,"{""digicert"": ""private""}",False,False,False,False,"step 5 (SOA), "
netwpool.com,cloudflare,"{""cloudflare"": ""private""}",False,False,False,False,"step 5 (SOA), "
newatlas.com,cloudflare,"{""cloudflare"": ""private""}",False,False,False,False,"step 5 (SOA), "
newmitbbs.com,microsoft,"{""microsoft"": ""private""}",False,False,False,False,"step 5 (SOA), "
newreg.co.uk,digicert,"{""digicert"": ""private""}",False,False,False,False,"step 5 (SOA), "
newshunt.com,twitter|akamai,"{""twitter"": ""private"", ""akamai"": ""private""}",False,False,True,False,"step 6, step 7, "
newsinshorts.com,amazon,"{""amazon"": ""private""}",False,False,False,False,"step 5 (SOA), "
newsnationnow.com,fastly,"{""fastly"": ""private""}",False,False,False,False,"step 7, "
newsnationtv.com,cloudflare,"{""cloudflare"": ""private""}",False,False,False,False,"step 5 (SOA), "
newspicks.com,amazon,"{""amazon"": ""private""}",False,False,False,False,"step 5 (SOA), "
newtondistributing.com,cloudflare,"{""cloudflare"": ""private""}",False,False,False,False,"step 5 (SOA), "
newvlist.com,twitter|google,"{""twitter"": ""private"", ""google"": ""private""}",False,False,True,False,"step 6, step 7, "
nexmo.com,amazon,"{""amazon"": ""private""}",False,False,False,False,"step 5 (SOA), "
nexters.com,amazon,"{""amazon"": ""private""}",False,False,False,False,"step 5 (SOA), "
nextiva.xyz,amazon|cloudflare,"{""amazon"": ""private"", ""cloudflare"": ""private""}",False,False,True,False,"step 5 (SOA), step 7, "
nextjs.org,vercel|nextjs,"{""vercel"": ""third"", ""nextjs"": ""private""}",True,False,True,False,"step 6, step 7, "
nextory.app,google,"{""google"": ""private""}",False,False,False,False,"step 5 (SOA), "
nexverse.ai,google,"{""google"": ""private""}",False,False,False,False,"step 7, "
nflxext.com,netflix|amazon,"{""netflix"": ""private"", ""amazon"": ""third""}",True,False,True,False,"step 2, step 5 (SOA), "
nflximg.com,netflix|amazon,"{""netflix"": ""private"", ""amazon"": ""third""}",True,False,True,False,"step 2, step 5 (SOA), "
nflximg.net,netflix|amazon,"{""netflix"": ""private"", ""amazon"": ""third""}",True,False,True,False,"step 2, step 5 (SOA), "
nflxso.net,netflix,"{""netflix"": ""private""}",False,False,False,False,"step 2, "
nflxvideo.net,netflix|amazon,"{""netflix"": ""private"", ""amazon"": ""third""}",True,False,True,False,"step 2, step 5 (SOA), "
ngagelive.com,microsoft|cloudflare,"{""microsoft"": ""private"", ""cloudflare"": ""third""}",True,False,True,False,"step 3, step 5 (SOA), "
ngenix.net,ngenix,"{""ngenix"": ""private""}",False,False,False,False,"step 2, "
ngnet.com.cn,twitter,"{""twitter"": ""private""}",False,False,False,False,"step 6, "
nhk.jp,akamai,"{""akamai"": ""private""}",False,False,False,False,"step 6, "
nicepage.com,amazon,"{""amazon"": ""private""}",False,False,False,False,"step 5 (SOA), "
nicevideo.live,microsoft,"{""microsoft"": ""private""}",False,False,False,False,"step 3, "
nicovideo.jp,amazon,"{""amazon"": ""private""}",False,False,False,False,"step 5 (SOA), "
nightsbridge.com,amazon,"{""amazon"": ""private""}",False,False,False,False,"step 5 (SOA), "
nikkansports.com,amazon,"{""amazon"": ""private""}",False,False,False,False,"step 5 (SOA), "
nikonclub.it,amazon,"{""amazon"": ""private""}",False,False,False,False,"step 5 (SOA), "
ninja-backup.com,amazon|cloudflare,"{""amazon"": ""private"", ""cloudflare"": ""private""}",False,False,True,False,"step 5 (SOA), step 7, "
ninjarmm.com,amazon,"{""amazon"": ""private""}",False,False,False,False,"step 5 (SOA), "
ninjavan.co,google,"{""google"": ""private""}",False,False,False,False,"step 5 (SOA), "
nintechnet.com,cloudflare|twitter,"{""cloudflare"": ""private"", ""twitter"": ""private""}",False,False,True,False,"step 5 (SOA), step 6, "
niointernet.com.br,twitter,"{""twitter"": ""private""}",False,False,False,False,"step 6, "
nissan.eu,amazon,"{""amazon"": ""private""}",False,False,False,False,"step 6, "
nitroleads.ai,amazon,"{""amazon"": ""private""}",False,False,False,False,"step 5 (SOA), "
nityanand.com,fastly,"{""fastly"": ""private""}",False,False,False,False,"step 7, "
niues.live,microsoft|apple,"{""microsoft"": ""private"", ""apple"": ""third""}",True,False,True,False,"step 3, step 5 (SOA), "
niumba.com,amazon,"{""amazon"": ""private""}",False,False,False,False,"step 5 (SOA), "
niur.live,microsoft,"{""microsoft"": ""private""}",False,False,False,False,"step 3, "
njc-web.jp,amazon,"{""amazon"": ""private""}",False,False,False,False,"step 5 (SOA), "
njparcels.com,amazon,"{""amazon"": ""private""}",False,False,False,False,"step 5 (SOA), "
nlnest.com,twitter,"{""twitter"": ""private""}",False,False,False,False,"step 6, "
nm.org,microsoft,"{""microsoft"": ""private""}",False,False,False,False,"step 5 (SOA), "
nocaptchaai.com,cloudflare,"{""cloudflare"": ""private""}",False,False,False,False,"step 5 (SOA), "
nocookie.net,fastly|amazon,"{""fastly"": ""private"", ""amazon"": ""third""}",True,False,True,False,"step 2, step 5 (SOA), "
nodemaven.com,cloudflare,"{""cloudflare"": ""private""}",False,False,False,False,"step 5 (SOA), "
nodesource.com,amazon,"{""amazon"": ""private""}",False,False,False,False,"step 5 (SOA), "
nofraud.com,amazon,"{""amazon"": ""private""}",False,False,False,False,"step 5 (SOA), "
non.li,cloudflare,"{""cloudflare"": ""private""}",False,False,False,False,"step 5 (SOA), "
nonamesec.com,amazon,"{""amazon"": ""private""}",False,False,False,False,"step 5 (SOA), "
noon.com,cloudflare|akamai,"{""cloudflare"": ""private"", ""akamai"": ""private""}",False,False,True,False,"step 5 (SOA), step 6, "
nordcurrent.com,amazon|twitter,"{""amazon"": ""private"", ""twitter"": ""private""}",False,False,True,False,"step 5 (SOA), step 6, "
nordeus.com,google,"{""google"": ""private""}",False,False,False,False,"step 5 (SOA), "
noregon.com,microsoft,"{""microsoft"": ""private""}",False,False,False,False,"step 5 (SOA), "
northsidesun.com,cloudflare,"{""cloudflare"": ""private""}",False,False,False,False,"step 5 (SOA), "
nosv.org,amazon,"{""amazon"": ""private""}",False,False,False,False,"step 5 (SOA), "
notableapple.com,apple,"{""apple"": ""private""}",False,False,False,False,"step 3, "
notcheycreekvet.com,twitter,"{""twitter"": ""private""}",False,False,False,False,"step 6, "
notebooklm.google,google,"{""google"": ""private""}",False,False,False,False,"step 1, "
notejoy.com,amazon,"{""amazon"": ""private""}",False,False,False,False,"step 5 (SOA), "
notino.com,cloudflare,"{""cloudflare"": ""private""}",False,False,False,False,"step 5 (SOA), "
notjustformen.com,cloudflare,"{""cloudflare"": ""private""}",False,False,False,False,"step 7, "
notsy.io,amazon,"{""amazon"": ""private""}",False,False,False,False,"step 5 (SOA), "
novacircle.com,amazon,"{""amazon"": ""private""}",False,False,False,False,"step 5 (SOA), "
novakidschool.com,amazon,"{""amazon"": ""private""}",False,False,False,False,"step 5 (SOA), "
novaposhta.ua,google,"{""google"": ""private""}",False,False,False,False,"step 7, "
novapost.com,google|twitter,"{""google"": ""private"", ""twitter"": ""private""}",False,False,True,False,"step 5 (SOA), step 6, "
novelandbk.com,amazon,"{""amazon"": ""private""}",False,False,False,False,"step 5 (SOA), "
novellive.app,microsoft|cloudflare,"{""microsoft"": ""private"", ""cloudflare"": ""third""}",True,False,True,False,"step 3, step 5 (SOA), "
novyny.live,microsoft|cloudflare,"{""microsoft"": ""private"", ""cloudflare"": ""third""}",True,False,True,False,"step 3, step 5 (SOA), "
now.sh,vercel,"{""vercel"": ""private""}",False,False,False,False,"step 2, "
npaw.com,amazon,"{""amazon"": ""private""}",False,False,False,False,"step 5 (SOA), "
npino.com,amazon,"{""amazon"": ""private""}",False,False,False,False,"step 5 (SOA), "
npolar.no,cloudflare,"{""cloudflare"": ""private""}",False,False,False,False,"step 7, "
nrich.ai,amazon,"{""amazon"": ""private""}",False,False,False,False,"step 5 (SOA), "
nrsplus.com,amazon|cloudflare,"{""amazon"": ""private"", ""cloudflare"": ""private""}",False,False,True,False,"step 5 (SOA), step 7, "
nsnequipment.com,twitter,"{""twitter"": ""private""}",False,False,False,False,"step 6, "
nsngamut.com,twitter,"{""twitter"": ""private""}",False,False,False,False,"step 6, "
ntppool.org,fastly,"{""fastly"": ""private""}",False,False,False,False,"step 6, "
nts.live,microsoft|amazon,"{""microsoft"": ""private"", ""amazon"": ""third""}",True,False,True,False,"step 3, step 5 (SOA), "
nuancepowershare.com,microsoft,"{""microsoft"": ""private""}",False,False,False,False,"step 6, "
nullob.si,cloudflare,"{""cloudflare"": ""private""}",False,False,False,False,"step 5 (SOA), "
numerade.com,amazon,"{""amazon"": ""private""}",False,False,False,False,"step 5 (SOA), "
nuroa.com,amazon,"{""amazon"": ""private""}",False,False,False,False,"step 5 (SOA), "
nutaku.net,amazon,"{""amazon"": ""private""}",False,False,False,False,"step 5 (SOA), "
nuvehvac.com,amazon,"{""amazon"": ""private""}",False,False,False,False,"step 5 (SOA), "
nuvid.com,cloudflare,"{""cloudflare"": ""private""}",False,False,False,False,"step 5 (SOA), "
nyansa.com,amazon,"{""amazon"": ""private""}",False,False,False,False,"step 5 (SOA), "
nymag.com,amazon,"{""amazon"": ""private""}",False,False,False,False,"step 5 (SOA), "
nyt.net,fastly,"{""fastly"": ""private""}",False,False,False,False,"step 6, "
nytimes.com,fastly,"{""fastly"": ""private""}",False,False,False,False,"step 6, "
o-s.io,google,"{""google"": ""private""}",False,False,False,False,"step 5 (SOA), "
oast.live,microsoft,"{""microsoft"": ""private""}",False,False,False,False,"step 3, "
obb.cloud,google,"{""google"": ""private""}",False,False,False,False,"step 5 (SOA), "
oblivionvpn.ru,cloudflare,"{""cloudflare"": ""private""}",False,False,False,False,"step 5 (SOA), "
oce.com,microsoft,"{""microsoft"": ""private""}",False,False,False,False,"step 5 (SOA), "
octanerender.com,cloudflare|render,"{""cloudflare"": ""private"", ""render"": ""private""}",False,False,True,False,"step 5 (SOA), step 6, "
octoeverywhere.com,cloudflare|microsoft,"{""cloudflare"": ""private"", ""microsoft"": ""private""}",False,False,True,False,"step 5 (SOA), step 6, "
oddle.me,cloudflare,"{""cloudflare"": ""private""}",False,False,False,False,"step 5 (SOA), "
odeeo.live,microsoft|cloudflare,"{""microsoft"": ""private"", ""cloudflare"": ""third""}",True,False,True,False,"step 3, step 5 (SOA), "
oercommons.org,amazon,"{""amazon"": ""private""}",False,False,False,False,"step 5 (SOA), "
office365-net.cn,microsoft,"{""microsoft"": ""private""}",False,False,False,False,"step 3, "
office365-net.us,microsoft,"{""microsoft"": ""private""}",False,False,False,False,"step 3, "
office365.cn,microsoft,"{""microsoft"": ""private""}",False,False,False,False,"step 3, "
office365.com,microsoft,"{""microsoft"": ""private""}",False,False,False,False,"step 3, "
office365.us,microsoft,"{""microsoft"": ""private""}",False,False,False,False,"step 3, "
officewebapps.cn,microsoft,"{""microsoft"": ""private""}",False,False,False,False,"step 5 (SOA), "
ogslb.com,zenlayer|amazon,"{""zenlayer"": ""private"", ""amazon"": ""third""}",True,False,True,False,"step 2, step 5 (SOA), "
oilprice.com,amazon,"{""amazon"": ""private""}",False,False,False,False,"step 5 (SOA), "
ojcommerce.com,microsoft,"{""microsoft"": ""private""}",False,False,False,False,"step 5 (SOA), "
okasconcepts.com,cloudflare,"{""cloudflare"": ""private""}",False,False,False,False,"step 5 (SOA), "
okichatapp.com,cloudflare,"{""cloudflare"": ""private""}",False,False,False,False,"step 5 (SOA), "
oksping.com,cloudflare,"{""cloudflare"": ""private""}",False,False,False,False,"step 5 (SOA), "
olathetoyota.com,cloudflare,"{""cloudflare"": ""private""}",False,False,False,False,"step 7, "
olbg.com,digicert,"{""digicert"": ""private""}",False,False,False,False,"step 5 (SOA), "
oldspice.com,microsoft|cloudflare,"{""microsoft"": ""private"", ""cloudflare"": ""private""}",False,False,True,False,"step 5 (SOA), step 7, "
olelive.com,microsoft|cloudflare,"{""microsoft"": ""private"", ""cloudflare"": ""third""}",True,False,True,False,"step 3, step 5 (SOA), "
olist.com,amazon|twitter|cloudflare,"{""amazon"": ""private"", ""twitter"": ""private"", ""cloudflare"": ""private""}",False,False,True,False,"step 5 (SOA), step 6, step 7, "
olivegarden.com,microsoft,"{""microsoft"": ""private""}",False,False,False,False,"step 3, "
oliveoiltimes.com,microsoft|cloudflare,"{""microsoft"": ""private"", ""cloudflare"": ""third""}",True,False,True,False,"step 3, step 5 (SOA), "
oliverpollak.com,microsoft,"{""microsoft"": ""private""}",False,False,False,False,"step 3, "
olivetree.com,microsoft|amazon,"{""microsoft"": ""private"", ""amazon"": ""third""}",True,False,True,False,"step 3, step 5 (SOA), "
olivetreepeople.com,microsoft|shopify|cloudflare,"{""microsoft"": ""private"", ""shopify"": ""third"", ""cloudflare"": ""third""}",True,False,True,True,"step 3, step 6, step 7, "
olivetti.com,microsoft,"{""microsoft"": ""private""}",False,False,False,False,"step 3, "
oliveyoung.co.kr,microsoft|cloudflare,"{""microsoft"": ""private"", ""cloudflare"": ""third""}",True,False,True,False,"step 3, step 6, "
oliveyoung.com,microsoft|amazon|cloudflare,"{""microsoft"": ""private"", ""amazon"": ""third"", ""cloudflare"": ""third""}",True,False,True,True,"step 3, step 5 (SOA), step 6, "
olymptrade.com,amazon|cloudflare,"{""amazon"": ""private"", ""cloudflare"": ""private""}",False,False,True,False,"step 5 (SOA), step 7, "
ome.lt,amazon,"{""amazon"": ""private""}",False,False,False,False,"step 5 (SOA), "
omegacommerce.com,cloudflare,"{""cloudflare"": ""private""}",False,False,False,False,"step 5 (SOA), "
omniapp.co,amazon,"{""amazon"": ""private""}",False,False,False,False,"step 5 (SOA), "
omniglot.com,twitter,"{""twitter"": ""private""}",False,False,False,False,"step 6, "
omniroot.com,twitter,"{""twitter"": ""private""}",False,False,False,False,"step 6, "
omnissahorizon.com,microsoft,"{""microsoft"": ""private""}",False,False,False,False,"step 5 (SOA), "
oms.live,microsoft|cloudflare,"{""microsoft"": ""private"", ""cloudflare"": ""third""}",True,False,True,False,"step 3, step 5 (SOA), "
omtrdc.net,adobe,"{""adobe"": ""private""}",False,False,False,False,"step 2, "
on-cloud.live,microsoft,"{""microsoft"": ""private""}",False,False,False,False,"step 3, "
on.aws,amazon,"{""amazon"": ""private""}",False,False,False,False,"step 3, "
on24.com,cloudflare,"{""cloudflare"": ""private""}",False,False,False,False,"step 7, "
one-bid.com,cloudflare,"{""cloudflare"": ""private""}",False,False,False,False,"step 5 (SOA), "
one.co.il,digicert,"{""digicert"": ""private""}",False,False,False,False,"step 5 (SOA), "
onedatasource.com,amazon,"{""amazon"": ""private""}",False,False,False,False,"step 5 (SOA), "
onedrive.us,microsoft,"{""microsoft"": ""private""}",False,False,False,False,"step 5 (SOA), "
oneid.live,microsoft|amazon,"{""microsoft"": ""private"", ""amazon"": ""third""}",True,False,True,False,"step 3, step 5 (SOA), "
onfirstup.com,amazon,"{""amazon"": ""private""}",False,False,False,False,"step 5 (SOA), "
onlinebookclub.org,cloudflare,"{""cloudflare"": ""private""}",False,False,False,False,"step 5 (SOA), "
onlinerealsoft.com,twitter,"{""twitter"": ""private""}",False,False,False,False,"step 6, "
onlinetours.ru,cloudflare,"{""cloudflare"": ""private""}",False,False,False,False,"step 5 (SOA), "
onlyplay.net,amazon,"{""amazon"": ""private""}",False,False,False,False,"step 5 (SOA), "
onmicrosoft.com,microsoft,"{""microsoft"": ""private""}",False,False,False,False,"step 3, "
onnext.com.br,twitter,"{""twitter"": ""private""}",False,False,False,False,"step 6, "
onrender.com,render|amazon,"{""render"": ""private"", ""amazon"": ""third""}",True,False,True,False,"step 2, step 5 (SOA), "
onthesnow.co.uk,amazon,"{""amazon"": ""private""}",False,False,False,False,"step 5 (SOA), "
onthesnow.com,amazon,"{""amazon"": ""private""}",False,False,False,False,"step 5 (SOA), "
ontolt.com,twitter,"{""twitter"": ""private""}",False,False,False,False,"step 6, "
onton.com,amazon,"{""amazon"": ""private""}",False,False,False,False,"step 5 (SOA), "
onvio.com.br,amazon,"{""amazon"": ""private""}",False,False,False,False,"step 5 (SOA), "
onvio.us,amazon,"{""amazon"": ""private""}",False,False,False,False,"step 5 (SOA), "
onwebchat.com,twitter,"{""twitter"": ""private""}",False,False,False,False,"step 6, "
onxmaps.com,google,"{""google"": ""private""}",False,False,False,False,"step 5 (SOA), "
ooma.in,cloudflare,"{""cloudflare"": ""private""}",False,False,False,False,"step 5 (SOA), "
oomanet.com,twitter,"{""twitter"": ""private""}",False,False,False,False,"step 6, "
opal.google,google,"{""google"": ""private""}",False,False,False,False,"step 1, "
opednews.com,cloudflare,"{""cloudflare"": ""private""}",False,False,False,False,"step 5 (SOA), "
open-vsx.org,amazon|fastly,"{""amazon"": ""private"", ""fastly"": ""private""}",False,False,True,False,"step 5 (SOA), step 7, "
open.ch,google|cloudflare,"{""google"": ""private"", ""cloudflare"": ""private""}",False,False,True,False,"step 5 (SOA), step 7, "
opendatabot.ua,cloudflare,"{""cloudflare"": ""private""}",False,False,False,False,"step 5 (SOA), "
opendentalsoft.com,twitter,"{""twitter"": ""private""}",False,False,False,False,"step 6, "
opened.co,cloudflare,"{""cloudflare"": ""private""}",False,False,False,False,"step 5 (SOA), "
openpowerlifting.org,google,"{""google"": ""private""}",False,False,False,False,"step 5 (SOA), "
openprovider.nl,amazon,"{""amazon"": ""private""}",False,False,False,False,"step 5 (SOA), "
opensolar.com,amazon|cloudflare,"{""amazon"": ""private"", ""cloudflare"": ""private""}",False,False,True,False,"step 5 (SOA), step 7, "
openstax.org,amazon,"{""amazon"": ""private""}",False,False,False,False,"step 5 (SOA), "
openweathermap.org,amazon,"{""amazon"": ""private""}",False,False,False,False,"step 5 (SOA), "
openwebtorrent.com,cloudflare|twitter|fastly,"{""cloudflare"": ""private"", ""twitter"": ""private"", ""fastly"": ""private""}",False,False,True,False,"step 5 (SOA), step 6, step 7, "
opera.com,opera,"{""opera"": ""private""}",False,False,False,False,"step 2, "
operacdn.com,opera,"{""opera"": ""private""}",False,False,False,False,"step 2, "
opnebunnysaurus.com,bunnycdn|cloudflare,"{""bunnycdn"": ""private"", ""cloudflare"": ""third""}",True,False,True,False,"step 3, step 5 (SOA), "
opnxng.com,cloudflare,"{""cloudflare"": ""private""}",False,False,False,False,"step 5 (SOA), "
opsbunny.net,bunnycdn,"{""bunnycdn"": ""private""}",False,False,False,False,"step 3, "
oraclecloud.com,oracle|akamai,"{""oracle"": ""private"", ""akamai"": ""third""}",True,False,True,False,"step 2, step 6, "
orangeinsect.com,twitter,"{""twitter"": ""private""}",False,False,False,False,"step 6, "
orayimg.com,yahoo,"{""yahoo"": ""private""}",False,False,False,False,"step 3, "
orbi.kr,amazon,"{""amazon"": ""private""}",False,False,False,False,"step 5 (SOA), "
orbitvu.co,amazon,"{""amazon"": ""private""}",False,False,False,False,"step 5 (SOA), "
orcasecurity.io,amazon,"{""amazon"": ""private""}",False,False,False,False,"step 5 (SOA), "
orderkuota.com,cloudflare,"{""cloudflare"": ""private""}",False,False,False,False,"step 5 (SOA), "
ordnet.dk,amazon,"{""amazon"": ""private""}",False,False,False,False,"step 5 (SOA), "
oregonlive.com,microsoft|akamai,"{""microsoft"": ""private"", ""akamai"": ""third""}",True,False,True,False,"step 3, step 6, "
oriflame.com,microsoft,"{""microsoft"": ""private""}",False,False,False,False,"step 5 (SOA), "
orlandoweekly.com,cloudflare,"{""cloudflare"": ""private""}",False,False,False,False,"step 5 (SOA), "
ormsystems.com,cloudflare,"{""cloudflare"": ""private""}",False,False,False,False,"step 5 (SOA), "
oroinc.com,cloudflare,"{""cloudflare"": ""private""}",False,False,False,False,"step 7, "
osf.io,google,"{""google"": ""private""}",False,False,False,False,"step 5 (SOA), "
osgeo.org,cloudflare,"{""cloudflare"": ""private""}",False,False,False,False,"step 5 (SOA), "
ospariessolkaws.com,amazon|cloudflare,"{""amazon"": ""private"", ""cloudflare"": ""third""}",True,False,True,False,"step 3, step 5 (SOA), "
ota-cloudfront.net,amazon,"{""amazon"": ""private""}",False,False,False,False,"step 3, "
otmws.com.br,amazon|cloudflare,"{""amazon"": ""private"", ""cloudflare"": ""private""}",False,False,True,False,"step 5 (SOA), step 6, "
otpbank.hu,microsoft,"{""microsoft"": ""private""}",False,False,False,False,"step 6, "
otter.ai,amazon|cloudflare,"{""amazon"": ""private"", ""cloudflare"": ""private""}",False,False,True,False,"step 5 (SOA), step 7, "
otto.de,akamai,"{""akamai"": ""private""}",False,False,False,False,"step 6, "
oursportscentral.com,cloudflare,"{""cloudflare"": ""private""}",False,False,False,False,"step 5 (SOA), "
outandaboutlive.co.uk,microsoft|cloudflare,"{""microsoft"": ""private"", ""cloudflare"": ""third""}",True,False,True,False,"step 3, step 5 (SOA), "
outbyte.com,amazon,"{""amazon"": ""private""}",False,False,False,False,"step 5 (SOA), "
outdoorplaces.com,amazon,"{""amazon"": ""private""}",False,False,False,False,"step 5 (SOA), "
outsideonline.com,cloudflare,"{""cloudflare"": ""private""}",False,False,False,False,"step 5 (SOA), "
outsystemsenterprise.com,amazon,"{""amazon"": ""private""}",False,False,False,False,"step 5 (SOA), "
ovcirrus.com,cloudflare,"{""cloudflare"": ""private""}",False,False,False,False,"step 5 (SOA), "
oveeo.com,google,"{""google"": ""private""}",False,False,False,False,"step 7, "
overcast.fm,cloudflare,"{""cloudflare"": ""private""}",False,False,False,False,"step 5 (SOA), "
overfuel.com,amazon,"{""amazon"": ""private""}",False,False,False,False,"step 5 (SOA), "
overleaf.com,cloudflare,"{""cloudflare"": ""private""}",False,False,False,False,"step 5 (SOA), "
ovh.com,ovh,"{""ovh"": ""private""}",False,False,False,False,"step 2, "
ovh.net,ovh,"{""ovh"": ""private""}",False,False,False,False,"step 2, "
ovhcloud.com,ovh,"{""ovh"": ""private""}",False,False,False,False,"step 2, "
ovidds.com,amazon,"{""amazon"": ""private""}",False,False,False,False,"step 5 (SOA), "
ovo.id,amazon,"{""amazon"": ""private""}",False,False,False,False,"step 5 (SOA), "
ow.ly,amazon,"{""amazon"": ""private""}",False,False,False,False,"step 5 (SOA), "
owletdata.com,google,"{""google"": ""private""}",False,False,False,False,"step 5 (SOA), "
owm.io,amazon,"{""amazon"": ""private""}",False,False,False,False,"step 5 (SOA), "
owncloud.com,cloudflare,"{""cloudflare"": ""private""}",False,False,False,False,"step 5 (SOA), "
oyez.org,amazon,"{""amazon"": ""private""}",False,False,False,False,"step 5 (SOA), "
ozolio.com,cloudflare,"{""cloudflare"": ""private""}",False,False,False,False,"step 5 (SOA), "
p-dc-msedge.net,microsoft,"{""microsoft"": ""private""}",False,False,False,False,"step 3, "
p-msedge.net,microsoft,"{""microsoft"": ""private""}",False,False,False,False,"step 3, "
p2asia.asia,cloudflare,"{""cloudflare"": ""private""}",False,False,False,False,"step 5 (SOA), "
p2elite.com,cloudflare,"{""cloudflare"": ""private""}",False,False,False,False,"step 5 (SOA), "
p2pquake.net,cloudflare,"{""cloudflare"": ""private""}",False,False,False,False,"step 5 (SOA), "
p6m.live,microsoft|cloudflare,"{""microsoft"": ""private"", ""cloudflare"": ""third""}",True,False,True,False,"step 3, step 5 (SOA), "
paa-reporting-advertising.amazon,amazon,"{""amazon"": ""private""}",False,False,False,False,"step 3, "
paciencia.co,amazon,"{""amazon"": ""private""}",False,False,False,False,"step 5 (SOA), "
packhacker.com,google,"{""google"": ""private""}",False,False,False,False,"step 5 (SOA), "
packzy.com,amazon,"{""amazon"": ""private""}",False,False,False,False,"step 5 (SOA), "
pacloudflare.com,cloudflare,"{""cloudflare"": ""private""}",False,False,False,False,"step 3, "
pactsafe.io,amazon,"{""amazon"": ""private""}",False,False,False,False,"step 5 (SOA), "
padnd.com,sucuri,"{""sucuri"": ""private""}",False,False,False,False,"step 7, "
pageloft.de,cloudflare,"{""cloudflare"": ""private""}",False,False,False,False,"step 5 (SOA), "
pages.dev,cloudflare,"{""cloudflare"": ""private""}",False,False,False,False,"step 2, "
pagesjaunes.ca,amazon,"{""amazon"": ""private""}",False,False,False,False,"step 5 (SOA), "
pakketo.com,cloudflare,"{""cloudflare"": ""private""}",False,False,False,False,"step 5 (SOA), "
pampabay.com,cloudflare,"{""cloudflare"": ""private""}",False,False,False,False,"step 7, "
pancake.vn,cloudflare,"{""cloudflare"": ""private""}",False,False,False,False,"step 5 (SOA), "
pandalive.co.kr,microsoft|amazon,"{""microsoft"": ""private"", ""amazon"": ""third""}",True,False,True,False,"step 3, step 5 (SOA), "
pangea.cloud,amazon,"{""amazon"": ""private""}",False,False,False,False,"step 5 (SOA), "
panopta.com,amazon,"{""amazon"": ""private""}",False,False,False,False,"step 5 (SOA), "
panopto.com,amazon|cloudflare,"{""amazon"": ""private"", ""cloudflare"": ""private""}",False,False,True,False,"step 5 (SOA), step 7, "
panoramafirm.pl,amazon,"{""amazon"": ""private""}",False,False,False,False,"step 5 (SOA), "
panow.com,cloudflare,"{""cloudflare"": ""private""}",False,False,False,False,"step 5 (SOA), "
pansolucoes.com.br,akamai,"{""akamai"": ""private""}",False,False,False,False,"step 6, "
pantheon.io,amazon,"{""amazon"": ""private""}",False,False,False,False,"step 5 (SOA), "
pantheon.world,cloudflare,"{""cloudflare"": ""private""}",False,False,False,False,"step 5 (SOA), "
pantheonsite.io,amazon,"{""amazon"": ""private""}",False,False,False,False,"step 5 (SOA), "
papimo.jp,amazon,"{""amazon"": ""private""}",False,False,False,False,"step 5 (SOA), "
paradox-interactive.com,amazon,"{""amazon"": ""private""}",False,False,False,False,"step 5 (SOA), "
parallelgame.com,google,"{""google"": ""private""}",False,False,False,False,"step 5 (SOA), "
parameter1.com,amazon|cloudflare,"{""amazon"": ""private"", ""cloudflare"": ""private""}",False,False,True,False,"step 5 (SOA), step 6, "
parastorage.com,wix|amazon,"{""wix"": ""private"", ""amazon"": ""third""}",True,False,True,False,"step 2, step 6, "
parcellab.com,amazon|cloudflare,"{""amazon"": ""private"", ""cloudflare"": ""private""}",False,False,True,False,"step 5 (SOA), step 7, "
parentseveningsystem.co.uk,digicert|fastly,"{""digicert"": ""private"", ""fastly"": ""private""}",False,False,True,False,"step 5 (SOA), step 7, "
pariplaygames.com,cloudflare,"{""cloudflare"": ""private""}",False,False,False,False,"step 5 (SOA), "
parthadex.com,google,"{""google"": ""private""}",False,False,False,False,"step 7, "
partnerwebsitedns.com,amazon,"{""amazon"": ""private""}",False,False,False,False,"step 5 (SOA), "
partshawk.com,fastly,"{""fastly"": ""private""}",False,False,False,False,"step 7, "
pascalpress.com.au,cloudflare,"{""cloudflare"": ""private""}",False,False,False,False,"step 7, "
pason.com,amazon,"{""amazon"": ""private""}",False,False,False,False,"step 5 (SOA), "
passthepopcorn.me,cloudflare,"{""cloudflare"": ""private""}",False,False,False,False,"step 5 (SOA), "
passtime.eu,cloudflare,"{""cloudflare"": ""private""}",False,False,False,False,"step 5 (SOA), "
patralogistik.com,cloudflare,"{""cloudflare"": ""private""}",False,False,False,False,"step 5 (SOA), "
pawshakecdn.io,amazon|cloudflare,"{""amazon"": ""private"", ""cloudflare"": ""third""}",True,False,True,False,"step 3, step 5 (SOA), "
pax.us,cloudflare,"{""cloudflare"": ""private""}",False,False,False,False,"step 7, "
payfast.co.za,twitter,"{""twitter"": ""private""}",False,False,False,False,"step 6, "
payjoy.com,amazon,"{""amazon"": ""private""}",False,False,False,False,"step 5 (SOA), "
paykobo.com,cloudflare|sucuri,"{""cloudflare"": ""private"", ""sucuri"": ""private""}",False,False,True,False,"step 5 (SOA), step 7, "
paylab.com,amazon,"{""amazon"": ""private""}",False,False,False,False,"step 5 (SOA), "
paylution.com,amazon,"{""amazon"": ""private""}",False,False,False,False,"step 5 (SOA), "
payme.uz,amazon,"{""amazon"": ""private""}",False,False,False,False,"step 5 (SOA), "
paymentico.com,cloudflare,"{""cloudflare"": ""private""}",False,False,False,False,"step 5 (SOA), "
payments-amazon.com,amazon,"{""amazon"": ""private""}",False,False,False,False,"step 3, "
paypal.com,cloudflare,"{""cloudflare"": ""private""}",False,False,False,False,"step 6, "
paywithmybank.com,amazon,"{""amazon"": ""private""}",False,False,False,False,"step 5 (SOA), "
pbssrv-centralevents.com,amazon|google,"{""amazon"": ""private"", ""google"": ""private""}",False,False,True,False,"step 5 (SOA), step 7, "
pcapredict.com,amazon|twitter,"{""amazon"": ""private"", ""twitter"": ""private""}",False,False,True,False,"step 5 (SOA), step 6, "
pcloud.com,amazon,"{""amazon"": ""private""}",False,False,False,False,"step 5 (SOA), "
pcradio.app,cloudflare,"{""cloudflare"": ""private""}",False,False,False,False,"step 5 (SOA), "
pdaws.net,amazon,"{""amazon"": ""private""}",False,False,False,False,"step 3, "
pdfexpert.com,google|twitter,"{""google"": ""private"", ""twitter"": ""private""}",False,False,True,False,"step 5 (SOA), step 6, "
pdffileplusinc.live,microsoft|cloudflare,"{""microsoft"": ""private"", ""cloudflare"": ""third""}",True,False,True,False,"step 3, step 5 (SOA), "
pdfjs.express,amazon,"{""amazon"": ""private""}",False,False,False,False,"step 5 (SOA), "
pdfnotebookclub.live,microsoft,"{""microsoft"": ""private""}",False,False,False,False,"step 3, "
pdfreadergoal.live,microsoft|cloudflare,"{""microsoft"": ""private"", ""cloudflare"": ""third""}",True,False,True,False,"step 3, step 5 (SOA), "
pdfviewerprosinc.live,microsoft|cloudflare,"{""microsoft"": ""private"", ""cloudflare"": ""third""}",True,False,True,False,"step 3, step 5 (SOA), "
pdfviewerscannerstore.live,microsoft|cloudflare,"{""microsoft"": ""private"", ""cloudflare"": ""third""}",True,False,True,False,"step 3, step 5 (SOA), "
peachworlds.com,amazon,"{""amazon"": ""private""}",False,False,False,False,"step 5 (SOA), "
peakdigital.cloud,cloudflare,"{""cloudflare"": ""private""}",False,False,False,False,"step 5 (SOA), "
peakgames.net,amazon,"{""amazon"": ""private""}",False,False,False,False,"step 5 (SOA), "
pearlresearch.ai,google,"{""google"": ""private""}",False,False,False,False,"step 5 (SOA), "
pearsonvue.com,amazon,"{""amazon"": ""private""}",False,False,False,False,"step 5 (SOA), "
peatix.com,amazon,"{""amazon"": ""private""}",False,False,False,False,"step 5 (SOA), "
pebmed.com.br,amazon,"{""amazon"": ""private""}",False,False,False,False,"step 5 (SOA), "
peekvids.com,cloudflare,"{""cloudflare"": ""private""}",False,False,False,False,"step 5 (SOA), "
peerflow.io,google,"{""google"": ""private""}",False,False,False,False,"step 5 (SOA), "
peertopeer.cc,cloudflare,"{""cloudflare"": ""private""}",False,False,False,False,"step 5 (SOA), "
pelmorex.com,amazon,"{""amazon"": ""private""}",False,False,False,False,"step 5 (SOA), "
penmai.com,cloudflare,"{""cloudflare"": ""private""}",False,False,False,False,"step 5 (SOA), "
pennlive.com,microsoft|akamai,"{""microsoft"": ""private"", ""akamai"": ""third""}",True,False,True,False,"step 3, step 6, "
pensoft.net,cloudflare,"{""cloudflare"": ""private""}",False,False,False,False,"step 5 (SOA), "
pentagon-group.co.uk,cloudflare,"{""cloudflare"": ""private""}",False,False,False,False,"step 5 (SOA), "
peopleadmin.com,cloudflare,"{""cloudflare"": ""private""}",False,False,False,False,"step 5 (SOA), "
peopleperhour.com,amazon,"{""amazon"": ""private""}",False,False,False,False,"step 5 (SOA), "
peopleplanner.biz,cloudflare,"{""cloudflare"": ""private""}",False,False,False,False,"step 5 (SOA), "
peoplestrong.com,amazon,"{""amazon"": ""private""}",False,False,False,False,"step 5 (SOA), "
peoplewin.com,amazon,"{""amazon"": ""private""}",False,False,False,False,"step 5 (SOA), "
pepperjamnetwork.com,amazon,"{""amazon"": ""private""}",False,False,False,False,"step 5 (SOA), "
pepperstone.com,amazon,"{""amazon"": ""private""}",False,False,False,False,"step 5 (SOA), "
percent-calc.com,cloudflare,"{""cloudflare"": ""private""}",False,False,False,False,"step 5 (SOA), "
perception-point.io,amazon,"{""amazon"": ""private""}",False,False,False,False,"step 5 (SOA), "
perfectworldgames.com,amazon,"{""amazon"": ""private""}",False,False,False,False,"step 5 (SOA), "
performax.cz,cloudflare,"{""cloudflare"": ""private""}",False,False,False,False,"step 5 (SOA), "
perfumesclub.co.uk,amazon,"{""amazon"": ""private""}",False,False,False,False,"step 5 (SOA), "
perfumesclub.com,amazon,"{""amazon"": ""private""}",False,False,False,False,"step 5 (SOA), "
periscope.tv,amazon,"{""amazon"": ""private""}",False,False,False,False,"step 5 (SOA), "
perl.org,fastly,"{""fastly"": ""private""}",False,False,False,False,"step 6, "
personaclick.com,cloudflare,"{""cloudflare"": ""private""}",False,False,False,False,"step 5 (SOA), "
personalabs.com,cloudflare,"{""cloudflare"": ""private""}",False,False,False,False,"step 5 (SOA), "
personalizer.io,cloudflare,"{""cloudflare"": ""private""}",False,False,False,False,"step 5 (SOA), "
pertamina-ptc.com,cloudflare,"{""cloudflare"": ""private""}",False,False,False,False,"step 7, "
petrobras.com.br,amazon,"{""amazon"": ""private""}",False,False,False,False,"step 5 (SOA), "
petshop.ru,cloudflare,"{""cloudflare"": ""private""}",False,False,False,False,"step 5 (SOA), "
pgbuynow.com,microsoft,"{""microsoft"": ""private""}",False,False,False,False,"step 5 (SOA), "
pgr21.com,cloudflare,"{""cloudflare"": ""private""}",False,False,False,False,"step 5 (SOA), "
phillips.com,amazon,"{""amazon"": ""private""}",False,False,False,False,"step 5 (SOA), "
phlextmf.com,cloudflare,"{""cloudflare"": ""private""}",False,False,False,False,"step 5 (SOA), "
phncdn.com,amazon,"{""amazon"": ""private""}",False,False,False,False,"step 5 (SOA), "
pho.to,amazon,"{""amazon"": ""private""}",False,False,False,False,"step 5 (SOA), "
phoeniciafoods.com,cloudflare,"{""cloudflare"": ""private""}",False,False,False,False,"step 7, "
phoenix-widget.com,twitter,"{""twitter"": ""private""}",False,False,False,False,"step 6, "
phonandroid.com,google|cloudflare,"{""google"": ""private"", ""cloudflare"": ""third""}",True,False,True,False,"step 3, step 5 (SOA), "
phonebookrecoveries.live,microsoft|cloudflare,"{""microsoft"": ""private"", ""cloudflare"": ""third""}",True,False,True,False,"step 3, step 5 (SOA), "
photoeditorapps.com,google,"{""google"": ""private""}",False,False,False,False,"step 5 (SOA), "
photopea.com,cloudflare,"{""cloudflare"": ""private""}",False,False,False,False,"step 5 (SOA), "
photos.com,amazon,"{""amazon"": ""private""}",False,False,False,False,"step 5 (SOA), "
photoshop.com,amazon,"{""amazon"": ""private""}",False,False,False,False,"step 5 (SOA), "
phpentertainment.live,microsoft|cloudflare,"{""microsoft"": ""private"", ""cloudflare"": ""third""}",True,False,True,False,"step 3, step 5 (SOA), "
phraseapp.com,amazon,"{""amazon"": ""private""}",False,False,False,False,"step 5 (SOA), "
phusionpassenger.com,amazon,"{""amazon"": ""private""}",False,False,False,False,"step 5 (SOA), "
pic2.me,cloudflare,"{""cloudflare"": ""private""}",False,False,False,False,"step 5 (SOA), "
picdn.vip,cloudflare,"{""cloudflare"": ""private""}",False,False,False,False,"step 5 (SOA), "
pickrr.com,cloudflare,"{""cloudflare"": ""private""}",False,False,False,False,"step 5 (SOA), "
picodi.com,amazon,"{""amazon"": ""private""}",False,False,False,False,"step 5 (SOA), "
picooc-int.com,twitter,"{""twitter"": ""private""}",False,False,False,False,"step 6, "
picqer.com,amazon,"{""amazon"": ""private""}",False,False,False,False,"step 5 (SOA), "
piesocket.com,cloudflare|twitter,"{""cloudflare"": ""private"", ""twitter"": ""private""}",False,False,True,False,"step 5 (SOA), step 6, "
pikabu.ru,cloudflare,"{""cloudflare"": ""private""}",False,False,False,False,"step 5 (SOA), "
pikpok.com,amazon,"{""amazon"": ""private""}",False,False,False,False,"step 5 (SOA), "
pilotlive.co.za,microsoft|cloudflare,"{""microsoft"": ""private"", ""cloudflare"": ""third""}",True,False,True,False,"step 3, step 5 (SOA), "
pilotsofamerica.com,amazon,"{""amazon"": ""private""}",False,False,False,False,"step 5 (SOA), "
pimpbunny.com,bunnycdn|cloudflare,"{""bunnycdn"": ""private"", ""cloudflare"": ""third""}",True,False,True,False,"step 3, step 5 (SOA), "
pinalindrahusth.com,cloudflare,"{""cloudflare"": ""private""}",False,False,False,False,"step 5 (SOA), "
pincali.com,amazon,"{""amazon"": ""private""}",False,False,False,False,"step 5 (SOA), "
ping0.cc,cloudflare,"{""cloudflare"": ""private""}",False,False,False,False,"step 5 (SOA), "
pingler.com,cloudflare,"{""cloudflare"": ""private""}",False,False,False,False,"step 5 (SOA), "
pinimg.com,pinterest,"{""pinterest"": ""private""}",False,False,False,False,"step 2, "
pinkbike.org,cloudflare,"{""cloudflare"": ""private""}",False,False,False,False,"step 5 (SOA), "
pinterest.com,akamai|twitter,"{""akamai"": ""private"", ""twitter"": ""private""}",False,False,True,False,"step 6, step 6, "
pioneerex.org,amazon|cloudflare,"{""amazon"": ""private"", ""cloudflare"": ""private""}",False,False,True,False,"step 5 (SOA), step 6, "
pippa.io,amazon,"{""amazon"": ""private""}",False,False,False,False,"step 5 (SOA), "
piratebay.live,microsoft|cloudflare,"{""microsoft"": ""private"", ""cloudflare"": ""third""}",True,False,True,False,"step 3, step 5 (SOA), "
pirateproxylive.org,microsoft|cloudflare,"{""microsoft"": ""private"", ""cloudflare"": ""third""}",True,False,True,False,"step 3, step 5 (SOA), "
pissedconsumer.com,amazon,"{""amazon"": ""private""}",False,False,False,False,"step 5 (SOA), "
pita.live,microsoft|cloudflare,"{""microsoft"": ""private"", ""cloudflare"": ""third""}",True,False,True,False,"step 3, step 5 (SOA), "
pitchbook.com,amazon,"{""amazon"": ""private""}",False,False,False,False,"step 5 (SOA), "
piwik.pro,amazon,"{""amazon"": ""private""}",False,False,False,False,"step 5 (SOA), "
pix11.com,fastly,"{""fastly"": ""private""}",False,False,False,False,"step 7, "
pixelbin.io,google|cloudflare,"{""google"": ""private"", ""cloudflare"": ""private""}",False,False,True,False,"step 5 (SOA), step 6, "
pixelimpact.live,microsoft|cloudflare,"{""microsoft"": ""private"", ""cloudflare"": ""third""}",True,False,True,False,"step 3, step 5 (SOA), "
pixers.de,cloudflare,"{""cloudflare"": ""private""}",False,False,False,False,"step 5 (SOA), "
pixers.pics,cloudflare,"{""cloudflare"": ""private""}",False,False,False,False,"step 5 (SOA), "
pixers.uk,cloudflare,"{""cloudflare"": ""private""}",False,False,False,False,"step 5 (SOA), "
pixers.us,cloudflare,"{""cloudflare"": ""private""}",False,False,False,False,"step 5 (SOA), "
pixnet.tw,cloudflare|amazon,"{""cloudflare"": ""private"", ""amazon"": ""private""}",False,False,True,False,"step 5 (SOA), step 6, "
pji.nu,cloudflare,"{""cloudflare"": ""private""}",False,False,False,False,"step 5 (SOA), "
pk-live.cn,microsoft,"{""microsoft"": ""private""}",False,False,False,False,"step 3, "
pkt.pl,amazon,"{""amazon"": ""private""}",False,False,False,False,"step 5 (SOA), "
placeit.net,cloudflare,"{""cloudflare"": ""private""}",False,False,False,False,"step 5 (SOA), "
planetradio.co.uk,amazon,"{""amazon"": ""private""}",False,False,False,False,"step 5 (SOA), "
planfix.com,amazon,"{""amazon"": ""private""}",False,False,False,False,"step 5 (SOA), "
planfix.ru,amazon,"{""amazon"": ""private""}",False,False,False,False,"step 5 (SOA), "
planhub.com,cloudflare,"{""cloudflare"": ""private""}",False,False,False,False,"step 7, "
plantly.io,cloudflare,"{""cloudflare"": ""private""}",False,False,False,False,"step 5 (SOA), "
platform24.tv,cloudflare,"{""cloudflare"": ""private""}",False,False,False,False,"step 5 (SOA), "
platform9.net,amazon,"{""amazon"": ""private""}",False,False,False,False,"step 5 (SOA), "
platformio.org,cloudflare,"{""cloudflare"": ""private""}",False,False,False,False,"step 5 (SOA), "
platformsh.site,amazon,"{""amazon"": ""private""}",False,False,False,False,"step 5 (SOA), "
platovpn.com,cloudflare,"{""cloudflare"": ""private""}",False,False,False,False,"step 5 (SOA), "
platrum.ru,cloudflare,"{""cloudflare"": ""private""}",False,False,False,False,"step 5 (SOA), "
playdigo.live,microsoft|cloudflare,"{""microsoft"": ""private"", ""cloudflare"": ""third""}",True,False,True,False,"step 3, step 5 (SOA), "
players-services.win,cloudflare,"{""cloudflare"": ""private""}",False,False,False,False,"step 5 (SOA), "
playgap.io,amazon,"{""amazon"": ""private""}",False,False,False,False,"step 5 (SOA), "
playkot.com,amazon|twitter,"{""amazon"": ""private"", ""twitter"": ""private""}",False,False,True,False,"step 5 (SOA), step 6, "
playoverwatch.net,amazon,"{""amazon"": ""private""}",False,False,False,False,"step 5 (SOA), "
playsimple.in,cloudflare,"{""cloudflare"": ""private""}",False,False,False,False,"step 5 (SOA), "
playspelis.com,amazon,"{""amazon"": ""private""}",False,False,False,False,"step 5 (SOA), "
playvids.com,cloudflare,"{""cloudflare"": ""private""}",False,False,False,False,"step 5 (SOA), "
plejd.cloud,amazon,"{""amazon"": ""private""}",False,False,False,False,"step 5 (SOA), "
plesk.tech,cloudflare,"{""cloudflare"": ""private""}",False,False,False,False,"step 5 (SOA), "
plground.live,microsoft,"{""microsoft"": ""private""}",False,False,False,False,"step 3, "
plingest.com,twitter,"{""twitter"": ""private""}",False,False,False,False,"step 6, "
plsscloud.com.br,cloudflare,"{""cloudflare"": ""private""}",False,False,False,False,"step 5 (SOA), "
plug.it,amazon,"{""amazon"": ""private""}",False,False,False,False,"step 6, "
plumbingandelectric.com,microsoft|cloudflare,"{""microsoft"": ""private"", ""cloudflare"": ""third""}",True,False,True,False,"step 3, step 6, "
plumbingsuperstore.co.uk,microsoft|amazon,"{""microsoft"": ""private"", ""amazon"": ""third""}",True,False,True,False,"step 3, step 5 (SOA), "
plumbs.com,amazon,"{""amazon"": ""private""}",False,False,False,False,"step 5 (SOA), "
pmbmonetize.live,microsoft|cloudflare,"{""microsoft"": ""private"", ""cloudflare"": ""third""}",True,False,True,False,"step 3, step 5 (SOA), "
pmgstatic.com,google,"{""google"": ""private""}",False,False,False,False,"step 3, "
po18to.com,microsoft,"{""microsoft"": ""private""}",False,False,False,False,"step 7, "
pocketliveapp.com,microsoft|amazon,"{""microsoft"": ""private"", ""amazon"": ""third""}",True,False,True,False,"step 3, step 5 (SOA), "
pointandplace.com,amazon,"{""amazon"": ""private""}",False,False,False,False,"step 5 (SOA), "
pokemongo.com,amazon|google,"{""amazon"": ""private"", ""google"": ""private""}",False,False,True,False,"step 5 (SOA), step 7, "
pokerist.com,twitter,"{""twitter"": ""private""}",False,False,False,False,"step 6, "
polarremote.com,amazon,"{""amazon"": ""private""}",False,False,False,False,"step 5 (SOA), "
poli.digital,amazon,"{""amazon"": ""private""}",False,False,False,False,"step 5 (SOA), "
politiken.dk,amazon,"{""amazon"": ""private""}",False,False,False,False,"step 5 (SOA), "
pollfish.com,google,"{""google"": ""private""}",False,False,False,False,"step 5 (SOA), "
polpred.com,cloudflare,"{""cloudflare"": ""private""}",False,False,False,False,"step 5 (SOA), "
polyfill-fastly.io,fastly,"{""fastly"": ""private""}",False,False,False,False,"step 3, "
polyfill-fastly.net,fastly,"{""fastly"": ""private""}",False,False,False,False,"step 3, "
polygon.com,digicert,"{""digicert"": ""private""}",False,False,False,False,"step 5 (SOA), "
pons.com,google,"{""google"": ""private""}",False,False,False,False,"step 5 (SOA), "
pontoslivelo.com.br,microsoft|amazon,"{""microsoft"": ""private"", ""amazon"": ""third""}",True,False,True,False,"step 3, step 5 (SOA), "
pop-convert.com,cloudflare|twitter,"{""cloudflare"": ""private"", ""twitter"": ""private""}",False,False,True,False,"step 5 (SOA), step 6, "
pop-os.org,amazon,"{""amazon"": ""private""}",False,False,False,False,"step 5 (SOA), "
porch.com,amazon|google,"{""amazon"": ""private"", ""google"": ""private""}",False,False,True,False,"step 5 (SOA), step 7, "
poringa.net,cloudflare,"{""cloudflare"": ""private""}",False,False,False,False,"step 5 (SOA), "
porn4fap.com,cloudflare,"{""cloudflare"": ""private""}",False,False,False,False,"step 5 (SOA), "
pornbox.com,cloudflare,"{""cloudflare"": ""private""}",False,False,False,False,"step 5 (SOA), "
porndoe.com,cloudflare,"{""cloudflare"": ""private""}",False,False,False,False,"step 5 (SOA), "
pornhub.com,amazon,"{""amazon"": ""private""}",False,False,False,False,"step 5 (SOA), "
pornhubpremium.com,amazon,"{""amazon"": ""private""}",False,False,False,False,"step 5 (SOA), "
pornlaundry.com,cloudflare,"{""cloudflare"": ""private""}",False,False,False,False,"step 5 (SOA), "
pornlib.com,cloudflare,"{""cloudflare"": ""private""}",False,False,False,False,"step 5 (SOA), "
pornolab.net,cloudflare,"{""cloudflare"": ""private""}",False,False,False,False,"step 5 (SOA), "
pornxxxlive.pro,microsoft,"{""microsoft"": ""private""}",False,False,False,False,"step 3, "
porofessor.gg,cloudflare,"{""cloudflare"": ""private""}",False,False,False,False,"step 5 (SOA), "
porter.in,akamai,"{""akamai"": ""private""}",False,False,False,False,"step 6, "
portlandpress.com,microsoft|cloudflare,"{""microsoft"": ""private"", ""cloudflare"": ""private""}",False,False,True,False,"step 5 (SOA), step 7, "
poshmark.com,amazon,"{""amazon"": ""private""}",False,False,False,False,"step 5 (SOA), "
possum.city,cloudflare,"{""cloudflare"": ""private""}",False,False,False,False,"step 5 (SOA), "
posterbooking.co.uk,cloudflare,"{""cloudflare"": ""private""}",False,False,False,False,"step 5 (SOA), "
postindustria.com,amazon,"{""amazon"": ""private""}",False,False,False,False,"step 5 (SOA), "
potaliveapp100.com,microsoft|cloudflare,"{""microsoft"": ""private"", ""cloudflare"": ""private""}",False,False,True,False,"step 3, step 5 (SOA), "
powerapps.com,microsoft,"{""microsoft"": ""private""}",False,False,False,False,"step 5 (SOA), "
powerapps.us,microsoft,"{""microsoft"": ""private""}",False,False,False,False,"step 5 (SOA), "
powerbi.com,microsoft,"{""microsoft"": ""private""}",False,False,False,False,"step 5 (SOA), "
poweredtemplate.com,cloudflare,"{""cloudflare"": ""private""}",False,False,False,False,"step 5 (SOA), "
powerpool.io,cloudflare,"{""cloudflare"": ""private""}",False,False,False,False,"step 5 (SOA), "
powerreviews.com,amazon,"{""amazon"": ""private""}",False,False,False,False,"step 5 (SOA), "
ppay.me,amazon,"{""amazon"": ""private""}",False,False,False,False,"step 5 (SOA), "
ppub-tmaws.io,amazon,"{""amazon"": ""private""}",False,False,False,False,"step 3, "
ppzj-youtube.cfd,google|cloudflare,"{""google"": ""private"", ""cloudflare"": ""third""}",True,False,True,False,"step 3, step 5 (SOA), "
pragmaticplaylive.net,microsoft|amazon,"{""microsoft"": ""private"", ""amazon"": ""third""}",True,False,True,False,"step 3, step 5 (SOA), "
pravda.ru,cloudflare,"{""cloudflare"": ""private""}",False,False,False,False,"step 5 (SOA), "
prcdn.co,cloudflare,"{""cloudflare"": ""private""}",False,False,False,False,"step 5 (SOA), "
prehrajto.cz,cloudflare,"{""cloudflare"": ""private""}",False,False,False,False,"step 5 (SOA), "
premicloud.net,apple|cloudflare,"{""apple"": ""private"", ""cloudflare"": ""third""}",True,False,True,False,"step 3, step 5 (SOA), "
premion.com,amazon,"{""amazon"": ""private""}",False,False,False,False,"step 5 (SOA), "
prensalibre.com,amazon,"{""amazon"": ""private""}",False,False,False,False,"step 5 (SOA), "
preply.org,amazon,"{""amazon"": ""private""}",False,False,False,False,"step 5 (SOA), "
preqin.com,amazon,"{""amazon"": ""private""}",False,False,False,False,"step 5 (SOA), "
prerelease-env.biz,amazon,"{""amazon"": ""private""}",False,False,False,False,"step 6, "
prescience.in,google,"{""google"": ""private""}",False,False,False,False,"step 5 (SOA), "
preventionatsea.com,cloudflare,"{""cloudflare"": ""private""}",False,False,False,False,"step 5 (SOA), "
pricegrabber.com,amazon,"{""amazon"": ""private""}",False,False,False,False,"step 5 (SOA), "
primamedia.ru,cloudflare,"{""cloudflare"": ""private""}",False,False,False,False,"step 5 (SOA), "
primeiptv.live,microsoft|cloudflare,"{""microsoft"": ""private"", ""cloudflare"": ""third""}",True,False,True,False,"step 3, step 5 (SOA), "
principal.com,fastly,"{""fastly"": ""private""}",False,False,False,False,"step 7, "
printfleetcdn.com,amazon,"{""amazon"": ""private""}",False,False,False,False,"step 5 (SOA), "
privacyguides.org,cloudflare,"{""cloudflare"": ""private""}",False,False,False,False,"step 5 (SOA), "
privacyredirect.com,twitter,"{""twitter"": ""private""}",False,False,False,False,"step 6, "
privatehomeclips.com,cloudflare,"{""cloudflare"": ""private""}",False,False,False,False,"step 5 (SOA), "
privex.io,cloudflare,"{""cloudflare"": ""private""}",False,False,False,False,"step 5 (SOA), "
pro2cdnlive.com,microsoft,"{""microsoft"": ""private""}",False,False,False,False,"step 3, "
procdnlive.com,microsoft|cloudflare,"{""microsoft"": ""private"", ""cloudflare"": ""third""}",True,False,True,False,"step 3, step 5 (SOA), "
processunity.net,microsoft,"{""microsoft"": ""private""}",False,False,False,False,"step 5 (SOA), "
profinansy.ru,amazon,"{""amazon"": ""private""}",False,False,False,False,"step 5 (SOA), "
profit.ly,amazon,"{""amazon"": ""private""}",False,False,False,False,"step 5 (SOA), "
profitroom.net,amazon,"{""amazon"": ""private""}",False,False,False,False,"step 5 (SOA), "
prognocis.com,amazon,"{""amazon"": ""private""}",False,False,False,False,"step 5 (SOA), "
progressier.com,fastly,"{""fastly"": ""private""}",False,False,False,False,"step 7, "
progrtb.live,microsoft|cloudflare,"{""microsoft"": ""private"", ""cloudflare"": ""third""}",True,False,True,False,"step 3, step 5 (SOA), "
proigor.com,cloudflare,"{""cloudflare"": ""private""}",False,False,False,False,"step 5 (SOA), "
project-limelight.com,limelight,"{""limelight"": ""private""}",False,False,False,False,"step 3, "
project1service.com,amazon,"{""amazon"": ""private""}",False,False,False,False,"step 5 (SOA), "
projectdiscovery.io,cloudflare,"{""cloudflare"": ""private""}",False,False,False,False,"step 5 (SOA), "
projectpokemon.org,microsoft,"{""microsoft"": ""private""}",False,False,False,False,"step 5 (SOA), "
projurisadv.com.br,cloudflare,"{""cloudflare"": ""private""}",False,False,False,False,"step 5 (SOA), "
prolegalnews.id,cloudflare,"{""cloudflare"": ""private""}",False,False,False,False,"step 5 (SOA), "
promotron.com,microsoft,"{""microsoft"": ""private""}",False,False,False,False,"step 5 (SOA), "
prontotv.no,amazon,"{""amazon"": ""private""}",False,False,False,False,"step 5 (SOA), "
propertyguru.com,cloudflare,"{""cloudflare"": ""private""}",False,False,False,False,"step 5 (SOA), "
propertyoracle.com,amazon,"{""amazon"": ""private""}",False,False,False,False,"step 5 (SOA), "
proporn.com,cloudflare,"{""cloudflare"": ""private""}",False,False,False,False,"step 5 (SOA), "
proquisur.com,cloudflare,"{""cloudflare"": ""private""}",False,False,False,False,"step 5 (SOA), "
proshkolu.ru,cloudflare,"{""cloudflare"": ""private""}",False,False,False,False,"step 5 (SOA), "
prosple.com,cloudflare,"{""cloudflare"": ""private""}",False,False,False,False,"step 5 (SOA), "
prosportslive.net,microsoft|amazon,"{""microsoft"": ""private"", ""amazon"": ""third""}",True,False,True,False,"step 3, step 5 (SOA), "
protractor.com,cloudflare,"{""cloudflare"": ""private""}",False,False,False,False,"step 5 (SOA), "
proweatherlive.net,microsoft|cloudflare,"{""microsoft"": ""private"", ""cloudflare"": ""third""}",True,False,True,False,"step 3, step 5 (SOA), "
prowise.com,cloudflare,"{""cloudflare"": ""private""}",False,False,False,False,"step 5 (SOA), "
proxy302.com,cloudflare,"{""cloudflare"": ""private""}",False,False,False,False,"step 5 (SOA), "
proxymesh.com,sucuri,"{""sucuri"": ""private""}",False,False,False,False,"step 7, "
proxymymail.com,cloudflare,"{""cloudflare"": ""private""}",False,False,False,False,"step 5 (SOA), "
proxytg.live,microsoft,"{""microsoft"": ""private""}",False,False,False,False,"step 3, "
ps-aws.com,amazon,"{""amazon"": ""private""}",False,False,False,False,"step 3, "
pscp.tv,amazon,"{""amazon"": ""private""}",False,False,False,False,"step 5 (SOA), "
pstatic.net,naver,"{""naver"": ""private""}",False,False,False,False,"step 2, "
psychobunny.com,bunnycdn|cloudflare,"{""bunnycdn"": ""private"", ""cloudflare"": ""third""}",True,False,True,False,"step 3, step 5 (SOA), "
pte.nu,cloudflare,"{""cloudflare"": ""private""}",False,False,False,False,"step 5 (SOA), "
ptengine.com,amazon,"{""amazon"": ""private""}",False,False,False,False,"step 5 (SOA), "
ptielive.com,microsoft,"{""microsoft"": ""private""}",False,False,False,False,"step 3, "
ptlive.video,microsoft|amazon,"{""microsoft"": ""private"", ""amazon"": ""third""}",True,False,True,False,"step 3, step 5 (SOA), "
ptt.cc,cloudflare,"{""cloudflare"": ""private""}",False,False,False,False,"step 5 (SOA), "
pub-tmaws.io,amazon,"{""amazon"": ""private""}",False,False,False,False,"step 3, "
pubfactory.com,amazon,"{""amazon"": ""private""}",False,False,False,False,"step 5 (SOA), "
pubfinity.com,amazon,"{""amazon"": ""private""}",False,False,False,False,"step 7, "
publicgood.com,amazon|cloudflare,"{""amazon"": ""private"", ""cloudflare"": ""private""}",False,False,True,False,"step 5 (SOA), step 7, "
publicmobile.ca,cloudflare,"{""cloudflare"": ""private""}",False,False,False,False,"step 7, "
publicsuffix.org,google,"{""google"": ""private""}",False,False,False,False,"step 5 (SOA), "
publive.online,microsoft|cloudflare,"{""microsoft"": ""private"", ""cloudflare"": ""third""}",True,False,True,False,"step 3, step 5 (SOA), "
pubmatic.com,amazon,"{""amazon"": ""private""}",False,False,False,False,"step 7, "
pubmed.gov,amazon,"{""amazon"": ""private""}",False,False,False,False,"step 5 (SOA), "
puffin.com,amazon,"{""amazon"": ""private""}",False,False,False,False,"step 5 (SOA), "
pulsar.ai,amazon,"{""amazon"": ""private""}",False,False,False,False,"step 5 (SOA), "
pulsatehq.com,amazon,"{""amazon"": ""private""}",False,False,False,False,"step 5 (SOA), "
pulselive.com,microsoft|amazon,"{""microsoft"": ""private"", ""amazon"": ""third""}",True,False,True,False,"step 3, step 5 (SOA), "
pulsus.mobi,amazon,"{""amazon"": ""private""}",False,False,False,False,"step 5 (SOA), "
puma.com,cloudflare,"{""cloudflare"": ""private""}",False,False,False,False,"step 5 (SOA), "
punchout2go.com,amazon|cloudflare,"{""amazon"": ""private"", ""cloudflare"": ""private""}",False,False,True,False,"step 5 (SOA), step 7, "
puntcdn.com,amazon,"{""amazon"": ""private""}",False,False,False,False,"step 5 (SOA), "
puppetlabs.com,google,"{""google"": ""private""}",False,False,False,False,"step 5 (SOA), "
puppyfinder.com,cloudflare,"{""cloudflare"": ""private""}",False,False,False,False,"step 5 (SOA), "
purechat.com,amazon|twitter|cloudflare,"{""amazon"": ""private"", ""twitter"": ""private"", ""cloudflare"": ""private""}",False,False,True,False,"step 5 (SOA), step 6, step 7, "
purelymail.com,amazon,"{""amazon"": ""private""}",False,False,False,False,"step 5 (SOA), "
purpledshub.com,amazon,"{""amazon"": ""private""}",False,False,False,False,"step 5 (SOA), "
purpleportal.net,amazon,"{""amazon"": ""private""}",False,False,False,False,"step 5 (SOA), "
pushalert.co,google|twitter|sucuri,"{""google"": ""private"", ""twitter"": ""private"", ""sucuri"": ""private""}",False,False,True,False,"step 5 (SOA), step 6, step 7, "
pushatomic.com,amazon,"{""amazon"": ""private""}",False,False,False,False,"step 5 (SOA), "
pusher.com,amazon,"{""amazon"": ""private""}",False,False,False,False,"step 5 (SOA), "
pusherapp.com,amazon,"{""amazon"": ""private""}",False,False,False,False,"step 5 (SOA), "
pushnami.com,amazon,"{""amazon"": ""private""}",False,False,False,False,"step 5 (SOA), "
pussthecat.org,gcore,"{""gcore"": ""private""}",False,False,False,False,"step 5 (SOA), "
puwuds.cc,cloudflare,"{""cloudflare"": ""private""}",False,False,False,False,"step 5 (SOA), "
puzzlegarage.com,google,"{""google"": ""private""}",False,False,False,False,"step 5 (SOA), "
puzzmo.com,microsoft,"{""microsoft"": ""private""}",False,False,False,False,"step 5 (SOA), "
pw.live,microsoft|cloudflare|amazon,"{""microsoft"": ""private"", ""cloudflare"": ""third"", ""amazon"": ""third""}",True,False,True,True,"step 3, step 5 (SOA), step 6, "
pxcanvasprints.com,amazon,"{""amazon"": ""private""}",False,False,False,False,"step 5 (SOA), "
pxpuzzles.com,amazon,"{""amazon"": ""private""}",False,False,False,False,"step 5 (SOA), "
pyrus.com,amazon,"{""amazon"": ""private""}",False,False,False,False,"step 5 (SOA), "
pzwl.pl,cloudflare,"{""cloudflare"": ""private""}",False,False,False,False,"step 5 (SOA), "
q-msedge.net,microsoft,"{""microsoft"": ""private""}",False,False,False,False,"step 3, "
q4cdn.com,amazon|cloudflare,"{""amazon"": ""private"", ""cloudflare"": ""private""}",False,False,True,False,"step 5 (SOA), step 6, "
qawayahbase.com,cloudflare,"{""cloudflare"": ""private""}",False,False,False,False,"step 5 (SOA), "
qbox.me,qiniu,"{""qiniu"": ""private""}",False,False,False,False,"step 2, "
qcloudcdn.com,tencent,"{""tencent"": ""private""}",False,False,False,False,"step 2, "
qdq.com,google,"{""google"": ""private""}",False,False,False,False,"step 5 (SOA), "
qgenda.com,amazon|cloudflare,"{""amazon"": ""private"", ""cloudflare"": ""private""}",False,False,True,False,"step 5 (SOA), step 7, "
qgraph.io,amazon,"{""amazon"": ""private""}",False,False,False,False,"step 5 (SOA), "
qh-cdn.com,360,"{""360"": ""private""}",False,False,False,False,"step 2, "
qi.iq,amazon,"{""amazon"": ""private""}",False,False,False,False,"step 5 (SOA), "
qianxun.com,jd,"{""jd"": ""private""}",False,False,False,False,"step 2, "
qihucdn.com,360,"{""360"": ""private""}",False,False,False,False,"step 2, "
qingcdn.com,baishan,"{""baishan"": ""private""}",False,False,False,False,"step 2, "
qiniu.com,qiniu|alibaba,"{""qiniu"": ""private"", ""alibaba"": ""third""}",True,False,True,False,"step 2, step 6, "
qiniuapi.com,qiniu,"{""qiniu"": ""private""}",False,False,False,False,"step 6, "
qiniucloud.net,qiniu,"{""qiniu"": ""private""}",False,False,False,False,"step 6, "
qiniucs.com,qiniu,"{""qiniu"": ""private""}",False,False,False,False,"step 6, "
qiniudns.com,qiniu,"{""qiniu"": ""private""}",False,False,False,False,"step 2, "
qiniup.com,qiniu,"{""qiniu"": ""private""}",False,False,False,False,"step 6, "
qlitics.com,amazon,"{""amazon"": ""private""}",False,False,False,False,"step 5 (SOA), "
qlivecdn.cn,microsoft,"{""microsoft"": ""private""}",False,False,False,False,"step 3, "
qlivecdn.com,microsoft,"{""microsoft"": ""private""}",False,False,False,False,"step 3, "
qlogo.cn,tencent,"{""tencent"": ""private""}",False,False,False,False,"step 2, "
qntmnet.com,amazon|twitter,"{""amazon"": ""private"", ""twitter"": ""private""}",False,False,True,False,"step 5 (SOA), step 6, "
qodeinteractive.com,cloudflare,"{""cloudflare"": ""private""}",False,False,False,False,"step 5 (SOA), "
qoticloud.com,apple|amazon,"{""apple"": ""private"", ""amazon"": ""third""}",True,False,True,False,"step 3, step 5 (SOA), "
qpic.cn,tencent,"{""tencent"": ""private""}",False,False,False,False,"step 2, "
qpony.pl,cloudflare,"{""cloudflare"": ""private""}",False,False,False,False,"step 5 (SOA), "
qq.com,tencent,"{""tencent"": ""private""}",False,False,False,False,"step 2, "
qrscanner.live,microsoft|cloudflare,"{""microsoft"": ""private"", ""cloudflare"": ""third""}",True,False,True,False,"step 3, step 5 (SOA), "
qs.nu,cloudflare,"{""cloudflare"": ""private""}",False,False,False,False,"step 5 (SOA), "
qtx.com,alibaba,"{""alibaba"": ""private""}",False,False,False,False,"step 6, "
quago.io,amazon,"{""amazon"": ""private""}",False,False,False,False,"step 5 (SOA), "
qualia.id,google,"{""google"": ""private""}",False,False,False,False,"step 5 (SOA), "
qualityautomacao.com.br,amazon,"{""amazon"": ""private""}",False,False,False,False,"step 5 (SOA), "
quandoo.com,amazon,"{""amazon"": ""private""}",False,False,False,False,"step 5 (SOA), "
quantcast.com,amazon|twitter,"{""amazon"": ""private"", ""twitter"": ""private""}",False,False,True,False,"step 5 (SOA), step 6, "
quantcount.com,quantserve|amazon,"{""quantserve"": ""private"", ""amazon"": ""third""}",True,False,True,False,"step 2, step 5 (SOA), "
quantserve.com,quantserve|amazon,"{""quantserve"": ""private"", ""amazon"": ""private""}",False,False,True,False,"step 2, step 5 (SOA), "
quartexcollections.com,amazon,"{""amazon"": ""private""}",False,False,False,False,"step 5 (SOA), "
quay.io,amazon,"{""amazon"": ""private""}",False,False,False,False,"step 5 (SOA), "
qublixaws.com,amazon,"{""amazon"": ""private""}",False,False,False,False,"step 3, "
queenalice.com,google,"{""google"": ""private""}",False,False,False,False,"step 5 (SOA), "
querodelivery.com,microsoft|cloudflare,"{""microsoft"": ""private"", ""cloudflare"": ""private""}",False,False,True,False,"step 3, step 5 (SOA), "
queropassagem.com.br,cloudflare|google,"{""cloudflare"": ""private"", ""google"": ""private""}",False,False,True,False,"step 5 (SOA), step 7, "
questor.com.br,amazon,"{""amazon"": ""private""}",False,False,False,False,"step 5 (SOA), "
qufenqian.vip,alibaba,"{""alibaba"": ""private""}",False,False,False,False,"step 6, "
quic.cloud,quic|amazon,"{""quic"": ""private"", ""amazon"": ""third""}",True,False,True,False,"step 2, step 5 (SOA), "
quickshare.google,google,"{""google"": ""private""}",False,False,False,False,"step 1, "
quintype.io,amazon|cloudflare,"{""amazon"": ""private"", ""cloudflare"": ""private""}",False,False,True,False,"step 5 (SOA), step 6, "
quip-amazon.com,amazon,"{""amazon"": ""private""}",False,False,False,False,"step 3, "
qumucloud.com,amazon,"{""amazon"": ""private""}",False,False,False,False,"step 5 (SOA), "
quoli.app,cloudflare,"{""cloudflare"": ""private""}",False,False,False,False,"step 5 (SOA), "
quotient.com,twitter,"{""twitter"": ""private""}",False,False,False,False,"step 6, "
quranformobile.com,bunnycdn,"{""bunnycdn"": ""private""}",False,False,False,False,"step 5 (SOA), "
qureka.com,amazon,"{""amazon"": ""private""}",False,False,False,False,"step 5 (SOA), "
qwadro.com,amazon,"{""amazon"": ""private""}",False,False,False,False,"step 5 (SOA), "
qwilt.com,twitter,"{""twitter"": ""private""}",False,False,False,False,"step 6, "
qwintry.com,cloudflare,"{""cloudflare"": ""private""}",False,False,False,False,"step 5 (SOA), "
qz.io,amazon,"{""amazon"": ""private""}",False,False,False,False,"step 5 (SOA), "
r-99.com,cloudflare,"{""cloudflare"": ""private""}",False,False,False,False,"step 5 (SOA), "
r2.dev,cloudflare,"{""cloudflare"": ""private""}",False,False,False,False,"step 2, "
rackcdn.com,rackspace,"{""rackspace"": ""private""}",False,False,False,False,"step 2, "
rackspacecloud.com,nextjs,"{""nextjs"": ""private""}",False,False,False,False,"step 7, "
radiko.jp,cloudflare,"{""cloudflare"": ""private""}",False,False,False,False,"step 5 (SOA), "
radio.cz,cloudflare,"{""cloudflare"": ""private""}",False,False,False,False,"step 5 (SOA), "
radoxo.com,cloudflare,"{""cloudflare"": ""private""}",False,False,False,False,"step 5 (SOA), "
raines.africa,cloudflare,"{""cloudflare"": ""private""}",False,False,False,False,"step 5 (SOA), "
rainfocus.com,cloudflare,"{""cloudflare"": ""private""}",False,False,False,False,"step 5 (SOA), "
rainmachine.com,amazon,"{""amazon"": ""private""}",False,False,False,False,"step 5 (SOA), "
rainviewer.com,amazon,"{""amazon"": ""private""}",False,False,False,False,"step 5 (SOA), "
raiolanetworks.com,amazon,"{""amazon"": ""private""}",False,False,False,False,"step 5 (SOA), "
raiolanetworks.es,amazon,"{""amazon"": ""private""}",False,False,False,False,"step 5 (SOA), "
rakutenadvertising.io,fastly,"{""fastly"": ""private""}",False,False,False,False,"step 7, "
rancher.com,amazon,"{""amazon"": ""private""}",False,False,False,False,"step 5 (SOA), "
randombeast.win,cloudflare,"{""cloudflare"": ""private""}",False,False,False,False,"step 5 (SOA), "
rappler.com,apple|amazon,"{""apple"": ""private"", ""amazon"": ""private""}",False,False,True,False,"step 3, step 5 (SOA), "
raptive.com,amazon|cloudflare,"{""amazon"": ""private"", ""cloudflare"": ""private""}",False,False,True,False,"step 5 (SOA), step 7, "
ratemyprofessors.com,amazon,"{""amazon"": ""private""}",False,False,False,False,"step 5 (SOA), "
ratp.fr,cloudflare,"{""cloudflare"": ""private""}",False,False,False,False,"step 6, "
ravecapture.com,amazon|nextjs,"{""amazon"": ""private"", ""nextjs"": ""private""}",False,False,True,False,"step 5 (SOA), step 7, "
ravelrycache.com,bunnycdn,"{""bunnycdn"": ""private""}",False,False,False,False,"step 5 (SOA), "
rawscripts.net,amazon|cloudflare,"{""amazon"": ""private"", ""cloudflare"": ""third""}",True,False,True,False,"step 3, step 5 (SOA), "
rawsindrel.com,amazon|cloudflare,"{""amazon"": ""private"", ""cloudflare"": ""third""}",True,False,True,False,"step 3, step 5 (SOA), "
rawstory.com,amazon|cloudflare|fastly,"{""amazon"": ""private"", ""cloudflare"": ""third"", ""fastly"": ""third""}",True,False,True,True,"step 3, step 5 (SOA), step 6, "
raxcdn.com,rackspace,"{""rackspace"": ""private""}",False,False,False,False,"step 2, "
raywhite.com,amazon,"{""amazon"": ""private""}",False,False,False,False,"step 5 (SOA), "
rbstsystems.live,microsoft|cloudflare,"{""microsoft"": ""private"", ""cloudflare"": ""third""}",True,False,True,False,"step 3, step 5 (SOA), "
rcampus.com,amazon,"{""amazon"": ""private""}",False,False,False,False,"step 5 (SOA), "
rclctrac.com,akamai,"{""akamai"": ""private""}",False,False,False,False,"step 7, "
rcrtv.net,cloudflare,"{""cloudflare"": ""private""}",False,False,False,False,"step 5 (SOA), "
rcs.co.za,cloudflare,"{""cloudflare"": ""private""}",False,False,False,False,"step 5 (SOA), "
rd.com.br,amazon,"{""amazon"": ""private""}",False,False,False,False,"step 5 (SOA), "
rdrctgoweb.com,cloudflare,"{""cloudflare"": ""private""}",False,False,False,False,"step 5 (SOA), "
rdstation.com.br,amazon,"{""amazon"": ""private""}",False,False,False,False,"step 5 (SOA), "
rea.global,amazon,"{""amazon"": ""private""}",False,False,False,False,"step 5 (SOA), "
reach5.co,amazon,"{""amazon"": ""private""}",False,False,False,False,"step 5 (SOA), "
readdle.com,google,"{""google"": ""private""}",False,False,False,False,"step 5 (SOA), "
real.vg,amazon,"{""amazon"": ""private""}",False,False,False,False,"step 5 (SOA), "
realelements.live,microsoft|cloudflare,"{""microsoft"": ""private"", ""cloudflare"": ""third""}",True,False,True,False,"step 3, step 5 (SOA), "
realrocks.ru,cloudflare,"{""cloudflare"": ""private""}",False,False,False,False,"step 5 (SOA), "
realself.com,amazon,"{""amazon"": ""private""}",False,False,False,False,"step 5 (SOA), "
realtime-host01.com,amazon,"{""amazon"": ""private""}",False,False,False,False,"step 5 (SOA), "
realtimestack.com,cloudflare|google,"{""cloudflare"": ""private"", ""google"": ""private""}",False,False,True,False,"step 5 (SOA), step 7, "
realtruck.com,amazon,"{""amazon"": ""private""}",False,False,False,False,"step 5 (SOA), "
reamaze.com,cloudflare,"{""cloudflare"": ""private""}",False,False,False,False,"step 5 (SOA), "
reamaze.io,cloudflare,"{""cloudflare"": ""private""}",False,False,False,False,"step 5 (SOA), "
reason.com,google,"{""google"": ""private""}",False,False,False,False,"step 5 (SOA), "
rebacksplumbing.com,microsoft|cloudflare,"{""microsoft"": ""private"", ""cloudflare"": ""third""}",True,False,True,False,"step 3, step 6, "
rebonus.com,google,"{""google"": ""private""}",False,False,False,False,"step 5 (SOA), "
recarga.com,amazon,"{""amazon"": ""private""}",False,False,False,False,"step 5 (SOA), "
recargapay.com,amazon,"{""amazon"": ""private""}",False,False,False,False,"step 5 (SOA), "
recdesk.com,amazon,"{""amazon"": ""private""}",False,False,False,False,"step 5 (SOA), "
receipthog.com,amazon,"{""amazon"": ""private""}",False,False,False,False,"step 5 (SOA), "
receitanet.net,amazon,"{""amazon"": ""private""}",False,False,False,False,"step 5 (SOA), "
receitaws.com.br,amazon|cloudflare,"{""amazon"": ""private"", ""cloudflare"": ""third""}",True,False,True,False,"step 3, step 5 (SOA), "
recife.com.pt,cloudflare,"{""cloudflare"": ""private""}",False,False,False,False,"step 5 (SOA), "
recovermycart.com,amazon|twitter,"{""amazon"": ""private"", ""twitter"": ""private""}",False,False,True,False,"step 5 (SOA), step 6, "
recraft.ai,cloudflare,"{""cloudflare"": ""private""}",False,False,False,False,"step 5 (SOA), "
recruitcrm.io,amazon,"{""amazon"": ""private""}",False,False,False,False,"step 5 (SOA), "
red-shield.net,amazon,"{""amazon"": ""private""}",False,False,False,False,"step 5 (SOA), "
redalyc.org,microsoft,"{""microsoft"": ""private""}",False,False,False,False,"step 5 (SOA), "
redbee.live,microsoft,"{""microsoft"": ""private""}",False,False,False,False,"step 3, "
redheadequipment.ca,cloudflare,"{""cloudflare"": ""private""}",False,False,False,False,"step 7, "
redpilotstudio.com,cloudflare,"{""cloudflare"": ""private""}",False,False,False,False,"step 5 (SOA), "
redscores.com,cloudflare,"{""cloudflare"": ""private""}",False,False,False,False,"step 5 (SOA), "
redtube.com,microsoft,"{""microsoft"": ""private""}",False,False,False,False,"step 7, "
redtube.net,amazon,"{""amazon"": ""private""}",False,False,False,False,"step 5 (SOA), "
reef.org,google,"{""google"": ""private""}",False,False,False,False,"step 5 (SOA), "
reference-global.com,amazon,"{""amazon"": ""private""}",False,False,False,False,"step 5 (SOA), "
refurbed.de,google,"{""google"": ""private""}",False,False,False,False,"step 5 (SOA), "
region-operator.ru,cloudflare,"{""cloudflare"": ""private""}",False,False,False,False,"step 5 (SOA), "
registrar.eu,amazon,"{""amazon"": ""private""}",False,False,False,False,"step 5 (SOA), "
registry.google,google,"{""google"": ""private""}",False,False,False,False,"step 1, "
relationshipsnsw.org.au,cloudflare,"{""cloudflare"": ""private""}",False,False,False,False,"step 7, "
releva.ai,google,"{""google"": ""private""}",False,False,False,False,"step 7, "
relive.cc,microsoft|amazon,"{""microsoft"": ""private"", ""amazon"": ""third""}",True,False,True,False,"step 3, step 5 (SOA), "
remarka.city,cloudflare,"{""cloudflare"": ""private""}",False,False,False,False,"step 5 (SOA), "
remedyspot.com,twitter,"{""twitter"": ""private""}",False,False,False,False,"step 6, "
remini.ai,google,"{""google"": ""private""}",False,False,False,False,"step 5 (SOA), "
remixshop.com,cloudflare,"{""cloudflare"": ""private""}",False,False,False,False,"step 5 (SOA), "
renaud-bray.com,digicert,"{""digicert"": ""private""}",False,False,False,False,"step 5 (SOA), "
render.com,render|amazon|cloudflare,"{""render"": ""private"", ""amazon"": ""third"", ""cloudflare"": ""third""}",True,False,True,True,"step 2, step 5 (SOA), step 6, "
rent.com,amazon|twitter,"{""amazon"": ""private"", ""twitter"": ""private""}",False,False,True,False,"step 5 (SOA), step 6, "
rentry.co,cloudflare,"{""cloudflare"": ""private""}",False,False,False,False,"step 5 (SOA), "
rentvine.com,amazon,"{""amazon"": ""private""}",False,False,False,False,"step 5 (SOA), "
replicate.delivery,microsoft|cloudflare,"{""microsoft"": ""private"", ""cloudflare"": ""third""}",True,False,True,False,"step 3, step 5 (SOA), "
replika.ai,amazon,"{""amazon"": ""private""}",False,False,False,False,"step 5 (SOA), "
repost.aws,amazon,"{""amazon"": ""private""}",False,False,False,False,"step 3, "
reputon.com,amazon,"{""amazon"": ""private""}",False,False,False,False,"step 5 (SOA), "
requestebook.com,cloudflare,"{""cloudflare"": ""private""}",False,False,False,False,"step 5 (SOA), "
rescuegroups.org,amazon,"{""amazon"": ""private""}",False,False,False,False,"step 5 (SOA), "
reseauinternational.net,cloudflare,"{""cloudflare"": ""private""}",False,False,False,False,"step 5 (SOA), "
resilientca.org,cloudflare,"{""cloudflare"": ""private""}",False,False,False,False,"step 5 (SOA), "
reskyt.com,amazon|twitter,"{""amazon"": ""private"", ""twitter"": ""private""}",False,False,True,False,"step 5 (SOA), step 6, "
resmush.it,cloudflare,"{""cloudflare"": ""private""}",False,False,False,False,"step 5 (SOA), "
responsibletravel.com,amazon,"{""amazon"": ""private""}",False,False,False,False,"step 5 (SOA), "
restartad.com,cloudflare,"{""cloudflare"": ""private""}",False,False,False,False,"step 5 (SOA), "
restaurantlogin.com,akamai,"{""akamai"": ""private""}",False,False,False,False,"step 6, "
restaurants.nl,amazon,"{""amazon"": ""private""}",False,False,False,False,"step 5 (SOA), "
restorativland.org,cloudflare,"{""cloudflare"": ""private""}",False,False,False,False,"step 5 (SOA), "
retailrocket.net,cloudflare,"{""cloudflare"": ""private""}",False,False,False,False,"step 5 (SOA), "
retargeting.app,cloudflare,"{""cloudflare"": ""private""}",False,False,False,False,"step 5 (SOA), "
returnyoutubedislikeapi.com,google|cloudflare,"{""google"": ""private"", ""cloudflare"": ""third""}",True,False,True,False,"step 3, step 5 (SOA), "
revelup.com,amazon,"{""amazon"": ""private""}",False,False,False,False,"step 5 (SOA), "
revesoft.com,twitter,"{""twitter"": ""private""}",False,False,False,False,"step 6, "
revfyads.com,amazon,"{""amazon"": ""private""}",False,False,False,False,"step 5 (SOA), "
revrtb.net,cloudflare,"{""cloudflare"": ""private""}",False,False,False,False,"step 5 (SOA), "
rewardguru.limited,cloudflare,"{""cloudflare"": ""private""}",False,False,False,False,"step 5 (SOA), "
rezstream.com,cloudflare,"{""cloudflare"": ""private""}",False,False,False,False,"step 5 (SOA), "
rgsgames.com,amazon,"{""amazon"": ""private""}",False,False,False,False,"step 5 (SOA), "
rgstatic.net,google|cloudflare,"{""google"": ""private"", ""cloudflare"": ""third""}",True,False,True,False,"step 3, step 5 (SOA), "
rhinoshield.tw,cloudflare,"{""cloudflare"": ""private""}",False,False,False,False,"step 5 (SOA), "
rhodecode.com,amazon,"{""amazon"": ""private""}",False,False,False,False,"step 5 (SOA), "
riamiavid.com,cloudflare,"{""cloudflare"": ""private""}",False,False,False,False,"step 5 (SOA), "
rice.edu,fastly,"{""fastly"": ""private""}",False,False,False,False,"step 6, "
richardlawsonpianos.com,amazon,"{""amazon"": ""private""}",False,False,False,False,"step 3, "
richaudience.com,amazon,"{""amazon"": ""private""}",False,False,False,False,"step 5 (SOA), "
richelieu.com,digicert,"{""digicert"": ""private""}",False,False,False,False,"step 5 (SOA), "
richmediastudio.com,amazon,"{""amazon"": ""private""}",False,False,False,False,"step 5 (SOA), "
richmond.edu,microsoft,"{""microsoft"": ""private""}",False,False,False,False,"step 5 (SOA), "
ridemotive.com,cloudflare,"{""cloudflare"": ""private""}",False,False,False,False,"step 5 (SOA), "
ridibooks.com,cloudflare,"{""cloudflare"": ""private""}",False,False,False,False,"step 5 (SOA), "
rigelminer.com,cloudflare,"{""cloudflare"": ""private""}",False,False,False,False,"step 5 (SOA), "
rigi.club,amazon,"{""amazon"": ""private""}",False,False,False,False,"step 5 (SOA), "
rikstv.no,amazon,"{""amazon"": ""private""}",False,False,False,False,"step 5 (SOA), "
rin.ru,cloudflare,"{""cloudflare"": ""private""}",False,False,False,False,"step 5 (SOA), "
ringcentral.com,cloudflare,"{""cloudflare"": ""private""}",False,False,False,False,"step 5 (SOA), "
ringrx.com,amazon,"{""amazon"": ""private""}",False,False,False,False,"step 5 (SOA), "
ringsweeper.live,microsoft|cloudflare,"{""microsoft"": ""private"", ""cloudflare"": ""third""}",True,False,True,False,"step 3, step 5 (SOA), "
rio.cloud,amazon,"{""amazon"": ""private""}",False,False,False,False,"step 5 (SOA), "
rip.live,microsoft|cloudflare,"{""microsoft"": ""private"", ""cloudflare"": ""third""}",True,False,True,False,"step 3, step 5 (SOA), "
riscnetworks.com,amazon,"{""amazon"": ""private""}",False,False,False,False,"step 5 (SOA), "
rive.app,amazon,"{""amazon"": ""private""}",False,False,False,False,"step 5 (SOA), "
riverside.com,cloudflare,"{""cloudflare"": ""private""}",False,False,False,False,"step 5 (SOA), "
rixbeedesk.com,google,"{""google"": ""private""}",False,False,False,False,"step 5 (SOA), "
rixengine.com,google,"{""google"": ""private""}",False,False,False,False,"step 5 (SOA), "
rmake.jp,amazon,"{""amazon"": ""private""}",False,False,False,False,"step 5 (SOA), "
rndfnk.com,sendgrid,"{""sendgrid"": ""private""}",False,False,False,False,"step 6, "
roadsidethoughts.com,cloudflare,"{""cloudflare"": ""private""}",False,False,False,False,"step 5 (SOA), "
robbreport.com,amazon|twitter,"{""amazon"": ""private"", ""twitter"": ""private""}",False,False,True,False,"step 5 (SOA), step 6, "
robbyporn.com,cloudflare,"{""cloudflare"": ""private""}",False,False,False,False,"step 5 (SOA), "
robinhood.com,amazon,"{""amazon"": ""private""}",False,False,False,False,"step 5 (SOA), "
roblox.com,roblox,"{""roblox"": ""private""}",False,False,False,False,"step 3, "
roblox.vn,roblox,"{""roblox"": ""private""}",False,False,False,False,"step 3, "
robloxdatabase.com,roblox|cloudflare,"{""roblox"": ""private"", ""cloudflare"": ""third""}",True,False,True,False,"step 3, step 5 (SOA), "
roborock.com,shopify,"{""shopify"": ""private""}",False,False,False,False,"step 6, "
rocket.net,cloudflare,"{""cloudflare"": ""private""}",False,False,False,False,"step 5 (SOA), "
rocketlaunch.live,microsoft|cloudflare,"{""microsoft"": ""private"", ""cloudflare"": ""third""}",True,False,True,False,"step 3, step 5 (SOA), "
rockylinux.org,cloudflare|nextjs,"{""cloudflare"": ""private"", ""nextjs"": ""private""}",False,False,True,False,"step 5 (SOA), step 7, "
rogold.live,microsoft|cloudflare,"{""microsoft"": ""private"", ""cloudflare"": ""third""}",True,False,True,False,"step 3, step 5 (SOA), "
roimediaconsultants.com,cloudflare,"{""cloudflare"": ""private""}",False,False,False,False,"step 7, "
roistat.com,cloudflare|twitter,"{""cloudflare"": ""private"", ""twitter"": ""private""}",False,False,True,False,"step 5 (SOA), step 6, "
rojbash.net,google,"{""google"": ""private""}",False,False,False,False,"step 5 (SOA), "
rollic.gs,amazon,"{""amazon"": ""private""}",False,False,False,False,"step 5 (SOA), "
rollick.io,fastly,"{""fastly"": ""private""}",False,False,False,False,"step 7, "
rollingstone.com,amazon,"{""amazon"": ""private""}",False,False,False,False,"step 5 (SOA), "
rollout.io,amazon,"{""amazon"": ""private""}",False,False,False,False,"step 5 (SOA), "
roomalert.com,twitter,"{""twitter"": ""private""}",False,False,False,False,"step 6, "
roonlabs.com,google,"{""google"": ""private""}",False,False,False,False,"step 5 (SOA), "
roonlabs.net,google,"{""google"": ""private""}",False,False,False,False,"step 5 (SOA), "
roseal.live,microsoft|cloudflare,"{""microsoft"": ""private"", ""cloudflare"": ""third""}",True,False,True,False,"step 3, step 5 (SOA), "
rosettacode.org,google,"{""google"": ""private""}",False,False,False,False,"step 5 (SOA), "
roshy.live,microsoft,"{""microsoft"": ""private""}",False,False,False,False,"step 3, "
rotko.net,cloudflare,"{""cloudflare"": ""private""}",False,False,False,False,"step 5 (SOA), "
royalsociety.org,amazon,"{""amazon"": ""private""}",False,False,False,False,"step 5 (SOA), "
rplay.live,microsoft|amazon,"{""microsoft"": ""private"", ""amazon"": ""third""}",True,False,True,False,"step 3, step 5 (SOA), "
rpushd.cloud,cloudflare,"{""cloudflare"": ""private""}",False,False,False,False,"step 5 (SOA), "
rrpl.org,microsoft,"{""microsoft"": ""private""}",False,False,False,False,"step 5 (SOA), "
rschooltoday.com,amazon,"{""amazon"": ""private""}",False,False,False,False,"step 5 (SOA), "
rsdelivers.com,microsoft,"{""microsoft"": ""private""}",False,False,False,False,"step 3, "
rsms.me,cloudflare,"{""cloudflare"": ""private""}",False,False,False,False,"step 5 (SOA), "
rspcdn.net,fastly,"{""fastly"": ""private""}",False,False,False,False,"step 6, "
rssing.com,cloudflare,"{""cloudflare"": ""private""}",False,False,False,False,"step 5 (SOA), "
rt.com,twitter,"{""twitter"": ""private""}",False,False,False,False,"step 6, "
rtbf.be,fastly,"{""fastly"": ""private""}",False,False,False,False,"step 6, "
rtbflairads.com,amazon,"{""amazon"": ""private""}",False,False,False,False,"step 5 (SOA), "
rtbi5tam.com,amazon,"{""amazon"": ""private""}",False,False,False,False,"step 5 (SOA), "
rtrp.jp,amazon,"{""amazon"": ""private""}",False,False,False,False,"step 5 (SOA), "
rtrt.me,amazon|telegram,"{""amazon"": ""private"", ""telegram"": ""private""}",False,False,True,False,"step 5 (SOA), step 6, "
rttrk.com,amazon,"{""amazon"": ""private""}",False,False,False,False,"step 5 (SOA), "
rtvonline.com,cloudflare,"{""cloudflare"": ""private""}",False,False,False,False,"step 5 (SOA), "
rubygems.org,fastly,"{""fastly"": ""private""}",False,False,False,False,"step 7, "
rudaw.net,cloudflare|fastly,"{""cloudflare"": ""private"", ""fastly"": ""private""}",False,False,True,False,"step 5 (SOA), step 7, "
rugbyleagueproject.org,bunnycdn,"{""bunnycdn"": ""private""}",False,False,False,False,"step 5 (SOA), "
ruggable.com,cloudflare,"{""cloudflare"": ""private""}",False,False,False,False,"step 5 (SOA), "
rugimg.com,amazon,"{""amazon"": ""private""}",False,False,False,False,"step 5 (SOA), "
ruisionvps1.com,cloudflare,"{""cloudflare"": ""private""}",False,False,False,False,"step 5 (SOA), "
rulive.ru,microsoft,"{""microsoft"": ""private""}",False,False,False,False,"step 3, "
run-minnesota.org,sucuri,"{""sucuri"": ""private""}",False,False,False,False,"step 7, "
runsignup.com,amazon,"{""amazon"": ""private""}",False,False,False,False,"step 5 (SOA), "
rusdate.net,amazon,"{""amazon"": ""private""}",False,False,False,False,"step 5 (SOA), "
rutor.info,cloudflare,"{""cloudflare"": ""private""}",False,False,False,False,"step 5 (SOA), "
rutor.is,cloudflare,"{""cloudflare"": ""private""}",False,False,False,False,"step 5 (SOA), "
rvt.com,amazon|twitter,"{""amazon"": ""private"", ""twitter"": ""private""}",False,False,True,False,"step 5 (SOA), step 6, "
rwiths.net,akamai,"{""akamai"": ""private""}",False,False,False,False,"step 6, "
rxo.com,fastly,"{""fastly"": ""private""}",False,False,False,False,"step 7, "
rxwiki.com,cloudflare,"{""cloudflare"": ""private""}",False,False,False,False,"step 5 (SOA), "
rz-ops.com,amazon|cloudflare,"{""amazon"": ""private"", ""cloudflare"": ""private""}",False,False,True,False,"step 5 (SOA), step 7, "
s-dc-msedge.net,microsoft,"{""microsoft"": ""private""}",False,False,False,False,"step 3, "
s-microsoft.com,microsoft,"{""microsoft"": ""private""}",False,False,False,False,"step 3, "
s-msedge.net,microsoft,"{""microsoft"": ""private""}",False,False,False,False,"step 3, "
s1search.co,amazon,"{""amazon"": ""private""}",False,False,False,False,"step 5 (SOA), "
s25.work,cloudflare,"{""cloudflare"": ""private""}",False,False,False,False,"step 5 (SOA), "
s4p-iapps.com,cloudflare,"{""cloudflare"": ""private""}",False,False,False,False,"step 5 (SOA), "
s4p.jp,amazon,"{""amazon"": ""private""}",False,False,False,False,"step 5 (SOA), "
saaslio.com,amazon,"{""amazon"": ""private""}",False,False,False,False,"step 5 (SOA), "
saawsedge.com,amazon|cloudflare,"{""amazon"": ""private"", ""cloudflare"": ""third""}",True,False,True,False,"step 3, step 5 (SOA), "
saconsole.com,amazon,"{""amazon"": ""private""}",False,False,False,False,"step 5 (SOA), "
sacrificeathletics.com,cloudflare,"{""cloudflare"": ""private""}",False,False,False,False,"step 5 (SOA), "
safebrowsing.apple,apple,"{""apple"": ""private""}",False,False,False,False,"step 1, "
safesendreturns.com,microsoft,"{""microsoft"": ""private""}",False,False,False,False,"step 6, "
safety.google,google,"{""google"": ""private""}",False,False,False,False,"step 1, "
safetynetaccess.com,amazon,"{""amazon"": ""private""}",False,False,False,False,"step 5 (SOA), "
saffire.com,microsoft,"{""microsoft"": ""private""}",False,False,False,False,"step 5 (SOA), "
safie.link,amazon,"{""amazon"": ""private""}",False,False,False,False,"step 5 (SOA), "
sagemaker.aws,amazon,"{""amazon"": ""private""}",False,False,False,False,"step 3, "
saicloud.com,apple|amazon,"{""apple"": ""private"", ""amazon"": ""third""}",True,False,True,False,"step 3, step 5 (SOA), "
sailfishx.live,microsoft,"{""microsoft"": ""private""}",False,False,False,False,"step 3, "
saintsreport.com,twitter,"{""twitter"": ""private""}",False,False,False,False,"step 6, "
saipos.com,amazon,"{""amazon"": ""private""}",False,False,False,False,"step 5 (SOA), "
sakhalinmedia.ru,cloudflare,"{""cloudflare"": ""private""}",False,False,False,False,"step 5 (SOA), "
salesforceliveagent.com,salesforce|microsoft,"{""salesforce"": ""private"", ""microsoft"": ""private""}",False,False,True,False,"step 2, step 3, "
salesmanago.com,cloudflare,"{""cloudflare"": ""private""}",False,False,False,False,"step 5 (SOA), "
salesstocker.com,amazon,"{""amazon"": ""private""}",False,False,False,False,"step 5 (SOA), "
saleswingsapp.com,amazon,"{""amazon"": ""private""}",False,False,False,False,"step 5 (SOA), "
saltywatertackle.com,cloudflare,"{""cloudflare"": ""private""}",False,False,False,False,"step 7, "
salusconnect.io,amazon,"{""amazon"": ""private""}",False,False,False,False,"step 5 (SOA), "
samplicio.us,amazon,"{""amazon"": ""private""}",False,False,False,False,"step 5 (SOA), "
samsonproperties.net,cloudflare,"{""cloudflare"": ""private""}",False,False,False,False,"step 5 (SOA), "
samsungapps.com,amazon,"{""amazon"": ""private""}",False,False,False,False,"step 6, "
samsunghrm.com,amazon,"{""amazon"": ""private""}",False,False,False,False,"step 5 (SOA), "
sanarmed.com,amazon,"{""amazon"": ""private""}",False,False,False,False,"step 5 (SOA), "
sanaws.com,amazon,"{""amazon"": ""private""}",False,False,False,False,"step 3, "
sandclowd.com,amazon,"{""amazon"": ""private""}",False,False,False,False,"step 5 (SOA), "
sandiegouniontribune.com,amazon,"{""amazon"": ""private""}",False,False,False,False,"step 5 (SOA), "
sandler.com,amazon,"{""amazon"": ""private""}",False,False,False,False,"step 5 (SOA), "
saneshoppe.com,cloudflare,"{""cloudflare"": ""private""}",False,False,False,False,"step 7, "
sankuai.com,meituan,"{""meituan"": ""private""}",False,False,False,False,"step 2, "
saphe.com,google,"{""google"": ""private""}",False,False,False,False,"step 5 (SOA), "
sappi.com,cloudflare,"{""cloudflare"": ""private""}",False,False,False,False,"step 6, "
sarna.net,amazon,"{""amazon"": ""private""}",False,False,False,False,"step 5 (SOA), "
sarnet.ru,cloudflare,"{""cloudflare"": ""private""}",False,False,False,False,"step 5 (SOA), "
savemoreplumbing.com,microsoft|cloudflare,"{""microsoft"": ""private"", ""cloudflare"": ""third""}",True,False,True,False,"step 3, step 6, "
saveris.net,amazon,"{""amazon"": ""private""}",False,False,False,False,"step 5 (SOA), "
sawsells.com,amazon|cloudflare,"{""amazon"": ""private"", ""cloudflare"": ""third""}",True,False,True,False,"step 3, step 5 (SOA), "
sblinks.net,cloudflare,"{""cloudflare"": ""private""}",False,False,False,False,"step 5 (SOA), "
sbm.pw,cloudflare,"{""cloudflare"": ""private""}",False,False,False,False,"step 5 (SOA), "
sbt.com.br,google|twitter,"{""google"": ""private"", ""twitter"": ""private""}",False,False,True,False,"step 5 (SOA), step 6, "
sc-cdn.net,snapchat|amazon,"{""snapchat"": ""private"", ""amazon"": ""third""}",True,False,True,False,"step 2, step 5 (SOA), "
sc-corp.net,amazon,"{""amazon"": ""private""}",False,False,False,False,"step 5 (SOA), "
sc.edu,digicert,"{""digicert"": ""private""}",False,False,False,False,"step 5 (SOA), "
sc07.company,cloudflare,"{""cloudflare"": ""private""}",False,False,False,False,"step 5 (SOA), "
scalefusion.com,cloudflare,"{""cloudflare"": ""private""}",False,False,False,False,"step 5 (SOA), "
scalibur.io,amazon,"{""amazon"": ""private""}",False,False,False,False,"step 5 (SOA), "
scalingo.io,cloudflare,"{""cloudflare"": ""private""}",False,False,False,False,"step 5 (SOA), "
scalyr.com,amazon,"{""amazon"": ""private""}",False,False,False,False,"step 5 (SOA), "
scamsniffer.io,microsoft|cloudflare,"{""microsoft"": ""private"", ""cloudflare"": ""third""}",True,False,True,False,"step 3, step 5 (SOA), "
scandid.in,google,"{""google"": ""private""}",False,False,False,False,"step 7, "
scanqrcodedesign.live,microsoft|cloudflare,"{""microsoft"": ""private"", ""cloudflare"": ""third""}",True,False,True,False,"step 3, step 5 (SOA), "
sccoast.net,cloudflare,"{""cloudflare"": ""private""}",False,False,False,False,"step 7, "
scene7.com,adobe,"{""adobe"": ""private""}",False,False,False,False,"step 2, "
schmuckgebiet.com,twitter,"{""twitter"": ""private""}",False,False,False,False,"step 6, "
schneidercorp.com,cloudflare,"{""cloudflare"": ""private""}",False,False,False,False,"step 5 (SOA), "
scholarshipdb.net,cloudflare,"{""cloudflare"": ""private""}",False,False,False,False,"step 5 (SOA), "
scholarsportal.info,amazon|fastly,"{""amazon"": ""private"", ""fastly"": ""private""}",False,False,True,False,"step 5 (SOA), step 7, "
schoolspring.com,amazon|imperva,"{""amazon"": ""private"", ""imperva"": ""private""}",False,False,True,False,"step 5 (SOA), step 6, "
scidev.net,cloudflare,"{""cloudflare"": ""private""}",False,False,False,False,"step 5 (SOA), "
scipy.org,cloudflare,"{""cloudflare"": ""private""}",False,False,False,False,"step 5 (SOA), "
scoot.co.uk,twitter,"{""twitter"": ""private""}",False,False,False,False,"step 6, "
score808live.tv,microsoft|cloudflare,"{""microsoft"": ""private"", ""cloudflare"": ""third""}",True,False,True,False,"step 3, step 5 (SOA), "
scorebooklive.com,microsoft|amazon,"{""microsoft"": ""private"", ""amazon"": ""third""}",True,False,True,False,"step 3, step 5 (SOA), "
scorecardresearch.com,amazon,"{""amazon"": ""private""}",False,False,False,False,"step 5 (SOA), "
scores24.live,microsoft|cloudflare,"{""microsoft"": ""private"", ""cloudflare"": ""third""}",True,False,True,False,"step 3, step 7, "
scoringlive.com,microsoft|cloudflare,"{""microsoft"": ""private"", ""cloudflare"": ""third""}",True,False,True,False,"step 3, step 5 (SOA), "
scoutgg.net,cloudflare,"{""cloudflare"": ""private""}",False,False,False,False,"step 5 (SOA), "
scoutwiki.org,microsoft,"{""microsoft"": ""private""}",False,False,False,False,"step 5 (SOA), "
scpwiki.com,amazon,"{""amazon"": ""private""}",False,False,False,False,"step 5 (SOA), "
screenbeam.com,cloudflare,"{""cloudflare"": ""private""}",False,False,False,False,"step 7, "
screencast-o-matic.com,amazon,"{""amazon"": ""private""}",False,False,False,False,"step 5 (SOA), "
screenrant.com,digicert|twitter,"{""digicert"": ""private"", ""twitter"": ""private""}",False,False,True,False,"step 5 (SOA), step 6, "
scrubbingcenter.com,microsoft|amazon,"{""microsoft"": ""private"", ""amazon"": ""third""}",True,False,True,False,"step 3, step 5 (SOA), "
scssoft.com,twitter,"{""twitter"": ""private""}",False,False,False,False,"step 6, "
scutum.jp,amazon,"{""amazon"": ""private""}",False,False,False,False,"step 5 (SOA), "
sdlcdn.com,amazon,"{""amazon"": ""private""}",False,False,False,False,"step 5 (SOA), "
sdnews.com.cn,apple,"{""apple"": ""private""}",False,False,False,False,"step 5 (SOA), "
sdu.nl,amazon,"{""amazon"": ""private""}",False,False,False,False,"step 5 (SOA), "
seancody.com,amazon,"{""amazon"": ""private""}",False,False,False,False,"step 5 (SOA), "
searchadsfinder.live,microsoft|amazon,"{""microsoft"": ""private"", ""amazon"": ""third""}",True,False,True,False,"step 3, step 5 (SOA), "
searchanise.com,cloudflare,"{""cloudflare"": ""private""}",False,False,False,False,"step 5 (SOA), "
searchserverapi1.com,cloudflare,"{""cloudflare"": ""private""}",False,False,False,False,"step 5 (SOA), "
seatgeekassets.com,amazon|fastly,"{""amazon"": ""private"", ""fastly"": ""private""}",False,False,True,False,"step 5 (SOA), step 7, "
seatgeekimages.com,amazon|fastly,"{""amazon"": ""private"", ""fastly"": ""private""}",False,False,True,False,"step 5 (SOA), step 7, "
seattle.gov,amazon,"{""amazon"": ""private""}",False,False,False,False,"step 7, "
secdatabase.com,amazon,"{""amazon"": ""private""}",False,False,False,False,"step 5 (SOA), "
secomea.com,cloudflare,"{""cloudflare"": ""private""}",False,False,False,False,"step 5 (SOA), "
secondstreetapp.com,amazon,"{""amazon"": ""private""}",False,False,False,False,"step 5 (SOA), "
secova.de,amazon,"{""amazon"": ""private""}",False,False,False,False,"step 5 (SOA), "
secretescapes.com,amazon,"{""amazon"": ""private""}",False,False,False,False,"step 5 (SOA), "
section.io,section|amazon,"{""section"": ""private"", ""amazon"": ""private""}",False,False,True,False,"step 2, step 5 (SOA), "
securenetsystems.net,amazon,"{""amazon"": ""private""}",False,False,False,False,"step 5 (SOA), "
securestudies.com,amazon,"{""amazon"": ""private""}",False,False,False,False,"step 5 (SOA), "
securew2.com,amazon|cloudflare,"{""amazon"": ""private"", ""cloudflare"": ""private""}",False,False,True,False,"step 5 (SOA), step 7, "
securityalliance.cloud,google,"{""google"": ""private""}",False,False,False,False,"step 5 (SOA), "
securityeco.com,amazon,"{""amazon"": ""private""}",False,False,False,False,"step 5 (SOA), "
securykit.com,twitter,"{""twitter"": ""private""}",False,False,False,False,"step 6, "
sednanetwork.com,amazon,"{""amazon"": ""private""}",False,False,False,False,"step 5 (SOA), "
seersco.com,amazon|cloudflare,"{""amazon"": ""private"", ""cloudflare"": ""private""}",False,False,True,False,"step 5 (SOA), step 7, "
seesaa.jp,amazon,"{""amazon"": ""private""}",False,False,False,False,"step 5 (SOA), "
segment.com,amazon|twitter,"{""amazon"": ""private"", ""twitter"": ""private""}",False,False,True,False,"step 5 (SOA), step 6, "
segment.io,amazon,"{""amazon"": ""private""}",False,False,False,False,"step 5 (SOA), "
segmentify.com,google,"{""google"": ""private""}",False,False,False,False,"step 5 (SOA), "
selfcater.com,amazon,"{""amazon"": ""private""}",False,False,False,False,"step 5 (SOA), "
selling.com,cloudflare|amazon,"{""cloudflare"": ""private"", ""amazon"": ""private""}",False,False,True,False,"step 5 (SOA), step 7, "
sendergen.com,amazon,"{""amazon"": ""private""}",False,False,False,False,"step 5 (SOA), "
senderscore.com,amazon,"{""amazon"": ""private""}",False,False,False,False,"step 5 (SOA), "
sendgrid.net,sendgrid,"{""sendgrid"": ""private""}",False,False,False,False,"step 2, "
sendibm1.com,cloudflare,"{""cloudflare"": ""private""}",False,False,False,False,"step 5 (SOA), "
sendibm3.com,cloudflare,"{""cloudflare"": ""private""}",False,False,False,False,"step 5 (SOA), "
sendibt2.com,cloudflare,"{""cloudflare"": ""private""}",False,False,False,False,"step 5 (SOA), "
sendibt3.com,cloudflare,"{""cloudflare"": ""private""}",False,False,False,False,"step 5 (SOA), "
sendpulse.com,amazon,"{""amazon"": ""private""}",False,False,False,False,"step 5 (SOA), "
sendtonews.com,amazon,"{""amazon"": ""private""}",False,False,False,False,"step 5 (SOA), "
senioradvisor.com,amazon,"{""amazon"": ""private""}",False,False,False,False,"step 5 (SOA), "
seniorsstore.ca,sucuri,"{""sucuri"": ""private""}",False,False,False,False,"step 7, "
sense.com,amazon,"{""amazon"": ""private""}",False,False,False,False,"step 5 (SOA), "
sensefuel.live,microsoft|google,"{""microsoft"": ""private"", ""google"": ""third""}",True,False,True,False,"step 3, step 5 (SOA), "
sensehome.com,amazon,"{""amazon"": ""private""}",False,False,False,False,"step 5 (SOA), "
sensorsgateway.com,cloudflare,"{""cloudflare"": ""private""}",False,False,False,False,"step 5 (SOA), "
sentimente.ro,cloudflare,"{""cloudflare"": ""private""}",False,False,False,False,"step 5 (SOA), "
sentinelone.net,amazon,"{""amazon"": ""private""}",False,False,False,False,"step 5 (SOA), "
sentinelpro.com,digicert,"{""digicert"": ""private""}",False,False,False,False,"step 5 (SOA), "
sentynela.com.br,amazon,"{""amazon"": ""private""}",False,False,False,False,"step 5 (SOA), "
seon.io,amazon,"{""amazon"": ""private""}",False,False,False,False,"step 5 (SOA), "
sequelvideo.com,amazon,"{""amazon"": ""private""}",False,False,False,False,"step 5 (SOA), "
sequoiaproject.org,digicert,"{""digicert"": ""private""}",False,False,False,False,"step 5 (SOA), "
seranking.com,cloudflare,"{""cloudflare"": ""private""}",False,False,False,False,"step 5 (SOA), "
servaxnet.com,twitter,"{""twitter"": ""private""}",False,False,False,False,"step 6, "
servedbyadbutler.com,amazon,"{""amazon"": ""private""}",False,False,False,False,"step 5 (SOA), "
serverforge.org,cloudflare,"{""cloudflare"": ""private""}",False,False,False,False,"step 5 (SOA), "
service-windows.com,cloudflare,"{""cloudflare"": ""private""}",False,False,False,False,"step 5 (SOA), "
servicechannel.com,amazon|cloudflare,"{""amazon"": ""private"", ""cloudflare"": ""private""}",False,False,True,False,"step 5 (SOA), step 7, "
servicecore.com,amazon,"{""amazon"": ""private""}",False,False,False,False,"step 5 (SOA), "
servicewechat.com,twitter,"{""twitter"": ""private""}",False,False,False,False,"step 6, "
servisehost.com,twitter,"{""twitter"": ""private""}",False,False,False,False,"step 6, "
servyoutube.com,google|cloudflare,"{""google"": ""private"", ""cloudflare"": ""third""}",True,False,True,False,"step 3, step 5 (SOA), "
sesametime.com,cloudflare,"{""cloudflare"": ""private""}",False,False,False,False,"step 5 (SOA), "
sesami.co,amazon,"{""amazon"": ""private""}",False,False,False,False,"step 5 (SOA), "
sestsenat.org.br,microsoft,"{""microsoft"": ""private""}",False,False,False,False,"step 5 (SOA), "
setka.ru,cloudflare,"{""cloudflare"": ""private""}",False,False,False,False,"step 5 (SOA), "
seven.tech,google,"{""google"": ""private""}",False,False,False,False,"step 5 (SOA), "
sevendaysvt.com,cloudflare|twitter,"{""cloudflare"": ""private"", ""twitter"": ""private""}",False,False,True,False,"step 5 (SOA), step 6, "
sex-studentki.live,microsoft|cloudflare,"{""microsoft"": ""private"", ""cloudflare"": ""third""}",True,False,True,False,"step 3, step 5 (SOA), "
sexlikereal.com,amazon,"{""amazon"": ""private""}",False,False,False,False,"step 5 (SOA), "
sextgem.com,cloudflare,"{""cloudflare"": ""private""}",False,False,False,False,"step 5 (SOA), "
sfdcstatic.com,salesforce|akamai,"{""salesforce"": ""private"", ""akamai"": ""third""}",True,False,True,False,"step 2, step 6, "
sg-host.com,twitter,"{""twitter"": ""private""}",False,False,False,False,"step 6, "
sgaws.net,amazon,"{""amazon"": ""private""}",False,False,False,False,"step 3, "
sgmntfy.com,google,"{""google"": ""private""}",False,False,False,False,"step 5 (SOA), "
sgn.com,amazon,"{""amazon"": ""private""}",False,False,False,False,"step 5 (SOA), "
sgp.net.br,cloudflare,"{""cloudflare"": ""private""}",False,False,False,False,"step 5 (SOA), "
sgsnssdk.com,bytedance|amazon,"{""bytedance"": ""private"", ""amazon"": ""third""}",True,False,True,False,"step 2, step 5 (SOA), "
shadowspear.cloud,amazon,"{""amazon"": ""private""}",False,False,False,False,"step 5 (SOA), "
shafaqna.com,amazon,"{""amazon"": ""private""}",False,False,False,False,"step 5 (SOA), "
shahid.net,amazon,"{""amazon"": ""private""}",False,False,False,False,"step 5 (SOA), "
share.google,google,"{""google"": ""private""}",False,False,False,False,"step 1, "
shareaholic.com,amazon,"{""amazon"": ""private""}",False,False,False,False,"step 5 (SOA), "
sharecare.com,amazon,"{""amazon"": ""private""}",False,False,False,False,"step 5 (SOA), "
sharepointonline.com,microsoft,"{""microsoft"": ""private""}",False,False,False,False,"step 5 (SOA), "
sharptools.io,cloudflare|fastly,"{""cloudflare"": ""private"", ""fastly"": ""private""}",False,False,True,False,"step 5 (SOA), step 7, "
sheassure.net,amazon,"{""amazon"": ""private""}",False,False,False,False,"step 5 (SOA), "
sheeel.com,amazon,"{""amazon"": ""private""}",False,False,False,False,"step 5 (SOA), "
shelby.xyz,google,"{""google"": ""private""}",False,False,False,False,"step 5 (SOA), "
shelly.cloud,google,"{""google"": ""private""}",False,False,False,False,"step 5 (SOA), "
shemale.movie,cloudflare,"{""cloudflare"": ""private""}",False,False,False,False,"step 5 (SOA), "
shephertz.com,nextjs,"{""nextjs"": ""private""}",False,False,False,False,"step 7, "
shgstatic.com,google|cloudflare,"{""google"": ""private"", ""cloudflare"": ""third""}",True,False,True,False,"step 3, step 5 (SOA), "
shifen.com,baidu,"{""baidu"": ""private""}",False,False,False,False,"step 2, "
shoofdirect.co.nz,twitter,"{""twitter"": ""private""}",False,False,False,False,"step 6, "
shopanimedvd.com,google,"{""google"": ""private""}",False,False,False,False,"step 5 (SOA), "
shopbop.com,amazon,"{""amazon"": ""private""}",False,False,False,False,"step 5 (SOA), "
shopcoopera.com.br,amazon|opera,"{""amazon"": ""third"", ""opera"": ""private""}",True,False,True,False,"step 6, step 6, "
shopdeckthewallsart.com,twitter,"{""twitter"": ""private""}",False,False,False,False,"step 6, "
shopee.cl,amazon,"{""amazon"": ""private""}",False,False,False,False,"step 5 (SOA), "
shopee.cn,amazon,"{""amazon"": ""private""}",False,False,False,False,"step 5 (SOA), "
shopee.co.id,amazon,"{""amazon"": ""private""}",False,False,False,False,"step 5 (SOA), "
shopee.co.th,amazon,"{""amazon"": ""private""}",False,False,False,False,"step 5 (SOA), "
shopee.com.ar,amazon,"{""amazon"": ""private""}",False,False,False,False,"step 5 (SOA), "
shopee.com.br,amazon,"{""amazon"": ""private""}",False,False,False,False,"step 5 (SOA), "
shopee.com.co,amazon,"{""amazon"": ""private""}",False,False,False,False,"step 5 (SOA), "
shopee.com.mx,amazon,"{""amazon"": ""private""}",False,False,False,False,"step 5 (SOA), "
shopee.com.my,amazon,"{""amazon"": ""private""}",False,False,False,False,"step 5 (SOA), "
shopee.es,amazon,"{""amazon"": ""private""}",False,False,False,False,"step 5 (SOA), "
shopee.fr,amazon,"{""amazon"": ""private""}",False,False,False,False,"step 5 (SOA), "
shopee.ph,amazon,"{""amazon"": ""private""}",False,False,False,False,"step 5 (SOA), "
shopee.pl,amazon,"{""amazon"": ""private""}",False,False,False,False,"step 5 (SOA), "
shopee.sg,amazon,"{""amazon"": ""private""}",False,False,False,False,"step 5 (SOA), "
shopee.tw,amazon,"{""amazon"": ""private""}",False,False,False,False,"step 5 (SOA), "
shopee.vn,amazon,"{""amazon"": ""private""}",False,False,False,False,"step 5 (SOA), "
shopeemobile.com,amazon,"{""amazon"": ""private""}",False,False,False,False,"step 5 (SOA), "
shopify.com,shopify,"{""shopify"": ""private""}",False,False,False,False,"step 2, "
shopifyappexperts.com,cloudflare,"{""cloudflare"": ""private""}",False,False,False,False,"step 5 (SOA), "
shopifycdn.com,shopify,"{""shopify"": ""private""}",False,False,False,False,"step 2, "
shoplive.cloud,microsoft|google,"{""microsoft"": ""private"", ""google"": ""third""}",True,False,True,False,"step 3, step 5 (SOA), "
shoprusticpineapple.com,apple|cloudflare,"{""apple"": ""private"", ""cloudflare"": ""third""}",True,False,True,False,"step 3, step 5 (SOA), "
shopzilla.com,amazon,"{""amazon"": ""private""}",False,False,False,False,"step 5 (SOA), "
shortpixel.ai,cloudflare,"{""cloudflare"": ""private""}",False,False,False,False,"step 5 (SOA), "
shorttv.live,microsoft|amazon,"{""microsoft"": ""private"", ""amazon"": ""third""}",True,False,True,False,"step 3, step 5 (SOA), "
shotgun.live,microsoft,"{""microsoft"": ""private""}",False,False,False,False,"step 3, "
shotgunstudio.com,amazon,"{""amazon"": ""private""}",False,False,False,False,"step 5 (SOA), "
showheroes.com,cloudflare,"{""cloudflare"": ""private""}",False,False,False,False,"step 7, "
showit.com,amazon|twitter,"{""amazon"": ""private"", ""twitter"": ""private""}",False,False,True,False,"step 5 (SOA), step 6, "
showroom-live.com,microsoft|amazon,"{""microsoft"": ""private"", ""amazon"": ""third""}",True,False,True,False,"step 3, step 5 (SOA), "
showvid.ws,cloudflare,"{""cloudflare"": ""private""}",False,False,False,False,"step 5 (SOA), "
sichem.org,cloudflare,"{""cloudflare"": ""private""}",False,False,False,False,"step 5 (SOA), "
sicherheitskultur.org,cloudflare,"{""cloudflare"": ""private""}",False,False,False,False,"step 5 (SOA), "
siearly.live,microsoft|cloudflare,"{""microsoft"": ""private"", ""cloudflare"": ""third""}",True,False,True,False,"step 3, step 5 (SOA), "
siege-amazon.com,amazon,"{""amazon"": ""private""}",False,False,False,False,"step 3, "
sift.com,google|twitter,"{""google"": ""private"", ""twitter"": ""private""}",False,False,True,False,"step 5 (SOA), step 6, "
siftscience.com,google|cloudflare,"{""google"": ""private"", ""cloudflare"": ""private""}",False,False,True,False,"step 5 (SOA), step 7, "
sightmap.com,amazon,"{""amazon"": ""private""}",False,False,False,False,"step 5 (SOA), "
sigmalive.com,microsoft|cloudflare,"{""microsoft"": ""private"", ""cloudflare"": ""third""}",True,False,True,False,"step 3, step 5 (SOA), "
signagelive.com,microsoft,"{""microsoft"": ""private""}",False,False,False,False,"step 3, "
signalwire.com,amazon,"{""amazon"": ""private""}",False,False,False,False,"step 5 (SOA), "
signcommand.com,amazon,"{""amazon"": ""private""}",False,False,False,False,"step 5 (SOA), "
signin.aws,amazon,"{""amazon"": ""private""}",False,False,False,False,"step 3, "
sigscicloudwaf.com,apple|amazon,"{""apple"": ""private"", ""amazon"": ""third""}",True,False,True,False,"step 3, step 5 (SOA), "
sik-isea.ch,microsoft,"{""microsoft"": ""private""}",False,False,False,False,"step 5 (SOA), "
sikkasoft.com,twitter,"{""twitter"": ""private""}",False,False,False,False,"step 6, "
silicloud.com,apple|cloudflare,"{""apple"": ""private"", ""cloudflare"": ""third""}",True,False,True,False,"step 3, step 5 (SOA), "
silive.com,microsoft|akamai,"{""microsoft"": ""private"", ""akamai"": ""third""}",True,False,True,False,"step 3, step 6, "
simeji.me,google,"{""google"": ""private""}",False,False,False,False,"step 5 (SOA), "
similarsites.com,amazon,"{""amazon"": ""private""}",False,False,False,False,"step 5 (SOA), "
simmerandsoakco.com,fastly,"{""fastly"": ""private""}",False,False,False,False,"step 7, "
simpleflying.com,digicert,"{""digicert"": ""private""}",False,False,False,False,"step 5 (SOA), "
simpletexting.com,cloudflare,"{""cloudflare"": ""private""}",False,False,False,False,"step 5 (SOA), "
simplisafe.com,amazon,"{""amazon"": ""private""}",False,False,False,False,"step 5 (SOA), "
simplotel.com,amazon,"{""amazon"": ""private""}",False,False,False,False,"step 6, "
simplysmartframe.com,amazon,"{""amazon"": ""private""}",False,False,False,False,"step 5 (SOA), "
simpmont.com,twitter,"{""twitter"": ""private""}",False,False,False,False,"step 6, "
simprosuite.com,amazon,"{""amazon"": ""private""}",False,False,False,False,"step 5 (SOA), "
simumak.com,amazon,"{""amazon"": ""private""}",False,False,False,False,"step 5 (SOA), "
sina.cn,sina,"{""sina"": ""private""}",False,False,False,False,"step 6, "
sina.com,alibaba|sina,"{""alibaba"": ""third"", ""sina"": ""private""}",True,False,True,False,"step 6, step 6, "
sina.com.cn,sina|alibaba,"{""sina"": ""private"", ""alibaba"": ""third""}",True,False,True,False,"step 2, step 6, "
sinaapp.com,sina,"{""sina"": ""private""}",False,False,False,False,"step 6, "
sinaedge.com,sina,"{""sina"": ""private""}",False,False,False,False,"step 2, "
sinaimg.cn,weibo|baishan|sina,"{""weibo"": ""private"", ""baishan"": ""third"", ""sina"": ""private""}",True,False,True,False,"step 2, step 6, step 6, "
sinajs.cn,sina,"{""sina"": ""private""}",False,False,False,False,"step 2, "
sinch.com,amazon|cloudflare,"{""amazon"": ""private"", ""cloudflare"": ""private""}",False,False,True,False,"step 5 (SOA), step 7, "
singletrackworld.com,cloudflare,"{""cloudflare"": ""private""}",False,False,False,False,"step 7, "
singular.live,microsoft|cloudflare,"{""microsoft"": ""private"", ""cloudflare"": ""third""}",True,False,True,False,"step 3, step 5 (SOA), "
sipcfg.io,amazon,"{""amazon"": ""private""}",False,False,False,False,"step 5 (SOA), "
sirius.ms,cloudflare,"{""cloudflare"": ""private""}",False,False,False,False,"step 5 (SOA), "
sirsi.net,cloudflare,"{""cloudflare"": ""private""}",False,False,False,False,"step 5 (SOA), "
sirsidynix.com,cloudflare,"{""cloudflare"": ""private""}",False,False,False,False,"step 5 (SOA), "
sitefinity.com,amazon,"{""amazon"": ""private""}",False,False,False,False,"step 5 (SOA), "
siteground.net,google,"{""google"": ""private""}",False,False,False,False,"step 7, "
sitejabber.com,amazon,"{""amazon"": ""private""}",False,False,False,False,"step 5 (SOA), "
sitemaji.com,cloudflare,"{""cloudflare"": ""private""}",False,False,False,False,"step 5 (SOA), "
sitemana.com,amazon,"{""amazon"": ""private""}",False,False,False,False,"step 5 (SOA), "
sitestatic.net,cloudflare,"{""cloudflare"": ""private""}",False,False,False,False,"step 5 (SOA), "
sixt.com,twitter,"{""twitter"": ""private""}",False,False,False,False,"step 6, "
sjsm.org,amazon,"{""amazon"": ""private""}",False,False,False,False,"step 5 (SOA), "
skatefluckit.com,google|twitter,"{""google"": ""private"", ""twitter"": ""private""}",False,False,True,False,"step 5 (SOA), step 6, "
skedit.io,amazon,"{""amazon"": ""private""}",False,False,False,False,"step 5 (SOA), "
skeepers.io,cloudflare,"{""cloudflare"": ""private""}",False,False,False,False,"step 5 (SOA), "
skillbuilder.aws,amazon,"{""amazon"": ""private""}",False,False,False,False,"step 3, "
skillcap.net,amazon,"{""amazon"": ""private""}",False,False,False,False,"step 5 (SOA), "
skills.google,google,"{""google"": ""private""}",False,False,False,False,"step 1, "
skimresources.com,amazon|google,"{""amazon"": ""private"", ""google"": ""private""}",False,False,True,False,"step 5 (SOA), step 7, "
skobk.in,cloudflare,"{""cloudflare"": ""private""}",False,False,False,False,"step 5 (SOA), "
skore.ai,amazon,"{""amazon"": ""private""}",False,False,False,False,"step 5 (SOA), "
skout-live.com,microsoft|amazon,"{""microsoft"": ""private"", ""amazon"": ""third""}",True,False,True,False,"step 3, step 5 (SOA), "
skplanet.com,twitter,"{""twitter"": ""private""}",False,False,False,False,"step 6, "
sktorrent.eu,cloudflare,"{""cloudflare"": ""private""}",False,False,False,False,"step 5 (SOA), "
skype.com,microsoft,"{""microsoft"": ""private""}",False,False,False,False,"step 3, "
skype.net,microsoft|akamai,"{""microsoft"": ""private"", ""akamai"": ""third""}",True,False,True,False,"step 3, step 6, "
skypeassets.com,microsoft|akamai,"{""microsoft"": ""private"", ""akamai"": ""third""}",True,False,True,False,"step 3, step 6, "
skypeforbusiness.com,microsoft,"{""microsoft"": ""private""}",False,False,False,False,"step 3, "
skysrt.com,twitter,"{""twitter"": ""private""}",False,False,False,False,"step 6, "
skyticket.jp,akamai,"{""akamai"": ""private""}",False,False,False,False,"step 7, "
skyvector.com,amazon,"{""amazon"": ""private""}",False,False,False,False,"step 5 (SOA), "
slack-files.com,amazon,"{""amazon"": ""private""}",False,False,False,False,"step 5 (SOA), "
slaent.com,amazon|twitter,"{""amazon"": ""private"", ""twitter"": ""private""}",False,False,True,False,"step 5 (SOA), step 6, "
slashdotmedia.com,cloudflare,"{""cloudflare"": ""private""}",False,False,False,False,"step 7, "
sleadvisor.com,cloudflare,"{""cloudflare"": ""private""}",False,False,False,False,"step 5 (SOA), "
sleeptracker.com,amazon,"{""amazon"": ""private""}",False,False,False,False,"step 5 (SOA), "
slite.com,google,"{""google"": ""private""}",False,False,False,False,"step 5 (SOA), "
slivki.by,cloudflare,"{""cloudflare"": ""private""}",False,False,False,False,"step 5 (SOA), "
sly.ee,cloudflare,"{""cloudflare"": ""private""}",False,False,False,False,"step 5 (SOA), "
smadex.com,amazon,"{""amazon"": ""private""}",False,False,False,False,"step 5 (SOA), "
smallstep.com,google,"{""google"": ""private""}",False,False,False,False,"step 7, "
smart-lab.ru,cloudflare,"{""cloudflare"": ""private""}",False,False,False,False,"step 5 (SOA), "
smartadserver.com,akamai,"{""akamai"": ""private""}",False,False,False,False,"step 6, "
smartcatalogiq.com,amazon,"{""amazon"": ""private""}",False,False,False,False,"step 5 (SOA), "
smartmetrics.co.uk,amazon,"{""amazon"": ""private""}",False,False,False,False,"step 5 (SOA), "
smartone-iptv.com,cloudflare,"{""cloudflare"": ""private""}",False,False,False,False,"step 5 (SOA), "
smartours.com,amazon,"{""amazon"": ""private""}",False,False,False,False,"step 5 (SOA), "
smartsigncloud.com,cloudflare,"{""cloudflare"": ""private""}",False,False,False,False,"step 5 (SOA), "
smartsurvey.co.uk,cloudflare,"{""cloudflare"": ""private""}",False,False,False,False,"step 5 (SOA), "
smarttab.com,amazon,"{""amazon"": ""private""}",False,False,False,False,"step 5 (SOA), "
smcdn.pl,cloudflare,"{""cloudflare"": ""private""}",False,False,False,False,"step 5 (SOA), "
smct.co,amazon|twitter,"{""amazon"": ""private"", ""twitter"": ""private""}",False,False,True,False,"step 5 (SOA), step 6, "
smedia.ca,amazon,"{""amazon"": ""private""}",False,False,False,False,"step 5 (SOA), "
smiletv.live,microsoft|cloudflare,"{""microsoft"": ""private"", ""cloudflare"": ""third""}",True,False,True,False,"step 3, step 5 (SOA), "
smillage.com,amazon,"{""amazon"": ""private""}",False,False,False,False,"step 6, "
smintro.com,amazon,"{""amazon"": ""private""}",False,False,False,False,"step 5 (SOA), "
smite2.live,microsoft|cloudflare,"{""microsoft"": ""private"", ""cloudflare"": ""third""}",True,False,True,False,"step 3, step 5 (SOA), "
smlog.co.kr,amazon,"{""amazon"": ""private""}",False,False,False,False,"step 7, "
smogon.com,amazon,"{""amazon"": ""private""}",False,False,False,False,"step 5 (SOA), "
smpopular.com,amazon,"{""amazon"": ""private""}",False,False,False,False,"step 5 (SOA), "
smtpcorp.com,cloudflare,"{""cloudflare"": ""private""}",False,False,False,False,"step 5 (SOA), "
smytdryt.live,microsoft,"{""microsoft"": ""private""}",False,False,False,False,"step 3, "
snabservice.kz,cloudflare,"{""cloudflare"": ""private""}",False,False,False,False,"step 5 (SOA), "
snackly.co,cloudflare,"{""cloudflare"": ""private""}",False,False,False,False,"step 5 (SOA), "
snap.com,amazon,"{""amazon"": ""private""}",False,False,False,False,"step 5 (SOA), "
snapchat.com,amazon|twitter,"{""amazon"": ""private"", ""twitter"": ""private""}",False,False,True,False,"step 5 (SOA), step 6, "
snapshooter.com,amazon,"{""amazon"": ""private""}",False,False,False,False,"step 5 (SOA), "
sndcdn.com,spotify|amazon,"{""spotify"": ""private"", ""amazon"": ""third""}",True,False,True,False,"step 2, step 5 (SOA), "
snipaste.com,microsoft,"{""microsoft"": ""private""}",False,False,False,False,"step 6, "
snowflake.com,amazon,"{""amazon"": ""private""}",False,False,False,False,"step 5 (SOA), "
sobot.io,amazon,"{""amazon"": ""private""}",False,False,False,False,"step 6, "
socalifornian.live,microsoft|cloudflare,"{""microsoft"": ""private"", ""cloudflare"": ""third""}",True,False,True,False,"step 3, step 5 (SOA), "
soccer365.ru,amazon,"{""amazon"": ""private""}",False,False,False,False,"step 5 (SOA), "
social.coop,cloudflare,"{""cloudflare"": ""private""}",False,False,False,False,"step 5 (SOA), "
socialchain.app,amazon|google,"{""amazon"": ""private"", ""google"": ""private""}",False,False,True,False,"step 5 (SOA), step 7, "
socialdisplay.com,cloudflare,"{""cloudflare"": ""private""}",False,False,False,False,"step 5 (SOA), "
socialshopwave.com,amazon,"{""amazon"": ""private""}",False,False,False,False,"step 5 (SOA), "
socialwifi.com,amazon|google,"{""amazon"": ""private"", ""google"": ""private""}",False,False,True,False,"step 5 (SOA), step 7, "
sodalisar.com,amazon,"{""amazon"": ""private""}",False,False,False,False,"step 5 (SOA), "
sodatech.com,amazon,"{""amazon"": ""private""}",False,False,False,False,"step 5 (SOA), "
softaculous.com,cloudflare,"{""cloudflare"": ""private""}",False,False,False,False,"step 5 (SOA), "
softcoin.com,amazon,"{""amazon"": ""private""}",False,False,False,False,"step 5 (SOA), "
softmill.co.kr,cloudflare,"{""cloudflare"": ""private""}",False,False,False,False,"step 5 (SOA), "
sogamecdn.com,google,"{""google"": ""private""}",False,False,False,False,"step 5 (SOA), "
sogolytics.com,cloudflare,"{""cloudflare"": ""private""}",False,False,False,False,"step 5 (SOA), "
sogou.com,tencent,"{""tencent"": ""private""}",False,False,False,False,"step 6, "
solace.cloud,amazon,"{""amazon"": ""private""}",False,False,False,False,"step 5 (SOA), "
solides.com,amazon,"{""amazon"": ""private""}",False,False,False,False,"step 5 (SOA), "
solitairebliss.com,amazon,"{""amazon"": ""private""}",False,False,False,False,"step 5 (SOA), "
solitar.io,amazon,"{""amazon"": ""private""}",False,False,False,False,"step 5 (SOA), "
soliver.com,microsoft,"{""microsoft"": ""private""}",False,False,False,False,"step 3, "
solo-latino.com,cloudflare,"{""cloudflare"": ""private""}",False,False,False,False,"step 5 (SOA), "
solomoninsight.com,twitter,"{""twitter"": ""private""}",False,False,False,False,"step 6, "
solucx.com.br,cloudflare,"{""cloudflare"": ""private""}",False,False,False,False,"step 5 (SOA), "
solutiondocondemand.com,amazon,"{""amazon"": ""private""}",False,False,False,False,"step 5 (SOA), "
solutionslabkit.com,twitter,"{""twitter"": ""private""}",False,False,False,False,"step 6, "
somatch.media,amazon,"{""amazon"": ""private""}",False,False,False,False,"step 5 (SOA), "
some.porn,cloudflare,"{""cloudflare"": ""private""}",False,False,False,False,"step 5 (SOA), "
somersetlive.co.uk,microsoft|amazon,"{""microsoft"": ""private"", ""amazon"": ""third""}",True,False,True,False,"step 3, step 5 (SOA), "
somon.tj,cloudflare,"{""cloudflare"": ""private""}",False,False,False,False,"step 5 (SOA), "
sonartech.io,amazon,"{""amazon"": ""private""}",False,False,False,False,"step 5 (SOA), "
sonataplatform.com,amazon,"{""amazon"": ""private""}",False,False,False,False,"step 5 (SOA), "
sonetel.com,digicert,"{""digicert"": ""private""}",False,False,False,False,"step 5 (SOA), "
sonichealthcare.com,amazon,"{""amazon"": ""private""}",False,False,False,False,"step 5 (SOA), "
sooplive.co.kr,microsoft,"{""microsoft"": ""private""}",False,False,False,False,"step 3, "
sooplive.com,microsoft|amazon,"{""microsoft"": ""private"", ""amazon"": ""private""}",False,False,True,False,"step 3, step 5 (SOA), "
sophi.io,amazon,"{""amazon"": ""private""}",False,False,False,False,"step 5 (SOA), "
soraapp.com,amazon,"{""amazon"": ""private""}",False,False,False,False,"step 5 (SOA), "
sorenson.com,cloudflare,"{""cloudflare"": ""private""}",False,False,False,False,"step 7, "
sosonlinebackup.com,google,"{""google"": ""private""}",False,False,False,False,"step 5 (SOA), "
soti.net,amazon,"{""amazon"": ""private""}",False,False,False,False,"step 5 (SOA), "
soulchill.live,microsoft,"{""microsoft"": ""private""}",False,False,False,False,"step 3, "
sound-machine.com,amazon,"{""amazon"": ""private""}",False,False,False,False,"step 5 (SOA), "
southbayplumbingsupply.com,microsoft|cloudflare,"{""microsoft"": ""private"", ""cloudflare"": ""third""}",True,False,True,False,"step 3, step 6, "
southco.com,amazon,"{""amazon"": ""private""}",False,False,False,False,"step 5 (SOA), "
sova.live,microsoft,"{""microsoft"": ""private""}",False,False,False,False,"step 3, "
sovos.com,digicert,"{""digicert"": ""private""}",False,False,False,False,"step 5 (SOA), "
soysuper.com,amazon,"{""amazon"": ""private""}",False,False,False,False,"step 5 (SOA), "
spaceweatherlive.com,microsoft|cloudflare,"{""microsoft"": ""private"", ""cloudflare"": ""third""}",True,False,True,False,"step 3, step 5 (SOA), "
spamexperts.com,amazon,"{""amazon"": ""private""}",False,False,False,False,"step 5 (SOA), "
spankbanglive.com,microsoft|cloudflare|twitter,"{""microsoft"": ""private"", ""cloudflare"": ""third"", ""twitter"": ""third""}",True,False,True,True,"step 3, step 5 (SOA), step 6, "
spankbanglive1.com,microsoft,"{""microsoft"": ""private""}",False,False,False,False,"step 3, "
spartan.com,amazon,"{""amazon"": ""private""}",False,False,False,False,"step 5 (SOA), "
sparxcdn.net,google,"{""google"": ""private""}",False,False,False,False,"step 5 (SOA), "
spatialsource.com.au,cloudflare,"{""cloudflare"": ""private""}",False,False,False,False,"step 5 (SOA), "
speakap.io,amazon,"{""amazon"": ""private""}",False,False,False,False,"step 5 (SOA), "
specbooks.cloud,google,"{""google"": ""private""}",False,False,False,False,"step 5 (SOA), "
specialone.io,amazon,"{""amazon"": ""private""}",False,False,False,False,"step 5 (SOA), "
spectrum.net,amazon,"{""amazon"": ""private""}",False,False,False,False,"step 5 (SOA), "
spectrumlocalnews.com,amazon,"{""amazon"": ""private""}",False,False,False,False,"step 5 (SOA), "
speedcheck.org,amazon,"{""amazon"": ""private""}",False,False,False,False,"step 5 (SOA), "
speedof.me,amazon,"{""amazon"": ""private""}",False,False,False,False,"step 5 (SOA), "
speedspot.org,amazon,"{""amazon"": ""private""}",False,False,False,False,"step 5 (SOA), "
speedstream.live,microsoft|amazon,"{""microsoft"": ""private"", ""amazon"": ""third""}",True,False,True,False,"step 3, step 5 (SOA), "
sperollrtb.live,microsoft|cloudflare,"{""microsoft"": ""private"", ""cloudflare"": ""third""}",True,False,True,False,"step 3, step 5 (SOA), "
spiti24.gr,amazon,"{""amazon"": ""private""}",False,False,False,False,"step 5 (SOA), "
splashtop.com,amazon|fastly,"{""amazon"": ""private"", ""fastly"": ""private""}",False,False,True,False,"step 5 (SOA), step 6, "
split-tool.com,cloudflare,"{""cloudflare"": ""private""}",False,False,False,False,"step 5 (SOA), "
spo-dc-msedge.net,microsoft,"{""microsoft"": ""private""}",False,False,False,False,"step 3, "
spo-msedge.net,microsoft,"{""microsoft"": ""private""}",False,False,False,False,"step 3, "
spokeo.com,amazon,"{""amazon"": ""private""}",False,False,False,False,"step 5 (SOA), "
sport-player.live,microsoft|cloudflare,"{""microsoft"": ""private"", ""cloudflare"": ""third""}",True,False,True,False,"step 3, step 5 (SOA), "
sport.ua,amazon,"{""amazon"": ""private""}",False,False,False,False,"step 5 (SOA), "
sportal365.com,cloudflare,"{""cloudflare"": ""private""}",False,False,False,False,"step 5 (SOA), "
sportal365images.com,cloudflare,"{""cloudflare"": ""private""}",False,False,False,False,"step 5 (SOA), "
sportcdns.live,microsoft|cloudflare,"{""microsoft"": ""private"", ""cloudflare"": ""third""}",True,False,True,False,"step 3, step 5 (SOA), "
sportdb.live,microsoft|cloudflare,"{""microsoft"": ""private"", ""cloudflare"": ""third""}",True,False,True,False,"step 3, step 5 (SOA), "
sportliveapiz.com,microsoft|cloudflare,"{""microsoft"": ""private"", ""cloudflare"": ""third""}",True,False,True,False,"step 3, step 5 (SOA), "
sportngin.com,digicert,"{""digicert"": ""private""}",False,False,False,False,"step 5 (SOA), "
sportsballhub.com,amazon|cloudflare,"{""amazon"": ""private"", ""cloudflare"": ""private""}",False,False,True,False,"step 5 (SOA), step 7, "
sportsbetting.ag,cloudflare,"{""cloudflare"": ""private""}",False,False,False,False,"step 6, "
sportsbettingdime.com,amazon,"{""amazon"": ""private""}",False,False,False,False,"step 5 (SOA), "
sportslivetoday.com,microsoft|cloudflare,"{""microsoft"": ""private"", ""cloudflare"": ""third""}",True,False,True,False,"step 3, step 5 (SOA), "
sposae.com,cloudflare,"{""cloudflare"": ""private""}",False,False,False,False,"step 5 (SOA), "
spothero.com,amazon,"{""amazon"": ""private""}",False,False,False,False,"step 5 (SOA), "
spotifycdn.com,spotify|fastly,"{""spotify"": ""private"", ""fastly"": ""third""}",True,False,True,False,"step 2, step 6, "
spov-dc-msedge.net,microsoft,"{""microsoft"": ""private""}",False,False,False,False,"step 3, "
spov-msedge.net,microsoft,"{""microsoft"": ""private""}",False,False,False,False,"step 3, "
sprep.org,cloudflare,"{""cloudflare"": ""private""}",False,False,False,False,"step 5 (SOA), "
spribegaming.com,amazon,"{""amazon"": ""private""}",False,False,False,False,"step 5 (SOA), "
springest.com,amazon|twitter,"{""amazon"": ""private"", ""twitter"": ""private""}",False,False,True,False,"step 5 (SOA), step 6, "
springest.nl,amazon,"{""amazon"": ""private""}",False,False,False,False,"step 5 (SOA), "
sprzedajemy.pl,amazon,"{""amazon"": ""private""}",False,False,False,False,"step 5 (SOA), "
spur.us,google|nextjs,"{""google"": ""private"", ""nextjs"": ""private""}",False,False,True,False,"step 5 (SOA), step 7, "
spydus.com,cloudflare,"{""cloudflare"": ""private""}",False,False,False,False,"step 5 (SOA), "
spyfu.com,amazon,"{""amazon"": ""private""}",False,False,False,False,"step 5 (SOA), "
sqspcdn.com,sqspcdn,"{""sqspcdn"": ""private""}",False,False,False,False,"step 2, "
square.site,amazon,"{""amazon"": ""private""}",False,False,False,False,"step 5 (SOA), "
squirrelcart.com,twitter,"{""twitter"": ""private""}",False,False,False,False,"step 6, "
squoia.com,amazon,"{""amazon"": ""private""}",False,False,False,False,"step 5 (SOA), "
srafcloud.com,amazon,"{""amazon"": ""private""}",False,False,False,False,"step 5 (SOA), "
srip.net,akamai,"{""akamai"": ""private""}",False,False,False,False,"step 2, "
srv00.com,cloudflare,"{""cloudflare"": ""private""}",False,False,False,False,"step 5 (SOA), "
ss.ge,cloudflare,"{""cloudflare"": ""private""}",False,False,False,False,"step 5 (SOA), "
sscnapoli.it,cloudflare,"{""cloudflare"": ""private""}",False,False,False,False,"step 5 (SOA), "
ssgportal.com,cloudflare,"{""cloudflare"": ""private""}",False,False,False,False,"step 5 (SOA), "
ssisurveys.com,amazon,"{""amazon"": ""private""}",False,False,False,False,"step 5 (SOA), "
ssl-images-amazon.cn,amazon,"{""amazon"": ""private""}",False,False,False,False,"step 3, "
ssl-images-amazon.com,amazon,"{""amazon"": ""private""}",False,False,False,False,"step 2, "
ssllabs.com,cloudflare,"{""cloudflare"": ""private""}",False,False,False,False,"step 5 (SOA), "
ssmidge.xyz,cloudflare,"{""cloudflare"": ""private""}",False,False,False,False,"step 5 (SOA), "
ssscdn.io,cloudflare,"{""cloudflare"": ""private""}",False,False,False,False,"step 5 (SOA), "
sssinstagram.com,meta|cloudflare,"{""meta"": ""private"", ""cloudflare"": ""third""}",True,False,True,False,"step 3, step 5 (SOA), "
sssrvpn.pro,cloudflare,"{""cloudflare"": ""private""}",False,False,False,False,"step 5 (SOA), "
ssyoutube.com,google|cloudflare,"{""google"": ""private"", ""cloudflare"": ""third""}",True,False,True,False,"step 3, step 5 (SOA), "
st-george-squadron.com,google,"{""google"": ""private""}",False,False,False,False,"step 5 (SOA), "
staah.net,amazon,"{""amazon"": ""private""}",False,False,False,False,"step 5 (SOA), "
stadiamaps.com,amazon,"{""amazon"": ""private""}",False,False,False,False,"step 5 (SOA), "
staffbase.com,amazon,"{""amazon"": ""private""}",False,False,False,False,"step 5 (SOA), "
staffhub.ms,microsoft,"{""microsoft"": ""private""}",False,False,False,False,"step 5 (SOA), "
stake.plus,google,"{""google"": ""private""}",False,False,False,False,"step 5 (SOA), "
stampdata.com,google,"{""google"": ""private""}",False,False,False,False,"step 5 (SOA), "
stanzacal.com,google,"{""google"": ""private""}",False,False,False,False,"step 5 (SOA), "
star4live.com,microsoft|amazon,"{""microsoft"": ""private"", ""amazon"": ""third""}",True,False,True,False,"step 3, step 5 (SOA), "
starlyrtb.live,microsoft|cloudflare,"{""microsoft"": ""private"", ""cloudflare"": ""third""}",True,False,True,False,"step 3, step 5 (SOA), "
starmobicloud.net,apple|cloudflare,"{""apple"": ""private"", ""cloudflare"": ""third""}",True,False,True,False,"step 3, step 5 (SOA), "
starry.com,amazon,"{""amazon"": ""private""}",False,False,False,False,"step 5 (SOA), "
starshield.com,microsoft,"{""microsoft"": ""private""}",False,False,False,False,"step 5 (SOA), "
static-src.com,amazon,"{""amazon"": ""private""}",False,False,False,False,"step 5 (SOA), "
static.microsoft,microsoft,"{""microsoft"": ""private""}",False,False,False,False,"step 1, "
statically.io,statically|cloudflare,"{""statically"": ""private"", ""cloudflare"": ""third""}",True,False,True,False,"step 2, step 5 (SOA), "
status.microsoft,microsoft,"{""microsoft"": ""private""}",False,False,False,False,"step 1, "
stayfi.com,cloudflare,"{""cloudflare"": ""private""}",False,False,False,False,"step 5 (SOA), "
stayfi.live,microsoft|cloudflare,"{""microsoft"": ""private"", ""cloudflare"": ""third""}",True,False,True,False,"step 3, step 5 (SOA), "
stayforlong.com,amazon,"{""amazon"": ""private""}",False,False,False,False,"step 5 (SOA), "
stayntouch.com,amazon,"{""amazon"": ""private""}",False,False,False,False,"step 5 (SOA), "
staywellsolutionsonline.com,cloudflare,"{""cloudflare"": ""private""}",False,False,False,False,"step 5 (SOA), "
steamingmaster.com,cloudflare,"{""cloudflare"": ""private""}",False,False,False,False,"step 5 (SOA), "
steelcentral.net,amazon,"{""amazon"": ""private""}",False,False,False,False,"step 5 (SOA), "
steelhousemedia.com,google,"{""google"": ""private""}",False,False,False,False,"step 5 (SOA), "
stella-ops.org,cloudflare,"{""cloudflare"": ""private""}",False,False,False,False,"step 5 (SOA), "
stingray.com,amazon,"{""amazon"": ""private""}",False,False,False,False,"step 5 (SOA), "
stjohnslabs.com,cloudflare,"{""cloudflare"": ""private""}",False,False,False,False,"step 7, "
stjude.org,akamai,"{""akamai"": ""private""}",False,False,False,False,"step 6, "
stla-aws.net,amazon,"{""amazon"": ""private""}",False,False,False,False,"step 3, "
stloadi.live,microsoft,"{""microsoft"": ""private""}",False,False,False,False,"step 3, "
stne.net,google,"{""google"": ""private""}",False,False,False,False,"step 5 (SOA), "
stnvideo.com,amazon,"{""amazon"": ""private""}",False,False,False,False,"step 5 (SOA), "
stockbit.com,amazon|twitter,"{""amazon"": ""private"", ""twitter"": ""private""}",False,False,True,False,"step 5 (SOA), step 6, "
stockcharts.com,amazon,"{""amazon"": ""private""}",False,False,False,False,"step 5 (SOA), "
stockfreeimages.com,amazon,"{""amazon"": ""private""}",False,False,False,False,"step 5 (SOA), "
stonybrookmedicine.edu,fastly,"{""fastly"": ""private""}",False,False,False,False,"step 7, "
storage-yahoo.jp,yahoo,"{""yahoo"": ""private""}",False,False,False,False,"step 3, "
storagetreasures.com,amazon,"{""amazon"": ""private""}",False,False,False,False,"step 5 (SOA), "
store-macys.com,google,"{""google"": ""private""}",False,False,False,False,"step 5 (SOA), "
stores-apple.com,apple|cloudflare,"{""apple"": ""private"", ""cloudflare"": ""private""}",False,False,True,False,"step 3, step 5 (SOA), "
stores-bloomingdales.com,google,"{""google"": ""private""}",False,False,False,False,"step 5 (SOA), "
storm8.com,amazon,"{""amazon"": ""private""}",False,False,False,False,"step 5 (SOA), "
storytel.com,google,"{""google"": ""private""}",False,False,False,False,"step 5 (SOA), "
stoxnet.com,twitter,"{""twitter"": ""private""}",False,False,False,False,"step 6, "
strada.tech,amazon,"{""amazon"": ""private""}",False,False,False,False,"step 5 (SOA), "
straight.co.jp,twitter,"{""twitter"": ""private""}",False,False,False,False,"step 6, "
strathmore.edu,amazon,"{""amazon"": ""private""}",False,False,False,False,"step 5 (SOA), "
stravers.live,microsoft,"{""microsoft"": ""private""}",False,False,False,False,"step 3, "
strawpoll.com,cloudflare,"{""cloudflare"": ""private""}",False,False,False,False,"step 5 (SOA), "
streamable.com,amazon,"{""amazon"": ""private""}",False,False,False,False,"step 5 (SOA), "
streamalloha.live,microsoft,"{""microsoft"": ""private""}",False,False,False,False,"step 3, "
streamamg.com,amazon|cloudflare,"{""amazon"": ""private"", ""cloudflare"": ""private""}",False,False,True,False,"step 5 (SOA), step 7, "
streamfire.live,microsoft|cloudflare,"{""microsoft"": ""private"", ""cloudflare"": ""third""}",True,False,True,False,"step 3, step 5 (SOA), "
streamlined.delivery,microsoft|amazon,"{""microsoft"": ""private"", ""amazon"": ""third""}",True,False,True,False,"step 3, step 5 (SOA), "
streamoptim.com,amazon,"{""amazon"": ""private""}",False,False,False,False,"step 6, "
street.co.uk,amazon|twitter,"{""amazon"": ""private"", ""twitter"": ""private""}",False,False,True,False,"step 5 (SOA), step 6, "
striketi.com.br,cloudflare,"{""cloudflare"": ""private""}",False,False,False,False,"step 5 (SOA), "
strip-chat.live,microsoft|cloudflare,"{""microsoft"": ""private"", ""cloudflare"": ""third""}",True,False,True,False,"step 3, step 5 (SOA), "
stripchatlive.com,microsoft|cloudflare,"{""microsoft"": ""private"", ""cloudflare"": ""third""}",True,False,True,False,"step 3, step 5 (SOA), "
stripe.com,amazon,"{""amazon"": ""private""}",False,False,False,False,"step 5 (SOA), "
stripersonline.com,cloudflare,"{""cloudflare"": ""private""}",False,False,False,False,"step 5 (SOA), "
stripo.email,amazon,"{""amazon"": ""private""}",False,False,False,False,"step 5 (SOA), "
stromquist.com,twitter,"{""twitter"": ""private""}",False,False,False,False,"step 6, "
structurae.net,cloudflare,"{""cloudflare"": ""private""}",False,False,False,False,"step 5 (SOA), "
structure.app,amazon,"{""amazon"": ""private""}",False,False,False,False,"step 5 (SOA), "
struxnet.com,twitter,"{""twitter"": ""private""}",False,False,False,False,"step 6, "
stsci.edu,amazon,"{""amazon"": ""private""}",False,False,False,False,"step 5 (SOA), "
stthomas.edu,digicert,"{""digicert"": ""private""}",False,False,False,False,"step 5 (SOA), "
stuartkgray.com,cloudflare,"{""cloudflare"": ""private""}",False,False,False,False,"step 5 (SOA), "
studentclearinghouse.org,amazon,"{""amazon"": ""private""}",False,False,False,False,"step 5 (SOA), "
study.com,amazon,"{""amazon"": ""private""}",False,False,False,False,"step 5 (SOA), "
stumbleupon.com,amazon,"{""amazon"": ""private""}",False,False,False,False,"step 5 (SOA), "
stupidthings.online,cloudflare,"{""cloudflare"": ""private""}",False,False,False,False,"step 5 (SOA), "
su89-cdn.net,amazon,"{""amazon"": ""private""}",False,False,False,False,"step 5 (SOA), "
sublimetext.com,twitter,"{""twitter"": ""private""}",False,False,False,False,"step 6, "
subslikescript.com,cloudflare|twitter,"{""cloudflare"": ""private"", ""twitter"": ""private""}",False,False,True,False,"step 5 (SOA), step 6, "
sucuri.net,sucuri,"{""sucuri"": ""private""}",False,False,False,False,"step 2, "
sudowrite.com,cloudflare,"{""cloudflare"": ""private""}",False,False,False,False,"step 7, "
sumaity.com,amazon,"{""amazon"": ""private""}",False,False,False,False,"step 5 (SOA), "
sumicity.net.br,google,"{""google"": ""private""}",False,False,False,False,"step 5 (SOA), "
sumissura.com,amazon,"{""amazon"": ""private""}",False,False,False,False,"step 5 (SOA), "
sumup.net,cloudflare,"{""cloudflare"": ""private""}",False,False,False,False,"step 5 (SOA), "
sunbit.com,amazon|twitter,"{""amazon"": ""private"", ""twitter"": ""private""}",False,False,True,False,"step 5 (SOA), step 6, "
sundaysky.com,amazon,"{""amazon"": ""private""}",False,False,False,False,"step 5 (SOA), "
suny.edu,cloudflare,"{""cloudflare"": ""private""}",False,False,False,False,"step 7, "
superbits.org,cloudflare,"{""cloudflare"": ""private""}",False,False,False,False,"step 5 (SOA), "
superboosty.com,cloudflare,"{""cloudflare"": ""private""}",False,False,False,False,"step 5 (SOA), "
superchat.live,microsoft|cloudflare,"{""microsoft"": ""private"", ""cloudflare"": ""third""}",True,False,True,False,"step 3, step 5 (SOA), "
superchatlive.com,microsoft|cloudflare,"{""microsoft"": ""private"", ""cloudflare"": ""third""}",True,False,True,False,"step 3, step 5 (SOA), "
superdba.com,cloudflare,"{""cloudflare"": ""private""}",False,False,False,False,"step 5 (SOA), "
superdelivery.com,microsoft|cloudflare,"{""microsoft"": ""private"", ""cloudflare"": ""third""}",True,False,True,False,"step 3, step 5 (SOA), "
superfastgame.com,amazon,"{""amazon"": ""private""}",False,False,False,False,"step 5 (SOA), "
supergamesky.com,amazon,"{""amazon"": ""private""}",False,False,False,False,"step 5 (SOA), "
superlive-app.com,microsoft|amazon,"{""microsoft"": ""private"", ""amazon"": ""third""}",True,False,True,False,"step 3, step 5 (SOA), "
superlivechat.tv,microsoft|amazon|firebase,"{""microsoft"": ""private"", ""amazon"": ""third"", ""firebase"": ""third""}",True,False,True,True,"step 3, step 5 (SOA), step 6, "
superloop.com,amazon,"{""amazon"": ""private""}",False,False,False,False,"step 5 (SOA), "
superprof.co.uk,amazon,"{""amazon"": ""private""}",False,False,False,False,"step 5 (SOA), "
superprof.com,amazon,"{""amazon"": ""private""}",False,False,False,False,"step 5 (SOA), "
superscore.live,microsoft|amazon|fastly,"{""microsoft"": ""private"", ""amazon"": ""third"", ""fastly"": ""third""}",True,False,True,True,"step 3, step 5 (SOA), step 6, "
sur.ly,cloudflare,"{""cloudflare"": ""private""}",False,False,False,False,"step 5 (SOA), "
surancebay.com,amazon,"{""amazon"": ""private""}",False,False,False,False,"step 5 (SOA), "
surehub.io,amazon,"{""amazon"": ""private""}",False,False,False,False,"step 5 (SOA), "
suremdm.io,amazon,"{""amazon"": ""private""}",False,False,False,False,"step 5 (SOA), "
surreyfootball.com,cloudflare,"{""cloudflare"": ""private""}",False,False,False,False,"step 7, "
survicate.com,amazon|cloudflare,"{""amazon"": ""private"", ""cloudflare"": ""private""}",False,False,True,False,"step 5 (SOA), step 7, "
svk-native.ru,cloudflare,"{""cloudflare"": ""private""}",False,False,False,False,"step 5 (SOA), "
svonm.com,amazon,"{""amazon"": ""private""}",False,False,False,False,"step 5 (SOA), "
swag.live,microsoft|google,"{""microsoft"": ""private"", ""google"": ""private""}",False,False,True,False,"step 3, step 5 (SOA), "
swaggerhub.com,amazon,"{""amazon"": ""private""}",False,False,False,False,"step 5 (SOA), "
swanlibraries.net,digicert,"{""digicert"": ""private""}",False,False,False,False,"step 5 (SOA), "
swiftserve.com,conversant,"{""conversant"": ""private""}",False,False,False,False,"step 2, "
switch.tv,cloudflare,"{""cloudflare"": ""private""}",False,False,False,False,"step 5 (SOA), "
switchboardcms.com,amazon,"{""amazon"": ""private""}",False,False,False,False,"step 5 (SOA), "
switchmedia.asia,cloudflare,"{""cloudflare"": ""private""}",False,False,False,False,"step 5 (SOA), "
symantecliveupdate.com,microsoft,"{""microsoft"": ""private""}",False,False,False,False,"step 3, "
synalio.com,amazon,"{""amazon"": ""private""}",False,False,False,False,"step 5 (SOA), "
sync.me,amazon,"{""amazon"": ""private""}",False,False,False,False,"step 5 (SOA), "
sync.vet,google,"{""google"": ""private""}",False,False,False,False,"step 5 (SOA), "
syncdesk.live,microsoft|cloudflare,"{""microsoft"": ""private"", ""cloudflare"": ""third""}",True,False,True,False,"step 3, step 5 (SOA), "
syncpdi.com,google,"{""google"": ""private""}",False,False,False,False,"step 5 (SOA), "
syngularid.com.br,amazon,"{""amazon"": ""private""}",False,False,False,False,"step 5 (SOA), "
synthetix.com,amazon,"{""amazon"": ""private""}",False,False,False,False,"step 5 (SOA), "
syria-live.fun,microsoft,"{""microsoft"": ""private""}",False,False,False,False,"step 3, "
syscom.mx,cloudflare,"{""cloudflare"": ""private""}",False,False,False,False,"step 5 (SOA), "
sysinternals.com,microsoft,"{""microsoft"": ""private""}",False,False,False,False,"step 5 (SOA), "
syteapi.com,amazon,"{""amazon"": ""private""}",False,False,False,False,"step 5 (SOA), "
t-msedge.net,microsoft,"{""microsoft"": ""private""}",False,False,False,False,"step 3, "
t-s1-msedge.net,microsoft,"{""microsoft"": ""private""}",False,False,False,False,"step 3, "
t.co,twitter|cloudflare,"{""twitter"": ""private"", ""cloudflare"": ""private""}",False,False,True,False,"step 2, step 7, "
t.me,telegram|google,"{""telegram"": ""private"", ""google"": ""third""}",True,False,True,False,"step 2, step 5 (SOA), "
t13.io,google,"{""google"": ""private""}",False,False,False,False,"step 5 (SOA), "
t13.live,microsoft,"{""microsoft"": ""private""}",False,False,False,False,"step 3, "
tabelog.com,amazon,"{""amazon"": ""private""}",False,False,False,False,"step 5 (SOA), "
tabiiro.jp,amazon,"{""amazon"": ""private""}",False,False,False,False,"step 5 (SOA), "
tablethotels.com,amazon,"{""amazon"": ""private""}",False,False,False,False,"step 5 (SOA), "
tabor.ru,cloudflare,"{""cloudflare"": ""private""}",False,False,False,False,"step 5 (SOA), "
tabportal.com,cloudflare,"{""cloudflare"": ""private""}",False,False,False,False,"step 5 (SOA), "
tabula.live,microsoft|cloudflare,"{""microsoft"": ""private"", ""cloudflare"": ""third""}",True,False,True,False,"step 3, step 5 (SOA), "
tachisync.com,cloudflare,"{""cloudflare"": ""private""}",False,False,False,False,"step 5 (SOA), "
tacoma.gov,amazon|fastly,"{""amazon"": ""private"", ""fastly"": ""private""}",False,False,True,False,"step 5 (SOA), step 7, "
tadam.ai,cloudflare,"{""cloudflare"": ""private""}",False,False,False,False,"step 5 (SOA), "
tagdeliver.com,microsoft|google,"{""microsoft"": ""private"", ""google"": ""third""}",True,False,True,False,"step 3, step 6, "
tagembed.com,cloudflare,"{""cloudflare"": ""private""}",False,False,False,False,"step 5 (SOA), "
tagged-live.com,microsoft|amazon,"{""microsoft"": ""private"", ""amazon"": ""third""}",True,False,True,False,"step 3, step 5 (SOA), "
taglive.xyz,microsoft|amazon|akamai,"{""microsoft"": ""private"", ""amazon"": ""third"", ""akamai"": ""third""}",True,False,True,True,"step 3, step 5 (SOA), step 6, "
takcdn.com,cloudflare,"{""cloudflare"": ""private""}",False,False,False,False,"step 5 (SOA), "
taktube.net,cloudflare,"{""cloudflare"": ""private""}",False,False,False,False,"step 5 (SOA), "
tal.net,cloudflare,"{""cloudflare"": ""private""}",False,False,False,False,"step 5 (SOA), "
talech.com,amazon,"{""amazon"": ""private""}",False,False,False,False,"step 5 (SOA), "
talk.to,amazon,"{""amazon"": ""private""}",False,False,False,False,"step 5 (SOA), "
talkie-ai.com,alibaba|akamai,"{""alibaba"": ""private"", ""akamai"": ""private""}",False,False,True,False,"step 6, step 6, "
talkie-live.com,microsoft|cloudflare,"{""microsoft"": ""private"", ""cloudflare"": ""third""}",True,False,True,False,"step 3, step 5 (SOA), "
talkshop.live,microsoft|amazon,"{""microsoft"": ""private"", ""amazon"": ""third""}",True,False,True,False,"step 3, step 5 (SOA), "
tallos.com.br,amazon,"{""amazon"": ""private""}",False,False,False,False,"step 5 (SOA), "
tallysolutions.com,amazon,"{""amazon"": ""private""}",False,False,False,False,"step 5 (SOA), "
tangled.org,cloudflare,"{""cloudflare"": ""private""}",False,False,False,False,"step 5 (SOA), "
tanmchat.com,cloudflare|twitter,"{""cloudflare"": ""private"", ""twitter"": ""private""}",False,False,True,False,"step 5 (SOA), step 6, "
tanqeeb.com,amazon,"{""amazon"": ""private""}",False,False,False,False,"step 5 (SOA), "
taobaocdn.com,alibaba,"{""alibaba"": ""private""}",False,False,False,False,"step 2, "
tapad.com,amazon|google,"{""amazon"": ""private"", ""google"": ""private""}",False,False,True,False,"step 5 (SOA), step 7, "
tapclap.com,amazon,"{""amazon"": ""private""}",False,False,False,False,"step 5 (SOA), "
tapecontent.net,cloudflare,"{""cloudflare"": ""private""}",False,False,False,False,"step 5 (SOA), "
tapfiliate.com,amazon,"{""amazon"": ""private""}",False,False,False,False,"step 5 (SOA), "
task-tools.com,digicert,"{""digicert"": ""private""}",False,False,False,False,"step 5 (SOA), "
taskus.com,cloudflare,"{""cloudflare"": ""private""}",False,False,False,False,"step 7, "
tatatelebusiness.com,amazon|tata,"{""amazon"": ""third"", ""tata"": ""private""}",True,False,True,False,"step 5 (SOA), step 6, "
tavo.cc,cloudflare,"{""cloudflare"": ""private""}",False,False,False,False,"step 5 (SOA), "
taw9eel.com,amazon,"{""amazon"": ""private""}",False,False,False,False,"step 5 (SOA), "
tbcache.com,alibaba,"{""alibaba"": ""private""}",False,False,False,False,"step 2, "
tbcdn.cn,alibaba,"{""alibaba"": ""private""}",False,False,False,False,"step 2, "
tbibank.support,cloudflare,"{""cloudflare"": ""private""}",False,False,False,False,"step 5 (SOA), "
tc-v.com,google,"{""google"": ""private""}",False,False,False,False,"step 5 (SOA), "
tcdnlive.com,microsoft,"{""microsoft"": ""private""}",False,False,False,False,"step 3, "
tcllauncher.com,amazon,"{""amazon"": ""private""}",False,False,False,False,"step 5 (SOA), "
tcnj.edu,amazon|cloudflare,"{""amazon"": ""private"", ""cloudflare"": ""private""}",False,False,True,False,"step 5 (SOA), step 7, "
tctmd.com,amazon|cloudflare,"{""amazon"": ""private"", ""cloudflare"": ""private""}",False,False,True,False,"step 5 (SOA), step 7, "
tcu.gov.br,amazon,"{""amazon"": ""private""}",False,False,False,False,"step 5 (SOA), "
tdnetdiscover.com,amazon,"{""amazon"": ""private""}",False,False,False,False,"step 5 (SOA), "
tdnslive1.cn,microsoft,"{""microsoft"": ""private""}",False,False,False,False,"step 3, "
tdnsliveovs2.com,microsoft,"{""microsoft"": ""private""}",False,False,False,False,"step 3, "
tdnsv5.com,tencent,"{""tencent"": ""private""}",False,False,False,False,"step 2, "
teachingbooks.net,microsoft,"{""microsoft"": ""private""}",False,False,False,False,"step 5 (SOA), "
teachingstrategies.com,cloudflare,"{""cloudflare"": ""private""}",False,False,False,False,"step 5 (SOA), "
teamauctions.com,sucuri,"{""sucuri"": ""private""}",False,False,False,False,"step 7, "
teamo.ru,cloudflare,"{""cloudflare"": ""private""}",False,False,False,False,"step 5 (SOA), "
teams-dc-msedge.net,microsoft,"{""microsoft"": ""private""}",False,False,False,False,"step 3, "
teams-msedge.net,microsoft,"{""microsoft"": ""private""}",False,False,False,False,"step 3, "
teamsideline.com,cloudflare,"{""cloudflare"": ""private""}",False,False,False,False,"step 5 (SOA), "
teamsnap.com,microsoft|cloudflare,"{""microsoft"": ""private"", ""cloudflare"": ""third""}",True,False,True,False,"step 3, step 5 (SOA), "
tecartabible.com,amazon,"{""amazon"": ""private""}",False,False,False,False,"step 5 (SOA), "
techadvisor.com,cloudflare,"{""cloudflare"": ""private""}",False,False,False,False,"step 5 (SOA), "
techcrunch.com,cloudflare,"{""cloudflare"": ""private""}",False,False,False,False,"step 5 (SOA), "
techcyte.com,amazon,"{""amazon"": ""private""}",False,False,False,False,"step 5 (SOA), "
technews.tw,amazon,"{""amazon"": ""private""}",False,False,False,False,"step 5 (SOA), "
tecnoandroid.it,google|cloudflare,"{""google"": ""private"", ""cloudflare"": ""third""}",True,False,True,False,"step 3, step 5 (SOA), "
tecnocampus.cat,amazon,"{""amazon"": ""private""}",False,False,False,False,"step 5 (SOA), "
tecnoclasta.com,cloudflare,"{""cloudflare"": ""private""}",False,False,False,False,"step 5 (SOA), "
tecnospeed.com.br,amazon,"{""amazon"": ""private""}",False,False,False,False,"step 5 (SOA), "
tedk12.com,amazon,"{""amazon"": ""private""}",False,False,False,False,"step 5 (SOA), "
teenpattigold.co.in,amazon,"{""amazon"": ""private""}",False,False,False,False,"step 5 (SOA), "
teido.com,cloudflare,"{""cloudflare"": ""private""}",False,False,False,False,"step 5 (SOA), "
telavox.se,cloudflare,"{""cloudflare"": ""private""}",False,False,False,False,"step 7, "
teleamazonas.com,amazon,"{""amazon"": ""private""}",False,False,False,False,"step 3, "
teleflora.com,cloudflare,"{""cloudflare"": ""private""}",False,False,False,False,"step 7, "
telegra.ph,telegram|google,"{""telegram"": ""private"", ""google"": ""third""}",True,False,True,False,"step 2, step 5 (SOA), "
telegram.me,google,"{""google"": ""private""}",False,False,False,False,"step 5 (SOA), "
teleopticloud.com,apple|microsoft,"{""apple"": ""private"", ""microsoft"": ""third""}",True,False,True,False,"step 3, step 5 (SOA), "
telerik.com,amazon,"{""amazon"": ""private""}",False,False,False,False,"step 5 (SOA), "
telnyx.com,cloudflare,"{""cloudflare"": ""private""}",False,False,False,False,"step 7, "
telta.in,amazon,"{""amazon"": ""private""}",False,False,False,False,"step 5 (SOA), "
templafy.com,microsoft|cloudflare,"{""microsoft"": ""private"", ""cloudflare"": ""private""}",False,False,True,False,"step 5 (SOA), step 6, "
template.net,google,"{""google"": ""private""}",False,False,False,False,"step 5 (SOA), "
temporal.io,amazon,"{""amazon"": ""private""}",False,False,False,False,"step 5 (SOA), "
temu.com,microsoft,"{""microsoft"": ""private""}",False,False,False,False,"step 5 (SOA), "
tencent-cloud.net,tencent,"{""tencent"": ""private""}",False,False,False,False,"step 2, "
tencent.com.cn,tencent,"{""tencent"": ""private""}",False,False,False,False,"step 6, "
tencentcos.cn,tencent,"{""tencent"": ""private""}",False,False,False,False,"step 2, "
tencentcs.com,tencent,"{""tencent"": ""private""}",False,False,False,False,"step 6, "
tencentmusic.com,tencent,"{""tencent"": ""private""}",False,False,False,False,"step 6, "
tenfold.com,amazon,"{""amazon"": ""private""}",False,False,False,False,"step 5 (SOA), "
tenislive.net,microsoft|cloudflare,"{""microsoft"": ""private"", ""cloudflare"": ""third""}",True,False,True,False,"step 3, step 5 (SOA), "
tennislive.co.uk,microsoft|cloudflare,"{""microsoft"": ""private"", ""cloudflare"": ""third""}",True,False,True,False,"step 3, step 5 (SOA), "
tennislive.net,microsoft|cloudflare,"{""microsoft"": ""private"", ""cloudflare"": ""third""}",True,False,True,False,"step 3, step 5 (SOA), "
tennislive.us,microsoft|cloudflare,"{""microsoft"": ""private"", ""cloudflare"": ""third""}",True,False,True,False,"step 3, step 5 (SOA), "
tennistemple.com,cloudflare,"{""cloudflare"": ""private""}",False,False,False,False,"step 5 (SOA), "
teo-bg.com,cloudflare,"{""cloudflare"": ""private""}",False,False,False,False,"step 5 (SOA), "
tepco.co.jp,akamai,"{""akamai"": ""private""}",False,False,False,False,"step 6, "
termedia.pl,microsoft,"{""microsoft"": ""private""}",False,False,False,False,"step 5 (SOA), "
termwiki.com,amazon,"{""amazon"": ""private""}",False,False,False,False,"step 5 (SOA), "
terrific.live,microsoft,"{""microsoft"": ""private""}",False,False,False,False,"step 3, "
tesoreria.cl,amazon,"{""amazon"": ""private""}",False,False,False,False,"step 5 (SOA), "
tesseractcloud.com,amazon,"{""amazon"": ""private""}",False,False,False,False,"step 5 (SOA), "
testbook.com,cloudflare,"{""cloudflare"": ""private""}",False,False,False,False,"step 5 (SOA), "
testequipmentdepot.com,twitter,"{""twitter"": ""private""}",False,False,False,False,"step 6, "
testfreedom.com,amazon,"{""amazon"": ""private""}",False,False,False,False,"step 5 (SOA), "
testrail.io,amazon,"{""amazon"": ""private""}",False,False,False,False,"step 5 (SOA), "
tetratech.com,cloudflare,"{""cloudflare"": ""private""}",False,False,False,False,"step 7, "
texastribune.org,cloudflare,"{""cloudflare"": ""private""}",False,False,False,False,"step 5 (SOA), "
textexpander.com,amazon|cloudflare,"{""amazon"": ""private"", ""cloudflare"": ""private""}",False,False,True,False,"step 5 (SOA), step 7, "
textnow.me,cloudflare,"{""cloudflare"": ""private""}",False,False,False,False,"step 5 (SOA), "
tfbnw.net,meta,"{""meta"": ""private""}",False,False,False,False,"step 3, "
tfcconnection.org,microsoft,"{""microsoft"": ""private""}",False,False,False,False,"step 5 (SOA), "
tgads.live,microsoft|cloudflare,"{""microsoft"": ""private"", ""cloudflare"": ""third""}",True,False,True,False,"step 3, step 5 (SOA), "
tgamesandroid.com,google|cloudflare,"{""google"": ""private"", ""cloudflare"": ""third""}",True,False,True,False,"step 3, step 5 (SOA), "
tgchannels.org,cloudflare,"{""cloudflare"": ""private""}",False,False,False,False,"step 5 (SOA), "
tgnn.live,microsoft|cloudflare,"{""microsoft"": ""private"", ""cloudflare"": ""third""}",True,False,True,False,"step 3, step 5 (SOA), "
theamazonbasin.com,amazon,"{""amazon"": ""private""}",False,False,False,False,"step 3, "
thecanadianencyclopedia.ca,amazon,"{""amazon"": ""private""}",False,False,False,False,"step 5 (SOA), "
thecelebritydresses.com,amazon,"{""amazon"": ""private""}",False,False,False,False,"step 5 (SOA), "
thefacebook.com,meta,"{""meta"": ""private""}",False,False,False,False,"step 3, "
thefossilforum.com,cloudflare,"{""cloudflare"": ""private""}",False,False,False,False,"step 7, "
thegamesdb.net,cloudflare,"{""cloudflare"": ""private""}",False,False,False,False,"step 5 (SOA), "
theguestbook.com,amazon,"{""amazon"": ""private""}",False,False,False,False,"step 5 (SOA), "
thehighline.org,amazon|cloudflare,"{""amazon"": ""private"", ""cloudflare"": ""private""}",False,False,True,False,"step 5 (SOA), step 7, "
thehill.com,fastly,"{""fastly"": ""private""}",False,False,False,False,"step 7, "
thehlive.com,microsoft|amazon,"{""microsoft"": ""private"", ""amazon"": ""third""}",True,False,True,False,"step 3, step 5 (SOA), "
theinertia.com,amazon,"{""amazon"": ""private""}",False,False,False,False,"step 5 (SOA), "
theirstack.com,cloudflare|nextjs,"{""cloudflare"": ""private"", ""nextjs"": ""private""}",False,False,True,False,"step 5 (SOA), step 7, "
thejns.org,cloudflare|amazon,"{""cloudflare"": ""private"", ""amazon"": ""private""}",False,False,True,False,"step 5 (SOA), step 7, "
thelivechatsoftware.com,microsoft|cloudflare,"{""microsoft"": ""private"", ""cloudflare"": ""third""}",True,False,True,False,"step 3, step 5 (SOA), "
theliven.com,microsoft|cloudflare,"{""microsoft"": ""private"", ""cloudflare"": ""third""}",True,False,True,False,"step 3, step 5 (SOA), "
thelivesex.com,microsoft|cloudflare,"{""microsoft"": ""private"", ""cloudflare"": ""third""}",True,False,True,False,"step 3, step 5 (SOA), "
thelocal.de,google,"{""google"": ""private""}",False,False,False,False,"step 5 (SOA), "
thelocal.se,google,"{""google"": ""private""}",False,False,False,False,"step 5 (SOA), "
themerex.net,cloudflare,"{""cloudflare"": ""private""}",False,False,False,False,"step 5 (SOA), "
themovemarket.com,amazon|twitter,"{""amazon"": ""private"", ""twitter"": ""private""}",False,False,True,False,"step 5 (SOA), step 6, "
thenewsbox.net,cloudflare,"{""cloudflare"": ""private""}",False,False,False,False,"step 5 (SOA), "
thensnmart.com,twitter,"{""twitter"": ""private""}",False,False,False,False,"step 6, "
theplanet.com,twitter,"{""twitter"": ""private""}",False,False,False,False,"step 6, "
thepointsguy.com,amazon|fastly,"{""amazon"": ""private"", ""fastly"": ""private""}",False,False,True,False,"step 5 (SOA), step 7, "
thepublive.com,microsoft|amazon,"{""microsoft"": ""private"", ""amazon"": ""private""}",False,False,True,False,"step 3, step 5 (SOA), "
therwp.com,wordpress,"{""wordpress"": ""private""}",False,False,False,False,"step 6, "
thescore.com,amazon,"{""amazon"": ""private""}",False,False,False,False,"step 5 (SOA), "
theshoppad.com,amazon,"{""amazon"": ""private""}",False,False,False,False,"step 5 (SOA), "
thesims3.com,amazon,"{""amazon"": ""private""}",False,False,False,False,"step 5 (SOA), "
theskylive.com,microsoft|cloudflare,"{""microsoft"": ""private"", ""cloudflare"": ""third""}",True,False,True,False,"step 3, step 5 (SOA), "
thesports01.com,cloudflare,"{""cloudflare"": ""private""}",False,False,False,False,"step 5 (SOA), "
thespun.com,amazon|fastly,"{""amazon"": ""private"", ""fastly"": ""private""}",False,False,True,False,"step 5 (SOA), step 7, "
thexh.live,microsoft|cloudflare,"{""microsoft"": ""private"", ""cloudflare"": ""private""}",False,False,True,False,"step 3, step 5 (SOA), "
thiecommerce.com,amazon,"{""amazon"": ""private""}",False,False,False,False,"step 5 (SOA), "
thinkprogress.org,amazon,"{""amazon"": ""private""}",False,False,False,False,"step 5 (SOA), "
thiscityknows.com,amazon,"{""amazon"": ""private""}",False,False,False,False,"step 5 (SOA), "
thisdaylive.com,microsoft|amazon,"{""microsoft"": ""private"", ""amazon"": ""third""}",True,False,True,False,"step 3, step 5 (SOA), "
thomasnet-navigator.com,microsoft,"{""microsoft"": ""private""}",False,False,False,False,"step 5 (SOA), "
thomsonreuters.net,amazon,"{""amazon"": ""private""}",False,False,False,False,"step 5 (SOA), "
thoz.org,cloudflare,"{""cloudflare"": ""private""}",False,False,False,False,"step 5 (SOA), "
thr3ads.com,google,"{""google"": ""private""}",False,False,False,False,"step 5 (SOA), "
threads.com,meta,"{""meta"": ""private""}",False,False,False,False,"step 5 (SOA), "
threads.im,cloudflare,"{""cloudflare"": ""private""}",False,False,False,False,"step 5 (SOA), "
threads.net,meta,"{""meta"": ""private""}",False,False,False,False,"step 5 (SOA), "
threatspike.com,amazon,"{""amazon"": ""private""}",False,False,False,False,"step 5 (SOA), "
thumbzilla.com,amazon,"{""amazon"": ""private""}",False,False,False,False,"step 5 (SOA), "
thunderforest.com,cloudflare|twitter,"{""cloudflare"": ""private"", ""twitter"": ""private""}",False,False,True,False,"step 5 (SOA), step 6, "
ti.live,microsoft|cloudflare,"{""microsoft"": ""private"", ""cloudflare"": ""third""}",True,False,True,False,"step 3, step 5 (SOA), "
tiangolo.com,cloudflare,"{""cloudflare"": ""private""}",False,False,False,False,"step 5 (SOA), "
tiar.app,google,"{""google"": ""private""}",False,False,False,False,"step 5 (SOA), "
ticketscloud.com,cloudflare,"{""cloudflare"": ""private""}",False,False,False,False,"step 5 (SOA), "
ticombo.com,amazon,"{""amazon"": ""private""}",False,False,False,False,"step 5 (SOA), "
tigertext.me,amazon|telegram,"{""amazon"": ""private"", ""telegram"": ""private""}",False,False,True,False,"step 5 (SOA), step 6, "
tikcdn.io,cloudflare,"{""cloudflare"": ""private""}",False,False,False,False,"step 5 (SOA), "
tiktok-max.com,tiktok|cloudflare,"{""tiktok"": ""private"", ""cloudflare"": ""third""}",True,False,True,False,"step 3, step 5 (SOA), "
tiktok-minis.com,tiktok,"{""tiktok"": ""private""}",False,False,False,False,"step 3, "
tiktok-minis.us,tiktok|akamai,"{""tiktok"": ""private"", ""akamai"": ""third""}",True,False,True,False,"step 3, step 6, "
tiktok-pornhub.com,tiktok|cloudflare,"{""tiktok"": ""private"", ""cloudflare"": ""third""}",True,False,True,False,"step 3, step 5 (SOA), "
tiktok-row.net,tiktok,"{""tiktok"": ""private""}",False,False,False,False,"step 3, "
tiktok-row.org,tiktok,"{""tiktok"": ""private""}",False,False,False,False,"step 3, "
tiktok.com,tiktok|akamai,"{""tiktok"": ""private"", ""akamai"": ""third""}",True,False,True,False,"step 3, step 6, "
tiktokapis.com,tiktok,"{""tiktok"": ""private""}",False,False,False,False,"step 3, "
tiktokcdn-eu.com,tiktok,"{""tiktok"": ""private""}",False,False,False,False,"step 3, "
tiktokcdn-row.com,tiktok,"{""tiktok"": ""private""}",False,False,False,False,"step 3, "
tiktokcdn-us.com,tiktok,"{""tiktok"": ""private""}",False,False,False,False,"step 3, "
tiktokcdn.com,bytedance|tiktok,"{""bytedance"": ""private"", ""tiktok"": ""private""}",False,False,True,False,"step 2, step 3, "
tiktokeu-cdn.com,tiktok,"{""tiktok"": ""private""}",False,False,False,False,"step 3, "
tiktokglobalshop.com,tiktok,"{""tiktok"": ""private""}",False,False,False,False,"step 3, "
tiktokglobalshopv.com,tiktok|akamai,"{""tiktok"": ""private"", ""akamai"": ""third""}",True,False,True,False,"step 3, step 7, "
tiktokglobalshopv.us,tiktok,"{""tiktok"": ""private""}",False,False,False,False,"step 3, "
tiktokhashtags.com,tiktok|cloudflare,"{""tiktok"": ""private"", ""cloudflare"": ""third""}",True,False,True,False,"step 3, step 5 (SOA), "
tiktokio.com,tiktok|cloudflare,"{""tiktok"": ""private"", ""cloudflare"": ""third""}",True,False,True,False,"step 3, step 5 (SOA), "
tiktoklb.eu,tiktok,"{""tiktok"": ""private""}",False,False,False,False,"step 3, "
tiktoklb.us,tiktok,"{""tiktok"": ""private""}",False,False,False,False,"step 3, "
tiktoklinksafety.com,tiktok|akamai,"{""tiktok"": ""private"", ""akamai"": ""third""}",True,False,True,False,"step 3, step 6, "
tiktoklinksafety.eu,tiktok|akamai,"{""tiktok"": ""private"", ""akamai"": ""third""}",True,False,True,False,"step 3, step 6, "
tiktoklinksafety.us,tiktok|akamai,"{""tiktok"": ""private"", ""akamai"": ""third""}",True,False,True,False,"step 3, step 6, "
tiktokminis.us,tiktok|akamai,"{""tiktok"": ""private"", ""akamai"": ""third""}",True,False,True,False,"step 3, step 6, "
tiktokmod.pro,tiktok,"{""tiktok"": ""private""}",False,False,False,False,"step 3, "
tiktokpangle-cdn-us.com,tiktok,"{""tiktok"": ""private""}",False,False,False,False,"step 3, "
tiktokpangle.us,tiktok,"{""tiktok"": ""private""}",False,False,False,False,"step 3, "
tiktokrow-cdn.com,tiktok,"{""tiktok"": ""private""}",False,False,False,False,"step 3, "
tiktokshop.com,tiktok|akamai,"{""tiktok"": ""private"", ""akamai"": ""third""}",True,False,True,False,"step 3, step 6, "
tiktokshopglobalselling.com,tiktok|akamai,"{""tiktok"": ""private"", ""akamai"": ""third""}",True,False,True,False,"step 3, step 6, "
tiktokshops.eu,tiktok|akamai,"{""tiktok"": ""private"", ""akamai"": ""third""}",True,False,True,False,"step 3, step 6, "
tiktokshops.us,tiktok|akamai,"{""tiktok"": ""private"", ""akamai"": ""third""}",True,False,True,False,"step 3, step 6, "
tiktokstaticb.com,tiktok,"{""tiktok"": ""private""}",False,False,False,False,"step 3, "
tiktokv-eu.com,tiktok,"{""tiktok"": ""private""}",False,False,False,False,"step 3, "
tiktokv.com,bytedance|tiktok|akamai,"{""bytedance"": ""private"", ""tiktok"": ""private"", ""akamai"": ""third""}",True,False,True,False,"step 2, step 3, step 6, "
tiktokv.eu,tiktok,"{""tiktok"": ""private""}",False,False,False,False,"step 3, "
tiktokv.us,tiktok,"{""tiktok"": ""private""}",False,False,False,False,"step 3, "
tiktokw.eu,tiktok|akamai,"{""tiktok"": ""private"", ""akamai"": ""third""}",True,False,True,False,"step 3, step 6, "
tiktokw.us,tiktok|akamai,"{""tiktok"": ""private"", ""akamai"": ""third""}",True,False,True,False,"step 3, step 6, "
tilda.cc,amazon,"{""amazon"": ""private""}",False,False,False,False,"step 5 (SOA), "
time.ly,amazon,"{""amazon"": ""private""}",False,False,False,False,"step 5 (SOA), "
timebie.com,sucuri,"{""sucuri"": ""private""}",False,False,False,False,"step 7, "
timedix.com,cloudflare,"{""cloudflare"": ""private""}",False,False,False,False,"step 5 (SOA), "
timelineimages.com,amazon,"{""amazon"": ""private""}",False,False,False,False,"step 5 (SOA), "
timeslive.co.za,microsoft|akamai,"{""microsoft"": ""private"", ""akamai"": ""third""}",True,False,True,False,"step 3, step 6, "
tingroom.com,cloudflare,"{""cloudflare"": ""private""}",False,False,False,False,"step 6, "
tiny.vn,cloudflare|nextjs,"{""cloudflare"": ""private"", ""nextjs"": ""private""}",False,False,True,False,"step 5 (SOA), step 7, "
tipalti.com,amazon|cloudflare,"{""amazon"": ""private"", ""cloudflare"": ""private""}",False,False,True,False,"step 5 (SOA), step 7, "
tireguru.net,amazon,"{""amazon"": ""private""}",False,False,False,False,"step 5 (SOA), "
titelive.com,microsoft|cloudflare,"{""microsoft"": ""private"", ""cloudflare"": ""third""}",True,False,True,False,"step 3, step 5 (SOA), "
tklivechat.com,microsoft|cloudflare|twitter,"{""microsoft"": ""private"", ""cloudflare"": ""third"", ""twitter"": ""third""}",True,False,True,True,"step 3, step 5 (SOA), step 6, "
tl88.net,akamai,"{""akamai"": ""private""}",False,False,False,False,"step 2, "
tlgfast.com,cloudflare|twitter,"{""cloudflare"": ""private"", ""twitter"": ""private""}",False,False,True,False,"step 5 (SOA), step 6, "
tliveapp.com,microsoft,"{""microsoft"": ""private""}",False,False,False,False,"step 3, "
tlivecdn.com,microsoft,"{""microsoft"": ""private""}",False,False,False,False,"step 3, "
tlivedns.com,microsoft,"{""microsoft"": ""private""}",False,False,False,False,"step 3, "
tlivemcdn.com,microsoft,"{""microsoft"": ""private""}",False,False,False,False,"step 3, "
tliveplay.com,microsoft,"{""microsoft"": ""private""}",False,False,False,False,"step 3, "
tlivepush.com,microsoft,"{""microsoft"": ""private""}",False,False,False,False,"step 3, "
tlivesdk.com,microsoft,"{""microsoft"": ""private""}",False,False,False,False,"step 3, "
tlivesdkconfig.com,microsoft,"{""microsoft"": ""private""}",False,False,False,False,"step 3, "
tlivesource.com,microsoft,"{""microsoft"": ""private""}",False,False,False,False,"step 3, "
tliveupload.com,microsoft,"{""microsoft"": ""private""}",False,False,False,False,"step 3, "
tm-azurefd.net,microsoft,"{""microsoft"": ""private""}",False,False,False,False,"step 3, "
tmmp.io,amazon,"{""amazon"": ""private""}",False,False,False,False,"step 5 (SOA), "
tmvsrv.com,amazon,"{""amazon"": ""private""}",False,False,False,False,"step 5 (SOA), "
tn.gov,cloudflare,"{""cloudflare"": ""private""}",False,False,False,False,"step 5 (SOA), "
tnaflix.com,microsoft,"{""microsoft"": ""private""}",False,False,False,False,"step 6, "
tncid.app,google,"{""google"": ""private""}",False,False,False,False,"step 5 (SOA), "
tnet.ge,cloudflare,"{""cloudflare"": ""private""}",False,False,False,False,"step 5 (SOA), "
tnjchem.com,cloudflare,"{""cloudflare"": ""private""}",False,False,False,False,"step 5 (SOA), "
tntcode.com,cloudflare,"{""cloudflare"": ""private""}",False,False,False,False,"step 5 (SOA), "
toasttab.com,amazon|cloudflare,"{""amazon"": ""private"", ""cloudflare"": ""private""}",False,False,True,False,"step 5 (SOA), step 6, "
todamateria.com.br,amazon,"{""amazon"": ""private""}",False,False,False,False,"step 5 (SOA), "
todoandroid.es,google|cloudflare,"{""google"": ""private"", ""cloudflare"": ""third""}",True,False,True,False,"step 3, step 5 (SOA), "
todoist.net,amazon,"{""amazon"": ""private""}",False,False,False,False,"step 5 (SOA), "
toffeelive.com,microsoft,"{""microsoft"": ""private""}",False,False,False,False,"step 3, "
tokbox.com,amazon,"{""amazon"": ""private""}",False,False,False,False,"step 5 (SOA), "
tolstoycomments.com,cloudflare,"{""cloudflare"": ""private""}",False,False,False,False,"step 5 (SOA), "
tolvnow.com,cloudflare,"{""cloudflare"": ""private""}",False,False,False,False,"step 5 (SOA), "
toolara.net,amazon,"{""amazon"": ""private""}",False,False,False,False,"step 5 (SOA), "
toot.community,cloudflare|twitter,"{""cloudflare"": ""private"", ""twitter"": ""private""}",False,False,True,False,"step 5 (SOA), step 6, "
tooti.to,cloudflare,"{""cloudflare"": ""private""}",False,False,False,False,"step 5 (SOA), "
top4top.io,cloudflare,"{""cloudflare"": ""private""}",False,False,False,False,"step 5 (SOA), "
topcor.ru,cloudflare,"{""cloudflare"": ""private""}",False,False,False,False,"step 5 (SOA), "
topdealad.com,cloudflare,"{""cloudflare"": ""private""}",False,False,False,False,"step 5 (SOA), "
topdoglive.com,microsoft|amazon,"{""microsoft"": ""private"", ""amazon"": ""private""}",False,False,True,False,"step 3, step 5 (SOA), "
topeleven.com,google,"{""google"": ""private""}",False,False,False,False,"step 5 (SOA), "
topoquest.com,twitter,"{""twitter"": ""private""}",False,False,False,False,"step 6, "
topqualitylink.com,amazon,"{""amazon"": ""private""}",False,False,False,False,"step 5 (SOA), "
topsetting.com,cloudflare,"{""cloudflare"": ""private""}",False,False,False,False,"step 5 (SOA), "
toptracer.com,amazon,"{""amazon"": ""private""}",False,False,False,False,"step 5 (SOA), "
topuplive.com,microsoft|cloudflare,"{""microsoft"": ""private"", ""cloudflare"": ""third""}",True,False,True,False,"step 3, step 5 (SOA), "
topwar.ru,cloudflare,"{""cloudflare"": ""private""}",False,False,False,False,"step 5 (SOA), "
topwargame.com,akamai,"{""akamai"": ""private""}",False,False,False,False,"step 6, "
toriamosdiscography.info,cloudflare,"{""cloudflare"": ""private""}",False,False,False,False,"step 5 (SOA), "
tormach.com,amazon,"{""amazon"": ""private""}",False,False,False,False,"step 5 (SOA), "
torob.com,cloudflare,"{""cloudflare"": ""private""}",False,False,False,False,"step 5 (SOA), "
toshiba-solutions.com,cloudflare,"{""cloudflare"": ""private""}",False,False,False,False,"step 5 (SOA), "
toshiba.com,amazon|cloudflare,"{""amazon"": ""private"", ""cloudflare"": ""private""}",False,False,True,False,"step 5 (SOA), step 7, "
tospitimou.gr,amazon,"{""amazon"": ""private""}",False,False,False,False,"step 5 (SOA), "
totalcsr.com,cloudflare,"{""cloudflare"": ""private""}",False,False,False,False,"step 5 (SOA), "
totalpass.com,amazon,"{""amazon"": ""private""}",False,False,False,False,"step 5 (SOA), "
totok.ai,microsoft,"{""microsoft"": ""private""}",False,False,False,False,"step 5 (SOA), "
touchsource.com,cloudflare,"{""cloudflare"": ""private""}",False,False,False,False,"step 5 (SOA), "
touringplans.com,amazon,"{""amazon"": ""private""}",False,False,False,False,"step 5 (SOA), "
towardsdatascience.com,cloudflare,"{""cloudflare"": ""private""}",False,False,False,False,"step 5 (SOA), "
townnews.com,cloudflare,"{""cloudflare"": ""private""}",False,False,False,False,"step 5 (SOA), "
toyota.eu,imperva,"{""imperva"": ""private""}",False,False,False,False,"step 6, "
tozelabs.com,amazon,"{""amazon"": ""private""}",False,False,False,False,"step 5 (SOA), "
tpmn.co.kr,google,"{""google"": ""private""}",False,False,False,False,"step 5 (SOA), "
tpucdn.com,cloudflare,"{""cloudflare"": ""private""}",False,False,False,False,"step 5 (SOA), "
tr.com,amazon,"{""amazon"": ""private""}",False,False,False,False,"step 5 (SOA), "
trackervsb.live,microsoft|cloudflare,"{""microsoft"": ""private"", ""cloudflare"": ""third""}",True,False,True,False,"step 3, step 5 (SOA), "
tracklist.live,microsoft|cloudflare,"{""microsoft"": ""private"", ""cloudflare"": ""third""}",True,False,True,False,"step 3, step 5 (SOA), "
trackmytarget.com,amazon|twitter,"{""amazon"": ""private"", ""twitter"": ""private""}",False,False,True,False,"step 5 (SOA), step 6, "
tracksolidpro.com,amazon,"{""amazon"": ""private""}",False,False,False,False,"step 5 (SOA), "
tractive.com,amazon,"{""amazon"": ""private""}",False,False,False,False,"step 5 (SOA), "
tracxn.com,amazon,"{""amazon"": ""private""}",False,False,False,False,"step 5 (SOA), "
tradedatamonitor.com,cloudflare,"{""cloudflare"": ""private""}",False,False,False,False,"step 7, "
tradeinn.com,google,"{""google"": ""private""}",False,False,False,False,"step 5 (SOA), "
tradeit.gg,cloudflare,"{""cloudflare"": ""private""}",False,False,False,False,"step 5 (SOA), "
tradlinx.com,microsoft,"{""microsoft"": ""private""}",False,False,False,False,"step 5 (SOA), "
traffer.net,cloudflare,"{""cloudflare"": ""private""}",False,False,False,False,"step 5 (SOA), "
trafficjunky.com,amazon,"{""amazon"": ""private""}",False,False,False,False,"step 5 (SOA), "
trafficmanager.net,microsoft,"{""microsoft"": ""private""}",False,False,False,False,"step 2, "
tranny.one,google,"{""google"": ""private""}",False,False,False,False,"step 5 (SOA), "
translated.cloud,amazon,"{""amazon"": ""private""}",False,False,False,False,"step 5 (SOA), "
transmit.live,microsoft|amazon,"{""microsoft"": ""private"", ""amazon"": ""third""}",True,False,True,False,"step 3, step 5 (SOA), "
travelaudience.com,google,"{""google"": ""private""}",False,False,False,False,"step 5 (SOA), "
travelminit.ro,cloudflare,"{""cloudflare"": ""private""}",False,False,False,False,"step 5 (SOA), "
traveloka.com,amazon,"{""amazon"": ""private""}",False,False,False,False,"step 5 (SOA), "
travelwav.com,cloudflare|amazon,"{""cloudflare"": ""private"", ""amazon"": ""private""}",False,False,True,False,"step 5 (SOA), step 7, "
travix.io,cloudflare,"{""cloudflare"": ""private""}",False,False,False,False,"step 5 (SOA), "
traxmate.io,amazon,"{""amazon"": ""private""}",False,False,False,False,"step 5 (SOA), "
tredio.io,amazon,"{""amazon"": ""private""}",False,False,False,False,"step 5 (SOA), "
trekbbs.com,amazon,"{""amazon"": ""private""}",False,False,False,False,"step 5 (SOA), "
trello.com,amazon,"{""amazon"": ""private""}",False,False,False,False,"step 5 (SOA), "
trexlive.me,microsoft,"{""microsoft"": ""private""}",False,False,False,False,"step 3, "
triblive.com,microsoft|cloudflare|amazon,"{""microsoft"": ""private"", ""cloudflare"": ""third"", ""amazon"": ""third""}",True,False,True,True,"step 3, step 5 (SOA), step 6, "
triersistemas.com.br,amazon,"{""amazon"": ""private""}",False,False,False,False,"step 5 (SOA), "
triplee.cl,cloudflare,"{""cloudflare"": ""private""}",False,False,False,False,"step 5 (SOA), "
tripster.ru,cloudflare,"{""cloudflare"": ""private""}",False,False,False,False,"step 5 (SOA), "
triptease.io,google|fastly,"{""google"": ""private"", ""fastly"": ""private""}",False,False,True,False,"step 5 (SOA), step 7, "
trkwwtarget.com,twitter|google,"{""twitter"": ""private"", ""google"": ""private""}",False,False,True,False,"step 6, step 7, "
tronyza.com,cloudflare,"{""cloudflare"": ""private""}",False,False,False,False,"step 5 (SOA), "
tropicaltidbits.com,cloudflare,"{""cloudflare"": ""private""}",False,False,False,False,"step 5 (SOA), "
tropicfeel.com,amazon,"{""amazon"": ""private""}",False,False,False,False,"step 5 (SOA), "
trovacasa.it,cloudflare,"{""cloudflare"": ""private""}",False,False,False,False,"step 5 (SOA), "
trovit.com,cloudflare|twitter,"{""cloudflare"": ""private"", ""twitter"": ""private""}",False,False,True,False,"step 5 (SOA), step 6, "
trovo.live,microsoft|amazon,"{""microsoft"": ""private"", ""amazon"": ""third""}",True,False,True,False,"step 3, step 5 (SOA), "
trpcdn.net,baishan,"{""baishan"": ""private""}",False,False,False,False,"step 2, "
truck1.co.za,google,"{""google"": ""private""}",False,False,False,False,"step 5 (SOA), "
truck1.eu,google,"{""google"": ""private""}",False,False,False,False,"step 5 (SOA), "
truck1.ke,google,"{""google"": ""private""}",False,False,False,False,"step 5 (SOA), "
truck1.ph,google,"{""google"": ""private""}",False,False,False,False,"step 5 (SOA), "
truck1.sg,google,"{""google"": ""private""}",False,False,False,False,"step 5 (SOA), "
truckerpath.com,amazon,"{""amazon"": ""private""}",False,False,False,False,"step 5 (SOA), "
truckstop.com,amazon,"{""amazon"": ""private""}",False,False,False,False,"step 5 (SOA), "
trucovamos.com,amazon,"{""amazon"": ""private""}",False,False,False,False,"step 5 (SOA), "
truefitcorp.com,amazon,"{""amazon"": ""private""}",False,False,False,False,"step 5 (SOA), "
truemetal.it,cloudflare,"{""cloudflare"": ""private""}",False,False,False,False,"step 5 (SOA), "
trustmate.io,amazon,"{""amazon"": ""private""}",False,False,False,False,"step 5 (SOA), "
trustspot.io,amazon,"{""amazon"": ""private""}",False,False,False,False,"step 5 (SOA), "
trutri.org,amazon|cloudflare,"{""amazon"": ""private"", ""cloudflare"": ""private""}",False,False,True,False,"step 5 (SOA), step 7, "
truvidplayer.com,amazon,"{""amazon"": ""private""}",False,False,False,False,"step 5 (SOA), "
truyo.com,microsoft|cloudflare,"{""microsoft"": ""private"", ""cloudflare"": ""private""}",False,False,True,False,"step 5 (SOA), step 7, "
trycloudflare.com,cloudflare,"{""cloudflare"": ""private""}",False,False,False,False,"step 2, "
tryethernal.com,cloudflare,"{""cloudflare"": ""private""}",False,False,False,False,"step 5 (SOA), "
tryzens-analytics.com,amazon,"{""amazon"": ""private""}",False,False,False,False,"step 6, "
ts2009.com,cloudflare,"{""cloudflare"": ""private""}",False,False,False,False,"step 5 (SOA), "
tsgaem.com,amazon,"{""amazon"": ""private""}",False,False,False,False,"step 5 (SOA), "
tsukicloud.com,apple|cloudflare,"{""apple"": ""private"", ""cloudflare"": ""third""}",True,False,True,False,"step 3, step 5 (SOA), "
tsum.com,cloudflare,"{""cloudflare"": ""private""}",False,False,False,False,"step 5 (SOA), "
ttcache.com,cloudflare,"{""cloudflare"": ""private""}",False,False,False,False,"step 5 (SOA), "
ttlivecdn.com,microsoft,"{""microsoft"": ""private""}",False,False,False,False,"step 3, "
ttndev.com,cloudflare,"{""cloudflare"": ""private""}",False,False,False,False,"step 5 (SOA), "
ttrk.io,amazon,"{""amazon"": ""private""}",False,False,False,False,"step 5 (SOA), "
ttwstatic.com,bytedance,"{""bytedance"": ""private""}",False,False,False,False,"step 2, "
tube8.fr,amazon,"{""amazon"": ""private""}",False,False,False,False,"step 5 (SOA), "
tubidy-radio.com,cloudflare,"{""cloudflare"": ""private""}",False,False,False,False,"step 5 (SOA), "
tumsong.live,microsoft|cloudflare,"{""microsoft"": ""private"", ""cloudflare"": ""third""}",True,False,True,False,"step 3, step 5 (SOA), "
tunegenie.com,amazon,"{""amazon"": ""private""}",False,False,False,False,"step 5 (SOA), "
tunein.com,amazon|cloudflare,"{""amazon"": ""private"", ""cloudflare"": ""private""}",False,False,True,False,"step 5 (SOA), step 7, "
tuoitre.vn,cloudflare,"{""cloudflare"": ""private""}",False,False,False,False,"step 5 (SOA), "
tuplaza.com,amazon,"{""amazon"": ""private""}",False,False,False,False,"step 5 (SOA), "
turbify.com,amazon,"{""amazon"": ""private""}",False,False,False,False,"step 5 (SOA), "
turboimg.net,cloudflare,"{""cloudflare"": ""private""}",False,False,False,False,"step 5 (SOA), "
tury.ru,cloudflare,"{""cloudflare"": ""private""}",False,False,False,False,"step 5 (SOA), "
tuttoandroid.net,google|cloudflare,"{""google"": ""private"", ""cloudflare"": ""third""}",True,False,True,False,"step 3, step 5 (SOA), "
tvbrasil.live,microsoft|cloudflare,"{""microsoft"": ""private"", ""cloudflare"": ""third""}",True,False,True,False,"step 3, step 5 (SOA), "
tvclub.live,microsoft|cloudflare,"{""microsoft"": ""private"", ""cloudflare"": ""third""}",True,False,True,False,"step 3, step 5 (SOA), "
tvinteractive.tv,amazon,"{""amazon"": ""private""}",False,False,False,False,"step 5 (SOA), "
tvisionary.live,microsoft|cloudflare,"{""microsoft"": ""private"", ""cloudflare"": ""third""}",True,False,True,False,"step 3, step 5 (SOA), "
tvmaze.com,cloudflare,"{""cloudflare"": ""private""}",False,False,False,False,"step 5 (SOA), "
tvnet.lv,cloudflare,"{""cloudflare"": ""private""}",False,False,False,False,"step 5 (SOA), "
tvoe.live,microsoft|cloudflare,"{""microsoft"": ""private"", ""cloudflare"": ""third""}",True,False,True,False,"step 3, step 5 (SOA), "
tvplayhome.lt,cloudflare,"{""cloudflare"": ""private""}",False,False,False,False,"step 5 (SOA), "
tvr-ddns.net,amazon,"{""amazon"": ""private""}",False,False,False,False,"step 5 (SOA), "
tvtonight.com.au,cloudflare|twitter,"{""cloudflare"": ""private"", ""twitter"": ""private""}",False,False,True,False,"step 5 (SOA), step 6, "
tweakers.net,akamai,"{""akamai"": ""private""}",False,False,False,False,"step 7, "
twickets.live,microsoft|amazon,"{""microsoft"": ""private"", ""amazon"": ""third""}",True,False,True,False,"step 3, step 5 (SOA), "
twik.io,cloudflare,"{""cloudflare"": ""private""}",False,False,False,False,"step 5 (SOA), "
twimg.com,twitter,"{""twitter"": ""private""}",False,False,False,False,"step 2, "
twnmm.com,amazon,"{""amazon"": ""private""}",False,False,False,False,"step 5 (SOA), "
txlivecdn.com,microsoft,"{""microsoft"": ""private""}",False,False,False,False,"step 3, "
txtcartapp.com,amazon,"{""amazon"": ""private""}",False,False,False,False,"step 5 (SOA), "
tylerhost.net,amazon,"{""amazon"": ""private""}",False,False,False,False,"step 5 (SOA), "
tynt.com,twitter,"{""twitter"": ""private""}",False,False,False,False,"step 6, "
typekit.com,amazon|twitter,"{""amazon"": ""private"", ""twitter"": ""private""}",False,False,True,False,"step 5 (SOA), step 6, "
u-team.by,cloudflare,"{""cloudflare"": ""private""}",False,False,False,False,"step 5 (SOA), "
uanataca.com,amazon,"{""amazon"": ""private""}",False,False,False,False,"step 5 (SOA), "
uazapi.com,cloudflare,"{""cloudflare"": ""private""}",False,False,False,False,"step 5 (SOA), "
uberprof.com,amazon,"{""amazon"": ""private""}",False,False,False,False,"step 5 (SOA), "
ubianet.com,twitter,"{""twitter"": ""private""}",False,False,False,False,"step 6, "
ubidots.com,amazon|cloudflare,"{""amazon"": ""private"", ""cloudflare"": ""private""}",False,False,True,False,"step 5 (SOA), step 7, "
ubst.space,microsoft,"{""microsoft"": ""private""}",False,False,False,False,"step 5 (SOA), "
uclawsf.edu,amazon|fastly,"{""amazon"": ""private"", ""fastly"": ""third""}",True,False,True,False,"step 3, step 7, "
ucld.us,amazon,"{""amazon"": ""private""}",False,False,False,False,"step 5 (SOA), "
ucloud.cn,ucloud,"{""ucloud"": ""private""}",False,False,False,False,"step 2, "
ucloud.com.cn,ucloud,"{""ucloud"": ""private""}",False,False,False,False,"step 2, "
ud.link,amazon,"{""amazon"": ""private""}",False,False,False,False,"step 5 (SOA), "
ufam.edu.br,amazon,"{""amazon"": ""private""}",False,False,False,False,"step 5 (SOA), "
ugdturner.com,amazon,"{""amazon"": ""private""}",False,False,False,False,"step 5 (SOA), "
ukclimbing.com,microsoft|cloudflare,"{""microsoft"": ""private"", ""cloudflare"": ""third""}",True,False,True,False,"step 3, step 5 (SOA), "
ulta.com,akamai,"{""akamai"": ""private""}",False,False,False,False,"step 6, "
ultimedia.com,amazon,"{""amazon"": ""private""}",False,False,False,False,"step 5 (SOA), "
ultrastar-es.org,cloudflare,"{""cloudflare"": ""private""}",False,False,False,False,"step 5 (SOA), "
umage.com,cloudflare,"{""cloudflare"": ""private""}",False,False,False,False,"step 7, "
umapenca.com,amazon,"{""amazon"": ""private""}",False,False,False,False,"step 5 (SOA), "
ummhealth.org,fastly,"{""fastly"": ""private""}",False,False,False,False,"step 7, "
umnico.com,cloudflare,"{""cloudflare"": ""private""}",False,False,False,False,"step 5 (SOA), "
umsns.com,microsoft,"{""microsoft"": ""private""}",False,False,False,False,"step 3, "
unanet.biz,amazon,"{""amazon"": ""private""}",False,False,False,False,"step 5 (SOA), "
unavco.org,amazon,"{""amazon"": ""private""}",False,False,False,False,"step 5 (SOA), "
unbing.cn,microsoft,"{""microsoft"": ""private""}",False,False,False,False,"step 3, "
unbinghk.com,microsoft,"{""microsoft"": ""private""}",False,False,False,False,"step 3, "
undp.org,akamai,"{""akamai"": ""private""}",False,False,False,False,"step 6, "
unfpa.org,google,"{""google"": ""private""}",False,False,False,False,"step 5 (SOA), "
ung.edu,microsoft,"{""microsoft"": ""private""}",False,False,False,False,"step 5 (SOA), "
uni-freiburg.de,fastly,"{""fastly"": ""private""}",False,False,False,False,"step 7, "
uni-mate.hu,google,"{""google"": ""private""}",False,False,False,False,"step 7, "
uni-tuebingen.de,microsoft,"{""microsoft"": ""private""}",False,False,False,False,"step 3, "
unico.io,google|cloudflare,"{""google"": ""private"", ""cloudflare"": ""private""}",False,False,True,False,"step 5 (SOA), step 7, "
unificloud.co.uk,apple|cloudflare,"{""apple"": ""private"", ""cloudflare"": ""third""}",True,False,True,False,"step 3, step 5 (SOA), "
unifydrive.net,amazon,"{""amazon"": ""private""}",False,False,False,False,"step 5 (SOA), "
uniguest.com,microsoft|twitter|cloudflare,"{""microsoft"": ""private"", ""twitter"": ""private"", ""cloudflare"": ""private""}",False,False,True,False,"step 5 (SOA), step 6, step 7, "
unilogcorp.com,google|cloudflare,"{""google"": ""private"", ""cloudflare"": ""private""}",False,False,True,False,"step 5 (SOA), step 6, "
uniquex.com,amazon,"{""amazon"": ""private""}",False,False,False,False,"step 5 (SOA), "
universalis.com,google,"{""google"": ""private""}",False,False,False,False,"step 5 (SOA), "
universign.com,amazon,"{""amazon"": ""private""}",False,False,False,False,"step 5 (SOA), "
universitybloomsny.com,microsoft|amazon,"{""microsoft"": ""private"", ""amazon"": ""third""}",True,False,True,False,"step 3, step 5 (SOA), "
univisionnow.com,google,"{""google"": ""private""}",False,False,False,False,"step 5 (SOA), "
uniware.com.br,cloudflare,"{""cloudflare"": ""private""}",False,False,False,False,"step 5 (SOA), "
unknownworlds.com,google,"{""google"": ""private""}",False,False,False,False,"step 5 (SOA), "
unl.edu,amazon,"{""amazon"": ""private""}",False,False,False,False,"step 5 (SOA), "
unpkg.com,unpkg|cloudflare,"{""unpkg"": ""private"", ""cloudflare"": ""third""}",True,False,True,False,"step 2, step 5 (SOA), "
unrulymedia.com,amazon,"{""amazon"": ""private""}",False,False,False,False,"step 5 (SOA), "
unum.com,amazon,"{""amazon"": ""private""}",False,False,False,False,"step 5 (SOA), "
unvanquished.net,google,"{""google"": ""private""}",False,False,False,False,"step 5 (SOA), "
unwired.at,amazon,"{""amazon"": ""private""}",False,False,False,False,"step 5 (SOA), "
uoanbar.edu.iq,cloudflare,"{""cloudflare"": ""private""}",False,False,False,False,"step 5 (SOA), "
uobabylon.edu.iq,cloudflare,"{""cloudflare"": ""private""}",False,False,False,False,"step 5 (SOA), "
updf.com,cloudflare,"{""cloudflare"": ""private""}",False,False,False,False,"step 6, "
uploadhaven.com,cloudflare,"{""cloudflare"": ""private""}",False,False,False,False,"step 5 (SOA), "
upnorthlive.com,microsoft|amazon,"{""microsoft"": ""private"", ""amazon"": ""third""}",True,False,True,False,"step 3, step 5 (SOA), "
upns.live,microsoft|cloudflare,"{""microsoft"": ""private"", ""cloudflare"": ""third""}",True,False,True,False,"step 3, step 5 (SOA), "
upperbooking.com,amazon,"{""amazon"": ""private""}",False,False,False,False,"step 5 (SOA), "
uprr.com,firebase,"{""firebase"": ""private""}",False,False,False,False,"step 6, "
urban-vpn.com,amazon,"{""amazon"": ""private""}",False,False,False,False,"step 5 (SOA), "
urbanpro.com,amazon,"{""amazon"": ""private""}",False,False,False,False,"step 5 (SOA), "
urekamedia.com,cloudflare,"{""cloudflare"": ""private""}",False,False,False,False,"step 5 (SOA), "
url-protection.com,amazon,"{""amazon"": ""private""}",False,False,False,False,"step 5 (SOA), "
urlm.co,cloudflare,"{""cloudflare"": ""private""}",False,False,False,False,"step 5 (SOA), "
urlm.com,cloudflare,"{""cloudflare"": ""private""}",False,False,False,False,"step 5 (SOA), "
usbeveragenet.com,twitter,"{""twitter"": ""private""}",False,False,False,False,"step 6, "
user1st.info,google,"{""google"": ""private""}",False,False,False,False,"step 5 (SOA), "
usercontent.microsoft,microsoft,"{""microsoft"": ""private""}",False,False,False,False,"step 1, "
usergioarboleda.edu.co,cloudflare,"{""cloudflare"": ""private""}",False,False,False,False,"step 5 (SOA), "
userpilot.io,cloudflare,"{""cloudflare"": ""private""}",False,False,False,False,"step 5 (SOA), "
userreport.com,amazon|twitter,"{""amazon"": ""private"", ""twitter"": ""private""}",False,False,True,False,"step 5 (SOA), step 6, "
userstyles.org,amazon,"{""amazon"": ""private""}",False,False,False,False,"step 5 (SOA), "
usf.edu,microsoft,"{""microsoft"": ""private""}",False,False,False,False,"step 6, "
usg.edu,amazon,"{""amazon"": ""private""}",False,False,False,False,"step 7, "
usgovcloud-static.microsoft,microsoft,"{""microsoft"": ""private""}",False,False,False,False,"step 1, "
usgovcloud.microsoft,microsoft,"{""microsoft"": ""private""}",False,False,False,False,"step 1, "
usgs.gov,cloudflare|amazon,"{""cloudflare"": ""private"", ""amazon"": ""private""}",False,False,True,False,"step 5 (SOA), step 6, "
usnlive.com,microsoft|cloudflare,"{""microsoft"": ""private"", ""cloudflare"": ""private""}",False,False,True,False,"step 3, step 5 (SOA), "
uso.com.br,amazon,"{""amazon"": ""private""}",False,False,False,False,"step 5 (SOA), "
uspokersites.com,amazon,"{""amazon"": ""private""}",False,False,False,False,"step 5 (SOA), "
ustream.tv,amazon,"{""amazon"": ""private""}",False,False,False,False,"step 5 (SOA), "
usvisa-info.com,amazon,"{""amazon"": ""private""}",False,False,False,False,"step 5 (SOA), "
utahrealestate.com,amazon,"{""amazon"": ""private""}",False,False,False,False,"step 5 (SOA), "
utiq-aws.net,amazon,"{""amazon"": ""private""}",False,False,False,False,"step 3, "
uva.nl,amazon,"{""amazon"": ""private""}",False,False,False,False,"step 6, "
uwstout.edu,fastly,"{""fastly"": ""private""}",False,False,False,False,"step 7, "
uww.org,amazon,"{""amazon"": ""private""}",False,False,False,False,"step 5 (SOA), "
v2rayclient.com,twitter,"{""twitter"": ""private""}",False,False,False,False,"step 6, "
vacd.biz,amazon,"{""amazon"": ""private""}",False,False,False,False,"step 5 (SOA), "
vacgen.com,cloudflare,"{""cloudflare"": ""private""}",False,False,False,False,"step 5 (SOA), "
valenciaplaza.com,amazon,"{""amazon"": ""private""}",False,False,False,False,"step 5 (SOA), "
valenet.com.br,twitter,"{""twitter"": ""private""}",False,False,False,False,"step 6, "
validclick.net,amazon,"{""amazon"": ""private""}",False,False,False,False,"step 5 (SOA), "
vanderhaags.com,amazon,"{""amazon"": ""private""}",False,False,False,False,"step 5 (SOA), "
vanessasvintage.com,cloudflare,"{""cloudflare"": ""private""}",False,False,False,False,"step 7, "
vanillacommunities.com,cloudflare,"{""cloudflare"": ""private""}",False,False,False,False,"step 5 (SOA), "
vanillaradio.com,cloudflare,"{""cloudflare"": ""private""}",False,False,False,False,"step 5 (SOA), "
vansoutboardparts.com,cloudflare,"{""cloudflare"": ""private""}",False,False,False,False,"step 5 (SOA), "
variety.com,amazon,"{""amazon"": ""private""}",False,False,False,False,"step 5 (SOA), "
varonis.io,microsoft|imperva,"{""microsoft"": ""private"", ""imperva"": ""private""}",False,False,True,False,"step 5 (SOA), step 6, "
vast.com,amazon|twitter,"{""amazon"": ""private"", ""twitter"": ""private""}",False,False,True,False,"step 5 (SOA), step 6, "
vc.ru,cloudflare,"{""cloudflare"": ""private""}",False,False,False,False,"step 5 (SOA), "
vchat-onlie.com,qiniu,"{""qiniu"": ""private""}",False,False,False,False,"step 6, "
vdkcdn1.com,cloudflare,"{""cloudflare"": ""private""}",False,False,False,False,"step 5 (SOA), "
vecaetagere.com,cloudflare,"{""cloudflare"": ""private""}",False,False,False,False,"step 5 (SOA), "
veegames.com,amazon,"{""amazon"": ""private""}",False,False,False,False,"step 5 (SOA), "
veesp.com,cloudflare,"{""cloudflare"": ""private""}",False,False,False,False,"step 5 (SOA), "
vegasinsider.com,amazon,"{""amazon"": ""private""}",False,False,False,False,"step 5 (SOA), "
veikkaus.fi,amazon,"{""amazon"": ""private""}",False,False,False,False,"step 5 (SOA), "
velitessport.com,cloudflare|twitter,"{""cloudflare"": ""private"", ""twitter"": ""private""}",False,False,True,False,"step 5 (SOA), step 6, "
velocify.com,amazon,"{""amazon"": ""private""}",False,False,False,False,"step 5 (SOA), "
velvetcake.live,microsoft|cloudflare,"{""microsoft"": ""private"", ""cloudflare"": ""third""}",True,False,True,False,"step 3, step 5 (SOA), "
ventrata.com,google,"{""google"": ""private""}",False,False,False,False,"step 5 (SOA), "
venturebeat.com,amazon|twitter,"{""amazon"": ""private"", ""twitter"": ""private""}",False,False,True,False,"step 5 (SOA), step 6, "
vercel-dns.com,vercel,"{""vercel"": ""private""}",False,False,False,False,"step 2, "
vercel.app,vercel,"{""vercel"": ""private""}",False,False,False,False,"step 2, "
vercel.com,vercel|nextjs,"{""vercel"": ""private"", ""nextjs"": ""third""}",True,False,True,False,"step 2, step 7, "
vercel.live,microsoft,"{""microsoft"": ""private""}",False,False,False,False,"step 3, "
verdesmares.com.br,amazon,"{""amazon"": ""private""}",False,False,False,False,"step 5 (SOA), "
veripages.com,cloudflare,"{""cloudflare"": ""private""}",False,False,False,False,"step 5 (SOA), "
veritonic.com,cloudflare,"{""cloudflare"": ""private""}",False,False,False,False,"step 7, "
verizon-services.com,edgecast|amazon,"{""edgecast"": ""private"", ""amazon"": ""third""}",True,False,True,False,"step 3, step 5 (SOA), "
verizon.com,edgecast|akamai,"{""edgecast"": ""private"", ""akamai"": ""third""}",True,False,True,False,"step 3, step 6, "
verizon.net,edgecast|akamai,"{""edgecast"": ""private"", ""akamai"": ""third""}",True,False,True,False,"step 3, step 6, "
verizonenterprise.com,edgecast,"{""edgecast"": ""private""}",False,False,False,False,"step 3, "
verizonmedia.com,edgecast|yahoo,"{""edgecast"": ""private"", ""yahoo"": ""third""}",True,False,True,False,"step 3, step 5 (SOA), "
verizonwireless.com,edgecast|akamai,"{""edgecast"": ""private"", ""akamai"": ""third""}",True,False,True,False,"step 3, step 6, "
verolive.net,microsoft|cloudflare|amazon,"{""microsoft"": ""private"", ""cloudflare"": ""third"", ""amazon"": ""third""}",True,False,True,True,"step 3, step 5 (SOA), step 6, "
versa-networks.com,amazon,"{""amazon"": ""private""}",False,False,False,False,"step 5 (SOA), "
versus.com,amazon,"{""amazon"": ""private""}",False,False,False,False,"step 5 (SOA), "
vertafore.com,amazon|fastly,"{""amazon"": ""private"", ""fastly"": ""private""}",False,False,True,False,"step 5 (SOA), step 7, "
vertigogames.co,cloudflare,"{""cloudflare"": ""private""}",False,False,False,False,"step 7, "
ves.io,google,"{""google"": ""private""}",False,False,False,False,"step 5 (SOA), "
veseris.com,cloudflare|fastly,"{""cloudflare"": ""private"", ""fastly"": ""private""}",False,False,True,False,"step 5 (SOA), step 7, "
veslink.com,amazon,"{""amazon"": ""private""}",False,False,False,False,"step 5 (SOA), "
vetmedstat.com,amazon|twitter,"{""amazon"": ""private"", ""twitter"": ""private""}",False,False,True,False,"step 5 (SOA), step 6, "
vettix.org,amazon,"{""amazon"": ""private""}",False,False,False,False,"step 5 (SOA), "
vficloud.net,apple|amazon,"{""apple"": ""private"", ""amazon"": ""third""}",True,False,True,False,"step 3, step 5 (SOA), "
vfleets.com.br,amazon,"{""amazon"": ""private""}",False,False,False,False,"step 5 (SOA), "
vg.no,amazon,"{""amazon"": ""private""}",False,False,False,False,"step 5 (SOA), "
vgmdb.info,cloudflare,"{""cloudflare"": ""private""}",False,False,False,False,"step 5 (SOA), "
vhostgo.com,west,"{""west"": ""private""}",False,False,False,False,"step 2, "
vhx.com,cloudflare,"{""cloudflare"": ""private""}",False,False,False,False,"step 5 (SOA), "
via-mobilis.com,cloudflare,"{""cloudflare"": ""private""}",False,False,False,False,"step 5 (SOA), "
via.google,google,"{""google"": ""private""}",False,False,False,False,"step 1, "
viagogo.net,microsoft,"{""microsoft"": ""private""}",False,False,False,False,"step 5 (SOA), "
vialivechat.com,microsoft|cloudflare,"{""microsoft"": ""private"", ""cloudflare"": ""third""}",True,False,True,False,"step 3, step 5 (SOA), "
viamala.ch,cloudflare,"{""cloudflare"": ""private""}",False,False,False,False,"step 5 (SOA), "
vianaaws.jp,amazon,"{""amazon"": ""private""}",False,False,False,False,"step 3, "
viaplay.com,amazon,"{""amazon"": ""private""}",False,False,False,False,"step 5 (SOA), "
vibegaming.com.bd,amazon|cloudflare,"{""amazon"": ""private"", ""cloudflare"": ""private""}",False,False,True,False,"step 5 (SOA), step 7, "
vibescm.com,amazon,"{""amazon"": ""private""}",False,False,False,False,"step 5 (SOA), "
vibeshort.live,microsoft|amazon,"{""microsoft"": ""private"", ""amazon"": ""third""}",True,False,True,False,"step 3, step 6, "
vicarius.cloud,amazon,"{""amazon"": ""private""}",False,False,False,False,"step 5 (SOA), "
viction.xyz,cloudflare,"{""cloudflare"": ""private""}",False,False,False,False,"step 5 (SOA), "
victorianplumbing.co.uk,microsoft,"{""microsoft"": ""private""}",False,False,False,False,"step 3, "
vid-monetize.live,microsoft|cloudflare,"{""microsoft"": ""private"", ""cloudflare"": ""third""}",True,False,True,False,"step 3, step 5 (SOA), "
viddea.com,amazon,"{""amazon"": ""private""}",False,False,False,False,"step 5 (SOA), "
videoask.com,amazon,"{""amazon"": ""private""}",False,False,False,False,"step 5 (SOA), "
videodelivery.net,microsoft|cloudflare,"{""microsoft"": ""private"", ""cloudflare"": ""third""}",True,False,True,False,"step 3, step 5 (SOA), "
videomin.ws,cloudflare,"{""cloudflare"": ""private""}",False,False,False,False,"step 5 (SOA), "
videoo.tv,cloudflare,"{""cloudflare"": ""private""}",False,False,False,False,"step 5 (SOA), "
videoplaza.tv,google,"{""google"": ""private""}",False,False,False,False,"step 5 (SOA), "
videosection.com,cloudflare,"{""cloudflare"": ""private""}",False,False,False,False,"step 5 (SOA), "
vidogram.me,cloudflare,"{""cloudflare"": ""private""}",False,False,False,False,"step 5 (SOA), "
vieon.vn,google,"{""google"": ""private""}",False,False,False,False,"step 5 (SOA), "
vietmap.live,microsoft|fastly,"{""microsoft"": ""private"", ""fastly"": ""third""}",True,False,True,False,"step 3, step 7, "
vilbli.no,amazon,"{""amazon"": ""private""}",False,False,False,False,"step 5 (SOA), "
vimeo.com,amazon|cloudflare,"{""amazon"": ""private"", ""cloudflare"": ""private""}",False,False,True,False,"step 5 (SOA), step 7, "
vimeocdn.com,vimeo|amazon|fastly,"{""vimeo"": ""private"", ""amazon"": ""third"", ""fastly"": ""third""}",True,False,True,True,"step 2, step 5 (SOA), step 7, "
vimeopro.com,amazon,"{""amazon"": ""private""}",False,False,False,False,"step 5 (SOA), "
vimm.net,cloudflare,"{""cloudflare"": ""private""}",False,False,False,False,"step 5 (SOA), "
vinmanager.com,amazon,"{""amazon"": ""private""}",False,False,False,False,"step 5 (SOA), "
vintageking.com,digicert|fastly,"{""digicert"": ""private"", ""fastly"": ""private""}",False,False,True,False,"step 5 (SOA), step 7, "
vinted.at,amazon,"{""amazon"": ""private""}",False,False,False,False,"step 5 (SOA), "
vinted.be,amazon,"{""amazon"": ""private""}",False,False,False,False,"step 5 (SOA), "
vinted.bg,amazon,"{""amazon"": ""private""}",False,False,False,False,"step 5 (SOA), "
vinted.co.uk,amazon,"{""amazon"": ""private""}",False,False,False,False,"step 5 (SOA), "
vinted.com,amazon,"{""amazon"": ""private""}",False,False,False,False,"step 5 (SOA), "
vinted.cz,amazon,"{""amazon"": ""private""}",False,False,False,False,"step 5 (SOA), "
vinted.de,amazon,"{""amazon"": ""private""}",False,False,False,False,"step 5 (SOA), "
vinted.dk,amazon,"{""amazon"": ""private""}",False,False,False,False,"step 5 (SOA), "
vinted.es,amazon,"{""amazon"": ""private""}",False,False,False,False,"step 5 (SOA), "
vinted.fr,amazon,"{""amazon"": ""private""}",False,False,False,False,"step 5 (SOA), "
vinted.gr,amazon,"{""amazon"": ""private""}",False,False,False,False,"step 5 (SOA), "
vinted.hu,amazon,"{""amazon"": ""private""}",False,False,False,False,"step 5 (SOA), "
vinted.ie,amazon,"{""amazon"": ""private""}",False,False,False,False,"step 5 (SOA), "
vinted.it,amazon,"{""amazon"": ""private""}",False,False,False,False,"step 5 (SOA), "
vinted.lt,amazon,"{""amazon"": ""private""}",False,False,False,False,"step 5 (SOA), "
vinted.lu,amazon,"{""amazon"": ""private""}",False,False,False,False,"step 5 (SOA), "
vinted.nl,amazon,"{""amazon"": ""private""}",False,False,False,False,"step 5 (SOA), "
vinted.pl,amazon|cloudflare,"{""amazon"": ""private"", ""cloudflare"": ""private""}",False,False,True,False,"step 5 (SOA), step 7, "
vinted.pt,amazon,"{""amazon"": ""private""}",False,False,False,False,"step 5 (SOA), "
vinted.ro,amazon,"{""amazon"": ""private""}",False,False,False,False,"step 5 (SOA), "
vinted.se,amazon,"{""amazon"": ""private""}",False,False,False,False,"step 5 (SOA), "
vinted.si,amazon,"{""amazon"": ""private""}",False,False,False,False,"step 5 (SOA), "
viralsweep.com,cloudflare,"{""cloudflare"": ""private""}",False,False,False,False,"step 5 (SOA), "
virk.dk,cloudflare,"{""cloudflare"": ""private""}",False,False,False,False,"step 5 (SOA), "
virtu.com,amazon,"{""amazon"": ""private""}",False,False,False,False,"step 5 (SOA), "
virtualacd.biz,amazon,"{""amazon"": ""private""}",False,False,False,False,"step 5 (SOA), "
virtualglobetrotting.com,amazon,"{""amazon"": ""private""}",False,False,False,False,"step 5 (SOA), "
virtualvocations.com,amazon,"{""amazon"": ""private""}",False,False,False,False,"step 5 (SOA), "
vision-net.ie,amazon,"{""amazon"": ""private""}",False,False,False,False,"step 5 (SOA), "
visitors.live,microsoft|cloudflare|google,"{""microsoft"": ""private"", ""cloudflare"": ""third"", ""google"": ""third""}",True,False,True,True,"step 3, step 5 (SOA), step 7, "
vismaressence.com,cloudflare,"{""cloudflare"": ""private""}",False,False,False,False,"step 5 (SOA), "
vistahost.com.br,amazon|twitter,"{""amazon"": ""private"", ""twitter"": ""private""}",False,False,True,False,"step 5 (SOA), step 6, "
vistarsagency.com,cloudflare,"{""cloudflare"": ""private""}",False,False,False,False,"step 7, "
visualrad.org,amazon,"{""amazon"": ""private""}",False,False,False,False,"step 5 (SOA), "
vitawallet.io,google,"{""google"": ""private""}",False,False,False,False,"step 5 (SOA), "
vivint.ai,google,"{""google"": ""private""}",False,False,False,False,"step 5 (SOA), "
vivlio.com,microsoft,"{""microsoft"": ""private""}",False,False,False,False,"step 5 (SOA), "
vivo.com.br,cloudflare,"{""cloudflare"": ""private""}",False,False,False,False,"step 6, "
vivocha.com,amazon,"{""amazon"": ""private""}",False,False,False,False,"step 5 (SOA), "
vivre.eu,cloudflare,"{""cloudflare"": ""private""}",False,False,False,False,"step 5 (SOA), "
vmix.com,google,"{""google"": ""private""}",False,False,False,False,"step 5 (SOA), "
vmixcall.com,google,"{""google"": ""private""}",False,False,False,False,"step 5 (SOA), "
vndly.com,amazon,"{""amazon"": ""private""}",False,False,False,False,"step 5 (SOA), "
voicefive.com,amazon,"{""amazon"": ""private""}",False,False,False,False,"step 5 (SOA), "
voicemaker.live,microsoft|amazon,"{""microsoft"": ""private"", ""amazon"": ""third""}",True,False,True,False,"step 3, step 5 (SOA), "
voidcdn.net,cloudflare,"{""cloudflare"": ""private""}",False,False,False,False,"step 5 (SOA), "
voipcp.com,google,"{""google"": ""private""}",False,False,False,False,"step 7, "
voipgrid.nl,cloudflare,"{""cloudflare"": ""private""}",False,False,False,False,"step 5 (SOA), "
voipment.com,twitter,"{""twitter"": ""private""}",False,False,False,False,"step 6, "
voitaky.com,cloudflare,"{""cloudflare"": ""private""}",False,False,False,False,"step 5 (SOA), "
volocars.com,amazon,"{""amazon"": ""private""}",False,False,False,False,"step 5 (SOA), "
voltent.com,amazon|twitter,"{""amazon"": ""private"", ""twitter"": ""private""}",False,False,True,False,"step 5 (SOA), step 6, "
volterra.io,google,"{""google"": ""private""}",False,False,False,False,"step 5 (SOA), "
volumental.com,cloudflare,"{""cloudflare"": ""private""}",False,False,False,False,"step 5 (SOA), "
vox.rocks,amazon,"{""amazon"": ""private""}",False,False,False,False,"step 5 (SOA), "
voyage.bingo,microsoft|amazon,"{""microsoft"": ""private"", ""amazon"": ""third""}",True,False,True,False,"step 3, step 5 (SOA), "
voyeur-house.tv,cloudflare,"{""cloudflare"": ""private""}",False,False,False,False,"step 5 (SOA), "
voys.nl,cloudflare,"{""cloudflare"": ""private""}",False,False,False,False,"step 5 (SOA), "
vpentest.io,amazon,"{""amazon"": ""private""}",False,False,False,False,"step 5 (SOA), "
vpsburti.com,cloudflare,"{""cloudflare"": ""private""}",False,False,False,False,"step 5 (SOA), "
vrizead.com,google,"{""google"": ""private""}",False,False,False,False,"step 5 (SOA), "
vsee.com,amazon,"{""amazon"": ""private""}",False,False,False,False,"step 5 (SOA), "
vsemayki.ru,google,"{""google"": ""private""}",False,False,False,False,"step 5 (SOA), "
vshow-live.com,microsoft,"{""microsoft"": ""private""}",False,False,False,False,"step 3, "
vt3.io,amazon,"{""amazon"": ""private""}",False,False,False,False,"step 5 (SOA), "
vulcan.net.pl,cloudflare,"{""cloudflare"": ""private""}",False,False,False,False,"step 5 (SOA), "
vulndetect.com,amazon|twitter,"{""amazon"": ""private"", ""twitter"": ""private""}",False,False,True,False,"step 5 (SOA), step 6, "
vultrusercontent.com,twitter,"{""twitter"": ""private""}",False,False,False,False,"step 6, "
vulx.cc,cloudflare,"{""cloudflare"": ""private""}",False,False,False,False,"step 5 (SOA), "
vwfastdelivery.com,microsoft|cloudflare,"{""microsoft"": ""private"", ""cloudflare"": ""third""}",True,False,True,False,"step 3, step 5 (SOA), "
vx-3.com,cloudflare,"{""cloudflare"": ""private""}",False,False,False,False,"step 7, "
vynetrellis.com,amazon,"{""amazon"": ""private""}",False,False,False,False,"step 5 (SOA), "
vzw.com,edgecast,"{""edgecast"": ""private""}",False,False,False,False,"step 5 (SOA), "
wac-dc-msedge.net,microsoft,"{""microsoft"": ""private""}",False,False,False,False,"step 3, "
wac-msedge.net,microsoft,"{""microsoft"": ""private""}",False,False,False,False,"step 3, "
waconazure.com,microsoft,"{""microsoft"": ""private""}",False,False,False,False,"step 3, "
wahl.com,cloudflare,"{""cloudflare"": ""private""}",False,False,False,False,"step 5 (SOA), "
waka.vn,cloudflare,"{""cloudflare"": ""private""}",False,False,False,False,"step 5 (SOA), "
wake.tech,cloudflare,"{""cloudflare"": ""private""}",False,False,False,False,"step 5 (SOA), "
wallpaperdirect.com,amazon|twitter,"{""amazon"": ""private"", ""twitter"": ""private""}",False,False,True,False,"step 5 (SOA), step 6, "
wanderlogstatic.com,google,"{""google"": ""private""}",False,False,False,False,"step 3, "
wangsu.com,wangsu,"{""wangsu"": ""private""}",False,False,False,False,"step 6, "
wantubizhi.com,cloudflare,"{""cloudflare"": ""private""}",False,False,False,False,"step 5 (SOA), "
wartakini.co.id,cloudflare,"{""cloudflare"": ""private""}",False,False,False,False,"step 5 (SOA), "
warthunder.com,amazon,"{""amazon"": ""private""}",False,False,False,False,"step 5 (SOA), "
wata.pro,cloudflare,"{""cloudflare"": ""private""}",False,False,False,False,"step 5 (SOA), "
watchliveformula1.com,microsoft|amazon|twitter,"{""microsoft"": ""private"", ""amazon"": ""third"", ""twitter"": ""third""}",True,False,True,True,"step 3, step 5 (SOA), step 6, "
wate.com,fastly,"{""fastly"": ""private""}",False,False,False,False,"step 7, "
wavemoney.io,cloudflare,"{""cloudflare"": ""private""}",False,False,False,False,"step 5 (SOA), "
wavespeed.ai,amazon,"{""amazon"": ""private""}",False,False,False,False,"step 5 (SOA), "
wavy.com,fastly,"{""fastly"": ""private""}",False,False,False,False,"step 7, "
wbx2.com,amazon,"{""amazon"": ""private""}",False,False,False,False,"step 5 (SOA), "
wcx.cloud,cloudflare,"{""cloudflare"": ""private""}",False,False,False,False,"step 5 (SOA), "
wdtvlive.com,microsoft|cloudflare|amazon,"{""microsoft"": ""private"", ""cloudflare"": ""third"", ""amazon"": ""third""}",True,False,True,True,"step 3, step 5 (SOA), step 6, "
wearpact.com,cloudflare|twitter,"{""cloudflare"": ""private"", ""twitter"": ""private""}",False,False,True,False,"step 5 (SOA), step 6, "
weatherandclimate.com,cloudflare,"{""cloudflare"": ""private""}",False,False,False,False,"step 5 (SOA), "
weatherkit.net,cloudflare,"{""cloudflare"": ""private""}",False,False,False,False,"step 5 (SOA), "
weatherlive.info,microsoft|google,"{""microsoft"": ""private"", ""google"": ""third""}",True,False,True,False,"step 3, step 5 (SOA), "
weatherlive.world,microsoft|cloudflare,"{""microsoft"": ""private"", ""cloudflare"": ""third""}",True,False,True,False,"step 3, step 5 (SOA), "
web-live.link,microsoft|amazon,"{""microsoft"": ""private"", ""amazon"": ""third""}",True,False,True,False,"step 3, step 5 (SOA), "
web.app,firebase|google,"{""firebase"": ""private"", ""google"": ""third""}",True,False,True,False,"step 2, step 5 (SOA), "
webcollage.net,amazon,"{""amazon"": ""private""}",False,False,False,False,"step 5 (SOA), "
webengage.com,amazon,"{""amazon"": ""private""}",False,False,False,False,"step 5 (SOA), "
webfiddle.net,cloudflare,"{""cloudflare"": ""private""}",False,False,False,False,"step 5 (SOA), "
webflow.com,amazon,"{""amazon"": ""private""}",False,False,False,False,"step 5 (SOA), "
webhook.site,cloudflare,"{""cloudflare"": ""private""}",False,False,False,False,"step 5 (SOA), "
weblate.org,cloudflare,"{""cloudflare"": ""private""}",False,False,False,False,"step 5 (SOA), "
webofknowledge.com,amazon|cloudflare,"{""amazon"": ""private"", ""cloudflare"": ""private""}",False,False,True,False,"step 5 (SOA), step 6, "
webofscience.com,amazon|cloudflare,"{""amazon"": ""private"", ""cloudflare"": ""private""}",False,False,True,False,"step 5 (SOA), step 6, "
webpkgcache.com,google,"{""google"": ""private""}",False,False,False,False,"step 5 (SOA), "
website-editor.net,amazon,"{""amazon"": ""private""}",False,False,False,False,"step 5 (SOA), "
websitewelcome.com,cloudflare,"{""cloudflare"": ""private""}",False,False,False,False,"step 5 (SOA), "
webspot.com.br,twitter,"{""twitter"": ""private""}",False,False,False,False,"step 6, "
websta.me,cloudflare,"{""cloudflare"": ""private""}",False,False,False,False,"step 5 (SOA), "
webster.it,google,"{""google"": ""private""}",False,False,False,False,"step 5 (SOA), "
webtrafficsource.com,google,"{""google"": ""private""}",False,False,False,False,"step 7, "
webtraxs.com,amazon,"{""amazon"": ""private""}",False,False,False,False,"step 5 (SOA), "
webvirt.cloud,cloudflare,"{""cloudflare"": ""private""}",False,False,False,False,"step 5 (SOA), "
weedmaps.com,amazon,"{""amazon"": ""private""}",False,False,False,False,"step 5 (SOA), "
weerlive.nl,microsoft,"{""microsoft"": ""private""}",False,False,False,False,"step 3, "
weezevent.com,amazon|bunnycdn|twitter,"{""amazon"": ""private"", ""bunnycdn"": ""private"", ""twitter"": ""private""}",False,False,True,False,"step 5 (SOA), step 6, step 6, "
weguard.io,amazon,"{""amazon"": ""private""}",False,False,False,False,"step 5 (SOA), "
wehaa.net,amazon,"{""amazon"": ""private""}",False,False,False,False,"step 5 (SOA), "
weibocdn.com,weibo,"{""weibo"": ""private""}",False,False,False,False,"step 2, "
weicloud360.com,apple,"{""apple"": ""private""}",False,False,False,False,"step 3, "
weikiang.com,cloudflare,"{""cloudflare"": ""private""}",False,False,False,False,"step 5 (SOA), "
welive.mobi,microsoft|cloudflare,"{""microsoft"": ""private"", ""cloudflare"": ""third""}",True,False,True,False,"step 3, step 5 (SOA), "
wellsplumbing.com,microsoft,"{""microsoft"": ""private""}",False,False,False,False,"step 3, "
welovefrugi.com,cloudflare,"{""cloudflare"": ""private""}",False,False,False,False,"step 5 (SOA), "
westheimerplumbing.com,microsoft|amazon|cloudflare,"{""microsoft"": ""private"", ""amazon"": ""third"", ""cloudflare"": ""third""}",True,False,True,True,"step 3, step 5 (SOA), step 6, "
westlegaledcenter.com,amazon,"{""amazon"": ""private""}",False,False,False,False,"step 5 (SOA), "
westport.com,twitter,"{""twitter"": ""private""}",False,False,False,False,"step 6, "
westsidevw.com,cloudflare,"{""cloudflare"": ""private""}",False,False,False,False,"step 7, "
wetmet.net,amazon,"{""amazon"": ""private""}",False,False,False,False,"step 5 (SOA), "
wetransfer.net,amazon,"{""amazon"": ""private""}",False,False,False,False,"step 5 (SOA), "
weverse.io,amazon,"{""amazon"": ""private""}",False,False,False,False,"step 5 (SOA), "
wewomedia.com,google,"{""google"": ""private""}",False,False,False,False,"step 7, "
wfla.com,fastly,"{""fastly"": ""private""}",False,False,False,False,"step 7, "
wfmz.com,cloudflare,"{""cloudflare"": ""private""}",False,False,False,False,"step 5 (SOA), "
wfolio.ru,cloudflare,"{""cloudflare"": ""private""}",False,False,False,False,"step 5 (SOA), "
wgntv.com,fastly,"{""fastly"": ""private""}",False,False,False,False,"step 7, "
whatbox.ca,amazon,"{""amazon"": ""private""}",False,False,False,False,"step 5 (SOA), "
whatmore.live,microsoft|amazon,"{""microsoft"": ""private"", ""amazon"": ""third""}",True,False,True,False,"step 3, step 5 (SOA), "
whatpart.co.uk,twitter,"{""twitter"": ""private""}",False,False,False,False,"step 6, "
whats-on-netflix.com,netflix|cloudflare,"{""netflix"": ""private"", ""cloudflare"": ""third""}",True,False,True,False,"step 3, step 5 (SOA), "
whatsapp-plus.info,meta,"{""meta"": ""private""}",False,False,False,False,"step 3, "
whatsapp-plus.me,meta,"{""meta"": ""private""}",False,False,False,False,"step 3, "
whatsapp-plus.net,meta,"{""meta"": ""private""}",False,False,False,False,"step 3, "
whatsapp.biz,meta,"{""meta"": ""private""}",False,False,False,False,"step 3, "
whatsapp.cc,meta,"{""meta"": ""private""}",False,False,False,False,"step 3, "
whatsapp.com,meta,"{""meta"": ""private""}",False,False,False,False,"step 3, "
whatsapp.net,meta,"{""meta"": ""private""}",False,False,False,False,"step 3, "
whatsapp.tv,meta,"{""meta"": ""private""}",False,False,False,False,"step 3, "
whatsappbrand.com,meta,"{""meta"": ""private""}",False,False,False,False,"step 3, "
whisper.sh,amazon,"{""amazon"": ""private""}",False,False,False,False,"step 5 (SOA), "
whitebird.io,cloudflare,"{""cloudflare"": ""private""}",False,False,False,False,"step 5 (SOA), "
whizdm.com,amazon,"{""amazon"": ""private""}",False,False,False,False,"step 5 (SOA), "
whizeo.com,cloudflare,"{""cloudflare"": ""private""}",False,False,False,False,"step 5 (SOA), "
whodoyou.com,amazon,"{""amazon"": ""private""}",False,False,False,False,"step 5 (SOA), "
whoscall.com,amazon,"{""amazon"": ""private""}",False,False,False,False,"step 5 (SOA), "
whytemesh.com,amazon,"{""amazon"": ""private""}",False,False,False,False,"step 5 (SOA), "
wialan.com.pl,amazon,"{""amazon"": ""private""}",False,False,False,False,"step 5 (SOA), "
wialon.com,google,"{""google"": ""private""}",False,False,False,False,"step 7, "
wiautomation.com,cloudflare,"{""cloudflare"": ""private""}",False,False,False,False,"step 5 (SOA), "
wibutler.com,amazon,"{""amazon"": ""private""}",False,False,False,False,"step 5 (SOA), "
widen.net,amazon,"{""amazon"": ""private""}",False,False,False,False,"step 5 (SOA), "
widgetbe.com,amazon,"{""amazon"": ""private""}",False,False,False,False,"step 5 (SOA), "
widgety.co.uk,amazon,"{""amazon"": ""private""}",False,False,False,False,"step 5 (SOA), "
wifi-soft.com,twitter,"{""twitter"": ""private""}",False,False,False,False,"step 6, "
wifire.me,amazon,"{""amazon"": ""private""}",False,False,False,False,"step 5 (SOA), "
wikia-services.com,amazon|cloudflare,"{""amazon"": ""private"", ""cloudflare"": ""private""}",False,False,True,False,"step 5 (SOA), step 7, "
wikia.com,amazon,"{""amazon"": ""private""}",False,False,False,False,"step 5 (SOA), "
wikidoc.org,amazon,"{""amazon"": ""private""}",False,False,False,False,"step 5 (SOA), "
wikimedia-dns.org,wikimedia,"{""wikimedia"": ""private""}",False,False,False,False,"step 3, "
wikimedia.org,wikimedia,"{""wikimedia"": ""private""}",False,False,False,False,"step 3, "
wikipedia-on-ipfs.org,wikimedia,"{""wikimedia"": ""private""}",False,False,False,False,"step 3, "
wikipedia.com,wikimedia,"{""wikimedia"": ""private""}",False,False,False,False,"step 3, "
wikipedia.org,wikimedia,"{""wikimedia"": ""private""}",False,False,False,False,"step 3, "
wikitree.com,amazon,"{""amazon"": ""private""}",False,False,False,False,"step 5 (SOA), "
wildix.com,amazon,"{""amazon"": ""private""}",False,False,False,False,"step 5 (SOA), "
wildlink.me,amazon,"{""amazon"": ""private""}",False,False,False,False,"step 5 (SOA), "
winchestercaravans.com,cloudflare,"{""cloudflare"": ""private""}",False,False,False,False,"step 5 (SOA), "
windows.com,microsoft,"{""microsoft"": ""private""}",False,False,False,False,"step 5 (SOA), "
windows.net,microsoft,"{""microsoft"": ""private""}",False,False,False,False,"step 5 (SOA), "
windows.us,microsoft,"{""microsoft"": ""private""}",False,False,False,False,"step 5 (SOA), "
windowsazure.cn,microsoft,"{""microsoft"": ""private""}",False,False,False,False,"step 3, "
windowsazure.com,microsoft|twitter,"{""microsoft"": ""private"", ""twitter"": ""third""}",True,False,True,False,"step 3, step 6, "
windowsmedia.com,microsoft,"{""microsoft"": ""private""}",False,False,False,False,"step 5 (SOA), "
windy.com,amazon,"{""amazon"": ""private""}",False,False,False,False,"step 5 (SOA), "
wine.style,google,"{""google"": ""private""}",False,False,False,False,"step 5 (SOA), "
winegard.io,amazon,"{""amazon"": ""private""}",False,False,False,False,"step 5 (SOA), "
wineonlinedelivery.com,microsoft|cloudflare,"{""microsoft"": ""private"", ""cloudflare"": ""private""}",False,False,True,False,"step 3, step 7, "
winestyle.ru,google,"{""google"": ""private""}",False,False,False,False,"step 5 (SOA), "
winfinity.live,microsoft|cloudflare,"{""microsoft"": ""private"", ""cloudflare"": ""third""}",True,False,True,False,"step 3, step 5 (SOA), "
wingbits.com,amazon,"{""amazon"": ""private""}",False,False,False,False,"step 5 (SOA), "
winscp.net,cloudflare,"{""cloudflare"": ""private""}",False,False,False,False,"step 5 (SOA), "
wire.com,amazon,"{""amazon"": ""private""}",False,False,False,False,"step 5 (SOA), "
wiseguyreports.com,cloudflare,"{""cloudflare"": ""private""}",False,False,False,False,"step 5 (SOA), "
wisestamp.com,cloudflare|google,"{""cloudflare"": ""private"", ""google"": ""private""}",False,False,True,False,"step 5 (SOA), step 7, "
wishabi.com,amazon,"{""amazon"": ""private""}",False,False,False,False,"step 5 (SOA), "
wissports.net,amazon,"{""amazon"": ""private""}",False,False,False,False,"step 5 (SOA), "
withagecomeswisdom.live,microsoft|cloudflare,"{""microsoft"": ""private"", ""cloudflare"": ""third""}",True,False,True,False,"step 3, step 5 (SOA), "
withgoogle.com,google,"{""google"": ""private""}",False,False,False,False,"step 3, "
withpersona.com,google|cloudflare,"{""google"": ""private"", ""cloudflare"": ""private""}",False,False,True,False,"step 5 (SOA), step 6, "
withyoutube.com,google,"{""google"": ""private""}",False,False,False,False,"step 3, "
witness.ai,amazon,"{""amazon"": ""private""}",False,False,False,False,"step 5 (SOA), "
wix.com,wix,"{""wix"": ""private""}",False,False,False,False,"step 2, "
wixapps.net,wix,"{""wix"": ""private""}",False,False,False,False,"step 6, "
wixsite.com,wix,"{""wix"": ""private""}",False,False,False,False,"step 2, "
wixstatic.com,wix,"{""wix"": ""private""}",False,False,False,False,"step 2, "
wixstudio.com,wix,"{""wix"": ""private""}",False,False,False,False,"step 6, "
wizard87.com,cloudflare,"{""cloudflare"": ""private""}",False,False,False,False,"step 5 (SOA), "
wkp.io,amazon,"{""amazon"": ""private""}",False,False,False,False,"step 5 (SOA), "
wlu.ca,microsoft,"{""microsoft"": ""private""}",False,False,False,False,"step 6, "
wmcloud.org,wikimedia,"{""wikimedia"": ""private""}",False,False,False,False,"step 5 (SOA), "
wolterskluwerhealth.com,amazon,"{""amazon"": ""private""}",False,False,False,False,"step 5 (SOA), "
wolverineworldwide.com,amazon,"{""amazon"": ""private""}",False,False,False,False,"step 5 (SOA), "
wondercanvas.com,amazon,"{""amazon"": ""private""}",False,False,False,False,"step 5 (SOA), "
wonderpush.com,google,"{""google"": ""private""}",False,False,False,False,"step 5 (SOA), "
woobox.com,amazon,"{""amazon"": ""private""}",False,False,False,False,"step 5 (SOA), "
woodstock.org,cloudflare,"{""cloudflare"": ""private""}",False,False,False,False,"step 7, "
woof.tech,bunnycdn,"{""bunnycdn"": ""private""}",False,False,False,False,"step 5 (SOA), "
wootric.com,wordpress|cloudflare,"{""wordpress"": ""private"", ""cloudflare"": ""private""}",False,False,True,False,"step 6, step 7, "
woozworld.com,amazon,"{""amazon"": ""private""}",False,False,False,False,"step 5 (SOA), "
wordnik.com,amazon,"{""amazon"": ""private""}",False,False,False,False,"step 5 (SOA), "
wordpress.com,wordpress,"{""wordpress"": ""private""}",False,False,False,False,"step 2, "
work-zilla.com,cloudflare,"{""cloudflare"": ""private""}",False,False,False,False,"step 5 (SOA), "
workers.dev,cloudflare,"{""cloudflare"": ""private""}",False,False,False,False,"step 2, "
workflowy.com,cloudflare,"{""cloudflare"": ""private""}",False,False,False,False,"step 5 (SOA), "
workjam.com,amazon|cloudflare,"{""amazon"": ""private"", ""cloudflare"": ""private""}",False,False,True,False,"step 5 (SOA), step 7, "
worksection.com,cloudflare,"{""cloudflare"": ""private""}",False,False,False,False,"step 5 (SOA), "
worksmobile.com,akamai,"{""akamai"": ""private""}",False,False,False,False,"step 6, "
workspaceair.com,amazon,"{""amazon"": ""private""}",False,False,False,False,"step 5 (SOA), "
workspaceoneaccess.com,amazon,"{""amazon"": ""private""}",False,False,False,False,"step 5 (SOA), "
workspot.com,microsoft|twitter,"{""microsoft"": ""private"", ""twitter"": ""private""}",False,False,True,False,"step 5 (SOA), step 6, "
worldagroforestry.org,amazon,"{""amazon"": ""private""}",False,False,False,False,"step 5 (SOA), "
worldline.com,fastly,"{""fastly"": ""private""}",False,False,False,False,"step 7, "
worldoftanks.com,gcore,"{""gcore"": ""private""}",False,False,False,False,"step 7, "
worldoftanks.eu,gcore,"{""gcore"": ""private""}",False,False,False,False,"step 7, "
worldofwarships.asia,fastly,"{""fastly"": ""private""}",False,False,False,False,"step 7, "
worldofwarships.com,fastly,"{""fastly"": ""private""}",False,False,False,False,"step 7, "
worldofwarships.eu,fastly,"{""fastly"": ""private""}",False,False,False,False,"step 7, "
worldssl.net,onapp,"{""onapp"": ""private""}",False,False,False,False,"step 2, "
worthyvocation.com,cloudflare,"{""cloudflare"": ""private""}",False,False,False,False,"step 5 (SOA), "
worxlandroid.com,google|cloudflare,"{""google"": ""private"", ""cloudflare"": ""third""}",True,False,True,False,"step 3, step 5 (SOA), "
wovnio.com,amazon,"{""amazon"": ""private""}",False,False,False,False,"step 5 (SOA), "
wp.com,wordpress,"{""wordpress"": ""private""}",False,False,False,False,"step 2, "
wpbingosite.com,microsoft|cloudflare,"{""microsoft"": ""private"", ""cloudflare"": ""third""}",True,False,True,False,"step 3, step 5 (SOA), "
wpdeveloper.com,google,"{""google"": ""private""}",False,False,False,False,"step 5 (SOA), "
wpengine.com,wordpress|cloudflare,"{""wordpress"": ""private"", ""cloudflare"": ""third""}",True,False,True,False,"step 2, step 5 (SOA), "
wpenginepowered.com,wordpress|cloudflare,"{""wordpress"": ""private"", ""cloudflare"": ""third""}",True,False,True,False,"step 2, step 5 (SOA), "
wplace.live,microsoft|cloudflare,"{""microsoft"": ""private"", ""cloudflare"": ""third""}",True,False,True,False,"step 3, step 5 (SOA), "
wpml.org,amazon,"{""amazon"": ""private""}",False,False,False,False,"step 5 (SOA), "
wpmudev.host,amazon,"{""amazon"": ""private""}",False,False,False,False,"step 5 (SOA), "
wrd-aws.com,amazon,"{""amazon"": ""private""}",False,False,False,False,"step 3, "
wscdns.com,wangsu,"{""wangsu"": ""private""}",False,False,False,False,"step 2, "
wsdvs.com,wangsu,"{""wangsu"": ""private""}",False,False,False,False,"step 2, "
wsglb0.com,wangsu,"{""wangsu"": ""private""}",False,False,False,False,"step 2, "
wsssec.com,wangsu,"{""wangsu"": ""private""}",False,False,False,False,"step 2, "
wswebcdn.com,wangsu,"{""wangsu"": ""private""}",False,False,False,False,"step 2, "
wswebpic.com,wangsu,"{""wangsu"": ""private""}",False,False,False,False,"step 2, "
wtxcdn.com,wangsu,"{""wangsu"": ""private""}",False,False,False,False,"step 2, "
wurfl.io,amazon,"{""amazon"": ""private""}",False,False,False,False,"step 5 (SOA), "
wurflcloud.com,amazon,"{""amazon"": ""private""}",False,False,False,False,"step 5 (SOA), "
wwd.com,amazon,"{""amazon"": ""private""}",False,False,False,False,"step 5 (SOA), "
wwnorton.com,amazon,"{""amazon"": ""private""}",False,False,False,False,"step 5 (SOA), "
wxlivecdn.com,microsoft,"{""microsoft"": ""private""}",False,False,False,False,"step 3, "
wykop.pl,cloudflare,"{""cloudflare"": ""private""}",False,False,False,False,"step 5 (SOA), "
wynntils.com,cloudflare,"{""cloudflare"": ""private""}",False,False,False,False,"step 5 (SOA), "
wyylde.com,amazon,"{""amazon"": ""private""}",False,False,False,False,"step 5 (SOA), "
x-bees.com,amazon,"{""amazon"": ""private""}",False,False,False,False,"step 5 (SOA), "
x-cdn-static.com,amazon,"{""amazon"": ""private""}",False,False,False,False,"step 5 (SOA), "
x-plarium.com,cloudflare,"{""cloudflare"": ""private""}",False,False,False,False,"step 5 (SOA), "
x.com,cloudflare,"{""cloudflare"": ""private""}",False,False,False,False,"step 7, "
x10host.com,twitter,"{""twitter"": ""private""}",False,False,False,False,"step 6, "
xano.io,google,"{""google"": ""private""}",False,False,False,False,"step 5 (SOA), "
xboxgamestudios.com,microsoft,"{""microsoft"": ""private""}",False,False,False,False,"step 5 (SOA), "
xboxlive.cn,microsoft,"{""microsoft"": ""private""}",False,False,False,False,"step 3, "
xboxlive.com,microsoft,"{""microsoft"": ""private""}",False,False,False,False,"step 3, "
xboxlivegoldcodes.com,microsoft|cloudflare,"{""microsoft"": ""private"", ""cloudflare"": ""third""}",True,False,True,False,"step 3, step 5 (SOA), "
xcast.com.br,cloudflare|twitter,"{""cloudflare"": ""private"", ""twitter"": ""private""}",False,False,True,False,"step 5 (SOA), step 6, "
xcloud.host,amazon,"{""amazon"": ""private""}",False,False,False,False,"step 5 (SOA), "
xda-developers.com,digicert,"{""digicert"": ""private""}",False,False,False,False,"step 5 (SOA), "
xdconnects.com,amazon,"{""amazon"": ""private""}",False,False,False,False,"step 5 (SOA), "
xelion.com,cloudflare,"{""cloudflare"": ""private""}",False,False,False,False,"step 5 (SOA), "
xenalive.me,microsoft|amazon,"{""microsoft"": ""private"", ""amazon"": ""third""}",True,False,True,False,"step 3, step 5 (SOA), "
xendit.co,amazon|cloudflare|twitter,"{""amazon"": ""private"", ""cloudflare"": ""private"", ""twitter"": ""private""}",False,False,True,False,"step 5 (SOA), step 6, step 6, "
xeno-canto.org,amazon,"{""amazon"": ""private""}",False,False,False,False,"step 5 (SOA), "
xfastest.com,cloudflare|twitter,"{""cloudflare"": ""private"", ""twitter"": ""private""}",False,False,True,False,"step 5 (SOA), step 6, "
xh.media,cloudflare,"{""cloudflare"": ""private""}",False,False,False,False,"step 5 (SOA), "
xh.video,cloudflare,"{""cloudflare"": ""private""}",False,False,False,False,"step 5 (SOA), "
xhaccess.com,cloudflare,"{""cloudflare"": ""private""}",False,False,False,False,"step 5 (SOA), "
xham.live,microsoft|cloudflare|twitter,"{""microsoft"": ""private"", ""cloudflare"": ""third"", ""twitter"": ""third""}",True,False,True,True,"step 3, step 5 (SOA), step 6, "
xhamster.best,cloudflare,"{""cloudflare"": ""private""}",False,False,False,False,"step 5 (SOA), "
xhamster19.com,cloudflare,"{""cloudflare"": ""private""}",False,False,False,False,"step 5 (SOA), "
xhamster2.com,cloudflare,"{""cloudflare"": ""private""}",False,False,False,False,"step 5 (SOA), "
xhamsterlive.com,microsoft|cloudflare,"{""microsoft"": ""private"", ""cloudflare"": ""third""}",True,False,True,False,"step 3, step 5 (SOA), "
xhamsterlive.info,microsoft|cloudflare|twitter,"{""microsoft"": ""private"", ""cloudflare"": ""third"", ""twitter"": ""third""}",True,False,True,True,"step 3, step 5 (SOA), step 6, "
xhamsterlive.stream,microsoft|cloudflare,"{""microsoft"": ""private"", ""cloudflare"": ""third""}",True,False,True,False,"step 3, step 5 (SOA), "
xhbig.com,cloudflare,"{""cloudflare"": ""private""}",False,False,False,False,"step 5 (SOA), "
xhbox.today,cloudflare,"{""cloudflare"": ""private""}",False,False,False,False,"step 5 (SOA), "
xhchannel.com,cloudflare,"{""cloudflare"": ""private""}",False,False,False,False,"step 5 (SOA), "
xhclub.blog,cloudflare,"{""cloudflare"": ""private""}",False,False,False,False,"step 5 (SOA), "
xhclub.life,cloudflare,"{""cloudflare"": ""private""}",False,False,False,False,"step 5 (SOA), "
xhclub.live,microsoft|cloudflare,"{""microsoft"": ""private"", ""cloudflare"": ""private""}",False,False,True,False,"step 3, step 5 (SOA), "
xhclub.today,cloudflare,"{""cloudflare"": ""private""}",False,False,False,False,"step 5 (SOA), "
xhfanclub.com,cloudflare,"{""cloudflare"": ""private""}",False,False,False,False,"step 5 (SOA), "
xhfuck.com,cloudflare,"{""cloudflare"": ""private""}",False,False,False,False,"step 5 (SOA), "
xhgeo.com,cloudflare,"{""cloudflare"": ""private""}",False,False,False,False,"step 5 (SOA), "
xhlive.cam,microsoft|cloudflare|twitter,"{""microsoft"": ""private"", ""cloudflare"": ""third"", ""twitter"": ""third""}",True,False,True,True,"step 3, step 5 (SOA), step 6, "
xhlive.net,microsoft|cloudflare|twitter,"{""microsoft"": ""private"", ""cloudflare"": ""third"", ""twitter"": ""third""}",True,False,True,True,"step 3, step 5 (SOA), step 6, "
xhlive.org,microsoft|cloudflare|twitter,"{""microsoft"": ""private"", ""cloudflare"": ""third"", ""twitter"": ""third""}",True,False,True,True,"step 3, step 5 (SOA), step 6, "
xhlive.stream,microsoft|cloudflare,"{""microsoft"": ""private"", ""cloudflare"": ""third""}",True,False,True,False,"step 3, step 5 (SOA), "
xhmoon5.com,cloudflare,"{""cloudflare"": ""private""}",False,False,False,False,"step 5 (SOA), "
xhms.pro,cloudflare,"{""cloudflare"": ""private""}",False,False,False,False,"step 5 (SOA), "
xhname.com,cloudflare,"{""cloudflare"": ""private""}",False,False,False,False,"step 5 (SOA), "
xhofficial.com,cloudflare,"{""cloudflare"": ""private""}",False,False,False,False,"step 5 (SOA), "
xhonline.blog,cloudflare,"{""cloudflare"": ""private""}",False,False,False,False,"step 5 (SOA), "
xhonline.click,cloudflare,"{""cloudflare"": ""private""}",False,False,False,False,"step 5 (SOA), "
xhopen.com,cloudflare,"{""cloudflare"": ""private""}",False,False,False,False,"step 5 (SOA), "
xhplanet.com,cloudflare|twitter,"{""cloudflare"": ""private"", ""twitter"": ""private""}",False,False,True,False,"step 5 (SOA), step 6, "
xhreal5.com,cloudflare,"{""cloudflare"": ""private""}",False,False,False,False,"step 5 (SOA), "
xhsocial.com,cloudflare,"{""cloudflare"": ""private""}",False,False,False,False,"step 5 (SOA), "
xhspot.com,cloudflare|twitter,"{""cloudflare"": ""private"", ""twitter"": ""private""}",False,False,True,False,"step 5 (SOA), step 6, "
xhtotal.com,cloudflare,"{""cloudflare"": ""private""}",False,False,False,False,"step 5 (SOA), "
xhvid.com,cloudflare,"{""cloudflare"": ""private""}",False,False,False,False,"step 5 (SOA), "
xhvid1.com,cloudflare,"{""cloudflare"": ""private""}",False,False,False,False,"step 5 (SOA), "
xhwebsite.com,cloudflare,"{""cloudflare"": ""private""}",False,False,False,False,"step 5 (SOA), "
xhwebsite5.com,cloudflare,"{""cloudflare"": ""private""}",False,False,False,False,"step 5 (SOA), "
xi.ht,amazon,"{""amazon"": ""private""}",False,False,False,False,"step 5 (SOA), "
ximalaya.com,tencent,"{""tencent"": ""private""}",False,False,False,False,"step 6, "
xirsys.com,amazon,"{""amazon"": ""private""}",False,False,False,False,"step 5 (SOA), "
xkcd.com,google,"{""google"": ""private""}",False,False,False,False,"step 5 (SOA), "
xlivesex.com,microsoft|cloudflare,"{""microsoft"": ""private"", ""cloudflare"": ""third""}",True,False,True,False,"step 3, step 5 (SOA), "
xmlorbit.com,twitter,"{""twitter"": ""private""}",False,False,False,False,"step 6, "
xn--pckua2a7gp15o89zb.com,amazon|cloudflare,"{""amazon"": ""private"", ""cloudflare"": ""private""}",False,False,True,False,"step 5 (SOA), step 7, "
xnxx-livecams.com,microsoft,"{""microsoft"": ""private""}",False,False,False,False,"step 3, "
xoom.com,cloudflare,"{""cloudflare"": ""private""}",False,False,False,False,"step 6, "
xovis.com,microsoft,"{""microsoft"": ""private""}",False,False,False,False,"step 5 (SOA), "
xtra.co.nz,amazon,"{""amazon"": ""private""}",False,False,False,False,"step 5 (SOA), "
xutils.io,cloudflare,"{""cloudflare"": ""private""}",False,False,False,False,"step 5 (SOA), "
xvlivecams.com,microsoft,"{""microsoft"": ""private""}",False,False,False,False,"step 3, "
xxbritslive.com,microsoft|cloudflare,"{""microsoft"": ""private"", ""cloudflare"": ""third""}",True,False,True,False,"step 3, step 5 (SOA), "
xxxdan.com,cloudflare,"{""cloudflare"": ""private""}",False,False,False,False,"step 5 (SOA), "
xxxvideo.blog,cloudflare,"{""cloudflare"": ""private""}",False,False,False,False,"step 5 (SOA), "
xxxvideo.sex,cloudflare,"{""cloudflare"": ""private""}",False,False,False,False,"step 5 (SOA), "
xxxvogue.net,cloudflare,"{""cloudflare"": ""private""}",False,False,False,False,"step 5 (SOA), "
xyz.com,amazon,"{""amazon"": ""private""}",False,False,False,False,"step 5 (SOA), "
y-sf.com,cloudflare,"{""cloudflare"": ""private""}",False,False,False,False,"step 5 (SOA), "
y5en.com,amazon,"{""amazon"": ""private""}",False,False,False,False,"step 5 (SOA), "
yacinelive.com,microsoft|cloudflare,"{""microsoft"": ""private"", ""cloudflare"": ""third""}",True,False,True,False,"step 3, step 5 (SOA), "
yah.live,microsoft|cloudflare|amazon,"{""microsoft"": ""private"", ""cloudflare"": ""third"", ""amazon"": ""third""}",True,False,True,True,"step 3, step 5 (SOA), step 6, "
yahoo-mbga.jp,yahoo|amazon,"{""yahoo"": ""private"", ""amazon"": ""private""}",False,False,True,False,"step 3, step 5 (SOA), "
yahoo-net.jp,yahoo,"{""yahoo"": ""private""}",False,False,False,False,"step 3, "
yahoo.cloud,yahoo,"{""yahoo"": ""private""}",False,False,False,False,"step 3, "
yahoo.co.jp,yahoo,"{""yahoo"": ""private""}",False,False,False,False,"step 3, "
yahoo.com,yahoo,"{""yahoo"": ""private""}",False,False,False,False,"step 3, "
yahoo.com.br,yahoo|amazon,"{""yahoo"": ""private"", ""amazon"": ""third""}",True,False,True,False,"step 3, step 6, "
yahoo.com.tw,yahoo|amazon,"{""yahoo"": ""private"", ""amazon"": ""third""}",True,False,True,False,"step 3, step 6, "
yahoo.de,yahoo|amazon,"{""yahoo"": ""private"", ""amazon"": ""third""}",True,False,True,False,"step 3, step 6, "
yahoo.fr,yahoo|amazon,"{""yahoo"": ""private"", ""amazon"": ""third""}",True,False,True,False,"step 3, step 6, "
yahoo.jp,yahoo,"{""yahoo"": ""private""}",False,False,False,False,"step 3, "
yahoo.net,yahoo|amazon,"{""yahoo"": ""private"", ""amazon"": ""third""}",True,False,True,False,"step 3, step 6, "
yahooapis.com,yahoo,"{""yahoo"": ""private""}",False,False,False,False,"step 2, "
yahooapis.jp,yahoo,"{""yahoo"": ""private""}",False,False,False,False,"step 3, "
yahoodns.net,yahoo,"{""yahoo"": ""private""}",False,False,False,False,"step 3, "
yahooinc.com,yahoo,"{""yahoo"": ""private""}",False,False,False,False,"step 3, "
yahoomedia.net,yahoo|amazon,"{""yahoo"": ""private"", ""amazon"": ""third""}",True,False,True,False,"step 3, step 6, "
yahoosandbox.net,yahoo|wikimedia,"{""yahoo"": ""private"", ""wikimedia"": ""third""}",True,False,True,False,"step 3, step 7, "
yahooshop.click,yahoo|cloudflare,"{""yahoo"": ""private"", ""cloudflare"": ""third""}",True,False,True,False,"step 3, step 5 (SOA), "
yalla.live,microsoft|cloudflare,"{""microsoft"": ""private"", ""cloudflare"": ""third""}",True,False,True,False,"step 3, step 6, "
yande.re,cloudflare,"{""cloudflare"": ""private""}",False,False,False,False,"step 5 (SOA), "
yandex-team.ru,yandex,"{""yandex"": ""private""}",False,False,False,False,"step 6, "
yandex.net,yandex,"{""yandex"": ""private""}",False,False,False,False,"step 2, "
yandex.ru,yandex,"{""yandex"": ""private""}",False,False,False,False,"step 2, "
yandex.tr,yandex,"{""yandex"": ""private""}",False,False,False,False,"step 6, "
yandexcloud.net,yandex,"{""yandex"": ""private""}",False,False,False,False,"step 2, "
yapfiles.ru,cloudflare,"{""cloudflare"": ""private""}",False,False,False,False,"step 5 (SOA), "
yardsales.net,amazon,"{""amazon"": ""private""}",False,False,False,False,"step 5 (SOA), "
yasoon.com,amazon,"{""amazon"": ""private""}",False,False,False,False,"step 5 (SOA), "
yastatic.net,yandex,"{""yandex"": ""private""}",False,False,False,False,"step 2, "
yaware.com,cloudflare,"{""cloudflare"": ""private""}",False,False,False,False,"step 5 (SOA), "
yay.com,google,"{""google"": ""private""}",False,False,False,False,"step 5 (SOA), "
ybdeliver.my,microsoft|cloudflare,"{""microsoft"": ""private"", ""cloudflare"": ""third""}",True,False,True,False,"step 3, step 5 (SOA), "
yellowpages.ca,amazon,"{""amazon"": ""private""}",False,False,False,False,"step 5 (SOA), "
yelpcorp.com,amazon,"{""amazon"": ""private""}",False,False,False,False,"step 5 (SOA), "
yes.pl,cloudflare,"{""cloudflare"": ""private""}",False,False,False,False,"step 5 (SOA), "
yesstreaming.net,bunnycdn,"{""bunnycdn"": ""private""}",False,False,False,False,"step 5 (SOA), "
yewiki.org,cloudflare,"{""cloudflare"": ""private""}",False,False,False,False,"step 7, "
yext.com,amazon|twitter|cloudflare,"{""amazon"": ""private"", ""twitter"": ""private"", ""cloudflare"": ""private""}",False,False,True,False,"step 5 (SOA), step 6, step 6, "
yg5sjx5kzy.com,amazon,"{""amazon"": ""private""}",False,False,False,False,"step 5 (SOA), "
yianniswine.com,amazon,"{""amazon"": ""private""}",False,False,False,False,"step 5 (SOA), "
yieldify.com,amazon,"{""amazon"": ""private""}",False,False,False,False,"step 5 (SOA), "
yimg.com,yahoo|wikimedia,"{""yahoo"": ""private"", ""wikimedia"": ""third""}",True,False,True,False,"step 2, step 7, "
yimg.jp,yahoo,"{""yahoo"": ""private""}",False,False,False,False,"step 2, "
yiyaojd.com,jd,"{""jd"": ""private""}",False,False,False,False,"step 6, "
yiyone.work,cloudflare,"{""cloudflare"": ""private""}",False,False,False,False,"step 5 (SOA), "
ymaws.com,amazon,"{""amazon"": ""private""}",False,False,False,False,"step 3, "
ymtracking.com,amazon,"{""amazon"": ""private""}",False,False,False,False,"step 5 (SOA), "
yottlyscript.com,twitter,"{""twitter"": ""private""}",False,False,False,False,"step 6, "
youngcapital.uk,amazon,"{""amazon"": ""private""}",False,False,False,False,"step 5 (SOA), "
younglife.org,amazon,"{""amazon"": ""private""}",False,False,False,False,"step 5 (SOA), "
yourcloudlibrary.com,amazon,"{""amazon"": ""private""}",False,False,False,False,"step 5 (SOA), "
yourgolfbooking.com,amazon,"{""amazon"": ""private""}",False,False,False,False,"step 5 (SOA), "
yourok.ru,cloudflare,"{""cloudflare"": ""private""}",False,False,False,False,"step 5 (SOA), "
youtube-anime.com,google|cloudflare,"{""google"": ""private"", ""cloudflare"": ""third""}",True,False,True,False,"step 3, step 5 (SOA), "
youtube-nocookie.com,google,"{""google"": ""private""}",False,False,False,False,"step 2, "
youtube.co.uk,google,"{""google"": ""private""}",False,False,False,False,"step 3, "
youtube.com,google,"{""google"": ""private""}",False,False,False,False,"step 3, "
youtube.com.br,google,"{""google"": ""private""}",False,False,False,False,"step 3, "
youtube.de,google,"{""google"": ""private""}",False,False,False,False,"step 3, "
youtube.fr,google,"{""google"": ""private""}",False,False,False,False,"step 3, "
youtube.ru,google,"{""google"": ""private""}",False,False,False,False,"step 3, "
youtubeeducation.com,google,"{""google"": ""private""}",False,False,False,False,"step 3, "
youtubekids.com,google,"{""google"": ""private""}",False,False,False,False,"step 3, "
youtubers.me,google,"{""google"": ""private""}",False,False,False,False,"step 3, "
yovu.ca,amazon|fastly,"{""amazon"": ""private"", ""fastly"": ""private""}",False,False,True,False,"step 5 (SOA), step 7, "
yp.ca,amazon,"{""amazon"": ""private""}",False,False,False,False,"step 5 (SOA), "
yplay.com.br,cloudflare,"{""cloudflare"": ""private""}",False,False,False,False,"step 5 (SOA), "
yt-dl.click,cloudflare,"{""cloudflare"": ""private""}",False,False,False,False,"step 5 (SOA), "
ytboob.live,microsoft|cloudflare,"{""microsoft"": ""private"", ""cloudflare"": ""third""}",True,False,True,False,"step 3, step 5 (SOA), "
ytimg.com,google,"{""google"": ""private""}",False,False,False,False,"step 2, "
yulk.me,cloudflare,"{""cloudflare"": ""private""}",False,False,False,False,"step 5 (SOA), "
yumpu.com,amazon,"{""amazon"": ""private""}",False,False,False,False,"step 5 (SOA), "
yzewe.ru,cloudflare,"{""cloudflare"": ""private""}",False,False,False,False,"step 5 (SOA), "
z4-forum.com,cloudflare,"{""cloudflare"": ""private""}",False,False,False,False,"step 5 (SOA), "
zadapps.info,cloudflare,"{""cloudflare"": ""private""}",False,False,False,False,"step 5 (SOA), "
zaffalive.com,microsoft|cloudflare,"{""microsoft"": ""private"", ""cloudflare"": ""private""}",False,False,True,False,"step 3, step 5 (SOA), "
zalora.com,amazon,"{""amazon"": ""private""}",False,False,False,False,"step 5 (SOA), "
zalora.com.tw,amazon,"{""amazon"": ""private""}",False,False,False,False,"step 5 (SOA), "
zangi.com,amazon,"{""amazon"": ""private""}",False,False,False,False,"step 5 (SOA), "
zasq.net,cloudflare,"{""cloudflare"": ""private""}",False,False,False,False,"step 5 (SOA), "
zavastream.com,avast|cloudflare,"{""avast"": ""private"", ""cloudflare"": ""third""}",True,False,True,False,"step 3, step 5 (SOA), "
zayo.com,cloudflare,"{""cloudflare"": ""private""}",False,False,False,False,"step 5 (SOA), "
zcast.com.br,cloudflare|twitter,"{""cloudflare"": ""private"", ""twitter"": ""private""}",False,False,True,False,"step 5 (SOA), step 6, "
zdassets.com,zendesk|amazon,"{""zendesk"": ""private"", ""amazon"": ""third""}",True,False,True,False,"step 2, step 5 (SOA), "
zdns.google,google,"{""google"": ""private""}",False,False,False,False,"step 1, "
ze.delivery,microsoft|amazon|imperva,"{""microsoft"": ""private"", ""amazon"": ""third"", ""imperva"": ""third""}",True,False,True,True,"step 3, step 5 (SOA), step 6, "
zeelo.co,cloudflare,"{""cloudflare"": ""private""}",False,False,False,False,"step 5 (SOA), "
zencontrol.com,amazon|cloudflare,"{""amazon"": ""private"", ""cloudflare"": ""private""}",False,False,True,False,"step 5 (SOA), step 7, "
zendesk.com,zendesk|amazon|cloudflare,"{""zendesk"": ""private"", ""amazon"": ""third"", ""cloudflare"": ""third""}",True,False,True,True,"step 2, step 5 (SOA), step 6, "
zenlogic.net,zenlayer,"{""zenlayer"": ""private""}",False,False,False,False,"step 2, "
zerg.app,amazon,"{""amazon"": ""private""}",False,False,False,False,"step 5 (SOA), "
zgo.at,cloudflare|fastly,"{""cloudflare"": ""private"", ""fastly"": ""private""}",False,False,True,False,"step 5 (SOA), step 7, "
zhuqiy.com,cloudflare,"{""cloudflare"": ""private""}",False,False,False,False,"step 6, "
ziffy.ai,cloudflare,"{""cloudflare"": ""private""}",False,False,False,False,"step 5 (SOA), "
zinio.com,amazon,"{""amazon"": ""private""}",False,False,False,False,"step 5 (SOA), "
ziniounlimited.com,amazon,"{""amazon"": ""private""}",False,False,False,False,"step 5 (SOA), "
zipatlas.com,cloudflare,"{""cloudflare"": ""private""}",False,False,False,False,"step 5 (SOA), "
zipify.com,amazon,"{""amazon"": ""private""}",False,False,False,False,"step 5 (SOA), "
zmodo.com,cloudflare|nextjs,"{""cloudflare"": ""private"", ""nextjs"": ""private""}",False,False,True,False,"step 5 (SOA), step 7, "
zoeysite.com,amazon|cloudflare,"{""amazon"": ""private"", ""cloudflare"": ""private""}",False,False,True,False,"step 5 (SOA), step 6, "
zohoassist.com,twitter,"{""twitter"": ""private""}",False,False,False,False,"step 6, "
zohohost.com,twitter,"{""twitter"": ""private""}",False,False,False,False,"step 6, "
zohorecruit.com,twitter,"{""twitter"": ""private""}",False,False,False,False,"step 6, "
zoomgov.com,amazon|cloudflare,"{""amazon"": ""private"", ""cloudflare"": ""private""}",False,False,True,False,"step 5 (SOA), step 7, "
zoon.ru,cloudflare,"{""cloudflare"": ""private""}",False,False,False,False,"step 5 (SOA), "
zoovu.com,cloudflare,"{""cloudflare"": ""private""}",False,False,False,False,"step 5 (SOA), "
zpic.live,microsoft|cloudflare,"{""microsoft"": ""private"", ""cloudflare"": ""third""}",True,False,True,False,"step 3, step 5 (SOA), "
zrawsomble.com,amazon|cloudflare,"{""amazon"": ""private"", ""cloudflare"": ""third""}",True,False,True,False,"step 3, step 5 (SOA), "
zrrglobal.com,amazon,"{""amazon"": ""private""}",False,False,False,False,"step 5 (SOA), "
zscaler.com,zscaler|digicert|cloudflare,"{""zscaler"": ""private"", ""digicert"": ""third"", ""cloudflare"": ""third""}",True,False,True,True,"step 2, step 5 (SOA), step 6, "
zscaler.net,zscaler|digicert,"{""zscaler"": ""private"", ""digicert"": ""third""}",True,False,True,False,"step 2, step 5 (SOA), "
zscalerone.net,zscaler|digicert,"{""zscaler"": ""private"", ""digicert"": ""third""}",True,False,True,False,"step 2, step 5 (SOA), "
zscalerthree.net,zscaler|digicert,"{""zscaler"": ""private"", ""digicert"": ""third""}",True,False,True,False,"step 2, step 5 (SOA), "
zscalertwo.net,zscaler|digicert,"{""zscaler"": ""private"", ""digicert"": ""third""}",True,False,True,False,"step 2, step 5 (SOA), "
zscloud.net,zscaler|digicert,"{""zscaler"": ""private"", ""digicert"": ""third""}",True,False,True,False,"step 2, step 5 (SOA), "
zslogin.net,amazon,"{""amazon"": ""private""}",False,False,False,False,"step 5 (SOA), "
zspeed-cdn.com,amazon,"{""amazon"": ""private""}",False,False,False,False,"step 5 (SOA), "
zsservices.com,amazon,"{""amazon"": ""private""}",False,False,False,False,"step 5 (SOA), "
zstatic.net,apple,"{""apple"": ""private""}",False,False,False,False,"step 5 (SOA), "
ztna1p-msedge.net,microsoft,"{""microsoft"": ""private""}",False,False,False,False,"step 3, "
ztna3p-msedge.net,microsoft,"{""microsoft"": ""private""}",False,False,False,False,"step 3, "
zuora.com,amazon,"{""amazon"": ""private""}",False,False,False,False,"step 5 (SOA), "
zvab.com,amazon,"{""amazon"": ""private""}",False,False,False,False,"step 5 (SOA), "
zwift.com,amazon|twitter,"{""amazon"": ""private"", ""twitter"": ""private""}",False,False,True,False,"step 5 (SOA), step 6, "
zygoshub.com,amazon,"{""amazon"": ""private""}",False,False,False,False,"step 5 (SOA), "
