domain,CA Name,type,Stapled,TLS,HTTPS Enabled
17track.net,"DNSPod, Inc. DNSPod DV TLS RSA CA 2025",third,,TLSv1.3,True
004430.xyz,Google Trust Services WE1,third,,TLSv1.3,True
011st.com,Sectigo Limited Sectigo Public Server Authentication CA OV R36,third,,TLSv1.3,True
0xrpc.io,Let's Encrypt YE2,third,,TLSv1.3,True
10010.com,"DigiCert, Inc. DigiCert Secure Site OV G2 TLS CN RSA4096 SHA256 2022 CA1",third,,TLSv1.3,True
10086.cn,unknown,unknown,,unknown,False
104.com.tw,Gandi Gandi RSA Domain Validation Secure Server CA 3,third,,TLSv1.2,True
10jqka.com.cn,"DigiCert, Inc. GeoTrust G2 TLS CN RSA4096 SHA256 2022 CA1",third,,TLSv1.2,True
11467.com,DigiCert Inc Thawte TLS RSA CA G1,third,,TLSv1.3,True
11st.co.kr,Sectigo Limited Sectigo Public Server Authentication CA OV R36,third,,TLSv1.3,True
123c.vn,unknown,unknown,,unknown,False
123rf.com,Amazon Amazon RSA 2048 M01,third,,TLSv1.3,True
123tt.ru,Google Trust Services WE1,third,,TLSv1.2,True
126.net,"DigiCert, Inc. GeoTrust G2 TLS CN RSA4096 SHA256 2022 CA1",third,,TLSv1.2,True
127.net,unknown,unknown,,unknown,False
1337x.to,Google Trust Services WE1,third,,TLSv1.3,True
144152479.xyz,unknown,unknown,,unknown,False
14emeliaterracewestroxburyma02132.su,unknown,unknown,,unknown,False
15590160.xyz,unknown,unknown,,unknown,False
163.com,"DigiCert, Inc. GeoTrust G2 TLS CN RSA4096 SHA256 2022 CA1",third,,TLSv1.2,True
163data.com.cn,unknown,unknown,,unknown,False
163jiasu.com,unknown,unknown,,unknown,False
1688.com,GlobalSign nv-sa GlobalSign RSA OV SSL CA 2018,third,,TLSv1.2,True
17u.cn,GlobalSign nv-sa GlobalSign RSA OV SSL CA 2018,third,,TLSv1.2,True
182682.xyz,unknown,unknown,,unknown,False
1884417.xyz,unknown,unknown,,unknown,False
189.cn,"DigiCert, Inc. DigiCert Secure Site OV G2 TLS CN RSA4096 SHA256 2022 CA1",third,,TLSv1.2,True
18comic.vip,Google Trust Services WE1,third,,TLSv1.3,True
1905.com,GlobalSign nv-sa GlobalSign RSA OV SSL CA 2018,third,,TLSv1.2,True
1c.ru,GlobalSign nv-sa GlobalSign RSA OV SSL CA 2018,third,,TLSv1.3,True
1clickvpn.net,Google Trust Services WE1,third,,TLSv1.3,True
1cupis.ru,GlobalSign nv-sa GlobalSign GCC R6 AlphaSSL CA 2025,third,,TLSv1.3,True
1drv.com,Microsoft Corporation Microsoft TLS G2 RSA CA OCSP 16,unknown,,TLSv1.3,True
1e100.net,unknown,unknown,,unknown,False
1map.com,ZeroSSL GmbH ZeroSSL ECC DV SSL CA 2,third,,TLSv1.3,True
1password.com,Let's Encrypt YE1,third,,TLSv1.3,True
1password.eu,Amazon Amazon RSA 2048 M01,third,,TLSv1.3,True
1passwordservices.com,unknown,unknown,,unknown,False
1rpc.io,Let's Encrypt YE2,third,,TLSv1.3,True
1rx.io,unknown,unknown,,unknown,False
1und1.de,DigiCert Inc GeoTrust TLS RSA CA G1,third,,TLSv1.3,True
1worldsync.com,Let's Encrypt YE1,third,,TLSv1.3,True
2022welcome.com,Sectigo Limited Sectigo Public Server Authentication CA DV R36,third,,TLSv1.3,True
2136523.xyz,unknown,unknown,,unknown,False
213891.xyz,unknown,unknown,,unknown,False
214801771.xyz,unknown,unknown,,unknown,False
21cn.com,WoTrus CA Limited WoTrus OV Server CA  [Run by the Issuer],third,,TLSv1.3,True
21wiz.com,Google Trust Services WE1,third,,TLSv1.3,True
220969871.xyz,unknown,unknown,,unknown,False
225284.xyz,unknown,unknown,,unknown,False
22t8zyluzwaa.shop,unknown,unknown,,unknown,False
23113892.xyz,unknown,unknown,,unknown,False
23166168.xyz,unknown,unknown,,unknown,False
2390437.xyz,unknown,unknown,,unknown,False
24703859.xyz,unknown,unknown,,unknown,False
24smi.net,Google Trust Services WE1,third,,TLSv1.2,True
253173.xyz,unknown,unknown,,unknown,False
2567.com,Let's Encrypt YR2,third,,TLSv1.3,True
25u.com,unknown,unknown,,unknown,False
262645.xyz,unknown,unknown,,unknown,False
273694077.xyz,unknown,unknown,,unknown,False
2873756.xyz,unknown,unknown,,unknown,False
293821237.xyz,unknown,unknown,,unknown,False
2cnt.net,unknown,unknown,,unknown,False
2gis.com,ZeroSSL GmbH ZeroSSL ECC DV SSL CA 2,third,,TLSv1.3,True
2gis.ru,GlobalSign nv-sa GlobalSign GCC R6 AlphaSSL CA 2025,third,,TLSv1.3,True
2kcoretech.online,unknown,unknown,,unknown,False
2ksports.com,Amazon Amazon RSA 2048 M02,third,,TLSv1.2,True
2likemobile.com,Let's Encrypt YR1,third,,TLSv1.3,True
2mdn.net,unknown,unknown,,unknown,False
2miners.com,Google Trust Services WE1,third,,TLSv1.2,True
2nt.com,Amazon Amazon RSA 2048 M04,third,,TLSv1.2,True
2o7.net,DigiCert Inc DigiCert Global G2 TLS RSA SHA256 2020 CA1,third,,TLSv1.2,True
2trk.info,Google Trust Services WE1,third,,TLSv1.3,True
2xstorage.com,Google Trust Services WE1,third,,TLSv1.3,True
300624.com,DigiCert Inc RapidSSL TLS RSA CA G1,third,,TLSv1.2,True
306085092.xyz,unknown,unknown,,unknown,False
312910.xyz,unknown,unknown,,unknown,False
3134345.xyz,unknown,unknown,,unknown,False
317198135.xyz,unknown,unknown,,unknown,False
3280759.xyz,unknown,unknown,,unknown,False
3322.net,Let's Encrypt E8,third,,TLSv1.3,True
3322.org,Let's Encrypt R3,third,,TLSv1.3,True
33across.com,Let's Encrypt YR1,third,,TLSv1.3,True
3481746.xyz,unknown,unknown,,unknown,False
348345558.xyz,unknown,unknown,,unknown,False
350444653.xyz,unknown,unknown,,unknown,False
3522018.xyz,unknown,unknown,,unknown,False
352798184.xyz,unknown,unknown,,unknown,False
354763883.xyz,unknown,unknown,,unknown,False
360.cn,WoTrus CA Limited WoTrus OV Server CA  [Run by the Issuer],third,,TLSv1.2,True
360.com,WoTrus CA Limited WoTrus RSA DV SSL CA 2,third,,TLSv1.2,True
360buyimg.com,GlobalSign nv-sa GlobalSign RSA OV SSL CA 2018,third,,TLSv1.3,True
360kuai.com,WoTrus CA Limited WoTrus DV Server CA  [Run by the Issuer],third,,TLSv1.3,True
360monitoring.io,Let's Encrypt YR2,third,,TLSv1.3,True
360safe.com,unknown,unknown,,unknown,False
360totalsecurity.com,WoTrus CA Limited WoTrus OV Server CA  [Run by the Issuer],third,,TLSv1.2,True
360yield.com,Amazon Amazon RSA 2048 M01,third,,TLSv1.3,True
365lpodds.com,unknown,unknown,,unknown,False
365scores.com,Amazon Amazon RSA 2048 M04,third,,TLSv1.3,True
3737284.xyz,unknown,unknown,,unknown,False
37games.com,DigiCert Inc RapidSSL TLS RSA CA G1,third,,TLSv1.2,True
3cx.com,Google Trust Services WE1,third,,TLSv1.3,True
3cx.us,Google Trust Services WE1,third,,TLSv1.3,True
3dos.io,Let's Encrypt YR1,third,,TLSv1.3,True
3ds.com,Amazon Amazon RSA 2048 M04,third,,TLSv1.3,True
3gl.net,unknown,unknown,,unknown,False
3gppnetwork.org,unknown,unknown,,unknown,False
3lift.com,Amazon Amazon RSA 2048 M01,third,,TLSv1.3,True
3shape.com,DigiCert Inc DigiCert Global G2 TLS RSA SHA256 2020 CA1,third,,TLSv1.3,True
3shapecommunicate.com,DigiCert Inc GeoTrust TLS RSA CA G1,third,,TLSv1.3,True
3stripes.net,unknown,unknown,,unknown,False
3u.com,DigiCert Inc RapidSSL TLS RSA CA G1,third,,TLSv1.3,True
3xpl.com,Let's Encrypt YR2,third,,TLSv1.3,True
406228688.xyz,unknown,unknown,,unknown,False
412712094.xyz,unknown,unknown,,unknown,False
4158249.xyz,unknown,unknown,,unknown,False
4185597.xyz,unknown,unknown,,unknown,False
422550.xyz,unknown,unknown,,unknown,False
4249350.xyz,unknown,unknown,,unknown,False
436655731.xyz,unknown,unknown,,unknown,False
437114.xyz,unknown,unknown,,unknown,False
43742764.xyz,unknown,unknown,,unknown,False
449882.xyz,unknown,unknown,,unknown,False
45902756.xyz,unknown,unknown,,unknown,False
462153342.xyz,unknown,unknown,,unknown,False
465591339.xyz,unknown,unknown,,unknown,False
470730.xyz,unknown,unknown,,unknown,False
48492908.xyz,unknown,unknown,,unknown,False
4912990.xyz,unknown,unknown,,unknown,False
495565015.xyz,unknown,unknown,,unknown,False
4991415.xyz,unknown,unknown,,unknown,False
4cdn.org,infrastructure,infrastructure,,unknown,False
4dcloud.fr,th3-www-01,unknown,,TLSv1.3,True
4dex.io,unknown,unknown,,unknown,False
4dex.tech,unknown,unknown,,unknown,False
4dsply.com,Let's Encrypt YE2,third,,TLSv1.3,True
4dvertible.com,unknown,unknown,,unknown,False
4shared.com,GoDaddy.com GoDaddy TLS Intermediate CA DV - R1v1,third,,TLSv1.2,True
4store.com,Amazon Amazon RSA 2048 M04,third,,TLSv1.3,True
4wps.net,unknown,unknown,,unknown,False
506.io,Google Trust Services WE1,third,,TLSv1.3,True
50union.com,WoTrus CA Limited WoTrus DV Server CA  [Run by the Issuer],third,,TLSv1.2,True
51.la,PKI(Chongqing) Limited Keymatic Secure Domain RSA CA G1,third,,TLSv1.3,True
5177343.xyz,unknown,unknown,,unknown,False
519764.xyz,unknown,unknown,,unknown,False
51wendang.com,unknown,unknown,,unknown,False
51y5.net,"TrustAsia Technologies, Inc. TrustAsia DV TLS RSA CA 2025",third,,TLSv1.3,True
520.jp,Let's Encrypt R13,third,,TLSv1.3,True
523337309.xyz,unknown,unknown,,unknown,False
52925778.xyz,unknown,unknown,,unknown,False
532548.xyz,unknown,unknown,,unknown,False
54099281.xyz,unknown,unknown,,unknown,False
559346.xyz,unknown,unknown,,unknown,False
562035.xyz,unknown,unknown,,unknown,False
58.com,GlobalSign nv-sa GlobalSign RSA OV SSL CA 2018,third,,TLSv1.3,True
58cdn.com.cn,infrastructure,infrastructure,,unknown,False
5915060.xyz,unknown,unknown,,unknown,False
5ch.io,Google Trust Services WE1,third,,TLSv1.3,True
5h1pm3n7.com,unknown,unknown,,unknown,False
5ka.ru,Hellenic Academic and Research Institutions CA HARICA DV TLS RSA,third,,TLSv1.3,True
6-q-r-s.com,unknown,unknown,,unknown,False
60310248.xyz,unknown,unknown,,unknown,False
606403751.xyz,unknown,unknown,,unknown,False
608564.xyz,unknown,unknown,,unknown,False
608644.xyz,unknown,unknown,,unknown,False
6278159.xyz,unknown,unknown,,unknown,False
648422300.xyz,unknown,unknown,,unknown,False
6508765.xyz,unknown,unknown,,unknown,False
6677g.com,Amazon Amazon RSA 2048 M01,third,,TLSv1.3,True
6763816.xyz,unknown,unknown,,unknown,False
68765496.xyz,unknown,unknown,,unknown,False
68920759.xyz,unknown,unknown,,unknown,False
6chcdn.com,infrastructure,infrastructure,,unknown,False
6cloud.fr,unknown,unknown,,unknown,False
6ctuslwqz.com,unknown,unknown,,unknown,False
6p71hs.top,unknown,unknown,,unknown,False
6sa.cc,Let's Encrypt YR1,third,,TLSv1.3,True
6sc.co,unknown,unknown,,unknown,False
6sense.com,Google Trust Services WE1,third,,TLSv1.3,True
703550350.xyz,unknown,unknown,,unknown,False
70951668.xyz,unknown,unknown,,unknown,False
711proxy.com,Let's Encrypt YR1,third,,TLSv1.3,True
713mtauburnctcolumbusoh43085.st,unknown,unknown,,unknown,False
71edge.com,unknown,unknown,,unknown,False
7293862.xyz,unknown,unknown,,unknown,False
7358801.xyz,unknown,unknown,,unknown,False
741488181.xyz,unknown,unknown,,unknown,False
744051222.xyz,unknown,unknown,,unknown,False
74902295.xyz,unknown,unknown,,unknown,False
7622083.xyz,unknown,unknown,,unknown,False
775909832.xyz,unknown,unknown,,unknown,False
7810860.xyz,unknown,unknown,,unknown,False
796495292.xyz,unknown,unknown,,unknown,False
799600.xyz,unknown,unknown,,unknown,False
7games.bet.br,Google Trust Services WE1,third,,TLSv1.3,True
7tv.app,Let's Encrypt YR1,third,,TLSv1.3,True
7tv.io,Let's Encrypt YR2,third,,TLSv1.3,True
8-lives-cat.io,Google Trust Services WE1,third,,TLSv1.3,True
8076106.xyz,unknown,unknown,,unknown,False
841045.xyz,unknown,unknown,,unknown,False
85013150.xyz,unknown,unknown,,unknown,False
852616707.xyz,unknown,unknown,,unknown,False
8573412.xyz,unknown,unknown,,unknown,False
858096.xyz,unknown,unknown,,unknown,False
858628.xyz,unknown,unknown,,unknown,False
86084224.xyz,unknown,unknown,,unknown,False
86755797.xyz,unknown,unknown,,unknown,False
8708055.xyz,unknown,unknown,,unknown,False
877825.xyz,unknown,unknown,,unknown,False
878113.xyz,unknown,unknown,,unknown,False
8888.google,Google Trust Services WE2,third,,TLSv1.3,True
891750.xyz,unknown,unknown,,unknown,False
8989c.net,unknown,unknown,,unknown,False
899100.xyz,unknown,unknown,,unknown,False
899196412.xyz,unknown,unknown,,unknown,False
8slp.net,unknown,unknown,,unknown,False
8x8.com,DigiCert Inc DigiCert Global G2 TLS RSA SHA256 2020 CA1,third,,TLSv1.2,True
900172184.xyz,unknown,unknown,,unknown,False
902246081.xyz,unknown,unknown,,unknown,False
90236048.xyz,unknown,unknown,,unknown,False
908001204.xyz,unknown,unknown,,unknown,False
9087561.xyz,unknown,unknown,,unknown,False
933837.xyz,unknown,unknown,,unknown,False
93786631.xyz,unknown,unknown,,unknown,False
94060576.xyz,unknown,unknown,,unknown,False
960671106.xyz,unknown,unknown,,unknown,False
989v87ii5.com,unknown,unknown,,unknown,False
99app.com,Let's Encrypt YR1,third,,TLSv1.3,True
99taxis.mobi,unknown,unknown,,unknown,False
9gag.com,Google Trust Services WE1,third,,TLSv1.3,True
9gtb.com,Google Trust Services WE1,third,,TLSv1.3,True
9hits.com,Google Trust Services WE1,third,,TLSv1.3,True
9ljp.com,unknown,unknown,,unknown,False
9mod.com,Google Trust Services WE1,third,,TLSv1.3,True
9ns1.com,Let's Encrypt YE1,third,,TLSv1.3,True
a-ads.com,Google Trust Services WE1,third,,TLSv1.3,True
a-b-3-d.com,unknown,unknown,,unknown,False
a-b-c-8.com,unknown,unknown,,unknown,False
a-mo.net,Amazon Amazon RSA 2048 M01,third,,TLSv1.3,True
a-msedge.net,unknown,unknown,,unknown,False
a-mx.com,unknown,unknown,,unknown,False
a-mx.net,unknown,unknown,,unknown,False
a.co,Amazon Amazon RSA 2048 M04,third,,TLSv1.3,True
a1q7.net,unknown,unknown,,unknown,False
a2z.com,unknown,unknown,,unknown,False
a47b.com,Amazon Amazon RSA 2048 M01,third,,TLSv1.3,True
a8r.games,unknown,unknown,,unknown,False
aa.com,Entrust Limited Entrust OV TLS Issuing ECC CA 2,third,,TLSv1.3,True
aacdn.net,infrastructure,infrastructure,,unknown,False
aacrjournals.org,Let's Encrypt YE1,third,,TLSv1.3,True
aadrm.com,unknown,unknown,,unknown,False
aaplimg.com,unknown,unknown,,unknown,False
aarki.net,unknown,unknown,,unknown,False
aaronweintraubfromcogent.com,unknown,unknown,,unknown,False
aaronweintraubwantstobecyberpolice.com,unknown,unknown,,unknown,False
aarp.org,DigiCert Inc DigiCert Global G2 TLS RSA SHA256 2020 CA1,third,,TLSv1.3,True
aatkit.com,unknown,unknown,,unknown,False
aaxads.com,unknown,unknown,,unknown,False
abb.com,DigiCert Inc DigiCert Global G2 TLS RSA SHA256 2020 CA1,third,,TLSv1.3,True
abc.com,Amazon Amazon RSA 2048 M04,third,,TLSv1.3,True
abc.net.au,DigiCert Inc DigiCert Global G3 TLS ECC SHA384 2020 CA1,third,,TLSv1.3,True
abcdef.wiki,Google Trust Services WE1,third,,TLSv1.3,True
abcnews.com,Amazon Amazon RSA 2048 M04,third,,TLSv1.3,True
abcsinsights.com,Google Trust Services WE1,third,,TLSv1.3,True
abcvg.info,unknown,unknown,,unknown,False
abebooks.com,Amazon Amazon RSA 2048 M01,third,,TLSv1.2,True
abebookscdn.com,infrastructure,infrastructure,,unknown,False
ably-realtime.com,Google Trust Services WE1,third,,TLSv1.3,True
ably.io,Google Trust Services WE1,third,,TLSv1.3,True
ably.net,Amazon Amazon RSA 2048 M01,third,,TLSv1.2,True
aboutstatic.com,unknown,unknown,,unknown,False
aboutyou.com,Google Trust Services WE1,third,,TLSv1.3,True
aboutyou.de,Google Trust Services WE1,third,,TLSv1.3,True
abr.ge,Amazon Amazon RSA 2048 M04,third,,TLSv1.3,True
abtasty.com,Google Trust Services WE1,third,,TLSv1.3,True
abupdate.com,"DNSPod, Inc. DNSPod DV TLS RSA CA 2025",third,,TLSv1.3,True
abuse.ch,GlobalSign nv-sa GlobalSign Atlas R3 DV TLS CA 2025 Q4,third,,TLSv1.2,True
abuse.st,Let's Encrypt YE2,third,,TLSv1.3,True
abv.bg,DigiCert Inc RapidSSL TLS RSA CA G1,third,,TLSv1.3,True
ac.at,unknown,unknown,,unknown,False
ac.cn,unknown,unknown,,unknown,False
ac.id,unknown,unknown,,unknown,False
ac.il,unknown,unknown,,unknown,False
ac.in,unknown,unknown,,unknown,False
ac.ir,unknown,unknown,,unknown,False
ac.jp,unknown,unknown,,unknown,False
ac.kr,unknown,unknown,,unknown,False
ac.nz,unknown,unknown,,unknown,False
ac.th,unknown,unknown,,unknown,False
ac.uk,unknown,unknown,,unknown,False
ac.za,Let's Encrypt YR2,third,,TLSv1.3,True
academia.edu,Amazon Amazon RSA 2048 M01,third,,TLSv1.3,True
acast.com,Amazon Amazon RSA 2048 M01,third,,TLSv1.3,True
acc-de.com,unknown,unknown,,unknown,False
accdab.net,unknown,unknown,,unknown,False
accel.li,Google Trust Services WE1,third,,TLSv1.3,True
accenture.com,DigiCert Inc DigiCert Global G2 TLS RSA SHA256 2020 CA1,third,,TLSv1.2,True
accompany.com,Amazon Amazon RSA 2048 M01,third,,TLSv1.3,True
accor.com,GlobalSign nv-sa GlobalSign Atlas R46 DV TLS CA 2026 Q2,third,,TLSv1.3,True
accountkit.com,DigiCert Inc DigiCert Global G2 TLS RSA SHA256 2020 CA1,third,,TLSv1.3,True
accounts.dev,Google Trust Services WE1,third,,TLSv1.3,True
accuweather.com,DigiCert Inc DigiCert Global G2 TLS RSA SHA256 2020 CA1,third,,TLSv1.3,True
acehardware.com,Let's Encrypt YE1,third,,TLSv1.2,True
acer.com,Amazon Amazon ECDSA 384 M01,third,,TLSv1.3,True
acesso.gov.br,Let's Encrypt YR1,third,,TLSv1.3,True
acint.net,Let's Encrypt YE1,third,,TLSv1.3,True
acm.org,DigiCert Inc DigiCert Global G2 TLS RSA SHA256 2020 CA1,third,,TLSv1.3,True
acmeaom.com,Google Trust Services WE1,third,,TLSv1.3,True
acobt.tech,unknown,unknown,,unknown,False
acompli.net,unknown,unknown,,unknown,False
acrobat.com,DigiCert Inc DigiCert Global G2 TLS RSA SHA256 2020 CA1,third,,TLSv1.3,True
acrobits.cz,Let's Encrypt YE2,third,,TLSv1.3,True
acronis.com,DigiCert Inc DigiCert Global G2 TLS RSA SHA256 2020 CA1,third,,TLSv1.3,True
acrosspf.com,Google Trust Services WE1,third,,TLSv1.3,True
acs.org,Sectigo Limited Sectigo Public Server Authentication CA OV R36,third,,TLSv1.3,True
acsbapp.com,Google Trust Services WE1,third,,TLSv1.3,True
acscdn.com,infrastructure,infrastructure,,unknown,False
acsechocaptiveportal.com,unknown,unknown,,unknown,False
actalis.it,Actalis S.p.A. Actalis Organization Validated Server CA G3,private,,TLSv1.2,True
action-media.ru,Let's Encrypt YR1,third,,TLSv1.2,True
action1.com,Google Trust Services WE1,third,,TLSv1.3,True
activehosted.com,Google Trust Services WE1,third,,TLSv1.3,True
activemetering.com,unknown,unknown,,unknown,False
activision.com,DigiCert Inc DigiCert Global G2 TLS RSA SHA256 2020 CA1,third,,TLSv1.2,True
activtrak.net,unknown,unknown,,unknown,False
acuityplatform.com,Sectigo Limited Sectigo Public Server Authentication CA DV R36,third,,TLSv1.3,True
ad-delivery.net,Google Trust Services WE1,third,,TLSv1.3,True
ad-m.asia,unknown,unknown,,unknown,False
ad-m.net,unknown,unknown,,unknown,False
ad-score.com,"GoDaddy.com, Inc. Go Daddy Secure Certificate Authority - G2",third,,TLSv1.3,True
ad-srv.net,Let's Encrypt YE1,third,,TLSv1.3,True
ad-stir.com,Amazon Amazon RSA 2048 M04,third,,TLSv1.3,True
ad-tech.ru,unknown,unknown,,unknown,False
ad.gt,Amazon Amazon RSA 2048 M01,third,,TLSv1.3,True
ad.jp,unknown,unknown,,unknown,False
ad4m.at,Google Trust Services WE1,third,,TLSv1.3,True
ada.support,Amazon Amazon RSA 2048 M04,third,,TLSv1.3,True
adaether.com,unknown,unknown,,unknown,False
adaptiva.cloud,"GoDaddy.com, Inc. Go Daddy Secure Certificate Authority - G2",third,,TLSv1.3,True
adapty.io,Google Trust Services WE1,third,,TLSv1.3,True
adaptytech.com,Google Trust Services WE1,third,,TLSv1.3,True
adara.com,Let's Encrypt YR1,third,,TLSv1.3,True
adblockdns.com,Google Trust Services WR3,third,,TLSv1.3,True
adblockplus.org,Google Trust Services WR3,third,,TLSv1.3,True
adbro.me,Google Trust Services WE1,third,,TLSv1.3,True
adcanvas.com,Google Trust Services WE1,third,,TLSv1.3,True
addevent.com,Amazon Amazon RSA 2048 M04,third,,TLSv1.3,True
addigy.com,SSL Corporation SSL.com RSA SSL subCA,third,,TLSv1.3,True
addtoany.com,Google Trust Services WE1,third,,TLSv1.3,True
adelement.com,Amazon Amazon RSA 2048 M01,third,,TLSv1.3,True
adelion.com,Let's Encrypt YE1,third,,TLSv1.3,True
adentifi.com,Amazon Amazon RSA 2048 M04,third,,TLSv1.3,True
adeo.cloud,unknown,unknown,,unknown,False
adeptmind.ai,Amazon Amazon RSA 2048 M01,third,,TLSv1.3,True
adexchangerapid.com,Let's Encrypt YE1,third,,TLSv1.3,True
adforge.io,Google Trust Services WE1,third,,TLSv1.3,True
adform.net,DigiCert Inc DigiCert Global G2 TLS RSA SHA256 2020 CA1,third,,TLSv1.3,True
adfox.ru,GlobalSign nv-sa GlobalSign RSA OV SSL CA 2018,third,,TLSv1.2,True
adfuse-ssp.com,Let's Encrypt YR2,third,,TLSv1.3,True
adglare.net,Let's Encrypt YR1,third,,TLSv1.3,True
adgrx.com,Let's Encrypt YR2,third,,TLSv1.3,True
adguard-dns.com,Google Trust Services WE1,third,,TLSv1.3,True
adguard.com,ZeroSSL GmbH ZeroSSL RSA DV SSL CA 2,third,,TLSv1.3,True
adguard.io,unknown,unknown,,unknown,False
adguard.org,unknown,unknown,,unknown,False
adhigh.net,GlobalSign nv-sa GlobalSign RSA OV SSL CA 2018,third,,TLSv1.2,True
adiam.tech,Let's Encrypt R12,third,,TLSv1.3,True
adidas.com,Entrust Limited Entrust EV TLS Issuing RSA CA 2,third,,TLSv1.2,True
adikteev.com,Google Trust Services WE1,third,,TLSv1.3,True
adingo.jp,Amazon Amazon RSA 2048 M01,third,,TLSv1.3,True
adintl.cn,DigiCert Inc Encryption Everywhere DV TLS CA - G2,third,,TLSv1.2,True
adipolo.co,unknown,unknown,,unknown,False
adipolo.live,unknown,unknown,,unknown,False
adition.com,Let's Encrypt YR1,third,,TLSv1.3,True
aditude.cloud,unknown,unknown,,unknown,False
aditude.io,Let's Encrypt YR2,third,,TLSv1.3,True
adivery.com,Unizeto Technologies S.A. Certum Domain Validation CA SHA2,third,,TLSv1.3,True
adj.st,DigiCert Inc DigiCert Global G2 TLS RSA SHA256 2020 CA1,third,,TLSv1.3,True
adjha1k.com,unknown,unknown,,unknown,False
adjoe-programmatic.com,Amazon Amazon RSA 2048 M04,third,,TLSv1.3,True
adjoe.zone,Amazon Amazon RSA 2048 M04,third,,TLSv1.3,True
adjust.com,DigiCert Inc DigiCert Global G2 TLS RSA SHA256 2020 CA1,third,,TLSv1.3,True
adjust.io,DigiCert Inc DigiCert Global G2 TLS RSA SHA256 2020 CA1,third,,TLSv1.2,True
adjust.net.in,DigiCert Inc DigiCert Global G2 TLS RSA SHA256 2020 CA1,third,,TLSv1.3,True
adjust.world,DigiCert Inc DigiCert Global G2 TLS RSA SHA256 2020 CA1,third,,TLSv1.3,True
adkernel.com,GlobalSign nv-sa GlobalSign GCC R6 AlphaSSL CA 2025,third,,TLSv1.3,True
adkwai.com,unknown,unknown,,unknown,False
adlightning.com,Amazon Amazon ECDSA 256 M01,third,,TLSv1.3,True
adlook.online,Let's Encrypt R13,third,,TLSv1.3,True
adlook.tech,Let's Encrypt YE2,third,,TLSv1.2,True
adlooxtracking.com,Google Trust Services WE1,third,,TLSv1.3,True
adlooxtracking.ru,unknown,unknown,,unknown,False
admanmedia.com,DigiCert Inc DigiCert Global G3 TLS ECC SHA384 2020 CA1,third,,TLSv1.3,True
admaster.cc,Let's Encrypt YR1,third,,TLSv1.3,True
admatic.com.tr,Let's Encrypt YE2,third,,TLSv1.3,True
admatic.de,Let's Encrypt YE2,third,,TLSv1.3,True
admicro.vn,GlobalSign nv-sa GlobalSign GCC R6 AlphaSSL CA 2025,third,,TLSv1.3,True
admin.ch,SwissSign AG SwissSign RSA TLS OV ICA 2022 - 1,third,,TLSv1.3,True
admixer.com,Sectigo Limited Sectigo Public Server Authentication CA DV R36,third,,TLSv1.2,True
admixer.net,Sectigo Limited Sectigo Public Server Authentication CA DV R36,third,,TLSv1.2,True
admob.com,Google Trust Services WE2,private,,TLSv1.3,True
admost.com,Google Trust Services WE1,third,,TLSv1.3,True
admozartxml.com,Asseco Data Systems S.A. Certum DV TLS G2 R39 CA,third,,TLSv1.3,True
adn.cloud,Let's Encrypt YE2,third,,TLSv1.3,True
adnami.io,Google Trust Services WE1,third,,TLSv1.3,True
adnxs-simple.com,unknown,unknown,,unknown,False
adnxs.com,DigiCert Inc GeoTrust TLS ECC CA G1,third,,TLSv1.2,True
adnxs.net,unknown,unknown,,unknown,False
adnz.co,Google Trust Services WE1,third,,TLSv1.3,True
adobe.com,DigiCert Inc DigiCert Global G3 TLS ECC SHA384 2020 CA1,third,,TLSv1.3,True
adobe.io,DigiCert Inc DigiCert Global G2 TLS RSA SHA256 2020 CA1,third,,TLSv1.3,True
adobe.net,DigiCert Inc DigiCert Global G2 TLS RSA SHA256 2020 CA1,third,,TLSv1.2,True
adobeaemcloud.com,DigiCert Inc DigiCert Global G2 TLS RSA SHA256 2020 CA1,third,,TLSv1.3,True
adobecces.com,unknown,unknown,,unknown,False
adobeccstatic.com,unknown,unknown,,unknown,False
adobeconnect.com,DigiCert Inc DigiCert Global G2 TLS RSA SHA256 2020 CA1,third,,TLSv1.3,True
adobedc.net,unknown,unknown,,unknown,False
adobedtm.com,unknown,unknown,,unknown,False
adobelogin.com,DigiCert Inc DigiCert Global G2 TLS RSA SHA256 2020 CA1,third,,TLSv1.2,True
adobeoobe.com,unknown,unknown,,unknown,False
adobeprimetime.com,unknown,unknown,,unknown,False
adoberesources.net,unknown,unknown,,unknown,False
adobesc.com,unknown,unknown,,unknown,False
adobess.com,unknown,unknown,,unknown,False
adobestats.io,unknown,unknown,,unknown,False
adobetag.com,DigiCert Inc DigiCert Global G2 TLS RSA SHA256 2020 CA1,third,,TLSv1.3,True
adocean.pl,revproxy1a-atm.gem.lan,unknown,,TLSv1.3,True
adotmob.com,Amazon Amazon RSA 2048 M04,third,,TLSv1.2,True
adovid.com,Google Trust Services WE1,third,,TLSv1.3,True
adp.com,DigiCert Inc DigiCert EV RSA CA G2,third,,TLSv1.2,True
adplay.ru,Let's Encrypt R12,third,,TLSv1.3,True
adplsr.com,unknown,unknown,,unknown,False
adpone.com,Google Trust Services WE1,third,,TLSv1.3,True
adpushup.com,Let's Encrypt YE2,third,,TLSv1.3,True
adrise.tv,Amazon Amazon RSA 2048 M04,third,,TLSv1.3,True
adriver.ru,GlobalSign nv-sa GlobalSign GCC R3 DV TLS CA 2020,third,,TLSv1.3,True
adroll.com,GlobalSign nv-sa GlobalSign Atlas R3 DV TLS CA 2026 Q2,third,,TLSv1.2,True
adrta.com,DigiCert Inc DigiCert Global G2 TLS RSA SHA256 2020 CA1,third,,TLSv1.2,True
ads-pixiv.net,Google Trust Services WR3,third,,TLSv1.3,True
ads-tinyorbit.com,unknown,unknown,,unknown,False
ads-twitter.com,unknown,unknown,,unknown,False
adsafeprotected.com,Amazon Amazon RSA 2048 M01,third,,TLSv1.3,True
adsafety.net,Google Trust Services WE1,third,,TLSv1.3,True
adsappier.com,unknown,unknown,,unknown,False
adsbexchange.com,Google Trust Services WE1,third,,TLSv1.3,True
adsbynimbus.com,Google Trust Services WE1,third,,TLSv1.3,True
adscale.de,Amazon Amazon RSA 2048 M04,third,,TLSv1.2,True
adsco.re,Sectigo Limited Sectigo Public Server Authentication CA OV R36,third,,TLSv1.2,True
adscool.net,Google Trust Services WE1,third,,TLSv1.3,True
adsensecustomsearchads.com,Google Trust Services WE2,private,,TLSv1.3,True
adseyeservice.com,unknown,unknown,,unknown,False
adsinteractive.com,Let's Encrypt YR2,third,,TLSv1.3,True
adskeeper.com,Google Trust Services WE1,third,,TLSv1.3,True
adsmeasurement.com,Sectigo Limited Sectigo Public Server Authentication CA DV R36,third,,TLSv1.3,True
adsmoloco.com,Let's Encrypt YR2,third,,TLSv1.3,True
adsninja.ca,Let's Encrypt YE2,third,,TLSv1.3,True
adspector.io,Google Trust Services WE1,third,,TLSv1.2,True
adspend.space,Let's Encrypt YR1,third,,TLSv1.2,True
adspower.com,Amazon Amazon RSA 2048 M01,third,,TLSv1.3,True
adspower.net,Amazon Amazon RSA 2048 M01,third,,TLSv1.3,True
adsrvr.org,GlobalSign nv-sa GlobalSign GCC R3 DV TLS CA 2020,third,,TLSv1.3,True
adstanding.com,Amazon Amazon RSA 2048 M01,third,,TLSv1.2,True
adster.tech,Google Trust Services WE1,third,,TLSv1.3,True
adstk.io,unknown,unknown,,unknown,False
adsurge.com,"DigiCert, Inc. DigiCert Secure Site OV G2 TLS CN RSA4096 SHA256 2022 CA1",third,,TLSv1.3,True
adswizz.com,Sectigo Limited Sectigo Public Server Authentication CA DV R36,third,,TLSv1.3,True
adtarget.biz,Let's Encrypt YE1,third,,TLSv1.3,True
adtarget.com.tr,Google Trust Services WE1,third,,TLSv1.3,True
adtarget.tech,unknown,unknown,,unknown,False
adtdp.com,Amazon Amazon RSA 2048 M04,third,,TLSv1.3,True
adtec.ru,GlobalSign nv-sa GlobalSign GCC R3 DV TLS CA 2020,third,,TLSv1.3,True
adtech.ink,Internet Widgits Pty Ltd,unknown,,TLSv1.2,True
adtelligent.com,Sectigo Limited Sectigo Public Server Authentication CA DV R36,third,,TLSv1.3,True
adtheyhaveset.org,Let's Encrypt YE2,third,,TLSv1.3,True
adthrive.com,Let's Encrypt YE2,third,,TLSv1.3,True
adtidy.org,ZeroSSL GmbH ZeroSSL RSA DV SSL CA 2,third,,TLSv1.3,True
adtimaserver.vn,unknown,unknown,,unknown,False
adtiming.com,WoTrus CA Limited WoTrus RSA DV SSL CA 2,third,,TLSv1.2,True
adtng.com,unknown,unknown,,unknown,False
adtonos.com,Let's Encrypt YE2,third,,TLSv1.3,True
adtrafficquality.google,Google Trust Services WE2,private,,TLSv1.3,True
adukwai.com,unknown,unknown,,unknown,False
adup-tech.com,Let's Encrypt YE1,third,,TLSv1.3,True
adups.com,unknown,unknown,,unknown,False
adv084.in,unknown,unknown,,unknown,False
adv094.in,unknown,unknown,,unknown,False
advanceautoparts.com,DigiCert Inc DigiCert Global G3 TLS ECC SHA384 2020 CA1,third,,TLSv1.3,True
adventori.com,Let's Encrypt YE2,third,,TLSv1.3,True
advertising.com,Sectigo Limited Sectigo Public Server Authentication CA DV R36,third,,TLSv1.3,True
advertronic.io,Let's Encrypt YR2,third,,TLSv1.3,True
adview.com,DigiCert Inc RapidSSL TLS RSA CA G1,third,,TLSv1.2,True
advisor.travel,Google Trust Services WE1,third,,TLSv1.3,True
advlion.com,"DNSPod, Inc. DNSPod DV TLS RSA CA G1",third,,TLSv1.2,True
advlistings.com,Asseco Data Systems S.A. Certum DV TLS G2 R39 CA,third,,TLSv1.3,True
advolve.io,DigiCert Inc Encryption Everywhere DV TLS CA - G2,third,,TLSv1.3,True
adx.bid,Google Trust Services WE1,third,,TLSv1.2,True
adx.com.ru,GlobalSign nv-sa GlobalSign GCC R6 AlphaSSL CA 2025,third,,TLSv1.3,True
adx.ws,Google Trust Services WE1,third,,TLSv1.3,True
adxcorp.kr,Amazon Amazon RSA 2048 M01,third,,TLSv1.3,True
adxflyer.com,WoTrus CA Limited WoTrus RSA DV SSL CA 2,third,,TLSv1.2,True
adyen.com,Let's Encrypt YE1,third,,TLSv1.3,True
adyenpayments.com,unknown,unknown,,unknown,False
adzerk.net,unknown,unknown,,unknown,False
adzuna.com,Amazon Amazon RSA 2048 M01,third,,TLSv1.3,True
ae.com,DigiCert Inc DigiCert Global G3 TLS ECC SHA384 2020 CA1,third,,TLSv1.3,True
aerobasegroup.com,Google Trust Services WE1,third,,TLSv1.3,True
aeroflot.ru,Let's Encrypt YR2,third,,TLSv1.3,True
aerohive.com,unknown,unknown,,unknown,False
affapi.org,Google Trust Services WE1,third,,TLSv1.3,True
affec.tv,unknown,unknown,,unknown,False
affirm.com,Google Trust Services WE1,third,,TLSv1.3,True
afpm.org,Let's Encrypt YR1,third,,TLSv1.3,True
afraid.org,Sectigo Limited Sectigo Public Server Authentication CA DV R36,third,,TLSv1.2,True
afrdtech.com,Let's Encrypt YR1,third,,TLSv1.3,True
afternic.com,"GoDaddy.com, Inc. Go Daddy Secure Certificate Authority - G2",third,,TLSv1.3,True
afterpay.com,Google Trust Services WE1,third,,TLSv1.3,True
aftvrsys.com,unknown,unknown,,unknown,False
agego.com,Let's Encrypt YE2,third,,TLSv1.3,True
agency2.ru,Let's Encrypt YR1,third,,TLSv1.3,True
agentclientprotocol.com,Let's Encrypt YR2,third,,TLSv1.3,True
agenteimmobiliare.info,Google Trust Services WE1,third,,TLSv1.2,True
ageverif.com,Google Trust Services WE1,third,,TLSv1.3,True
aggle.net,Amazon Amazon RSA 2048 M01,third,,TLSv1.3,True
agkn.com,DigiCert Inc RapidSSL TLS RSA CA G1,third,,TLSv1.3,True
agma-analytics.de,unknown,unknown,,unknown,False
agnss.goog,Google Trust Services WR3,private,,TLSv1.3,True
agoda.com,Sectigo Limited Sectigo Public Server Authentication CA DV R36,third,,TLSv1.3,True
agoda.net,Sectigo Limited Sectigo Public Server Authentication CA DV R36,third,,TLSv1.3,True
agora.io,GoDaddy.com GoDaddy TLS Intermediate CA DV - R1v1,third,,TLSv1.2,True
agoralab.co,"GoDaddy.com, Inc. Go Daddy Secure Certificate Authority - G2",third,,TLSv1.3,True
ahacdn.me,infrastructure,infrastructure,,unknown,False
ahagamecenter.com,Amazon Amazon RSA 2048 M04,third,,TLSv1.3,True
ahajournals.org,Google Trust Services WE1,third,,TLSv1.3,True
ahcdn.com,infrastructure,infrastructure,,unknown,False
ahmybid.net,unknown,unknown,,unknown,False
ahnlab.com,GlobalSign nv-sa GlobalSign GCC R3 DV TLS CA 2020,third,,TLSv1.3,True
ahrefs.com,Google Trust Services WE1,third,,TLSv1.3,True
aibidstat.top,unknown,unknown,,unknown,False
aibigdatausa.com,unknown,unknown,,unknown,False
aibixby.com,unknown,unknown,,unknown,False
aibotplatform.com,unknown,unknown,,unknown,False
aicdn.com,infrastructure,infrastructure,,unknown,False
aichat4search.com,Google Trust Services WE1,third,,TLSv1.3,True
aichouphaugn.com,Google Trust Services WE1,third,,TLSv1.3,True
aidata.io,unknown,unknown,,unknown,False
aidcgroup.net,GlobalSign nv-sa GlobalSign GCC R3 OV TLS CA 2024,third,,TLSv1.2,True
aiee1.com,unknown,unknown,,unknown,False
aif.ru,GlobalSign nv-sa GlobalSign RSA OV SSL CA 2018,third,,TLSv1.3,True
aifvfjuf56juh.cfd,Google Trust Services WE1,third,,TLSv1.3,True
aihelp.net,"GoDaddy.com, Inc. Go Daddy Secure Certificate Authority - G2",third,,TLSv1.3,True
aimxhub.com,unknown,unknown,,unknown,False
aiotsecu.com,unknown,unknown,,unknown,False
aip.org,Amazon Amazon RSA 2048 M04,third,,TLSv1.3,True
aips-sol.com,unknown,unknown,,unknown,False
airarabia.com,DigiCert Inc GeoTrust TLS RSA CA G1,third,,TLSv1.3,True
airasia.com,Google Trust Services WR3,third,,TLSv1.3,True
airbnb.com,DigiCert Inc DigiCert Global G2 TLS RSA SHA256 2020 CA1,third,,TLSv1.2,True
airbnb.net,unknown,unknown,,unknown,False
airbrake.io,Amazon Amazon RSA 2048 M04,third,,TLSv1.3,True
airbridge.io,Let's Encrypt YR2,third,,TLSv1.3,True
airbuds.fm,Google Trust Services WE1,third,,TLSv1.3,True
aircall.io,Let's Encrypt YR1,third,,TLSv1.3,True
airdroid.com,"GoDaddy.com, Inc. Go Daddy Secure Certificate Authority - G2",third,,TLSv1.2,True
airfind.com,Let's Encrypt YR1,third,,TLSv1.3,True
airfranceklm.com,Let's Encrypt YR2,third,,TLSv1.3,True
airpay.co.id,Let's Encrypt YR1,third,,TLSv1.3,True
airpaz.com,DigiCert Inc RapidSSL TLS RSA CA G1,third,,TLSv1.3,True
airport.us,Apple Inc. Apple Public Server RSA CA 1 - G1,third,,TLSv1.3,True
airtable.com,Amazon Amazon RSA 2048 M04,third,,TLSv1.3,True
airtel.in,DigiCert Inc DigiCert Global G2 TLS RSA SHA256 2020 CA1,third,,TLSv1.2,True
airthin.gs,unknown,unknown,,unknown,False
airtrfx.com,unknown,unknown,,unknown,False
airwallex.com,DigiCert Inc GeoTrust TLS RSA CA G1,third,,TLSv1.3,True
aiscore.com,Google Trust Services WE1,third,,TLSv1.3,True
aisiteanalytics.com,DigiCert Inc GeoTrust TLS RSA CA G1,third,,TLSv1.3,True
aistrm.net,unknown,unknown,,unknown,False
aiv-cdn.net,infrastructure,infrastructure,,unknown,False
aiv-delivery.net,unknown,unknown,,unknown,False
aizhantj.com,GlobalSign nv-sa GlobalSign GCC R6 AlphaSSL CA 2025,third,,TLSv1.3,True
ajax.systems,Amazon Amazon RSA 2048 M04,third,,TLSv1.3,True
ajay.app,Let's Encrypt YR2,third,,TLSv1.3,True
ajcloud.net,DigiCert Inc RapidSSL TLS ECC CA G1,third,,TLSv1.2,True
ajio.com,"GoDaddy.com, Inc. Go Daddy Secure Certificate Authority - G2",third,,TLSv1.3,True
ak-is2.net,unknown,unknown,,unknown,False
aka.ms,Microsoft Corporation Microsoft TLS G2 RSA CA OCSP 16,private,,TLSv1.3,True
akadns.net,infrastructure,infrastructure,,unknown,False
akadns99.net,infrastructure,infrastructure,,unknown,False
akahost.net,unknown,unknown,,unknown,False
akam.net,unknown,unknown,,unknown,False
akamai.com,infrastructure,infrastructure,,unknown,False
akamai.net,infrastructure,infrastructure,,unknown,False
akamaiedge.net,infrastructure,infrastructure,,unknown,False
akamaihd.net,infrastructure,infrastructure,,unknown,False
akamaitechnologies.com,infrastructure,infrastructure,,unknown,False
akamaized.net,infrastructure,infrastructure,,unknown,False
akaquill.net,unknown,unknown,,unknown,False
akasripcn.net,unknown,unknown,,unknown,False
aki-game.net,unknown,unknown,,unknown,False
akisinn.info,unknown,unknown,,unknown,False
akisinn.site,unknown,unknown,,unknown,False
akstat.io,DigiCert Inc DigiCert Global G3 TLS ECC SHA384 2020 CA1,third,,TLSv1.3,True
akuvox.com,"DigiCert, Inc. GeoTrust G2 TLS CN RSA4096 SHA256 2022 CA1",third,,TLSv1.3,True
al-adtech.com,Let's Encrypt E8,third,,TLSv1.3,True
alamy.com,Amazon Amazon RSA 2048 M04,third,,TLSv1.2,True
alar.my,Google Trust Services WE1,third,,TLSv1.3,True
alarm.com,Sectigo Limited Sectigo Public Server Authentication CA OV R36,third,,TLSv1.3,True
alarmnet.com,unknown,unknown,,unknown,False
alaskaair.com,Entrust Limited Entrust EV TLS Issuing RSA CA 2,third,,TLSv1.3,True
albss.com,unknown,unknown,,unknown,False
alby.net,unknown,unknown,,unknown,False
alchemer.com,Google Trust Services WE1,third,,TLSv1.3,True
alchemy.com,Google Trust Services WE1,third,,TLSv1.3,True
alcmpn.com,unknown,unknown,,unknown,False
alfabank.ru,"TrustAsia Technologies, Inc. TrustAsia DV TLS RSA CA 2024",third,,TLSv1.3,True
alfasense.com,Google Trust Services WE1,third,,TLSv1.2,True
alfasense.net,Let's Encrypt YR1,third,,TLSv1.3,True
alfred-iot.com,DigiCert Inc RapidSSL TLS RSA CA G1,third,,TLSv1.3,True
alghas.cc,unknown,unknown,,unknown,False
algolia.io,Sectigo Limited Sectigo Public Server Authentication CA OV R36,third,,TLSv1.3,True
algolia.net,Sectigo Limited Sectigo Public Server Authentication CA OV R36,third,,TLSv1.3,True
algolianet.com,Google Trust Services WE1,third,,TLSv1.2,True
algorecs.com,"GoDaddy.com, Inc. Go Daddy Secure Certificate Authority - G2",third,,TLSv1.3,True
alhapi.com,Let's Encrypt YE2,third,,TLSv1.3,True
alia-prod.com,unknown,unknown,,unknown,False
aliapp.org,Acme Co Kubernetes Ingress Controller Fake Certificate,unknown,,TLSv1.3,True
alibaba-inc.com,GlobalSign nv-sa GlobalSign GCC R3 OV TLS CA 2024,third,,TLSv1.3,True
alibaba.com,GlobalSign nv-sa GlobalSign GCC R3 OV TLS CA 2024,third,,TLSv1.3,True
alibabachengdun.com,GlobalSign nv-sa GlobalSign GCC R3 OV TLS CA 2024,third,,TLSv1.2,True
alibabacloud.com,GlobalSign nv-sa GlobalSign GCC R3 OV TLS CA 2024,third,,TLSv1.2,True
alibabacorp.com,unknown,unknown,,unknown,False
alibabadns.com,unknown,unknown,,unknown,False
alibabausercontent.com,unknown,unknown,,unknown,False
alicdn.com,infrastructure,infrastructure,,unknown,False
alice.it,TI Trust Technologies S.R.L. TI Trust Technologies OV CA,unknown,,TLSv1.3,True
alidns.com,GlobalSign nv-sa GlobalSign GCC R3 OV TLS CA 2024,third,,TLSv1.2,True
alienvault.cloud,unknown,unknown,,unknown,False
alienvault.com,Google Trust Services WE1,third,,TLSv1.2,True
aliexpress-media.com,unknown,unknown,,unknown,False
aliexpress.com,GlobalSign nv-sa GlobalSign GCC R3 OV TLS CA 2024,third,,TLSv1.2,True
aliexpress.ru,GlobalSign nv-sa GlobalSign GCC R3 OV TLS CA 2024,third,,TLSv1.3,True
aliexpress.us,GlobalSign nv-sa GlobalSign GCC R3 OV TLS CA 2024,third,,TLSv1.2,True
alikunlun.com,unknown,unknown,,unknown,False
alikunlun.net,unknown,unknown,,unknown,False
alipay.com,"DigiCert, Inc. DigiCert Secure Site OV G2 TLS CN RSA4096 SHA256 2022 CA1",third,,TLSv1.2,True
alipaydns.com,"DigiCert, Inc. DigiCert Secure Site OV G2 TLS CN RSA4096 SHA256 2022 CA1",third,,TLSv1.2,True
alipayobjects.com,"DigiCert, Inc. DigiCert Secure Site OV G2 TLS CN RSA4096 SHA256 2022 CA1",third,,TLSv1.2,True
alipayplus.com,"DigiCert, Inc. DigiCert Secure Site OV G2 TLS CN RSA4096 SHA256 2022 CA1",third,,TLSv1.2,True
aliyun.com,GlobalSign nv-sa GlobalSign GCC R3 OV TLS CA 2024,third,,TLSv1.2,True
aliyuncs.com,GlobalSign nv-sa GlobalSign GCC R3 OV TLS CA 2024,third,,TLSv1.3,True
aliyuncsslb.com,unknown,unknown,,unknown,False
aliyuncsslbintl.com,unknown,unknown,,unknown,False
aliyunddos0013.com,unknown,unknown,,unknown,False
aliyunga0019.com,unknown,unknown,,unknown,False
aljazeera.com,Sectigo Limited Sectigo Public Server Authentication CA OV R36,third,,TLSv1.2,True
alk.com,Amazon Amazon RSA 2048 M01,third,,TLSv1.2,True
all.biz,Google Trust Services WE1,third,,TLSv1.3,True
allapp.link,DigiCert Inc Encryption Everywhere DV TLS CA - G2,third,,TLSv1.3,True
allawnofs.com,unknown,unknown,,unknown,False
allawnos.com,unknown,unknown,,unknown,False
allawntech.com,"DigiCert, Inc. GeoTrust G2 TLS CN RSA4096 SHA256 2022 CA1",third,,TLSv1.3,True
alldatasheet.com,DigiCert Inc RapidSSL TLS RSA CA G1,third,,TLSv1.3,True
alldatasheet.es,Google Trust Services WE1,third,,TLSv1.3,True
alldatasheet.net,Google Trust Services WE1,third,,TLSv1.3,True
alldatasheetru.com,Google Trust Services WE1,third,,TLSv1.3,True
alldocumentexplor.pro,Google Trust Services WE1,third,,TLSv1.3,True
allegro.pl,DigiCert Inc DigiCert Global G2 TLS RSA SHA256 2020 CA1,third,,TLSv1.3,True
allegroimg.com,DigiCert Inc DigiCert Global G2 TLS RSA SHA256 2020 CA1,third,,TLSv1.3,True
allegrostatic.com,unknown,unknown,,unknown,False
allelcoelec.com,Let's Encrypt YR2,third,,TLSv1.3,True
allfootballapp.com,GlobalSign nv-sa GlobalSign RSA OV SSL CA 2018,third,,TLSv1.2,True
allrecipes.com,Let's Encrypt YE1,third,,TLSv1.3,True
allsaints.tv,unknown,unknown,,unknown,False
allseason.vip,Let's Encrypt R13,third,,TLSv1.3,True
almalinux.org,Google Trust Services WE1,third,,TLSv1.3,True
alocdn.com,infrastructure,infrastructure,,unknown,False
alohaenterprise.com,Google Trust Services WE1,third,,TLSv1.3,True
alpaca.markets,Google Trust Services WE1,third,,TLSv1.3,True
alphashareit.works,unknown,unknown,,unknown,False
alphonso.tv,Let's Encrypt YE2,third,,TLSv1.3,True
alpinelinux.org,Let's Encrypt YR1,third,,TLSv1.3,True
alta.inc,Amazon Amazon RSA 2048 M04,third,,TLSv1.3,True
altervista.org,Amazon Amazon RSA 2048 M01,third,,TLSv1.2,True
altium.com,Amazon Amazon RSA 2048 M01,third,,TLSv1.3,True
altmetric.com,Google Trust Services WE1,third,,TLSv1.3,True
alza.cz,Google Trust Services WE1,third,,TLSv1.3,True
amadeus.com,Sectigo Limited Sectigo Public Server Authentication CA OV R36,third,,TLSv1.3,True
amagi.tv,unknown,unknown,,unknown,False
amap.com,GlobalSign nv-sa GlobalSign GCC R3 OV TLS CA 2024,third,,TLSv1.2,True
amazon-ads-attestation.com,unknown,unknown,,unknown,False
amazon-adsystem.com,Amazon Amazon RSA 2048 M01,private,,TLSv1.3,True
amazon-dss.com,unknown,unknown,,unknown,False
amazon.ae,Amazon Amazon RSA 2048 M04,third,,TLSv1.3,True
amazon.ca,Amazon Amazon RSA 2048 M01,third,,TLSv1.3,True
amazon.co.jp,DigiCert Inc GeoTrust TLS RSA CA G1,third,,TLSv1.3,True
amazon.co.uk,DigiCert Inc GeoTrust TLS RSA CA G1,third,,TLSv1.3,True
amazon.co.za,Amazon Amazon RSA 2048 M01,third,,TLSv1.3,True
amazon.com,DigiCert Inc GeoTrust TLS RSA CA G1,third,,TLSv1.3,True
amazon.com.au,DigiCert Inc GeoTrust TLS RSA CA G1,third,,TLSv1.3,True
amazon.com.be,Amazon Amazon RSA 2048 M01,third,,TLSv1.3,True
amazon.com.br,Amazon Amazon RSA 2048 M01,third,,TLSv1.3,True
amazon.com.mx,Amazon Amazon RSA 2048 M01,third,,TLSv1.3,True
amazon.com.tr,Amazon Amazon RSA 2048 M01,third,,TLSv1.3,True
amazon.de,DigiCert Inc GeoTrust TLS RSA CA G1,third,,TLSv1.3,True
amazon.dev,unknown,unknown,,unknown,False
amazon.eg,Amazon Amazon RSA 2048 M01,third,,TLSv1.3,True
amazon.es,Amazon Amazon RSA 2048 M04,third,,TLSv1.3,True
amazon.eu,Amazon Amazon RSA 2048 M01,third,,TLSv1.3,True
amazon.fr,Amazon Amazon RSA 2048 M01,third,,TLSv1.3,True
amazon.ie,Amazon Amazon RSA 2048 M04,third,,TLSv1.3,True
amazon.in,Amazon Amazon RSA 2048 M04,third,,TLSv1.3,True
amazon.it,Amazon Amazon RSA 2048 M04,third,,TLSv1.3,True
amazon.nl,Amazon Amazon RSA 2048 M01,third,,TLSv1.3,True
amazon.pl,Amazon Amazon RSA 2048 M04,third,,TLSv1.3,True
amazon.sa,Amazon Amazon RSA 2048 M04,third,,TLSv1.3,True
amazon.se,Amazon Amazon RSA 2048 M04,third,,TLSv1.3,True
amazon.sg,Amazon Amazon RSA 2048 M04,third,,TLSv1.2,True
amazonalexa.com,Amazon Amazon RSA 2048 M04,third,,TLSv1.2,True
amazonaws.com,Amazon Amazon RSA 2048 M04,private,,TLSv1.3,True
amazonaws.com.cn,Amazon Amazon RSA 2048 M04,third,,TLSv1.3,True
amazoncognito.com,unknown,unknown,,unknown,False
amazoncrl.com,unknown,unknown,,unknown,False
amazonses.com,Amazon Amazon RSA 2048 M04,third,,TLSv1.3,True
amazonsilk.com,Amazon Amazon RSA 2048 M04,third,,TLSv1.3,True
amazontrust.com,Amazon Amazon RSA 2048 M04,third,,TLSv1.3,True
amazonvideo.com,Amazon Amazon RSA 2048 M01,private,,TLSv1.3,True
ambientweather.net,Google Trust Services WE1,third,,TLSv1.3,True
ambitionbox.com,DigiCert Inc DigiCert Global G3 TLS ECC SHA384 2020 CA1,third,,TLSv1.3,True
amcrestcloud.com,Sectigo Limited Sectigo Public Server Authentication CA DV R36,third,,TLSv1.2,True
amcrestview.com,"GoDaddy.com, Inc. Go Daddy Secure Certificate Authority - G2",unknown,,TLSv1.2,True
amctheatres.com,Google Trust Services WE1,third,,TLSv1.3,True
amd.com,DigiCert Inc GeoTrust TLS RSA CA G1,third,,TLSv1.3,True
ameba.jp,"Cybertrust Japan Co., Ltd. Cybertrust Japan SureServer CA G4",third,,TLSv1.3,True
ameblo.jp,DigiCert Inc GeoTrust TLS RSA CA G1,third,,TLSv1.2,True
amemv.com,DigiCert Inc RapidSSL TLS RSA CA G1,third,,TLSv1.3,True
americanas.com.br,"GoDaddy.com, Inc. Go Daddy Secure Certificate Authority - G2",third,,TLSv1.3,True
americanexpress.com,DigiCert Inc DigiCert Global G2 TLS RSA SHA256 2020 CA1,third,,TLSv1.3,True
americantrucks.com,Google Trust Services WE1,third,,TLSv1.3,True
amoad.com,Sectigo Limited Sectigo Public Server Authentication CA DV R36,third,,TLSv1.3,True
amocrm.ru,"GoDaddy.com, Inc. Go Daddy Secure Certificate Authority - G2",third,,TLSv1.3,True
amp-endpoint2.com,unknown,unknown,,unknown,False
amp-endpoint3.com,unknown,unknown,,unknown,False
ampaeservices.com,unknown,unknown,,unknown,False
amperwave.net,Amazon Amazon RSA 2048 M04,third,,TLSv1.3,True
amplience.net,unknown,unknown,,unknown,False
amplifyapp.com,unknown,unknown,,unknown,False
amplitude.com,Amazon Amazon RSA 2048 M04,third,,TLSv1.2,True
amplreq.com,unknown,unknown,,unknown,False
ampproject.net,Google Trust Services WE2,third,,TLSv1.3,True
ampproject.org,Google Trust Services WE2,private,,TLSv1.3,True
amsoveasea.com,unknown,unknown,,unknown,False
amspbs.com,Let's Encrypt YR2,third,,TLSv1.3,True
amung.us,Google Trust Services WE1,third,,TLSv1.3,True
amx1.net,Google Trust Services WE1,third,,TLSv1.3,True
amxrtb.com,Amazon Amazon RSA 2048 M01,third,,TLSv1.3,True
amzn.asia,Amazon Amazon RSA 2048 M04,third,,TLSv1.3,True
amzn.eu,Amazon Amazon RSA 2048 M01,third,,TLSv1.3,True
ana.co.jp,DigiCert Inc GeoTrust TLS RSA CA G1,third,,TLSv1.2,True
analytics-egain.com,unknown,unknown,,unknown,False
ancestry.com,Google Trust Services WE1,third,,TLSv1.3,True
andbeyond.media,"Starfield Technologies, Inc. Starfield Secure Certificate Authority - G2",third,,TLSv1.2,True
android.com,Google Trust Services WE2,private,,TLSv1.3,True
angelone.in,DigiCert Inc GeoTrust TLS RSA CA G1,third,,TLSv1.3,True
angi.com,Google Trust Services WE1,third,,TLSv1.3,True
anilist.co,Google Trust Services WE1,third,,TLSv1.3,True
anirena.com,Google Trust Services WE1,third,,TLSv1.3,True
aniview.com,Amazon Amazon RSA 2048 M01,third,,TLSv1.3,True
anjuke.com,GlobalSign nv-sa GlobalSign RSA OV SSL CA 2018,third,,TLSv1.3,True
anker-in.com,Let's Encrypt YE1,third,,TLSv1.3,True
anker.com,Let's Encrypt E8,third,,TLSv1.3,True
ankr.com,Amazon Amazon RSA 2048 M04,third,,TLSv1.3,True
anlian.co,unknown,unknown,,unknown,False
anm.co.uk,abe Mailonline,unknown,,TLSv1.3,True
announcekit.app,Amazon Amazon RSA 2048 M01,third,,TLSv1.2,True
announcekit.co,Amazon Amazon RSA 2048 M01,third,,TLSv1.2,True
anonm.io,Google Trust Services WR3,third,,TLSv1.3,True
anonymised.io,Google Trust Services WR3,third,,TLSv1.3,True
anota.ai,Google Trust Services WE1,third,,TLSv1.3,True
antaranews.com,Sectigo Limited Sectigo Public Server Authentication CA DV R36,third,,TLSv1.3,True
antgain.app,Let's Encrypt YR2,third,,TLSv1.3,True
anthill.farm,Let's Encrypt E8,third,,TLSv1.2,True
anthropic.com,Let's Encrypt YE2,third,,TLSv1.3,True
anthropologie.com,Google Trust Services WR3,third,,TLSv1.3,True
antibanads.com,unknown,unknown,,unknown,False
anticheatexpert.com,GlobalSign nv-sa GlobalSign Atlas R3 OV TLS CA 2026 Q2,third,,TLSv1.2,True
antigravity-unleash.goog,Google Trust Services WR3,third,,TLSv1.3,True
antpeak.com,Google Trust Services WE1,third,,TLSv1.3,True
antpool.com,GlobalSign nv-sa GlobalSign GCC R3 DV TLS CA 2020,third,,TLSv1.2,True
anu.edu.au,Sectigo Limited Sectigo Public Server Authentication CA OV R36,third,,TLSv1.2,True
anuytzc.xyz,unknown,unknown,,unknown,False
anwb.nl,Let's Encrypt YE1,third,,TLSv1.3,True
anyclip.com,GoDaddy.com GoDaddy TLS Intermediate CA DV - R1v1,third,,TLSv1.3,True
anydesk.com,Google Trust Services WE1,third,,TLSv1.3,True
anymind360.com,Amazon Amazon RSA 2048 M04,third,,TLSv1.3,True
anyrtb.com,unknown,unknown,,unknown,False
anythinktech.com,unknown,unknown,,unknown,False
anywhereworks.com,Google Trust Services WR3,third,,TLSv1.3,True
anz.com,GlobalSign nv-sa GlobalSign Atlas R46 DV TLS CA 2026 Q2,third,,TLSv1.3,True
anzu-us.com,unknown,unknown,,unknown,False
aol.com,Amazon Amazon RSA 2048 M01,third,,TLSv1.3,True
aoneroom.com,unknown,unknown,,unknown,False
aosulife.com,Let's Encrypt YE2,third,,TLSv1.3,True
ap.gov.in,unknown,unknown,,unknown,False
ap4r.com,GlobalSign nv-sa GlobalSign GCC R3 DV TLS CA 2020,third,,TLSv1.2,True
apache.org,Let's Encrypt YR1,third,,TLSv1.3,True
aparat.com,Asseco Data Systems S.A. Certum DV TLS G2 R39 CA,third,,TLSv1.3,True
apartments.com,DigiCert Inc DigiCert Global G3 TLS ECC SHA384 2020 CA1,third,,TLSv1.3,True
apdcdn.com,infrastructure,infrastructure,,unknown,False
api-dc-prod-008.cyou,Let's Encrypt YE1,third,,TLSv1.3,True
api-dc2-prod-08.cyou,Let's Encrypt YE1,third,,TLSv1.3,True
api-sports.io,Let's Encrypt YE2,third,,TLSv1.3,True
api-taboola.com,DigiCert Inc DigiCert Global G2 TLS RSA SHA256 2020 CA1,third,,TLSv1.3,True
api.aws,unknown,unknown,,unknown,False
apibay.org,Google Trust Services WE1,third,,TLSv1.3,True
apiblink.ru,Let's Encrypt YR1,third,,TLSv1.3,True
apicgate.com,unknown,unknown,,unknown,False
apify.com,Amazon Amazon RSA 2048 M04,third,,TLSv1.3,True
apigee.net,unknown,unknown,,unknown,False
apiok.net,unknown,unknown,,unknown,False
apitd.net,unknown,unknown,,unknown,False
apkomega.com,unknown,unknown,,unknown,False
apkpure.com,Sectigo Limited Sectigo Public Server Authentication CA DV R36,third,,TLSv1.3,True
apkpure.net,Google Trust Services WE1,third,,TLSv1.3,True
apktorrents.com,unknown,unknown,,unknown,False
apl-alexa.com,unknown,unknown,,unknown,False
aplo-evnt.com,Google Trust Services WE1,third,,TLSv1.3,True
apnews.com,Let's Encrypt YE2,third,,TLSv1.3,True
apnic.net,Let's Encrypt YR1,third,,TLSv1.3,True
apollo.io,Let's Encrypt YE1,third,,TLSv1.3,True
apotube.com,unknown,unknown,,unknown,False
app-ads-services.com,Google Trust Services WE2,third,,TLSv1.3,True
app-analytics-services-att.com,Google Trust Services WE2,third,,TLSv1.3,True
app-analytics-services.com,Google Trust Services WE2,third,,TLSv1.3,True
app-measurement.com,Google Trust Services WE2,private,,TLSv1.3,True
app-us1.com,Google Trust Services WE1,third,,TLSv1.3,True
app.br,unknown,unknown,,unknown,False
app.delivery,unknown,unknown,,unknown,False
app.link,Amazon Amazon RSA 2048 M01,third,,TLSv1.3,True
appbaqend.com,"GoDaddy.com, Inc. Go Daddy Secure Certificate Authority - G2",third,,TLSv1.3,True
appboy.com,GlobalSign nv-sa GlobalSign Atlas R3 DV TLS CA 2026 Q1,third,,TLSv1.2,True
appboycdn.com,infrastructure,infrastructure,,unknown,False
appcenter.ms,Microsoft Corporation Microsoft TLS G2 RSA CA OCSP 02,third,,TLSv1.3,True
appconsent.io,Let's Encrypt YR1,third,,TLSv1.3,True
appcpi.net,unknown,unknown,,unknown,False
appcues.com,Google Trust Services WE1,third,,TLSv1.3,True
appcues.net,unknown,unknown,,unknown,False
appdomain.cloud,unknown,unknown,,unknown,False
appdome.com,Amazon Amazon RSA 2048 M01,third,,TLSv1.3,True
appdynamics.com,DigiCert Inc DigiCert Global G2 TLS RSA SHA256 2020 CA1,third,,TLSv1.2,True
appexnw.com,Google Trust Services WE1,third,,TLSv1.3,True
appgenradio.com,unknown,unknown,,unknown,False
appier.net,Google Trust Services WR3,third,,TLSv1.3,True
appiersig.com,unknown,unknown,,unknown,False
apple-cloudkit.com,unknown,unknown,,unknown,False
apple-dns.cn,infrastructure,infrastructure,,unknown,False
apple-dns.net,infrastructure,infrastructure,,unknown,False
apple-mapkit.com,unknown,unknown,,unknown,False
apple-studies.com,unknown,unknown,,unknown,False
apple.com,Apple Inc. Apple Public EV Server ECC CA 1 - G1,private,,TLSv1.3,True
apple.com.cn,Apple Inc. Apple Public Server ECC CA 1 - G1,private,,TLSv1.3,True
apple.news,Apple Inc. Apple Public Server RSA CA 11 - G1,private,,TLSv1.2,True
appleiphonecell.com,Apple Inc. Apple Public Server RSA CA 1 - G1,private,,TLSv1.3,True
applilink.jp,DigiCert Inc GeoTrust TLS RSA CA G1,third,,TLSv1.3,True
applovin.com,Google Trust Services WR3,third,,TLSv1.3,True
applvn.com,unknown,unknown,,unknown,False
appmate.io,Google Trust Services WR3,third,,TLSv1.3,True
appnext.com,Google Trust Services WE1,third,,TLSv1.3,True
appnexusgslb.com,unknown,unknown,,unknown,False
appodeal.com,"GoDaddy.com, Inc. Go Daddy Secure Certificate Authority - G2",third,,TLSv1.3,True
approov.io,Let's Encrypt YE2,third,,TLSv1.3,True
approovr.io,unknown,unknown,,unknown,False
apps.mil,unknown,unknown,,unknown,False
appsdevlab.com,Let's Encrypt YR1,third,,TLSv1.3,True
appsflyer.com,Amazon Amazon RSA 2048 M04,third,,TLSv1.2,True
appsflyersdk.com,Amazon Amazon RSA 2048 M02,third,,TLSv1.3,True
appsmb.com,unknown,unknown,,unknown,False
appsolve.io,Google Trust Services WE1,third,,TLSv1.3,True
appspot.com,Google Trust Services WE2,private,,TLSv1.3,True
appstor.io,Let's Encrypt YE1,third,,TLSv1.3,True
apptentive.com,Google Trust Services WE1,third,,TLSv1.3,True
apptimize.com,Let's Encrypt YR1,third,,TLSv1.3,True
apptracer.ru,Hellenic Academic and Research Institutions CA HARICA DV TLS RSA,third,,TLSv1.3,True
apsystemsema.com,Amazon Amazon RSA 2048 M01,third,,TLSv1.3,True
aptoide.com,Amazon Amazon RSA 2048 M04,third,,TLSv1.2,True
aptrinsic.com,DigiCert Inc RapidSSL TLS RSA CA G1,third,,TLSv1.3,True
apxor.com,Let's Encrypt R12,third,,TLSv1.3,True
aqara.com,"DNSPod, Inc. DNSPod DV TLS RSA CA 2025",third,,TLSv1.3,True
aralego.com,DigiCert Inc Thawte TLS RSA CA G1,third,,TLSv1.2,True
arastirmax.com,Google Trust Services WE1,third,,TLSv1.3,True
arbitrum.io,Let's Encrypt YE2,third,,TLSv1.3,True
arc-cdn.net,infrastructure,infrastructure,,unknown,False
arc-dns.net,unknown,unknown,,unknown,False
arc-msedge.net,unknown,unknown,,unknown,False
arcgis.com,Amazon Amazon RSA 2048 M01,third,,TLSv1.3,True
arcgisonline.com,Amazon Amazon RSA 2048 M01,third,,TLSv1.3,True
archive-digger.com,DigiCert Inc DigiCert Global G2 TLS RSA SHA256 2020 CA1,third,,TLSv1.3,True
archive.org,"GoDaddy.com, Inc. Go Daddy Secure Certificate Authority - G2",third,,TLSv1.3,True
archiveofourown.gay,Google Trust Services WE1,third,,TLSv1.3,True
archiveofourown.org,Google Trust Services WE1,third,,TLSv1.3,True
archlinux.org,Let's Encrypt YE2,third,,TLSv1.3,True
arcor.de,DigiCert Inc DigiCert Global G2 TLS RSA SHA256 2020 CA1,third,,TLSv1.3,True
arcpublishing.com,Amazon Amazon RSA 2048 M01,third,,TLSv1.3,True
arcticwolf.net,DigiCert Inc RapidSSL TLS RSA CA G1,third,,TLSv1.3,True
ard-mcdn.de,infrastructure,infrastructure,,unknown,False
ard.de,Google Trust Services WR3,third,,TLSv1.3,True
ardmediathek.de,Google Trust Services WR3,third,,TLSv1.3,True
arduino.cc,Amazon Amazon RSA 2048 M01,third,,TLSv1.3,True
arena.im,Google Trust Services WE1,third,,TLSv1.3,True
arenabg.com,Amazon Amazon RSA 2048 M01,third,,TLSv1.3,True
arenasport.com,Let's Encrypt YR1,third,,TLSv1.3,True
argos.co.uk,Sectigo Limited Sectigo Public Server Authentication CA OV R36,third,,TLSv1.3,True
argotunnel.com,unknown,unknown,,unknown,False
ariat-tech.com,Let's Encrypt YR2,third,,TLSv1.3,True
ariba.com,DigiCert Inc DigiCert Global G2 TLS RSA SHA256 2020 CA1,third,,TLSv1.3,True
arin.net,DigiCert Inc DigiCert Global G2 TLS RSA SHA256 2020 CA1,third,,TLSv1.3,True
arity.com,Let's Encrypt YR1,third,,TLSv1.3,True
arkoselabs.com,Amazon Amazon RSA 2048 M04,third,,TLSv1.3,True
arlo.com,DigiCert Inc DigiCert Global G2 TLS RSA SHA256 2020 CA1,third,,TLSv1.3,True
arloxcld.com,unknown,unknown,,unknown,False
arm-msedge.net,unknown,unknown,,unknown,False
armdb.org,Let's Encrypt YE2,third,,TLSv1.2,True
army.mil,IdenTrust HydrantID Server CA O1,third,,TLSv1.3,True
arpanet.jp,unknown,unknown,,unknown,False
arstechnica.com,Amazon Amazon RSA 2048 M04,third,,TLSv1.2,True
arte.tv,Corporation Service Company Corporation Service Company RSA OV SSL CA 2,third,,TLSv1.3,True
articulate.com,Amazon Amazon RSA 2048 M04,third,,TLSv1.3,True
artillex-studios.com,Google Trust Services WE1,third,,TLSv1.3,True
artixlinux.org,Google Trust Services WE1,third,,TLSv1.3,True
artlist.io,Google Trust Services WE1,third,,TLSv1.3,True
artnet.com,Sectigo Limited Sectigo Public Server Authentication CA DV R36,third,,TLSv1.3,True
artstation.com,Google Trust Services WE1,third,,TLSv1.3,True
arttrk.com,Amazon Amazon RSA 2048 M01,third,,TLSv1.2,True
aruba.it,Actalis S.p.A. Actalis Organization Validated Server CA G3,third,,TLSv1.2,True
arubainstanton.com,DigiCert Inc DigiCert Global G2 TLS RSA SHA256 2020 CA1,third,,TLSv1.3,True
arubanetworks.com,DigiCert Inc DigiCert Global G2 TLS RSA SHA256 2020 CA1,third,,TLSv1.3,True
arxiv.org,Certainly Certainly Intermediate R1,third,,TLSv1.3,True
as.com,Let's Encrypt R13,third,,TLSv1.3,True
asana.com,Let's Encrypt YE1,third,,TLSv1.3,True
asapsemi.com,Amazon Amazon RSA 2048 M04,third,,TLSv1.2,True
ascelibrary.org,Google Trust Services WE1,third,,TLSv1.3,True
asics.com,Amazon Amazon RSA 2048 M04,third,,TLSv1.3,True
asizv.click,unknown,unknown,,unknown,False
ask.com,Let's Encrypt YR1,third,,TLSv1.3,True
askdiandian.com,"DNSPod, Inc. DNSPod DV TLS RSA CA 2025",third,,TLSv1.3,True
askfilo.com,Amazon Amazon RSA 2048 M04,third,,TLSv1.3,True
asm.org,GoDaddy.com GoDaddy TLS Intermediate CA DV - R1v1,third,,TLSv1.3,True
asnapieu.com,unknown,unknown,,unknown,False
asos.com,DigiCert Inc DigiCert Global G3 TLS ECC SHA384 2020 CA1,third,,TLSv1.3,True
aspendiscovery.org,Google Trust Services WE1,third,,TLSv1.3,True
aspnetcdn.com,infrastructure,infrastructure,,unknown,False
assemblyexchange.com,Let's Encrypt R12,third,,TLSv1.3,True
assertcom.de,Let's Encrypt YR2,third,,TLSv1.3,True
assets-yammer.com,unknown,unknown,,unknown,False
assetsconfigcdn.org,infrastructure,infrastructure,,unknown,False
asterdex.com,Amazon Amazon RSA 2048 M04,third,,TLSv1.3,True
astockcdn.net,infrastructure,infrastructure,,unknown,False
astrodsp.com,unknown,unknown,,unknown,False
asu.edu,Let's Encrypt YE2,third,,TLSv1.3,True
asurascans.com,Google Trust Services WE1,third,,TLSv1.3,True
asus.com,Sectigo Limited Sectigo Public Server Authentication CA OV R36,third,,TLSv1.3,True
asuscomm.com,Sectigo Limited Sectigo Public Server Authentication CA OV R36,third,,TLSv1.3,True
aswpsdkus.com,Google Trust Services WR3,third,,TLSv1.3,True
at-o.net,unknown,unknown,,unknown,False
atera.com,Google Trust Services WE1,third,,TLSv1.3,True
aternity.com,Amazon Amazon RSA 2048 M04,third,,TLSv1.3,True
aternos.me,unknown,unknown,,unknown,False
aternos.org,Google Trust Services WE1,third,,TLSv1.3,True
athena.io,unknown,unknown,,unknown,False
athenahealth.com,Sectigo Limited Sectigo Public Server Authentication CA OV R36,third,,TLSv1.3,True
athwartwhoafat.com,Google Trust Services WE1,third,,TLSv1.3,True
aticdn.net,infrastructure,infrastructure,,unknown,False
atidevs.com,unknown,unknown,,unknown,False
atl-paas.net,Amazon Amazon ECDSA 256 M01,third,,TLSv1.3,True
atlassian-dev.net,unknown,unknown,,unknown,False
atlassian.com,Amazon Amazon RSA 2048 M01,third,,TLSv1.3,True
atlassian.net,Amazon Amazon RSA 2048 M04,third,,TLSv1.3,True
atmailcloud.com,unknown,unknown,,unknown,False
atmnd.com,unknown,unknown,,unknown,False
atmndx.com,unknown,unknown,,unknown,False
atmtd.com,unknown,unknown,,unknown,False
atom.com,Google Trust Services WE1,third,,TLSv1.3,True
atoma.cloud,unknown,unknown,,unknown,False
atomex.net,Let's Encrypt YR2,third,,TLSv1.3,True
atomicwallet.io,Let's Encrypt YE2,third,,TLSv1.3,True
atomile.com,DigiCert Inc RapidSSL TLS RSA CA G1,third,,TLSv1.3,True
atp.fox,unknown,unknown,,unknown,False
atsptp.com,Let's Encrypt YE1,third,,TLSv1.3,True
att-idns.net,unknown,unknown,,unknown,False
att.com,DigiCert Inc DigiCert Global G2 TLS RSA SHA256 2020 CA1,third,,TLSv1.2,True
att.net,DigiCert Inc DigiCert Global G2 TLS RSA SHA256 2020 CA1,third,,TLSv1.2,True
attentionxyz.com,Amazon Amazon RSA 2048 M01,third,,TLSv1.3,True
attentivemobile.com,Google Trust Services WE1,third,,TLSv1.3,True
attheraces.com,"GoDaddy.com, Inc. Go Daddy Secure Certificate Authority - G2",third,,TLSv1.3,True
attn.tv,Google Trust Services WE1,third,,TLSv1.3,True
auappservice.com,unknown,unknown,,unknown,False
auction.co.kr,DigiCert Inc DigiCert Global G2 TLS RSA SHA256 2020 CA1,third,,TLSv1.2,True
auctor.tv,Let's Encrypt E8,third,,TLSv1.3,True
audible.co.uk,Amazon Amazon RSA 2048 M01,third,,TLSv1.2,True
audible.com,Amazon Amazon RSA 2048 M04,private,,TLSv1.3,True
audible.com.br,Amazon Amazon RSA 2048 M04,third,,TLSv1.2,True
audioeye.com,Amazon Amazon RSA 2048 M01,third,,TLSv1.3,True
audiomack.com,Amazon Amazon RSA 2048 M04,third,,TLSv1.3,True
audioscrobbler.com,Let's Encrypt YE2,third,,TLSv1.3,True
audrte.com,Google Trust Services WR3,third,,TLSv1.3,True
august.com,Let's Encrypt R13,third,,TLSv1.3,True
austlii.edu.au,Let's Encrypt YE1,third,,TLSv1.3,True
autel.com,WoTrus CA Limited WoTrus RSA OV SSL CA 2,third,,TLSv1.3,True
auteltech.net,"DigiCert, Inc. GeoTrust G2 TLS CN RSA4096 SHA256 2022 CA1",third,,TLSv1.2,True
auth0.com,Let's Encrypt YE1,third,,TLSv1.3,True
auth0app.com,unknown,unknown,,unknown,False
authorizedvault.com,Google Trust Services WR3,third,,TLSv1.3,True
auto.ru,GlobalSign nv-sa GlobalSign GCC R3 DV TLS CA 2020,third,,TLSv1.3,True
autodesk.com,Amazon Amazon RSA 2048 M04,third,,TLSv1.3,True
autoelevate.com,Let's Encrypt YR2,third,,TLSv1.3,True
autohome.com.cn,"DigiCert, Inc. DigiCert Secure Site OV G2 TLS CN RSA4096 SHA256 2022 CA1",third,,TLSv1.2,True
autoimg.cn,"DigiCert, Inc. DigiCert Secure Site OV G2 TLS CN RSA4096 SHA256 2022 CA1",third,,TLSv1.2,True
automizely-analytics.com,Let's Encrypt YR1,third,,TLSv1.3,True
automizely.com,Let's Encrypt YE2,third,,TLSv1.3,True
automox.com,Let's Encrypt YE1,third,,TLSv1.3,True
autonavi.com,GlobalSign nv-sa GlobalSign GCC R3 OV TLS CA 2024,third,,TLSv1.2,True
autorefresh.io,Google Trust Services WE1,third,,TLSv1.3,True
autoscout24.com,Amazon Amazon RSA 2048 M01,third,,TLSv1.3,True
autoscout24.net,unknown,unknown,,unknown,False
autotrader.com,Let's Encrypt YE2,third,,TLSv1.3,True
autozone.com,DigiCert Inc DigiCert Global G3 TLS ECC SHA384 2020 CA1,third,,TLSv1.3,True
auvik.com,Google Trust Services WE1,third,,TLSv1.3,True
av380.net,WoTrus CA Limited WoTrus OV Server CA  [Run by the Issuer],third,,TLSv1.2,True
avada.io,Google Trust Services WE1,third,,TLSv1.3,True
avads.net,Google Trust Services WR3,third,,TLSv1.3,True
avasecurity.com,GlobalSign nv-sa GlobalSign RSA OV SSL CA 2018,third,,TLSv1.3,True
avast.com,Sectigo Limited Sectigo Public Server Authentication CA OV R36,third,,TLSv1.3,True
avastbrowser.com,Google Trust Services WE1,third,,TLSv1.3,True
avcdn.net,infrastructure,infrastructure,,unknown,False
avct.cloud,unknown,unknown,,unknown,False
avg.com,Sectigo Limited Sectigo Public Server Authentication CA OV E36,third,,TLSv1.2,True
avgbrowser.com,Google Trust Services WE1,third,,TLSv1.3,True
avianca.com,DigiCert Inc DigiCert Global G3 TLS ECC SHA384 2020 CA1,third,,TLSv1.3,True
aviasales.com,Amazon Amazon RSA 2048 M04,third,,TLSv1.3,True
aviationweather.gov,DigiCert Inc GeoTrust TLS RSA CA G1,third,,TLSv1.3,True
avid.com,Google Trust Services WE1,third,,TLSv1.3,True
avigilon.com,GlobalSign nv-sa GlobalSign Atlas R46 DV TLS CA 2026 Q2,third,,TLSv1.3,True
avira.com,Let's Encrypt YR1,third,,TLSv1.3,True
avira.net,Let's Encrypt YR2,third,,TLSv1.3,True
avisynth.nl,Let's Encrypt YE2,third,,TLSv1.3,True
avito.ru,GlobalSign nv-sa GlobalSign RSA OV SSL CA 2018,third,,TLSv1.3,True
avito.st,GlobalSign nv-sa GlobalSign RSA OV SSL CA 2018,third,,TLSv1.3,True
avlyun.com,"DigiCert, Inc. GeoTrust G2 TLS CN RSA4096 SHA256 2022 CA1",third,,TLSv1.2,True
avplayer.com,DigiCert Inc GeoTrust TLS RSA CA G1,third,,TLSv1.3,True
avs.io,Amazon Amazon RSA 2048 M04,third,,TLSv1.3,True
avsxappcaptiveportal.com,unknown,unknown,,unknown,False
avsystem.cloud,Google Trust Services WE1,third,,TLSv1.3,True
awardpongsur.org,unknown,unknown,,unknown,False
awdeliverynet.com,"GoDaddy.com, Inc. Go Daddy Secure Certificate Authority - G2",unknown,,TLSv1.3,True
awin1.com,Amazon Amazon RSA 2048 M04,third,,TLSv1.3,True
awmcdn.net,infrastructure,infrastructure,,unknown,False
awmdm.com,unknown,unknown,,unknown,False
aws-prd.net,unknown,unknown,,unknown,False
aws-thinq-prd.net,unknown,unknown,,unknown,False
aws.com,Amazon Amazon RSA 2048 M04,third,,TLSv1.3,True
aws.dev,unknown,unknown,,unknown,False
awsapprunner.com,unknown,unknown,,unknown,False
awsapps.com,Amazon Amazon RSA 2048 M01,third,,TLSv1.3,True
awsdns-03.com,unknown,unknown,,unknown,False
awsglobalaccelerator.com,unknown,unknown,,unknown,False
awsstatic.com,unknown,unknown,,unknown,False
awstrack.me,unknown,unknown,,unknown,False
awswaf.com,unknown,unknown,,unknown,False
awxcdn.com,infrastructure,infrastructure,,unknown,False
ax-dc-msedge.net,unknown,unknown,,unknown,False
ax-msedge.net,unknown,unknown,,unknown,False
axept.io,Google Trust Services WE1,third,,TLSv1.3,True
axiom.co,Let's Encrypt YR2,third,,TLSv1.3,True
axiom.trade,Google Trust Services WE1,third,,TLSv1.3,True
axiombid.com,Google Trust Services WE1,third,,TLSv1.3,True
axis-marketplace.com,"GoDaddy.com, Inc. Go Daddy Secure Certificate Authority - G2",third,,TLSv1.2,True
axis.com,DigiCert Inc DigiCert Global G2 TLS RSA SHA256 2020 CA1,third,,TLSv1.2,True
axon.ai,Google Trust Services WR3,third,,TLSv1.3,True
axonix.com,Amazon Amazon RSA 2048 M04,third,,TLSv1.3,True
axonixgrid.com,unknown,unknown,,unknown,False
axs.com,Amazon Amazon RSA 2048 M01,third,,TLSv1.3,True
ay.delivery,Google Trust Services WE1,third,,TLSv1.3,True
ayads.co,Google Trust Services WE1,third,,TLSv1.3,True
aylanetworks.com,Let's Encrypt YR2,third,,TLSv1.3,True
azbyka.ru,Let's Encrypt YR1,third,,TLSv1.3,True
azerion.com,Google Trust Services WE1,third,,TLSv1.3,True
azhkthg1.net,unknown,unknown,,unknown,False
azioncdn.net,infrastructure,infrastructure,,unknown,False
azionedge.com,GlobalSign nv-sa GlobalSign ECC CloudSSL CA - SHA384 - G3,third,,TLSv1.3,True
azionedge.net,GlobalSign nv-sa GlobalSign ECC CloudSSL CA - SHA384 - G3,third,,TLSv1.3,True
aznude.com,Google Trust Services WE1,third,,TLSv1.3,True
azure-api.net,unknown,unknown,,unknown,False
azure-apim.net,unknown,unknown,,unknown,False
azure-devices-provisioning.net,unknown,unknown,,unknown,False
azure-devices.net,unknown,unknown,,unknown,False
azure-dns.com,unknown,unknown,,unknown,False
azure-dns.info,unknown,unknown,,unknown,False
azure-dns.net,unknown,unknown,,unknown,False
azure-dns.org,unknown,unknown,,unknown,False
azure.cn,"DigiCert, Inc. DigiCert Basic OV G2 TLS CN RSA4096 SHA256 2022 CA1",third,,TLSv1.3,True
azure.com,Microsoft Corporation Microsoft TLS G2 RSA CA OCSP 04,private,,TLSv1.3,True
azure.net,Microsoft Corporation Microsoft TLS G2 RSA CA OCSP 04,third,,TLSv1.3,True
azure.us,unknown,unknown,,unknown,False
azurecontainerapps.io,Microsoft Corporation Microsoft TLS G2 RSA CA OCSP 04,third,,TLSv1.3,True
azurecr.io,Microsoft Corporation Microsoft TLS G2 RSA CA OCSP 16,unknown,,TLSv1.3,True
azuredatabricks.net,DigiCert Inc DigiCert Global G2 TLS RSA SHA256 2020 CA1,third,,TLSv1.3,True
azureedge.net,Microsoft Corporation Microsoft TLS G2 ECC CA OCSP 02,private,,TLSv1.3,True
azureedge.us,unknown,unknown,,unknown,False
azurefd.net,Microsoft Corporation Microsoft TLS G2 ECC CA OCSP 02,third,,TLSv1.3,True
azurefd.us,DigiCert Inc DigiCert Global G2 TLS RSA SHA256 2020 CA1,third,,TLSv1.3,True
azurerms.com,unknown,unknown,,unknown,False
azurestaticapps.net,Microsoft Corporation Microsoft TLS G2 RSA CA OCSP 10,third,,TLSv1.3,True
azurewebsites.net,unknown,unknown,,unknown,False
b-cdn.net,infrastructure,infrastructure,,unknown,False
b-dc-msedge.net,unknown,unknown,,unknown,False
b-msedge.net,unknown,unknown,,unknown,False
b.br,unknown,unknown,,unknown,False
b2bdxp.com,unknown,unknown,,unknown,False
b2c.com,unknown,unknown,,unknown,False
b2clogin.com,DigiCert Inc DigiCert Global G2 TLS RSA SHA256 2020 CA1,third,,TLSv1.3,True
b7510.com,unknown,unknown,,unknown,False
bab.la,Google Trust Services WE1,third,,TLSv1.3,True
bablosoft.com,Let's Encrypt YR1,third,,TLSv1.2,True
babybus.com,GlobalSign nv-sa GlobalSign GCC R3 DV TLS CA 2020,third,,TLSv1.2,True
babycenter.com,Amazon Amazon RSA 2048 M01,third,,TLSv1.2,True
bac.com,unknown,unknown,,unknown,False
bacchiccupule.qpon,unknown,unknown,,unknown,False
backblaze.com,Google Trust Services WE1,third,,TLSv1.3,True
backblazeb2.com,Let's Encrypt YR2,third,,TLSv1.3,True
backreference.org,unknown,unknown,,unknown,False
backtrace.io,Let's Encrypt R12,third,,TLSv1.3,True
badambiz.com,DigiCert Inc RapidSSL TLS RSA CA G1,third,,TLSv1.2,True
badoo.com,Let's Encrypt YR1,third,,TLSv1.3,True
badoocdn.com,infrastructure,infrastructure,,unknown,False
bagankeyboard.com,Google Trust Services WE1,third,,TLSv1.3,True
bahn.de,Amazon Amazon RSA 2048 M04,third,,TLSv1.3,True
baidu.com,GlobalSign nv-sa GlobalSign RSA OV SSL CA 2018,third,,TLSv1.2,True
baifentan.com,unknown,unknown,,unknown,False
baike.com,DigiCert Inc RapidSSL TLS RSA CA G1,third,,TLSv1.3,True
baishan-cloud.net,unknown,unknown,,unknown,False
bale.ai,Unizeto Technologies S.A. Certum Domain Validation CA SHA2,third,,TLSv1.3,True
balena-cloud.com,Google Trust Services WE1,third,,TLSv1.3,True
baliusuperapp.xyz,Google Trust Services WE1,third,,TLSv1.3,True
bamboohr.com,Google Trust Services WE1,third,,TLSv1.3,True
bambulab.com,DigiCert Inc Encryption Everywhere DV TLS CA - G2,third,,TLSv1.3,True
bambuser.com,Amazon Amazon RSA 2048 M01,third,,TLSv1.3,True
bamgrid.com,unknown,unknown,,unknown,False
bamlabs.com,Amazon Amazon RSA 2048 M01,third,,TLSv1.3,True
bance.jp,unknown,unknown,,unknown,False
banco.bradesco,DigiCert Inc DigiCert Global G2 TLS RSA SHA256 2020 CA1,third,,TLSv1.3,True
bancobrasil.com.br,DigiCert Inc GeoTrust EV RSA CA G2,third,,TLSv1.3,True
bancointer.com.br,Amazon Amazon RSA 2048 M01,third,,TLSv1.3,True
bancopan.com.br,DigiCert Inc GeoTrust TLS RSA CA G1,third,,TLSv1.3,True
bancosantander.es,GlobalSign nv-sa GlobalSign Atlas R46 DV TLS CA 2026 Q2,third,,TLSv1.3,True
band.us,DigiCert Inc DigiCert Global G3 TLS ECC SHA384 2020 CA1,third,,TLSv1.3,True
bandcamp.com,GlobalSign nv-sa GlobalSign Atlas R3 DV TLS CA 2026 Q2,third,,TLSv1.3,True
bandlab.com,Amazon Amazon RSA 2048 M01,third,,TLSv1.3,True
bandsintown.com,Amazon Amazon RSA 2048 M01,third,,TLSv1.2,True
bangcdn.net,infrastructure,infrastructure,,unknown,False
banggood.com,"TrustAsia Technologies, Inc. TrustAsia TLS Pro RSA CA 2025",third,,TLSv1.2,True
bangumi.moe,Google Trust Services WE1,third,,TLSv1.3,True
bank.in,unknown,unknown,,unknown,False
bankmandiri.co.id,DigiCert Inc DigiCert EV RSA CA G2,third,,TLSv1.3,True
bankofamerica.com,DigiCert Inc DigiCert EV RSA CA G2,third,,TLSv1.3,True
bannerflow.net,unknown,unknown,,unknown,False
banyanops.com,Amazon Amazon RSA 2048 M01,third,,TLSv1.3,True
baomoi.com,DigiCert Inc DigiCert Global G3 TLS ECC SHA384 2020 CA1,third,,TLSv1.3,True
baqend.com,Let's Encrypt YR2,third,,TLSv1.3,True
barchart.com,Amazon Amazon RSA 2048 M01,third,,TLSv1.3,True
barclays.co.uk,DigiCert Inc DigiCert EV RSA CA G2,third,,TLSv1.3,True
bark.us,Amazon Amazon RSA 2048 M01,third,,TLSv1.3,True
barnesandnoble.com,Let's Encrypt YE2,third,,TLSv1.3,True
barracuda.com,Let's Encrypt YR1,third,,TLSv1.3,True
barracudacentral.org,Amazon Amazon RSA 2048 M04,third,,TLSv1.2,True
barracudanetworks.com,Let's Encrypt YR2,third,,TLSv1.3,True
base.org,Google Trust Services WE1,third,,TLSv1.3,True
base44.app,Let's Encrypt YR2,third,,TLSv1.3,True
basecamp.com,Google Trust Services WE1,third,,TLSv1.3,True
baseten.co,Let's Encrypt YR2,third,,TLSv1.3,True
basf.com,Amazon Amazon RSA 2048 M04,third,,TLSv1.3,True
basictrackr.com,Let's Encrypt R13,third,,TLSv1.2,True
basis.net,Let's Encrypt YE1,third,,TLSv1.3,True
batch.com,Let's Encrypt YR1,third,,TLSv1.3,True
batdongsan.com.vn,Google Trust Services WE1,third,,TLSv1.3,True
battle.net,Amazon Amazon RSA 2048 M01,third,,TLSv1.2,True
battleye.com,Google Trust Services WE1,third,,TLSv1.3,True
bazaarvoice.com,Let's Encrypt YR2,third,,TLSv1.3,True
bb.com.br,DigiCert Inc GeoTrust EV RSA CA G2,third,,TLSv1.3,True
bbb.org,Google Trust Services WE1,third,,TLSv1.3,True
bbc.co.uk,GlobalSign nv-sa GlobalSign RSA OV SSL CA 2018,third,,TLSv1.3,True
bbc.com,GlobalSign nv-sa GlobalSign RSA OV SSL CA 2018,third,,TLSv1.3,True
bbci.co.uk,unknown,unknown,,unknown,False
bblmw.com,DigiCert Inc RapidSSL TLS RSA CA G1,third,,TLSv1.3,True
bbox.fr,Sectigo Limited Sectigo Public Server Authentication CA OV R36,third,,TLSv1.3,True
bbtgz.cn,Acme Co Kubernetes Ingress Controller Fake Certificate,unknown,,TLSv1.3,True
bbvms.com,Amazon Amazon RSA 2048 M04,third,,TLSv1.3,True
bbystatic.com,unknown,unknown,,unknown,False
bc-sys.com,unknown,unknown,,unknown,False
bc.ca,unknown,unknown,,unknown,False
bc0a.com,Google Trust Services WR3,third,,TLSv1.3,True
bcb.gov.br,DigiCert Inc Thawte TLS RSA CA G1,third,,TLSv1.3,True
bcbd123.com,unknown,unknown,,unknown,False
bcc-ads.com,Let's Encrypt R13,third,,TLSv1.3,True
bcebos.com,unknown,unknown,,unknown,False
bcelive.com,unknown,unknown,,unknown,False
bcvcdn.com,infrastructure,infrastructure,,unknown,False
bcytua.cc,unknown,unknown,,unknown,False
bd-caict.com,unknown,unknown,,unknown,False
bdimg.com,"DigiCert, Inc. DigiCert Secure Site Pro G2 TLS CN RSA4096 SHA256 2022 CA1",third,,TLSv1.2,True
bdstatic.com,"DigiCert, Inc. DigiCert Secure Site Pro G2 TLS CN RSA4096 SHA256 2022 CA1",third,,TLSv1.2,True
bdtelemetry.amazon,unknown,unknown,,unknown,False
bdurl.net,unknown,unknown,,unknown,False
bdydns.com,unknown,unknown,,unknown,False
beacondb.net,Let's Encrypt YE2,third,,TLSv1.3,True
beanywhere.com,unknown,unknown,,unknown,False
beatport.com,"DigiCert, Inc. GeoTrust G5 TLS RSA4096 SHA384 2022 CA1",third,,TLSv1.3,True
bebee.com,Amazon Amazon RSA 2048 M04,third,,TLSv1.3,True
bedbathandbeyond.com,DigiCert Inc DigiCert Global G3 TLS ECC SHA384 2020 CA1,third,,TLSv1.3,True
bedrock.tech,unknown,unknown,,unknown,False
beeg.com,Google Trust Services WE1,third,,TLSv1.3,True
beehiiv.com,Let's Encrypt YE2,third,,TLSv1.3,True
beeline.ru,GlobalSign nv-sa GlobalSign RSA OV SSL CA 2018,third,,TLSv1.3,True
beeper.com,Google Trust Services WR1,third,,TLSv1.3,True
beepityping.com,unknown,unknown,,unknown,False
beepong.net,unknown,unknown,,unknown,False
beezlepongmad.com,unknown,unknown,,unknown,False
beget.com,Let's Encrypt YR1,third,,TLSv1.3,True
behance.net,Let's Encrypt YR2,third,,TLSv1.3,True
beizi.biz,WoTrus CA Limited WoTrus RSA DV SSL CA 2,unknown,,TLSv1.2,True
bel.tr,unknown,unknown,,unknown,False
belezanaweb.com.br,Amazon Amazon RSA 2048 M04,third,,TLSv1.3,True
belk.com,GlobalSign nv-sa GlobalSign Atlas R3 DV TLS CA 2026 Q1,third,,TLSv1.2,True
belka-games.com,Sectigo Limited Sectigo Public Server Authentication CA DV E36,third,,TLSv1.2,True
belkin.com,Google Trust Services WE1,third,,TLSv1.3,True
bell.ca,Entrust Limited Entrust OV TLS Issuing RSA CA 2,third,,TLSv1.3,True
bellaliant.net,Entrust Limited Entrust OV TLS Issuing RSA CA 2,third,,TLSv1.3,True
bendibao.com,DigiCert Inc RapidSSL TLS RSA CA G1,third,,TLSv1.2,True
bendingspoons.com,Google Trust Services WR3,third,,TLSv1.3,True
bendingspoonsapps.com,Google Trust Services WR3,third,,TLSv1.3,True
benphe.cc,Google Trust Services WE1,third,,TLSv1.3,True
bentley.com,Let's Encrypt YE1,third,,TLSv1.3,True
benzinga.com,Google Trust Services WE1,third,,TLSv1.3,True
bereal.com,Google Trust Services WR1,third,,TLSv1.3,True
bereal.network,unknown,unknown,,unknown,False
berkeley.edu,Google Trust Services WE1,third,,TLSv1.3,True
besoccer.com,Sectigo Limited Sectigo Public Server Authentication CA DV R36,third,,TLSv1.3,True
best61.com,Google Trust Services WE1,third,,TLSv1.3,True
best82.com,Google Trust Services WE1,third,,TLSv1.3,True
bestbuy.ca,DigiCert Inc DigiCert Global G3 TLS ECC SHA384 2020 CA1,third,,TLSv1.3,True
bestbuy.com,DigiCert Inc DigiCert Global G3 TLS ECC SHA384 2020 CA1,third,,TLSv1.3,True
bestlivecamgirls.org,Let's Encrypt YE1,third,,TLSv1.3,True
bestprice.gr,Sectigo Limited Sectigo Public Server Authentication CA DV E36,third,,TLSv1.3,True
bet365.bet.br,Google Trust Services WE1,third,,TLSv1.3,True
bet365.com,Google Trust Services WE1,third,,TLSv1.3,True
bet6.com.br,Google Trust Services WE1,third,,TLSv1.3,True
betano.bet.br,Google Trust Services WE1,third,,TLSv1.3,True
betano.com,Google Trust Services WE1,third,,TLSv1.3,True
betao.bet.br,Google Trust Services WE1,third,,TLSv1.3,True
betboom.ru,GlobalSign nv-sa GlobalSign GCC R3 DV TLS CA 2020,third,,TLSv1.3,True
betfair.com,Google Trust Services WE1,third,,TLSv1.3,True
bethesda.net,Amazon Amazon RSA 2048 M04,third,,TLSv1.3,True
betnacional.bet.br,Google Trust Services WE1,third,,TLSv1.3,True
betrad.com,unknown,unknown,,unknown,False
betsapi.com,Google Trust Services WE1,third,,TLSv1.3,True
betterstack.com,Google Trust Services WE1,third,,TLSv1.3,True
betterstackdata.com,Google Trust Services WE1,third,,TLSv1.3,True
betterttv.net,Google Trust Services WE1,third,,TLSv1.3,True
betwayafrica.com,unknown,unknown,,unknown,False
betweendigital.com,Sectigo Limited Sectigo Public Server Authentication CA DV R36,third,,TLSv1.2,True
beusable.net,Amazon Amazon RSA 2048 M01,third,,TLSv1.3,True
beyla.site,unknown,unknown,,unknown,False
beyondtrustcloud.com,unknown,unknown,,unknown,False
beyondwickedmapping.org,Let's Encrypt YR2,third,,TLSv1.3,True
beyondwords.io,Google Trust Services WE1,third,,TLSv1.3,True
bezeq.co.il,DigiCert Inc Thawte TLS RSA CA G1,third,,TLSv1.3,True
bezeqint.net,Amazon Amazon RSA 2048 M01,third,,TLSv1.3,True
bezformata.com,Google Trust Services WE1,third,,TLSv1.3,True
bfldr.com,GlobalSign nv-sa GlobalSign Atlas R3 DV TLS CA 2025 Q4,third,,TLSv1.2,True
bfmio.com,unknown,unknown,,unknown,False
bgchprod.info,unknown,unknown,,unknown,False
bgicdn.com,infrastructure,infrastructure,,unknown,False
bgm.tv,Let's Encrypt YE2,third,,TLSv1.3,True
bhphotovideo.com,Let's Encrypt YE1,third,,TLSv1.3,True
bhvrdbd.com,unknown,unknown,,unknown,False
bi.live,Amazon Amazon RSA 2048 M01,third,,TLSv1.2,True
biahosted.com,unknown,unknown,,unknown,False
biahosted.net,unknown,unknown,,unknown,False
bialaerbeitoris.com,unknown,unknown,,unknown,False
bibledns.com,unknown,unknown,,unknown,False
biblegateway.com,Amazon Amazon RSA 2048 M04,third,,TLSv1.3,True
bibliocommons.com,Amazon Amazon RSA 2048 M04,third,,TLSv1.3,True
bid-algorix.com,Google Trust Services WR2,third,,TLSv1.3,True
bidberry.net,Let's Encrypt R12,third,,TLSv1.3,True
bidbrain.app,unknown,unknown,,unknown,False
bidderstack.com,unknown,unknown,,unknown,False
biddertmz.com,unknown,unknown,,unknown,False
bidease.com,Google Trust Services WE1,third,,TLSv1.3,True
bidgx.com,Google Trust Services WE1,third,,TLSv1.3,True
bidin-ad.com,unknown,unknown,,unknown,False
bidmachine.io,Google Trust Services WE1,third,,TLSv1.3,True
bidmatic.io,Google Trust Services WE1,third,,TLSv1.3,True
bidnex.com,ZeroSSL GmbH ZeroSSL ECC DV SSL CA 2,third,,TLSv1.2,True
bidr.io,unknown,unknown,,unknown,False
bids.ws,Google Trust Services WE1,third,,TLSv1.3,True
bidster.net,Let's Encrypt YE2,third,,TLSv1.3,True
bidswitch.net,unknown,unknown,,unknown,False
bidtheatre.com,Google Trust Services WE1,third,,TLSv1.3,True
bidvol.com,Let's Encrypt YE2,third,,TLSv1.3,True
bigbasket.com,Sectigo Limited Sectigo Public Server Authentication CA DV R36,third,,TLSv1.2,True
bigcartel.com,Google Trust Services WE1,third,,TLSv1.3,True
bigcommerce.com,DigiCert Inc DigiCert Global G2 TLS RSA SHA256 2020 CA1,third,,TLSv1.3,True
bigcontent.io,Amazon Amazon RSA 2048 M01,third,,TLSv1.3,True
bigcrunch.com,Google Trust Services WE1,third,,TLSv1.3,True
bigdatacloud.net,Let's Encrypt YR2,third,,TLSv1.3,True
biggogo.com,Sectigo Limited Sectigo Public Server Authentication CA DV R36,third,,TLSv1.3,True
bigo.sg,GlobalSign nv-sa GlobalSign GCC R6 AlphaSSL CA 2025,third,,TLSv1.2,True
bigolive.tv,GlobalSign nv-sa GlobalSign GCC R6 AlphaSSL CA 2025,third,,TLSv1.2,True
bigw.com.au,DigiCert Inc DigiCert Global G2 TLS RSA SHA256 2020 CA1,third,,TLSv1.3,True
bik.gov.tr,unknown,unknown,,unknown,False
bild.de,DigiCert Inc GeoTrust TLS RSA CA G1,third,,TLSv1.3,True
biliapi.com,unknown,unknown,,unknown,False
biliapi.net,unknown,unknown,,unknown,False
bilibili.com,GlobalSign nv-sa GlobalSign RSA OV SSL CA 2018,third,,TLSv1.3,True
bilibili.tv,GlobalSign nv-sa GlobalSign GCC R3 DV TLS CA 2020,third,,TLSv1.3,True
bilicdn1.com,infrastructure,infrastructure,,unknown,False
biligame.com,GlobalSign nv-sa GlobalSign GCC R3 DV TLS CA 2020,third,,TLSv1.2,True
biliintl.com,GlobalSign nv-sa GlobalSign GCC R3 DV TLS CA 2020,third,,TLSv1.3,True
bilivideo.com,unknown,unknown,,unknown,False
bimmerpost.com,Let's Encrypt YE1,third,,TLSv1.3,True
binance.com,DigiCert Inc GeoTrust TLS RSA CA G1,third,,TLSv1.3,True
binance.info,Amazon Amazon RSA 2048 M01,third,,TLSv1.3,True
binance.org,Amazon Amazon RSA 2048 M01,third,,TLSv1.3,True
binance.us,Amazon Amazon RSA 2048 M04,third,,TLSv1.3,True
binance.vision,Amazon Amazon RSA 2048 M01,third,,TLSv1.3,True
bing.com,Microsoft Corporation Microsoft TLS G2 RSA CA OCSP 02,private,,TLSv1.3,True
bing.net,Microsoft Corporation Microsoft TLS G2 RSA CA OCSP 02,unknown,,TLSv1.3,True
bingapis.com,Microsoft Corporation Microsoft TLS G2 RSA CA OCSP 02,private,,TLSv1.3,True
bingx.com,Amazon Amazon RSA 2048 M01,third,,TLSv1.3,True
binotel.com,Sectigo Limited Sectigo Public Server Authentication CA DV R36,third,,TLSv1.2,True
biorxiv.org,Google Trust Services WE1,third,,TLSv1.3,True
bip.com,GlobalSign nv-sa GlobalSign RSA OV SSL CA 2018,third,,TLSv1.3,True
birdgesdk.com,unknown,unknown,,unknown,False
birkenwald.de,Let's Encrypt YE1,third,,TLSv1.3,True
bisecthosting.com,Google Trust Services WE1,third,,TLSv1.3,True
bistudio.com,Google Trust Services WE1,third,,TLSv1.3,True
bit.ly,Amazon Amazon RSA 2048 M01,third,,TLSv1.3,True
bitautoimg.com,GlobalSign nv-sa GlobalSign RSA OV SSL CA 2018,third,,TLSv1.3,True
bitbrowser.net,WoTrus CA Limited WoTrus DV Server CA  [Run by the Issuer],third,,TLSv1.3,True
bitbucket.org,Amazon Amazon ECDSA 256 M01,third,,TLSv1.3,True
bitchute.com,Google Trust Services WE1,third,,TLSv1.3,True
bitcoinexplorer.org,Google Trust Services WE1,third,,TLSv1.3,True
bitcore.io,Google Trust Services WE1,third,,TLSv1.3,True
bitdefender.com,DigiCert Inc DigiCert Global G2 TLS RSA SHA256 2020 CA1,third,,TLSv1.3,True
bitdefender.net,DigiCert Inc DigiCert Global G2 TLS RSA SHA256 2020 CA1,third,,TLSv1.3,True
bitdrift.io,Amazon Amazon RSA 2048 M01,third,,TLSv1.3,True
bitflyer.com,DigiCert Inc DigiCert Global G3 TLS ECC SHA384 2020 CA1,third,,TLSv1.3,True
bitget.com,DigiCert Inc RapidSSL TLS RSA CA G1,third,,TLSv1.3,True
bithumb.com,Sectigo Limited Sectigo RSA Organization Validation Secure Server CA,third,,TLSv1.3,True
bitmoji.com,DigiCert Inc DigiCert Global G2 TLS RSA SHA256 2020 CA1,third,,TLSv1.3,True
bitmovin.com,Sectigo Limited Sectigo Public Server Authentication CA DV R36,third,,TLSv1.3,True
bitping.com,Let's Encrypt YE1,third,,TLSv1.3,True
bitrix.info,"GoDaddy.com, Inc. Go Daddy Secure Certificate Authority - G2",third,,TLSv1.3,True
bitrix24.com,"GoDaddy.com, Inc. Go Daddy Secure Certificate Authority - G2",third,,TLSv1.3,True
bitrix24.net,"GoDaddy.com, Inc. Go Daddy Secure Certificate Authority - G2",third,,TLSv1.3,True
bitrix24.ru,"GoDaddy.com, Inc. Go Daddy Secure Certificate Authority - G2",third,,TLSv1.3,True
bitsearch.to,Google Trust Services WE1,third,,TLSv1.3,True
bitstamp.net,DigiCert Inc DigiCert EV RSA CA G2,third,,TLSv1.3,True
bittor.pw,unknown,unknown,,unknown,False
bittorrent.com,"GoDaddy.com, Inc. Go Daddy Secure Certificate Authority - G2",third,,TLSv1.3,True
bitvavo.com,Google Trust Services WE1,third,,TLSv1.3,True
bitwarden.com,Let's Encrypt YR1,third,,TLSv1.3,True
bixbyllm.com,unknown,unknown,,unknown,False
biz.id,unknown,unknown,,unknown,False
bizible.com,Let's Encrypt YE1,third,,TLSv1.3,True
bk6bba-resources.com,unknown,unknown,,unknown,False
bk6bba-resources.ru,unknown,unknown,,unknown,False
bka.sh,Let's Encrypt YE1,third,,TLSv1.3,True
bkcdn.net,infrastructure,infrastructure,,unknown,False
blablacar.com,Let's Encrypt YR1,third,,TLSv1.3,True
blackberry.com,DigiCert Inc DigiCert Global G2 TLS RSA SHA256 2020 CA1,third,,TLSv1.2,True
blackberry.net,DigiCert Inc DigiCert Global G2 TLS RSA SHA256 2020 CA1,third,,TLSv1.2,True
blackboard.com,DigiCert Inc DigiCert Global G2 TLS RSA SHA256 2020 CA1,third,,TLSv1.2,True
blackspider.com,Sectigo Limited Sectigo Public Server Authentication CA OV R36,third,,TLSv1.3,True
blackview.hk,DigiCert Inc Encryption Everywhere DV TLS CA - G2,third,,TLSv1.2,True
blastapi.io,Google Trust Services WE1,third,,TLSv1.3,True
blazingcdn.net,infrastructure,infrastructure,,unknown,False
bldrdoc.gov,unknown,unknown,,unknown,False
ble.ir,Asseco Data Systems S.A. Certum DV TLS G2 R39 CA,third,,TLSv1.3,True
blender.org,Let's Encrypt YE2,third,,TLSv1.3,True
blibli.com,"GoDaddy.com, Inc. Go Daddy Secure Certificate Authority - G2",third,,TLSv1.3,True
bliink.io,GoGetSSL GoGetSSL RSA DV CA,third,,TLSv1.3,True
blink-maps.com,Let's Encrypt YR2,third,,TLSv1.3,True
blinkit.com,Google Trust Services WE1,third,,TLSv1.3,True
blippington.com,unknown,unknown,,unknown,False
blismedia.com,Google Trust Services WE1,third,,TLSv1.3,True
blisspointmedia.com,Amazon Amazon RSA 2048 M01,third,,TLSv1.3,True
blitz.gg,Let's Encrypt YE1,third,,TLSv1.3,True
blizzard.com,Amazon Amazon RSA 2048 M01,third,,TLSv1.2,True
blockadsnot.com,Sectigo Limited Sectigo Public Server Authentication CA DV R36,third,,TLSv1.2,True
blockchain.com,Google Trust Services WE1,third,,TLSv1.3,True
blockchain.info,DigiCert Inc DigiCert Global G2 TLS RSA SHA256 2020 CA1,third,,TLSv1.3,True
blockcypher.com,Google Trust Services WE1,third,,TLSv1.3,True
blockifyapp.com,Google Trust Services WE1,third,,TLSv1.3,True
blockshopper.com,Let's Encrypt YE1,third,,TLSv1.3,True
blocksite.co,Amazon Amazon RSA 2048 M01,third,,TLSv1.3,True
blockstream.info,Let's Encrypt YR2,third,,TLSv1.3,True
blogblog.com,Google Trust Services WE2,third,,TLSv1.3,True
blogger.com,Google Trust Services WE2,private,,TLSv1.3,True
blogspot.com,Google Trust Services WE2,private,,TLSv1.3,True
bloomberg.com,DigiCert Inc DigiCert Global G2 TLS RSA SHA256 2020 CA1,third,,TLSv1.3,True
bloomingdales.com,Sectigo Limited Sectigo Public Server Authentication CA OV R36,third,,TLSv1.3,True
bloomnation.com,Amazon Amazon RSA 2048 M03,third,,TLSv1.3,True
bloomreach.co,unknown,unknown,,unknown,False
bloomreach.com,Google Trust Services WE1,third,,TLSv1.3,True
bluebeam.com,Google Trust Services WE1,third,,TLSv1.3,True
bluebillywig.com,Amazon Amazon RSA 2048 M01,third,,TLSv1.3,True
bluecava.com,Google Trust Services WR3,third,,TLSv1.3,True
blueconic.net,DigiCert Inc Thawte TLS RSA CA G1,third,,TLSv1.2,True
bluecore.app,unknown,unknown,,unknown,False
bluecore.com,Google Trust Services WR3,third,,TLSv1.3,True
blueduckredapple.com,Google Trust Services WE1,third,,TLSv1.3,True
bluefrog.pw,Let's Encrypt YE2,third,,TLSv1.3,True
bluehost.com,Google Trust Services WE1,third,,TLSv1.3,True
bluestacks.com,Amazon Amazon RSA 2048 M04,third,,TLSv1.3,True
bluetrafficstream.com,Google Trust Services WE1,third,,TLSv1.3,True
bluewin.ch,SwissSign AG SwissSign RSA TLS OV ICA 2022 - 1,third,,TLSv1.3,True
bluexad.ai,Google Trust Services WR1,third,,TLSv1.2,True
blxrbdn.com,unknown,unknown,,unknown,False
bm-ads.io,Sectigo Limited Sectigo Public Server Authentication CA DV R36,third,,TLSv1.3,True
bmadss.com,Let's Encrypt R12,third,,TLSv1.2,True
bmj.com,Amazon Amazon RSA 2048 M01,third,,TLSv1.3,True
bmmads.com,Let's Encrypt R12,third,,TLSv1.2,True
bmw.cloud,unknown,unknown,,unknown,False
bmwgroup.com,Let's Encrypt YR1,third,,TLSv1.3,True
bnbchain.org,Amazon Amazon RSA 2048 M01,third,,TLSv1.3,True
bnbstatic.com,unknown,unknown,,unknown,False
bncloudfl.com,unknown,unknown,,unknown,False
bntrace.com,unknown,unknown,,unknown,False
bnxz.net,unknown,unknown,,unknown,False
bol.com,Let's Encrypt YR1,third,,TLSv1.3,True
boldapps.net,Google Trust Services WE1,third,,TLSv1.3,True
boldbouldersite.com,Let's Encrypt R13,third,,TLSv1.3,True
bolt.eu,Amazon Amazon RSA 2048 M01,third,,TLSv1.3,True
boltdns.net,unknown,unknown,,unknown,False
boltsvc.net,unknown,unknown,,unknown,False
bonchat.download,unknown,unknown,,unknown,False
bongacams.com,GoGetSSL GoGetSSL RSA DV CA,third,,TLSv1.3,True
bongacams4.com,GoGetSSL GoGetSSL RSA DV CA,third,,TLSv1.3,True
bongsterpong.com,unknown,unknown,,unknown,False
bonusnun.com,Let's Encrypt YE1,third,,TLSv1.2,True
book118.com,"TrustAsia Technologies, Inc. TrustAsia DV TLS RSA CA 2025",third,,TLSv1.2,True
bookcdn.com,infrastructure,infrastructure,,unknown,False
booking.com,DigiCert Inc DigiCert Global G2 TLS RSA SHA256 2020 CA1,third,,TLSv1.3,True
bookmsg.com,unknown,unknown,,unknown,False
bookshop.org,Google Trust Services WE1,third,,TLSv1.3,True
boomio-cdn.com,infrastructure,infrastructure,,unknown,False
boomplay.com,DigiCert Inc RapidSSL TLS RSA CA G1,third,,TLSv1.2,True
boomplaymusic.com,DigiCert Inc RapidSSL TLS RSA CA G1,third,,TLSv1.2,True
boomtrain.com,Google Trust Services WE1,third,,TLSv1.3,True
boosty.to,Let's Encrypt YE2,third,,TLSv1.3,True
booth.pm,Google Trust Services WE1,third,,TLSv1.3,True
bootlin.com,Let's Encrypt YE2,third,,TLSv1.3,True
boots.com,Sectigo Limited Sectigo Public Server Authentication CA OV R36,third,,TLSv1.3,True
bootstrapcdn.com,infrastructure,infrastructure,,unknown,False
bosch-smarthome.com,DigiCert Inc DigiCert Global G2 TLS RSA SHA256 2020 CA1,third,,TLSv1.2,True
bose.io,unknown,unknown,,unknown,False
botfaqtor.ru,Let's Encrypt YR1,third,,TLSv1.3,True
bounceexchange.com,Let's Encrypt YR1,third,,TLSv1.3,True
bouncex.net,DigiCert Inc DigiCert Global G2 TLS RSA SHA256 2020 CA1,third,,TLSv1.3,True
box.com,DigiCert Inc DigiCert Global G2 TLS RSA SHA256 2020 CA1,third,,TLSv1.3,True
box.net,DigiCert Inc DigiCert Global G2 TLS RSA SHA256 2020 CA1,third,,TLSv1.3,True
boxcdn.net,infrastructure,infrastructure,,unknown,False
boxcloud.com,DigiCert Inc DigiCert Global G2 TLS RSA SHA256 2020 CA1,third,,TLSv1.3,True
boyfriendtv.com,Google Trust Services WE1,third,,TLSv1.3,True
boyuanhulian.com,DigiCert Inc Encryption Everywhere DV TLS CA - G2,third,,TLSv1.3,True
bpcyber.com,unknown,unknown,,unknown,False
bpgslb.com,unknown,unknown,,unknown,False
bplslb.com,unknown,unknown,,unknown,False
bpmlt.com,unknown,unknown,,unknown,False
bqstreamer.com,Google Trust Services WE1,third,,TLSv1.3,True
bradesco.com.br,DigiCert Inc DigiCert Global G2 TLS RSA SHA256 2020 CA1,third,,TLSv1.3,True
braiins.com,Google Trust Services WE1,third,,TLSv1.3,True
braintree-api.com,unknown,unknown,,unknown,False
braintreegateway.com,DigiCert Inc DigiCert Global G2 TLS RSA SHA256 2020 CA1,third,,TLSv1.3,True
branch.io,Amazon Amazon RSA 2048 M01,third,,TLSv1.3,True
brand-display.com,Amazon Amazon RSA 2048 M04,third,,TLSv1.3,True
brandcdn.com,infrastructure,infrastructure,,unknown,False
brandmetrics.com,Google Trust Services WE1,third,,TLSv1.3,True
brave.com,Amazon Amazon RSA 2048 M04,third,,TLSv1.3,True
braveglobal.tv,unknown,unknown,,unknown,False
bravesoftware.com,Amazon Amazon RSA 2048 M01,third,,TLSv1.3,True
brawlstars.com,Amazon Amazon RSA 2048 M01,third,,TLSv1.3,True
brawlstarsgame.com,unknown,unknown,,unknown,False
braze-images.com,Let's Encrypt YE1,third,,TLSv1.3,True
braze.com,Let's Encrypt YE2,third,,TLSv1.3,True
braze.eu,GlobalSign nv-sa GlobalSign Atlas R3 DV TLS CA 2026 Q1,third,,TLSv1.2,True
brdtest.com,Sectigo Limited Sectigo Public Server Authentication CA DV R36,third,,TLSv1.3,True
brdtnet.com,unknown,unknown,,unknown,False
brevo.com,Let's Encrypt YE2,third,,TLSv1.3,True
brew.sh,Let's Encrypt YR2,third,,TLSv1.3,True
bri.co.id,DigiCert Inc DigiCert EV RSA CA G2,third,,TLSv1.3,True
bricklink.com,Amazon Amazon RSA 2048 M01,third,,TLSv1.3,True
bricks-co.com,Google Trust Services WE1,third,,TLSv1.3,True
bridgeoos.com,unknown,unknown,,unknown,False
bright-sdk.com,Google Trust Services WE1,third,,TLSv1.3,True
brightcloud.com,Amazon Amazon RSA 2048 M04,third,,TLSv1.3,True
brightcove.com,Amazon Amazon RSA 2048 M04,third,,TLSv1.3,True
brightcove.net,unknown,unknown,,unknown,False
brightcovecdn.com,infrastructure,infrastructure,,unknown,False
brightline.tv,Google Trust Services WE1,third,,TLSv1.3,True
brightspace.com,Amazon Amazon RSA 2048 M01,third,,TLSv1.3,True
brightspotcdn.com,infrastructure,infrastructure,,unknown,False
brightvpn.com,Google Trust Services WE1,third,,TLSv1.3,True
brilliant.tech,Let's Encrypt YE1,third,,TLSv1.3,True
brilliantchap.com,unknown,unknown,,unknown,False
brinkpos.net,unknown,unknown,,unknown,False
britannica.com,Amazon Amazon RSA 2048 M04,third,,TLSv1.2,True
brivo.com,Let's Encrypt YE1,third,,TLSv1.3,True
bro-transsion.com,unknown,unknown,,unknown,False
broadcom.com,DigiCert Inc DigiCert Global G2 TLS RSA SHA256 2020 CA1,third,,TLSv1.2,True
broadsign.com,Let's Encrypt YE1,third,,TLSv1.3,True
bromium-online.com,Google Trust Services WE1,third,,TLSv1.3,True
bronze.systems,unknown,unknown,,unknown,False
brother.co.jp,DigiCert Inc DigiCert Global G2 TLS RSA SHA256 2020 CA1,third,,TLSv1.3,True
brother.com,DigiCert Inc DigiCert Global G2 TLS RSA SHA256 2020 CA1,third,,TLSv1.3,True
browser-intake-datadoghq.com,DigiCert Inc DigiCert Global G2 TLS RSA SHA256 2020 CA1,third,,TLSv1.3,True
browser-intake-datadoghq.eu,DigiCert Inc DigiCert Global G2 TLS RSA SHA256 2020 CA1,third,,TLSv1.3,True
browser-intake-us3-datadoghq.com,DigiCert Inc DigiCert Global G2 TLS RSA SHA256 2020 CA1,third,,TLSv1.3,True
browser-intake-us5-datadoghq.com,DigiCert Inc DigiCert Global G2 TLS RSA SHA256 2020 CA1,third,,TLSv1.3,True
browser-update.org,Google Trust Services WE1,third,,TLSv1.3,True
browsiprod.com,Amazon Amazon RSA 2048 M01,third,,TLSv1.2,True
brsrvr.com,unknown,unknown,,unknown,False
bruteprotect.com,Google Trust Services WR1,third,,TLSv1.3,True
bscdnweb.com,infrastructure,infrastructure,,unknown,False
bsclink.cn,unknown,unknown,,unknown,False
bsgslb.cn,unknown,unknown,,unknown,False
bsgslb.com,unknown,unknown,,unknown,False
bsky.app,Amazon Amazon RSA 2048 M04,third,,TLSv1.2,True
bsky.network,Let's Encrypt YR1,third,,TLSv1.3,True
bsky.social,Amazon Amazon RSA 2048 M04,third,,TLSv1.3,True
bsn.cloud,Google Trust Services WE1,third,,TLSv1.3,True
bspb.ru,"TrustAsia Technologies, Inc. TrustAsia DV TLS RSA CA 2024",third,,TLSv1.2,True
bstarstatic.com,unknown,unknown,,unknown,False
bstatic.com,DigiCert Inc DigiCert Global G2 TLS RSA SHA256 2020 CA1,third,,TLSv1.3,True
bstats.org,Google Trust Services WE1,third,,TLSv1.3,True
bt.co,unknown,unknown,,unknown,False
bt.com,DigiCert Inc GeoTrust EV RSA CA G2,third,,TLSv1.3,True
bt4g.com,Google Trust Services WE1,third,,TLSv1.3,True
btcscan.org,Google Trust Services WE1,third,,TLSv1.3,True
btg360.com.br,unknown,unknown,,unknown,False
btinternet.com,unknown,unknown,,unknown,False
btloader.com,Google Trust Services WE1,third,,TLSv1.3,True
btmessage.com,Google Trust Services WE1,third,,TLSv1.3,True
bttrack.com,Sectigo Limited Sectigo Public Server Authentication CA DV R36,third,,TLSv1.2,True
btttag.com,Google Trust Services WE1,third,,TLSv1.3,True
bu.edu,Sectigo Limited Sectigo Public Server Authentication CA EV R36,third,,TLSv1.2,True
bucoup.com,"DigiCert, Inc. DigiCert Secure Site OV G2 TLS CN RSA4096 SHA256 2022 CA1",third,,TLSv1.3,True
buecher.de,DigiCert Inc Thawte TLS RSA CA G1,third,,TLSv1.3,True
buffalo.jp,DigiCert Inc GeoTrust TLS RSA CA G1,third,,TLSv1.3,True
buffbuff.com,Sectigo Limited Sectigo Public Server Authentication CA DV R36,third,,TLSv1.3,True
buffbuff.top,unknown,unknown,,unknown,False
bugfender.com,Google Trust Services WE1,third,,TLSv1.3,True
bugherd.com,Google Trust Services WE1,third,,TLSv1.3,True
bugsnag.com,DigiCert Inc DigiCert Global G2 TLS RSA SHA256 2020 CA1,third,,TLSv1.3,True
buienradar.nl,DigiCert Inc DigiCert Global G3 TLS ECC SHA384 2020 CA1,third,,TLSv1.3,True
builder.io,Google Trust Services WR3,third,,TLSv1.3,True
bumbcdn.com,infrastructure,infrastructure,,unknown,False
bumble.com,Let's Encrypt YR1,third,,TLSv1.3,True
bumlam.com,unknown,unknown,,unknown,False
bund.de,Hellenic Academic and Research Institutions CA GEANT TLS RSA 1,third,,TLSv1.3,True
bundlecdn.com,infrastructure,infrastructure,,unknown,False
bungie.net,"GoDaddy.com, Inc. Go Daddy Secure Certificate Authority - G2",third,,TLSv1.3,True
bunny.net,Let's Encrypt YR1,third,,TLSv1.3,True
bunnyinfra.net,unknown,unknown,,unknown,False
bureau.id,ZeroSSL GmbH ZeroSSL ECC DV SSL CA 2,third,,TLSv1.3,True
buscari.com,"Beijing Xinchacha Credit Management Co., Ltd. Xcc Trust DV SSL CA",third,,TLSv1.3,True
business-spravka.xyz,unknown,unknown,,unknown,False
businessinsider.com,GlobalSign nv-sa GlobalSign Atlas R3 DV TLS CA 2026 Q1,third,,TLSv1.2,True
buyee.jp,Amazon Amazon RSA 2048 M01,third,,TLSv1.2,True
buzocq.com,unknown,unknown,,unknown,False
buzzfeed.com,GlobalSign nv-sa GlobalSign Atlas R3 DV TLS CA 2026 Q1,third,,TLSv1.3,True
buzzoola.com,Sectigo Limited Sectigo Public Server Authentication CA DV R36,third,,TLSv1.2,True
buzzsprout.com,Google Trust Services WE1,third,,TLSv1.3,True
bvfcdn.com,infrastructure,infrastructure,,unknown,False
bvfcdn2.com,infrastructure,infrastructure,,unknown,False
bvsalud.org,Let's Encrypt YR2,third,,TLSv1.3,True
bx-msedge.net,unknown,unknown,,unknown,False
bxcdn.net,infrastructure,infrastructure,,unknown,False
byabcde.com,unknown,unknown,,unknown,False
byapps.net,unknown,unknown,,unknown,False
bybdc6.com,unknown,unknown,,unknown,False
bybit.biz,test_need_update_cer.com,unknown,,TLSv1.2,True
bybit.com,Amazon Amazon RSA 2048 M01,third,,TLSv1.3,True
byd3c3.com,unknown,unknown,,unknown,False
bydata.com,Amazon Amazon RSA 2048 M04,third,,TLSv1.3,True
byperf.cn,unknown,unknown,,unknown,False
byspotify.com,unknown,unknown,,unknown,False
bystys.tech,unknown,unknown,,unknown,False
byte-test.com,unknown,unknown,,unknown,False
byte008.com,unknown,unknown,,unknown,False
bytebrew.io,Google Trust Services WR3,third,,TLSv1.3,True
bytecdn.cn,infrastructure,infrastructure,,unknown,False
bytecdn.com,infrastructure,infrastructure,,unknown,False
byteconnect.io,Let's Encrypt E7,third,,TLSv1.3,True
bytedance.com,DigiCert Inc RapidSSL TLS RSA CA G1,third,,TLSv1.3,True
bytedance.net,unknown,unknown,,unknown,False
bytedapm.com,unknown,unknown,,unknown,False
bytedns1.com,unknown,unknown,,unknown,False
bytedns3.com,unknown,unknown,,unknown,False
bytednsdoc.com,unknown,unknown,,unknown,False
byteeffecttos-g.com,unknown,unknown,,unknown,False
byteeffecttos.com,unknown,unknown,,unknown,False
bytefcdn-oversea.com,infrastructure,infrastructure,,unknown,False
bytefcdn-ttpeu.com,infrastructure,infrastructure,,unknown,False
bytefcdn-ttpus.com,infrastructure,infrastructure,,unknown,False
bytefcdn.com,infrastructure,infrastructure,,unknown,False
bytegecko-i18n.com,unknown,unknown,,unknown,False
bytegecko.com,unknown,unknown,,unknown,False
byteglb.com,unknown,unknown,,unknown,False
bytegle.site,unknown,unknown,,unknown,False
bytegle.tech,unknown,unknown,,unknown,False
bytegoofy.com,unknown,unknown,,unknown,False
bytegsdk.com,unknown,unknown,,unknown,False
bytegslb.com,unknown,unknown,,unknown,False
bytehwm.com,unknown,unknown,,unknown,False
byteicdn.com,infrastructure,infrastructure,,unknown,False
byteigtm-us.com,unknown,unknown,,unknown,False
byteigtm.com,unknown,unknown,,unknown,False
byteimg.com,unknown,unknown,,unknown,False
byteintl.com,unknown,unknown,,unknown,False
byteintlapi.com,unknown,unknown,,unknown,False
bytelb.com,unknown,unknown,,unknown,False
bytelb.net,unknown,unknown,,unknown,False
bytelemon.com,unknown,unknown,,unknown,False
bytello.com,DigiCert Inc Encryption Everywhere DV TLS CA - G2,third,,TLSv1.3,True
bytemastatic.com,unknown,unknown,,unknown,False
byteoversea.com,unknown,unknown,,unknown,False
byteoversea.net,unknown,unknown,,unknown,False
bytepluscdn.com,infrastructure,infrastructure,,unknown,False
bytepluses.com,unknown,unknown,,unknown,False
byteplusvod.com,unknown,unknown,,unknown,False
bytescm.com,unknown,unknown,,unknown,False
bytetcdn.com,infrastructure,infrastructure,,unknown,False
bytetos.com,unknown,unknown,,unknown,False
bytevcloud.com,unknown,unknown,,unknown,False
bytevcloudapi.com,unknown,unknown,,unknown,False
byu.edu,DigiCert Inc DigiCert Global G2 TLS RSA SHA256 2020 CA1,third,,TLSv1.3,True
bzzcast.com,unknown,unknown,,unknown,False
c-ctrip.com,GlobalSign nv-sa GlobalSign RSA OV SSL CA 2018,third,,TLSv1.2,True
c-wss.com,unknown,unknown,,unknown,False
c.cx,unknown,unknown,,unknown,False
c1oudfront.com,unknown,unknown,,unknown,False
c6bank.app,"GoDaddy.com, Inc. Go Daddy Secure Certificate Authority - G2",third,,TLSv1.3,True
c6gj-static.net,Sectigo Limited Sectigo Public Server Authentication CA DV R36,third,,TLSv1.3,True
ca.gov,DigiCert Inc GeoTrust TLS RSA CA G1,third,,TLSv1.3,True
ca.us,unknown,unknown,,unknown,False
cableone.net,Entrust Limited Entrust OV TLS Issuing RSA CA 2,third,,TLSv1.3,True
cabnnr.com,unknown,unknown,,unknown,False
cachefly.net,unknown,unknown,,unknown,False
cachenetworks.com,unknown,unknown,,unknown,False
cadent.com,Google Trust Services WE1,third,,TLSv1.3,True
cafe24.com,Let's Encrypt YR1,third,,TLSv1.3,True
cafe24data.com,Sectigo Limited Sectigo RSA Domain Validation Secure Server CA,third,,TLSv1.2,True
cafebazaar.ir,Asseco Data Systems S.A. Certum DV TLS G2 R39 CA,third,,TLSv1.3,True
caixa.gov.br,Sectigo Limited Sectigo Public Server Authentication CA EV R36,third,,TLSv1.3,True
cakeisalie.co.uk,unknown,unknown,,unknown,False
calendly.com,Let's Encrypt YE2,third,,TLSv1.3,True
calix.com,DigiCert Inc DigiCert Global G2 TLS RSA SHA256 2020 CA1,third,,TLSv1.2,True
calldorado-api.com,unknown,unknown,,unknown,False
calldorado.com,Let's Encrypt YR1,third,,TLSv1.3,True
callofduty.com,DigiCert Inc DigiCert Global G2 TLS RSA SHA256 2020 CA1,third,,TLSv1.2,True
callrail.com,Let's Encrypt YE2,third,,TLSv1.3,True
calltouch.ru,GlobalSign nv-sa GlobalSign RSA OV SSL CA 2018,third,,TLSv1.3,True
caltech.edu,"InCommon, LLC InCommon RSA OV SSL CA 3",unknown,,TLSv1.3,True
cam4.com,GlobalSign nv-sa GlobalSign RSA OV SSL CA 2018,third,,TLSv1.3,True
cambaddies.com,Google Trust Services WR1,third,,TLSv1.3,True
cambiumnetworks.com,Let's Encrypt YE2,third,,TLSv1.3,True
cambridge.org,Google Trust Services WE1,third,,TLSv1.2,True
campfirecroutondecorator.com,Google Trust Services WR1,third,,TLSv1.3,True
camscanner.com,DigiCert Inc GeoTrust TLS RSA CA G1,third,,TLSv1.3,True
camsoda.com,Google Trust Services WE1,third,,TLSv1.3,True
canada.ca,Entrust Limited Entrust OV TLS Issuing RSA CA 2,third,,TLSv1.2,True
canalplustech.pro,unknown,unknown,,unknown,False
canireachthe.net,Amazon Amazon RSA 2048 M01,third,,TLSv1.3,True
canny.io,Amazon Amazon RSA 2048 M01,third,,TLSv1.3,True
canonical.com,Let's Encrypt YR2,third,,TLSv1.3,True
canva-apps.com,Google Trust Services WE1,third,,TLSv1.3,True
canva.com,Amazon Amazon RSA 2048 M04,third,,TLSv1.3,True
canvas-user-content.com,unknown,unknown,,unknown,False
capcut.com,DigiCert Inc RapidSSL TLS ECC CA G1,third,,TLSv1.3,True
capcutapi.com,unknown,unknown,,unknown,False
capcutapi.us,unknown,unknown,,unknown,False
capcutcdn-us.com,infrastructure,infrastructure,,unknown,False
capcutshare.com,unknown,unknown,,unknown,False
capcutstatic.com,unknown,unknown,,unknown,False
capcutvod.com,unknown,unknown,,unknown,False
capcutw.us,DigiCert Inc RapidSSL TLS ECC CA G1,third,,TLSv1.3,True
capenetworks.io,DigiCert Inc DigiCert Global G2 TLS RSA SHA256 2020 CA1,third,,TLSv1.2,True
capitalone.com,DigiCert Inc DigiCert EV RSA CA G2,third,,TLSv1.3,True
capitalonegslbex.com,unknown,unknown,,unknown,False
capitaloneshopping.com,DigiCert Inc DigiCert EV RSA CA G2,third,,TLSv1.3,True
capitaltop.org,Google Trust Services WE1,third,,TLSv1.3,True
capndr.com,unknown,unknown,,unknown,False
caprofitx.com,Amazon Amazon RSA 2048 M04,third,,TLSv1.3,True
capsolver.com,Google Trust Services WE1,third,,TLSv1.3,True
captcha-delivery.com,unknown,unknown,,unknown,False
captioncall.com,Google Trust Services WE1,third,,TLSv1.3,True
cardinalcommerce.com,DigiCert Inc DigiCert Global G2 TLS RSA SHA256 2020 CA1,third,,TLSv1.3,True
carfax.com,Amazon Amazon RSA 2048 M04,third,,TLSv1.3,True
cargurus.com,GlobalSign nv-sa GlobalSign Atlas R3 DV TLS CA 2026 Q2,third,,TLSv1.3,True
cariad.digital,unknown,unknown,,unknown,False
carrefour.fr,Google Trust Services WE1,third,,TLSv1.3,True
carriersignal.info,unknown,unknown,,unknown,False
carrotquest.app,Sectigo Limited Sectigo Public Server Authentication CA DV R36,third,,TLSv1.3,True
carrstuv.com,DigiCert Inc Encryption Everywhere DV TLS CA - G2,third,,TLSv1.3,True
cars.com,GlobalSign nv-sa GlobalSign RSA OV SSL CA 2018,third,,TLSv1.2,True
cart-bot.net,Let's Encrypt YR2,third,,TLSv1.3,True
cartocdn.com,infrastructure,infrastructure,,unknown,False
cartrawler.com,Amazon Amazon RSA 2048 M01,third,,TLSv1.2,True
casalemedia.com,Let's Encrypt YE2,third,,TLSv1.3,True
casaos.app,Let's Encrypt YR1,third,,TLSv1.3,True
casasbahia.com.br,DigiCert Inc DigiCert Global G3 TLS ECC SHA384 2020 CA1,third,,TLSv1.3,True
cashappapi.com,unknown,unknown,,unknown,False
castbox.fm,Google Trust Services WE1,third,,TLSv1.3,True
cat.com,DigiCert Inc DigiCert Global G2 TLS RSA SHA256 2020 CA1,third,,TLSv1.3,True
catawiki.com,DigiCert Inc DigiCert Global G3 TLS ECC SHA384 2020 CA1,third,,TLSv1.3,True
catonet.works,unknown,unknown,,unknown,False
catonetworks.com,"GoDaddy.com, Inc. Go Daddy Secure Certificate Authority - G2",third,,TLSv1.3,True
catsnetwork.ru,Let's Encrypt YR2,third,,TLSv1.3,True
catsonictp.com,unknown,unknown,,unknown,False
cbc.ca,DigiCert Inc DigiCert Global G2 TLS RSA SHA256 2020 CA1,third,,TLSv1.3,True
cbhomes.com,Corporation Service Company Corporation Service Company RSA DV SSL CA 2,third,,TLSv1.2,True
cbphe.com,unknown,unknown,,unknown,False
cbs.com,Let's Encrypt YE1,third,,TLSv1.3,True
cbsaavideo.com,unknown,unknown,,unknown,False
cbsi.com,Let's Encrypt YE1,third,,TLSv1.3,True
cbsig.net,Let's Encrypt YE2,third,,TLSv1.3,True
cbsivideo.com,unknown,unknown,,unknown,False
cbsnews.com,Sectigo Limited Sectigo Public Server Authentication CA OV R36,third,,TLSv1.3,True
cbssports.com,Sectigo Limited Sectigo Public Server Authentication CA OV R36,third,,TLSv1.3,True
cc-ecdn.net,infrastructure,infrastructure,,unknown,False
ccb.com,unknown,unknown,,unknown,False
ccgateway.net,unknown,unknown,,unknown,False
cctv.com,GlobalSign nv-sa GlobalSign RSA OV SSL CA 2018,third,,TLSv1.2,True
ccwu.cc,Let's Encrypt R12,third,,TLSv1.3,True
cdc.gov,DigiCert Inc DigiCert Global G3 TLS ECC SHA384 2020 CA1,third,,TLSv1.3,True
cdek.ru,GlobalSign nv-sa GlobalSign RSA OV SSL CA 2018,third,,TLSv1.3,True
cdiscount.com,Corporation Service Company Corporation Service Company RSA OV SSL CA,third,,TLSv1.3,True
cdlib.org,Amazon Amazon RSA 2048 M01,third,,TLSv1.3,True
cdn-api-weglot.com,infrastructure,infrastructure,,unknown,False
cdn-apple.com,infrastructure,infrastructure,,unknown,False
cdn-cian.ru,infrastructure,infrastructure,,unknown,False
cdn-cookieyes.com,infrastructure,infrastructure,,unknown,False
cdn-fc.com,infrastructure,infrastructure,,unknown,False
cdn-fileserver.com,infrastructure,infrastructure,,unknown,False
cdn-go.cn,infrastructure,infrastructure,,unknown,False
cdn-lab.shop,infrastructure,infrastructure,,unknown,False
cdn-net.com,infrastructure,infrastructure,,unknown,False
cdn-redfin.com,infrastructure,infrastructure,,unknown,False
cdn-sw.net,infrastructure,infrastructure,,unknown,False
cdn-tinkoff.ru,infrastructure,infrastructure,,unknown,False
cdn-vk.ru,infrastructure,infrastructure,,unknown,False
cdn-wal.net,infrastructure,infrastructure,,unknown,False
cdn-website.com,infrastructure,infrastructure,,unknown,False
cdn.house,infrastructure,infrastructure,,unknown,False
cdn20.com,infrastructure,infrastructure,,unknown,False
cdn4dd.com,infrastructure,infrastructure,,unknown,False
cdn4image.com,infrastructure,infrastructure,,unknown,False
cdn77.org,infrastructure,infrastructure,,unknown,False
cdnbasket.net,infrastructure,infrastructure,,unknown,False
cdnbuild.net,infrastructure,infrastructure,,unknown,False
cdnbye.com,infrastructure,infrastructure,,unknown,False
cdndex.io,infrastructure,infrastructure,,unknown,False
cdnfonts.com,infrastructure,infrastructure,,unknown,False
cdnfx.net,infrastructure,infrastructure,,unknown,False
cdngslb.com,infrastructure,infrastructure,,unknown,False
cdnhwc1.com,infrastructure,infrastructure,,unknown,False
cdnhwc2.com,infrastructure,infrastructure,,unknown,False
cdnhwc3.com,infrastructure,infrastructure,,unknown,False
cdnhwc6.com,infrastructure,infrastructure,,unknown,False
cdnhwc7.com,infrastructure,infrastructure,,unknown,False
cdnhwcchh18.com,infrastructure,infrastructure,,unknown,False
cdnhwchcg02.com,infrastructure,infrastructure,,unknown,False
cdnhwcjog12.com,infrastructure,infrastructure,,unknown,False
cdnhwcoem01.com,infrastructure,infrastructure,,unknown,False
cdnhwcohm19.com,infrastructure,infrastructure,,unknown,False
cdnhwctnm107.com,infrastructure,infrastructure,,unknown,False
cdnhwcuim119.com,infrastructure,infrastructure,,unknown,False
cdnhwcxcy07.com,infrastructure,infrastructure,,unknown,False
cdnhwczba04.com,infrastructure,infrastructure,,unknown,False
cdninstagram.com,infrastructure,infrastructure,,unknown,False
cdnjs.com,infrastructure,infrastructure,,unknown,False
cdnpf.com,infrastructure,infrastructure,,unknown,False
cdnpk.net,infrastructure,infrastructure,,unknown,False
cdnpure.com,infrastructure,infrastructure,,unknown,False
cdnsolutions.media,infrastructure,infrastructure,,unknown,False
cdnstream1.com,infrastructure,infrastructure,,unknown,False
cdnvideo.ru,infrastructure,infrastructure,,unknown,False
cdnwidget.com,infrastructure,infrastructure,,unknown,False
cdreader.com,Let's Encrypt YR1,third,,TLSv1.3,True
cdtx.co,unknown,unknown,,unknown,False
cdw.com,Sectigo Limited Sectigo Public Server Authentication CA EV R36,third,,TLSv1.2,True
ce.gov.br,Amazon Amazon RSA 2048 M04,third,,TLSv1.3,True
cebupacificair.com,DigiCert Inc DigiCert Global G3 TLS ECC SHA384 2020 CA1,third,,TLSv1.3,True
cedock.com,DigiCert Inc GeoTrust TLS RSA CA G1,third,,TLSv1.3,True
cellrebel.com,Let's Encrypt YR1,third,,TLSv1.2,True
celtra.com,Let's Encrypt YE1,third,,TLSv1.3,True
ceneo.pl,DigiCert Inc DigiCert Global G2 TLS RSA SHA256 2020 CA1,third,,TLSv1.3,True
census.gov,DigiCert Inc DigiCert Global G2 TLS RSA SHA256 2020 CA1,third,,TLSv1.2,True
censys-scanner.com,unknown,unknown,,unknown,False
centauro.com.br,DigiCert Inc DigiCert EV RSA CA G2,third,,TLSv1.3,True
centos.org,Let's Encrypt R12,third,,TLSv1.3,True
centralnic.com,Let's Encrypt YR2,third,,TLSv1.2,True
centrastage.net,unknown,unknown,,unknown,False
centurygame.com,Amazon Amazon RSA 2048 M01,third,,TLSv1.3,True
centurylink.net,DigiCert Inc DigiCert Global G2 TLS RSA SHA256 2020 CA1,third,,TLSv1.3,True
ceoiii.com,unknown,unknown,,unknown,False
cern.ch,Sectigo Limited Sectigo Public Server Authentication CA OV R36,third,,TLSv1.3,True
certainly.com,Certainly Certainly Intermediate R1,private,,TLSv1.3,True
certum.pl,Asseco Data Systems S.A. Certum OV TLS G2 R39 CA,third,,TLSv1.3,True
cettire.com,Amazon Amazon RSA 2048 M04,third,,TLSv1.3,True
cfx-services.net,unknown,unknown,,unknown,False
cfx.re,DigiCert Inc DigiCert Global G2 TLS RSA SHA256 2020 CA1,third,,TLSv1.3,True
cgkthn.com,Google Trust Services WE1,third,,TLSv1.3,True
cgnx.net,unknown,unknown,,unknown,False
cgtn.com,"DigiCert, Inc. GeoTrust G2 TLS CN RSA4096 SHA256 2022 CA1",third,,TLSv1.2,True
chainnear.com,unknown,unknown,,unknown,False
chameleon.io,Let's Encrypt YR1,third,,TLSv1.3,True
chanel.com,DigiCert Inc DigiCert Global G3 TLS ECC SHA384 2020 CA1,third,,TLSv1.3,True
change.org,Amazon Amazon RSA 2048 M01,third,,TLSv1.3,True
changeip.com,DigiCert Inc RapidSSL TLS RSA CA G1,third,,TLSv1.2,True
changelly.com,Let's Encrypt YE2,third,,TLSv1.3,True
channel.io,Amazon Amazon RSA 2048 M01,third,,TLSv1.3,True
channel4.com,Sectigo Limited Sectigo Public Server Authentication CA OV R36,third,,TLSv1.2,True
channeladvisor.com,Amazon Amazon RSA 2048 M01,third,,TLSv1.3,True
channelcom.tech,unknown,unknown,,unknown,False
channelexco.com,unknown,unknown,,unknown,False
chapturist.com,unknown,unknown,,unknown,False
character.ai,Google Trust Services WE1,third,,TLSv1.3,True
characterai.io,Google Trust Services WE1,third,,TLSv1.3,True
chargebee.com,Amazon Amazon RSA 2048 M01,third,,TLSv1.2,True
chargepoint.com,Amazon Amazon RSA 2048 M01,third,,TLSv1.3,True
chartbeat.com,DigiCert Inc Thawte TLS RSA CA G1,third,,TLSv1.3,True
chartbeat.net,unknown,unknown,,unknown,False
chartboost.com,Amazon Amazon RSA 2048 M04,third,,TLSv1.3,True
charter.net,Amazon Amazon RSA 2048 M04,third,,TLSv1.2,True
chase.com,DigiCert Inc DigiCert EV RSA CA G2,third,,TLSv1.3,True
chaseherbalpasty.com,ZeroSSL GmbH ZeroSSL ECC DV SSL CA 2,third,,TLSv1.3,True
chatango.com,Sectigo Limited Sectigo Public Server Authentication CA DV R36,third,,TLSv1.2,True
chatgpt.com,Google Trust Services WE1,third,,TLSv1.3,True
chatra.io,Google Trust Services WE1,third,,TLSv1.3,True
chaturbate.com,DigiCert Inc DigiCert Global G3 TLS ECC SHA384 2020 CA1,third,,TLSv1.3,True
chatway.app,Google Trust Services WE1,third,,TLSv1.3,True
chatwoot.com,Let's Encrypt YE1,third,,TLSv1.3,True
chavesnamao.com.br,Google Trust Services WE1,third,,TLSv1.3,True
chavoads.com,ZeroSSL GmbH ZeroSSL ECC DV SSL CA 2,third,,TLSv1.2,True
cheatblocker.com,Let's Encrypt YR2,third,,TLSv1.2,True
check24.de,ZeroSSL GmbH ZeroSSL ECC DV SSL CA 2,third,,TLSv1.3,True
checkout.com,Google Trust Services WE1,third,,TLSv1.3,True
checkpoint.com,GlobalSign nv-sa GlobalSign GCC R3 DV TLS CA 2020,third,,TLSv1.3,True
checktrustworthiness.com,Let's Encrypt YE2,third,,TLSv1.3,True
chegg.com,Amazon Amazon RSA 2048 M01,third,,TLSv1.3,True
cheqzone.com,unknown,unknown,,unknown,False
chess.com,Google Trust Services WE1,third,,TLSv1.3,True
chewy.com,DigiCert Inc DigiCert Global G3 TLS ECC SHA384 2020 CA1,third,,TLSv1.3,True
chick-fil-a.com,Google Trust Services WE1,third,,TLSv1.3,True
chickenkiller.com,unknown,unknown,,unknown,False
chime.aws,Amazon Amazon RSA 2048 M01,third,,TLSv1.3,True
chimpstatic.com,DigiCert Inc DigiCert Global G3 TLS ECC SHA384 2020 CA1,third,,TLSv1.3,True
chinacloudapi.cn,unknown,unknown,,unknown,False
chinamobile.com,unknown,unknown,,unknown,False
chinanetcenter.com,"DigiCert, Inc. GeoTrust G2 TLS CN RSA4096 SHA256 2022 CA1",third,,TLSv1.3,True
chinanews.com,"DigiCert, Inc. DigiCert Basic OV G2 TLS CN RSA4096 SHA256 2022 CA1",third,,TLSv1.3,True
chinatax.gov.cn,China Financial Certification Authority CFCA TLS OV OCA,third,,TLSv1.2,True
chmsrv.com,unknown,unknown,,unknown,False
chnsrv.com,unknown,unknown,,unknown,False
chocolateplatform.com,Let's Encrypt YR1,third,,TLSv1.3,True
chocolatey.org,Google Trust Services WE1,third,,TLSv1.3,True
chocopinglate.org,unknown,unknown,,unknown,False
chordify.net,Google Trust Services WE1,third,,TLSv1.3,True
christianbook.com,DigiCert Inc DigiCert Global G2 TLS RSA SHA256 2020 CA1,third,,TLSv1.3,True
chrome.com,Google Trust Services WE2,private,,TLSv1.3,True
chromium.org,Google Trust Services WR3,private,,TLSv1.3,True
chrono24.com,Google Trust Services WE1,third,,TLSv1.3,True
chujingapp.com,"iTrusChina Co., Ltd. vTrus OV SSL CA G2",third,,TLSv1.3,True
churchofjesuschrist.org,Let's Encrypt YR1,third,,TLSv1.3,True
churnzero.net,Amazon Amazon RSA 2048 M04,third,,TLSv1.3,True
cian.ru,GlobalSign nv-sa GlobalSign RSA OV SSL CA 2018,third,,TLSv1.3,True
ciciai.com,DigiCert Inc RapidSSL TLS RSA CA G1,third,,TLSv1.3,True
cielo.com.br,DigiCert Inc DigiCert Global G2 TLS RSA SHA256 2020 CA1,third,,TLSv1.3,True
cifraclub.com.br,Let's Encrypt YE1,third,,TLSv1.3,True
cilema.xyz,Google Trust Services WE1,third,,TLSv1.3,True
cimri.com,Google Trust Services WE1,third,,TLSv1.3,True
cineca.it,Hellenic Academic and Research Institutions CA GEANT TLS RSA 1,third,,TLSv1.3,True
cinemap.cc,unknown,unknown,,unknown,False
cira.ca,Let's Encrypt YR2,third,,TLSv1.2,True
circleci.com,Amazon Amazon RSA 2048 M04,third,,TLSv1.3,True
cirrussystem.net,unknown,unknown,,unknown,False
cisco.com,IdenTrust HydrantID Server CA O1,third,,TLSv1.2,True
ciscospark.com,IdenTrust HydrantID Server CA O1,third,,TLSv1.2,True
citi.com,DigiCert Inc DigiCert EV RSA CA G2,third,,TLSv1.2,True
citigroup.com,DigiCert Inc DigiCert EV RSA CA G2,third,,TLSv1.2,True
citrix.com,DigiCert Inc DigiCert Global G2 TLS RSA SHA256 2020 CA1,third,,TLSv1.2,True
citrixworkspacesapi.net,unknown,unknown,,unknown,False
city8.com,Unizeto Technologies S.A. Certum Domain Validation CA SHA2,third,,TLSv1.2,True
citymeal.com,Sectigo Limited Sectigo Public Server Authentication CA DV R36,third,,TLSv1.3,True
civiccomputing.com,Let's Encrypt YR1,third,,TLSv1.2,True
civitai.com,Let's Encrypt YE2,third,,TLSv1.3,True
cjjd14.com,unknown,unknown,,unknown,False
cjmpxylza.com,unknown,unknown,,unknown,False
ck-ie.com,unknown,unknown,,unknown,False
ckeditor.com,Amazon Amazon RSA 2048 M04,third,,TLSv1.3,True
clairvoyance.cloud,unknown,unknown,,unknown,False
clamav.net,Google Trust Services WE1,third,,TLSv1.3,True
clarip.com,Certainly Certainly Intermediate R1,third,,TLSv1.3,True
clarity.ms,Microsoft Corporation Microsoft TLS G2 RSA CA OCSP 16,unknown,,TLSv1.3,True
clarium.io,unknown,unknown,,unknown,False
claro.com.br,Amazon Amazon RSA 2048 M04,third,,TLSv1.3,True
clarobrasil.mobi,unknown,unknown,,unknown,False
clarocdn.com.br,infrastructure,infrastructure,,unknown,False
clashofclans.com,Amazon Amazon RSA 2048 M01,third,,TLSv1.3,True
clashroyale.com,Amazon Amazon RSA 2048 M04,third,,TLSv1.3,True
clashroyaleapp.com,unknown,unknown,,unknown,False
claspws.tv,unknown,unknown,,unknown,False
classdojo.com,Amazon Amazon RSA 2048 M04,third,,TLSv1.3,True
classistatic.de,unknown,unknown,,unknown,False
claude.ai,Let's Encrypt YE1,third,,TLSv1.3,True
claude.com,Let's Encrypt YE1,third,,TLSv1.3,True
claudeusercontent.com,Google Trust Services WE1,third,,TLSv1.3,True
claydar.com,unknown,unknown,,unknown,False
cldmail.ru,unknown,unknown,,unknown,False
clean.gg,Google Trust Services WR3,third,,TLSv1.3,True
cleanbrowsing.org,Let's Encrypt YR2,third,,TLSv1.3,True
cleantalk.org,Sectigo Limited Sectigo Public Server Authentication CA DV R36,third,,TLSv1.3,True
clearsale.com.br,"GoDaddy.com, Inc. Go Daddy Secure Certificate Authority - G2",third,,TLSv1.3,True
clerk.com,Let's Encrypt YR2,third,,TLSv1.3,True
clerk.io,Google Trust Services WE1,third,,TLSv1.3,True
clerkprod-cloudflare.net,unknown,unknown,,unknown,False
cleverpush.com,Google Trust Services WE1,third,,TLSv1.3,True
clevertap-prod.com,Amazon Amazon RSA 2048 M01,third,,TLSv1.3,True
cleverwebserver.com,Google Trust Services WE1,third,,TLSv1.3,True
click-nrse.net,DigiCert Inc Encryption Everywhere DV TLS CA - G2,third,,TLSv1.2,True
click2cart.com,Amazon Amazon RSA 2048 M04,third,,TLSv1.3,True
clickadu.net,DigiCert Inc DigiCert Global G2 TLS RSA SHA256 2020 CA1,third,,TLSv1.3,True
clickagy.com,Amazon Amazon ECDSA 384 M04,third,,TLSv1.3,True
clickcease.com,Amazon Amazon RSA 2048 M04,third,,TLSv1.3,True
clickiocdn.com,infrastructure,infrastructure,,unknown,False
clickon.kr,Sectigo Limited Sectigo Public Server Authentication CA DV R36,third,,TLSv1.2,True
clickonometrics.pl,Asseco Data Systems S.A. Certum DV TLS G2 R39 CA,third,,TLSv1.2,True
clicktale.net,unknown,unknown,,unknown,False
clicktripz.com,Amazon Amazon RSA 2048 M04,third,,TLSv1.3,True
clickup.com,Amazon Amazon RSA 2048 M04,third,,TLSv1.3,True
clickwifi.net,"Beijing Xinchacha Credit Management Co., Ltd. Xcc Trust DV SSL CA",third,,TLSv1.2,True
clientgear.com,"DigiCert, Inc. RapidSSL Global TLS RSA4096 SHA256 2022 CA1",third,,TLSv1.2,True
clienttons.com,unknown,unknown,,unknown,False
clinch.co,Google Trust Services WE1,third,,TLSv1.3,True
cline.bot,Let's Encrypt YR2,third,,TLSv1.3,True
clip-studio.com,GlobalSign nv-sa GlobalSign RSA OV SSL CA 2018,third,,TLSv1.2,True
clipro.tv,Sectigo Limited Sectigo Public Server Authentication CA DV R36,third,,TLSv1.3,True
clips4sale.com,Sectigo Limited Sectigo Public Server Authentication CA DV R36,third,,TLSv1.3,True
cliqtrq.com,unknown,unknown,,unknown,False
clixsight.com,unknown,unknown,,unknown,False
clladss.com,Let's Encrypt R12,third,,TLSv1.2,True
clmbtech.com,DigiCert Inc GeoTrust TLS RSA CA G1,third,,TLSv1.3,True
clockify.me,Amazon Amazon RSA 2048 M02,third,,TLSv1.3,True
closeli.com,Acme Co Kubernetes Ingress Controller Fake Certificate,unknown,,TLSv1.3,True
cloud-control.top,unknown,unknown,,unknown,False
cloud.com,DigiCert Inc DigiCert Global G2 TLS RSA SHA256 2020 CA1,third,,TLSv1.3,True
cloud.globo,unknown,unknown,,unknown,False
cloud.microsoft,Microsoft Corporation Microsoft TLS G2 RSA CA OCSP 10,private,,TLSv1.3,True
cloud.sap,DigiCert Inc DigiCert Global G2 TLS RSA SHA256 2020 CA1,third,,TLSv1.3,True
cloudamqp.com,Amazon Amazon RSA 2048 M01,third,,TLSv1.3,True
cloudapp.net,unknown,unknown,,unknown,False
cloudappsecurity.com,Microsoft Corporation Microsoft TLS G2 RSA CA OCSP 10,third,,TLSv1.3,True
cloudatacdn.com,infrastructure,infrastructure,,unknown,False
cloudbackup.management,Google Trust Services WE1,third,,TLSv1.3,True
cloudbeds.com,Amazon Amazon RSA 2048 M04,third,,TLSv1.3,True
cloudbees.io,Amazon Amazon RSA 2048 M01,third,,TLSv1.2,True
cloudbirds.cn,DigiCert Inc RapidSSL TLS RSA CA G1,third,,TLSv1.2,True
cloudcovermusic.com,Amazon Amazon RSA 2048 M04,third,,TLSv1.3,True
cloudcpp.com,Google Trust Services WR3,third,,TLSv1.3,True
clouddatahub.net,unknown,unknown,,unknown,False
clouddevice.io,unknown,unknown,,unknown,False
cloudedge360.com,DigiCert Inc Encryption Everywhere DV TLS CA - G2,third,,TLSv1.2,True
cloudfilter.net,Sectigo Limited Sectigo Public Server Authentication CA OV R36,third,,TLSv1.3,True
cloudflare-dns.com,SSL Corp SSL.com SSL Intermediate CA ECC R2,third,,TLSv1.3,True
cloudflare-ech.com,Google Trust Services WE1,third,,TLSv1.3,True
cloudflare-eth.com,Google Trust Services WE1,third,,TLSv1.3,True
cloudflare-gateway.com,Google Trust Services WE1,third,,TLSv1.3,True
cloudflare.com,Google Trust Services WE1,third,,TLSv1.3,True
cloudflare.dev,Google Trust Services WE1,third,,TLSv1.3,True
cloudflare.net,Let's Encrypt YE2,third,,TLSv1.3,True
cloudflareaccess.com,Google Trust Services WE1,third,,TLSv1.3,True
cloudflareclient.com,Let's Encrypt YE2,third,,TLSv1.3,True
cloudflarecp.com,Google Trust Services WE1,third,,TLSv1.3,True
cloudflareinsights.com,Google Trust Services WE1,third,,TLSv1.3,True
cloudflareok.com,Google Trust Services WE1,third,,TLSv1.3,True
cloudflareportal.com,Google Trust Services WE1,third,,TLSv1.3,True
cloudflareresolve.com,unknown,unknown,,unknown,False
cloudflaressl.com,unknown,unknown,,unknown,False
cloudflarestatus.com,Google Trust Services WR3,third,,TLSv1.3,True
cloudflarestorage.com,Google Trust Services WE1,third,,TLSv1.3,True
cloudflarestream.com,Google Trust Services WE1,third,,TLSv1.3,True
cloudfront.net,infrastructure,infrastructure,,unknown,False
cloudfunctions.net,Google Trust Services WE2,third,,TLSv1.3,True
cloudhub.io,Amazon Amazon RSA 2048 M04,third,,TLSv1.2,True
cloudimg.io,DigiCert Inc GeoTrust TLS RSA CA G1,third,,TLSv1.3,True
cloudinary.com,"GoDaddy.com, Inc. Go Daddy Secure Certificate Authority - G2",third,,TLSv1.3,True
cloudlinks.cn,DigiCert Inc RapidSSL TLS RSA CA G1,third,,TLSv1.2,True
cloudlinux.com,Let's Encrypt YE2,third,,TLSv1.3,True
cloudmark.com,Sectigo Limited Sectigo Public Server Authentication CA OV R36,third,,TLSv1.3,True
cloudns.net,Sectigo Limited Sectigo Public Server Authentication CA DV R36,third,,TLSv1.3,True
cloudpath.live,Let's Encrypt YE2,third,,TLSv1.3,True
cloudscdn.net,infrastructure,infrastructure,,unknown,False
cloudseeplus.com,DigiCert Inc RapidSSL TLS RSA CA G1,third,,TLSv1.2,True
cloudseetech.com,Symantec Corporation Symantec Basic DV SSL CA - G1,third,,TLSv1.3,True
cloudsink.net,unknown,unknown,,unknown,False
cloudtotvs.com.br,unknown,unknown,,unknown,False
cloudtrax.com,Amazon Amazon RSA 2048 M01,third,,TLSv1.2,True
cloudx.io,Let's Encrypt YR2,third,,TLSv1.3,True
clover.com,DigiCert Inc RapidSSL TLS RSA CA G1,third,,TLSv1.2,True
clrt.ai,Google Trust Services WE1,third,,TLSv1.3,True
clvrads.com,Google Trust Services WE1,third,,TLSv1.3,True
cmcm.com,"DigiCert, Inc. DigiCert Basic OV G2 TLS CN RSA4096 SHA256 2022 CA1",third,,TLSv1.2,True
cmecloud.cn,GlobalSign nv-sa GlobalSign RSA OV SSL CA 2018,third,,TLSv1.2,True
cmediahub.ru,Let's Encrypt E7,third,,TLSv1.3,True
cmpassport.com,"TrustAsia Technologies, Inc. TrustAsia OV TLS RSA CA 2024",third,,TLSv1.2,True
cmtelematics.com,Let's Encrypt YE2,third,,TLSv1.3,True
cmu.edu,Internet2 InCommon RSA Server CA 2,third,,TLSv1.2,True
cnbc.com,Amazon Amazon RSA 2048 M01,third,,TLSv1.3,True
cnbcfm.com,"Entrust, Inc. Entrust Certification Authority - L1K",unknown,,TLSv1.3,True
cnc-router-5axis.com,unknown,unknown,,unknown,False
cnet.com,Let's Encrypt YR1,third,,TLSv1.3,True
cnki.net,GlobalSign nv-sa GlobalSign RSA OV SSL CA 2018,third,,TLSv1.2,True
cnn.com,GlobalSign nv-sa GlobalSign Atlas ECCR5 OV TLS CA 2025 Q2,third,,TLSv1.3,True
cnn.io,unknown,unknown,,unknown,False
cnnbrasil.com.br,Let's Encrypt YE2,third,,TLSv1.3,True
cnnx.link,unknown,unknown,,unknown,False
cnrd.io,unknown,unknown,,unknown,False
cnrs.fr,Hellenic Academic and Research Institutions CA GEANT TLS RSA 1,third,,TLSv1.3,True
cnstrc.com,Amazon Amazon RSA 2048 M04,third,,TLSv1.3,True
cnt.my,Let's Encrypt YR2,third,,TLSv1.2,True
cnzz.com,GlobalSign nv-sa GlobalSign GCC R3 OV TLS CA 2024,third,,TLSv1.2,True
coca-cola.com,Amazon Amazon RSA 2048 M01,third,,TLSv1.2,True
coccoc.com,GlobalSign nv-sa GlobalSign GCC R6 AlphaSSL CA 2025,third,,TLSv1.2,True
cock.li,Let's Encrypt YR2,third,,TLSv1.3,True
cococut.net,Google Trust Services WE1,third,,TLSv1.3,True
cocogain.io,unknown,unknown,,unknown,False
coconts.com,Let's Encrypt YE2,third,,TLSv1.3,True
code.org,Amazon Amazon RSA 2048 M01,third,,TLSv1.3,True
code42.com,DigiCert Inc DigiCert Global G2 TLS RSA SHA256 2020 CA1,third,,TLSv1.3,True
codeberg.org,Let's Encrypt YE2,third,,TLSv1.3,True
codeblackbelt.com,Google Trust Services WE1,third,,TLSv1.3,True
codedish.co,Amazon Amazon RSA 2048 M01,third,,TLSv1.3,True
codefusion.technology,unknown,unknown,,unknown,False
codeium.com,Let's Encrypt YR1,third,,TLSv1.3,True
codmwest.com,unknown,unknown,,unknown,False
cogeco.ca,DigiCert Inc Thawte EV RSA CA G2,third,,TLSv1.3,True
cognitivlabs.com,unknown,unknown,,unknown,False
coherentpath.com,unknown,unknown,,unknown,False
coinall.ltd,unknown,unknown,,unknown,False
coinbase.com,Google Trust Services WE1,third,,TLSv1.3,True
coinex.com,Google Trust Services WE1,third,,TLSv1.3,True
coingecko.com,Google Trust Services WE1,third,,TLSv1.3,True
coinglass.com,Amazon Amazon RSA 2048 M04,third,,TLSv1.3,True
coingraph-update.com,Let's Encrypt YE1,third,,TLSv1.2,True
coinmarketcap.com,Amazon Amazon RSA 2048 M04,third,,TLSv1.3,True
coles.com.au,DigiCert Inc Thawte TLS RSA CA G1,third,,TLSv1.3,True
collegeboard.org,Let's Encrypt YR2,third,,TLSv1.3,True
collinsdictionary.com,Google Trust Services WE1,third,,TLSv1.3,True
colnsedge.com,Let's Encrypt YE2,third,,TLSv1.2,True
colorado.edu,Certainly Certainly Intermediate R1,third,,TLSv1.2,True
coloros.com,"DigiCert, Inc. GeoTrust G2 TLS CN RSA4096 SHA256 2022 CA1",third,,TLSv1.3,True
colossusssp.com,"GoDaddy.com, Inc. Go Daddy Secure Certificate Authority - G2",third,,TLSv1.3,True
columbia.edu,Google Trust Services WE1,third,,TLSv1.3,True
comcast.com,COMODO CA Limited COMODO RSA Organization Validation Secure Server CA,third,,TLSv1.3,True
comcast.net,Sectigo Limited Sectigo Public Server Authentication CA OV R36,third,,TLSv1.2,True
comfy.org,Let's Encrypt YE1,third,,TLSv1.3,True
comfylink.com,"DigiCert, Inc. GeoTrust G2 TLS CN RSA4096 SHA256 2022 CA1",third,,TLSv1.3,True
comix.to,Google Trust Services WE1,third,,TLSv1.3,True
commander1.com,DigiCert Inc Thawte TLS RSA CA G1,third,,TLSv1.2,True
comodo.com,Sectigo Limited Sectigo Public Server Authentication CA OV R36,third,,TLSv1.3,True
comodoca.com,Sectigo Limited Sectigo Public Server Authentication CA OV R36,third,,TLSv1.2,True
company-target.com,unknown,unknown,,unknown,False
companytravelinfoco.autos,Unknown LTD,unknown,,TLSv1.3,True
complyauto.com,Google Trust Services WR1,third,,TLSv1.3,True
component-world.com,Let's Encrypt YR1,third,,TLSv1.3,True
components-store.com,Let's Encrypt R12,third,,TLSv1.3,True
computrabajo.com,Amazon Amazon RSA 2048 M01,third,,TLSv1.2,True
concursolutions.com,DigiCert Inc DigiCert Global G3 TLS ECC SHA384 2020 CA1,third,,TLSv1.3,True
conde.digital,unknown,unknown,,unknown,False
condenastdigital.com,unknown,unknown,,unknown,False
conectiva.io,Google Trust Services WE1,third,,TLSv1.3,True
conferdeploy.net,unknown,unknown,,unknown,False
confiant-integrations.net,unknown,unknown,,unknown,False
config-security.com,Google Trust Services WE1,third,,TLSv1.3,True
configcat.com,Google Trust Services WE1,third,,TLSv1.3,True
configurationcenter.com,DigiCert Inc DigiCert Global G2 TLS RSA SHA256 2020 CA1,third,,TLSv1.2,True
confirmit.com,Let's Encrypt YR1,third,,TLSv1.3,True
confluent.cloud,Amazon Amazon RSA 2048 M04,third,,TLSv1.3,True
congress.gov,Google Trust Services WE1,third,,TLSv1.3,True
connatix.com,Amazon Amazon RSA 2048 M04,third,,TLSv1.3,True
connect.aws,unknown,unknown,,unknown,False
connectad.io,Google Trust Services WE1,third,,TLSv1.3,True
connecteam.com,Google Trust Services WE1,third,,TLSv1.3,True
connectedpdf.com,DigiCert Inc Encryption Everywhere DV TLS CA - G2,third,,TLSv1.2,True
connectwise.com,Google Trust Services WE1,third,,TLSv1.3,True
connextra.com,unknown,unknown,,unknown,False
connman.net,Sectigo Limited Sectigo RSA Domain Validation Secure Server CA,third,,TLSv1.3,True
consentframework.com,DigiCert Inc RapidSSL TLS RSA CA G1,third,,TLSv1.3,True
consentmanager.net,Sectigo Limited Sectigo Public Server Authentication CA DV R36,third,,TLSv1.2,True
consentmo.com,Google Trust Services WE1,third,,TLSv1.3,True
constantcontact.com,GlobalSign nv-sa GlobalSign Atlas R3 OV TLS CA 2025 Q4,third,,TLSv1.3,True
contaboserver.net,unknown,unknown,,unknown,False
contactout.com,Google Trust Services WE1,third,,TLSv1.3,True
content-square.net,unknown,unknown,,unknown,False
contentabc.com,unknown,unknown,,unknown,False
contentful.com,Let's Encrypt YR1,third,,TLSv1.3,True
contentinsights.com,Amazon Amazon RSA 2048 M02,third,,TLSv1.3,True
contentsquare.net,unknown,unknown,,unknown,False
contentsserved.com,Sectigo Limited Sectigo Public Server Authentication CA DV R36,third,,TLSv1.2,True
contentstack.com,Gandi SAS GandiCert,third,,TLSv1.3,True
contentstack.io,Amazon Amazon RSA 2048 M04,third,,TLSv1.2,True
contextsdk.com,Google Trust Services WE1,third,,TLSv1.3,True
contextualadv.com,"GoDaddy.com, Inc. Go Daddy Secure Certificate Authority - G2",third,,TLSv1.3,True
contextweb.com,Sectigo Limited Sectigo Public Server Authentication CA OV R36,third,,TLSv1.3,True
control4.com,Let's Encrypt R12,third,,TLSv1.3,True
controld.com,Let's Encrypt YR1,third,,TLSv1.3,True
controlup.com,Let's Encrypt R13,third,,TLSv1.3,True
conversionbear.com,Google Trust Services WE1,third,,TLSv1.3,True
converteai.net,Amazon Amazon RSA 2048 M04,third,,TLSv1.2,True
convertexperiments.com,unknown,unknown,,unknown,False
convertkit.com,Amazon Amazon RSA 2048 M02,third,,TLSv1.2,True
conviva.com,Google Trust Services WE1,third,,TLSv1.3,True
coocaa.asia,unknown,unknown,,unknown,False
coocaa.in,unknown,unknown,,unknown,False
coocaa.nl,unknown,unknown,,unknown,False
cookie-script.com,Sectigo Limited Sectigo Public Server Authentication CA DV R36,third,,TLSv1.3,True
cookiebot.com,Google Trust Services WE1,third,,TLSv1.3,True
cookiebot.eu,Google Trust Services WE1,third,,TLSv1.3,True
cookiefirst.com,Sectigo Limited Sectigo Public Server Authentication CA DV R36,third,,TLSv1.3,True
cookieinformation.com,CentralNic Luxembourg Sàrl GlobeSSL DV CA,third,,TLSv1.3,True
cookielaw.org,Google Trust Services WE1,third,,TLSv1.3,True
cookiepro.com,Google Trust Services WE1,third,,TLSv1.3,True
cookieyes.com,Google Trust Services WE1,third,,TLSv1.3,True
cookpad.com,Certainly Certainly Intermediate R1,third,,TLSv1.3,True
coolacloud.com,"GoDaddy.com, Inc. Go Daddy Secure Certificate Authority - G2",third,,TLSv1.2,True
coolccloud.com,"GoDaddy.com, Inc. Go Daddy Secure Certificate Authority - G2",third,,TLSv1.2,True
coolita.com,DigiCert Inc RapidSSL TLS RSA CA G1,third,,TLSv1.3,True
coolkit.cc,coolkit coolkit.cn,private,,TLSv1.2,True
coollabs.io,Let's Encrypt YR1,third,,TLSv1.3,True
coolzcloud.com,"GoDaddy.com, Inc. Go Daddy Secure Certificate Authority - G2",third,,TLSv1.2,True
coop.br,unknown,unknown,,unknown,False
coosync.com,Google Trust Services WR1,third,,TLSv1.3,True
cootlogix.com,Google Trust Services WR1,third,,TLSv1.3,True
copart.com,"Starfield Technologies, Inc. Starfield Secure Certificate Authority - G2",third,,TLSv1.3,True
copilot.com,Microsoft Corporation Microsoft TLS G2 RSA CA OCSP 04,third,,TLSv1.3,True
coppel.com,DigiCert Inc DigiCert Global G3 TLS ECC SHA384 2020 CA1,third,,TLSv1.3,True
copper6.com,Google Trust Services WE1,third,,TLSv1.3,True
coppersurfer.tk,Let's Encrypt YR1,third,,TLSv1.3,True
coralogix.com,Google Trust Services WE1,third,,TLSv1.3,True
corbina.net,Let's Encrypt R12,third,,TLSv1.3,True
core.microsoft,unknown,unknown,,unknown,False
corel.com,Amazon Amazon RSA 2048 M01,third,,TLSv1.2,True
coreweave.com,Let's Encrypt YE1,third,,TLSv1.3,True
cornell.edu,"InCommon, LLC InCommon RSA OV SSL CA 3",third,,TLSv1.2,True
cornfused.org,Google Trust Services WE1,third,,TLSv1.3,True
coronatodays.com,Google Trust Services WE1,third,,TLSv1.3,True
corpinter.net,unknown,unknown,,unknown,False
corpscorp.online,unknown,unknown,,unknown,False
correios.com.br,DigiCert Inc Thawte TLS RSA CA G1,third,,TLSv1.2,True
corriere.it,Let's Encrypt YR1,third,,TLSv1.2,True
corsair.com,Google Trust Services WE1,third,,TLSv1.3,True
cortana.ai,Microsoft Corporation Microsoft TLS G2 RSA CA OCSP 16,unknown,,TLSv1.3,True
cosmicnarrativehub.com,Google Trust Services WE1,third,,TLSv1.3,True
cosmose.co,Amazon Amazon RSA 2048 M04,third,,TLSv1.3,True
costco.com,DigiCert Inc DigiCert Global G3 TLS ECC SHA384 2020 CA1,third,,TLSv1.3,True
couchsurfing.com,Google Trust Services WR3,third,,TLSv1.3,True
counterpath.com,Google Trust Services WE1,third,,TLSv1.3,True
country.is,Google Trust Services WE1,third,,TLSv1.3,True
coupahost.com,unknown,unknown,,unknown,False
coupang.com,Amazon Amazon RSA 2048 M04,third,,TLSv1.3,True
coupangcdn.com,infrastructure,infrastructure,,unknown,False
coupert.com,Google Trust Services WE1,third,,TLSv1.3,True
coupertsh.com,Google Trust Services WE1,third,,TLSv1.3,True
coursehero.com,Google Trust Services WE1,third,,TLSv1.3,True
coursera.org,Amazon Amazon RSA 2048 M01,third,,TLSv1.3,True
covatic.io,unknown,unknown,,unknown,False
coveo.com,Amazon Amazon RSA 2048 M01,third,,TLSv1.3,True
cox.net,DigiCert Inc DigiCert Global G2 TLS RSA SHA256 2020 CA1,third,,TLSv1.2,True
coxautoinc.com,Let's Encrypt YE1,third,,TLSv1.3,True
cpanel.net,Sectigo Limited Sectigo Public Server Authentication CA DV R36,third,,TLSv1.3,True
cpatrk.net,unknown,unknown,,unknown,False
cpcdn.com,infrastructure,infrastructure,,unknown,False
cpmstar.com,Google Trust Services WR1,third,,TLSv1.3,True
cppreference.com,Let's Encrypt YE2,third,,TLSv1.3,True
cpx-research.com,Let's Encrypt YR2,third,,TLSv1.3,True
cpx.to,unknown,unknown,,unknown,False
cqloud.com,unknown,unknown,,unknown,False
cqsjd.xyz,unknown,unknown,,unknown,False
cquotient.com,unknown,unknown,,unknown,False
cra.cz,Google Trust Services WR1,third,,TLSv1.3,True
crafspot.com,unknown,unknown,,unknown,False
craigslist.org,DigiCert Inc DigiCert Global G3 TLS ECC SHA384 2020 CA1,third,,TLSv1.2,True
crashlytics.com,Google Trust Services WE2,private,,TLSv1.3,True
crates.io,GlobalSign nv-sa GlobalSign Atlas R3 DV TLS CA 2025 Q4,third,,TLSv1.3,True
crazyegg.com,Amazon Amazon RSA 2048 M01,third,,TLSv1.2,True
crazygames.com,Google Trust Services WE1,third,,TLSv1.3,True
crazymaplestudios.com,DigiCert Inc RapidSSL TLS RSA CA G1,third,,TLSv1.3,True
crcldu.com,Let's Encrypt YR2,third,,TLSv1.3,True
cre.ma,DigiCert Inc DigiCert Global G2 TLS RSA SHA256 2020 CA1,third,,TLSv1.3,True
crealitycloud.cn,WoTrus CA Limited WoTrus DV Server CA  [Run by the Issuer],third,,TLSv1.3,True
crealitycloud.com,WoTrus CA Limited WoTrus DV Server CA  [Run by the Issuer],third,,TLSv1.3,True
createjs.com,Let's Encrypt YR2,third,,TLSv1.3,True
creative-serving.com,unknown,unknown,,unknown,False
creativecdn.com,infrastructure,infrastructure,,unknown,False
creativecommons.org,Google Trust Services WE1,third,,TLSv1.3,True
creativefabrica.com,Let's Encrypt YE1,third,,TLSv1.3,True
creditkarma.com,DigiCert Inc DigiCert EV RSA CA G2,third,,TLSv1.3,True
creditsafe.com,Google Trust Services WE1,third,,TLSv1.3,True
crestron.io,DigiCert Inc Thawte TLS RSA CA G1,third,,TLSv1.3,True
cribl.cloud,Amazon Amazon RSA 2048 M01,third,,TLSv1.3,True
cricbuzz.com,DigiCert Inc GeoTrust TLS RSA CA G1,third,,TLSv1.2,True
cricheroes.com,Google Trust Services WE1,third,,TLSv1.3,True
cricut.com,Amazon Amazon RSA 2048 M01,third,,TLSv1.3,True
crisp.chat,Google Trust Services WE1,third,,TLSv1.3,True
criteo.com,Let's Encrypt YR2,third,,TLSv1.3,True
criteo.net,unknown,unknown,,unknown,False
crmared.com,Let's Encrypt YR2,third,,TLSv1.2,True
crn77.com,Google Trust Services WE1,third,,TLSv1.3,True
crossref.org,Amazon Amazon RSA 2048 M01,third,,TLSv1.3,True
crowd-umlaut.com,Let's Encrypt YR2,third,,TLSv1.2,True
crowdin.net,Amazon Amazon RSA 2048 M01,third,,TLSv1.3,True
crowdsec.net,Let's Encrypt YR2,third,,TLSv1.3,True
crowdstrike.com,Google Trust Services WE1,third,,TLSv1.3,True
crowsember.com,Let's Encrypt YE1,third,,TLSv1.3,True
crpt.ru,Let's Encrypt R13,third,,TLSv1.3,True
crtrcloud.com,"DNSPod, Inc. DNSPod RSA OV",unknown,,TLSv1.2,True
crunchbase.com,Let's Encrypt YE2,third,,TLSv1.3,True
crunchyroll.com,Google Trust Services WE1,third,,TLSv1.3,True
crunchyrollcdn.com,infrastructure,infrastructure,,unknown,False
crunchyrollsvc.com,unknown,unknown,,unknown,False
crushblocks.com,ZeroSSL GmbH ZeroSSL ECC DV SSL CA 2,third,,TLSv1.2,True
crushon.ai,Google Trust Services WE1,third,,TLSv1.3,True
crwdcntrl.net,Amazon Amazon RSA 2048 M04,third,,TLSv1.2,True
crypto.com,Google Trust Services WE1,third,,TLSv1.3,True
csasecurityapp.com,Google Trust Services WE1,third,,TLSv1.3,True
cscdns.net,infrastructure,infrastructure,,unknown,False
csdata3.com,unknown,unknown,,unknown,False
csdn.net,"Beijing Xinchacha Credit Management Co., Ltd. Xcc Trust OV SSL CA",third,,TLSv1.3,True
csdnimg.cn,"Beijing Xinchacha Credit Management Co., Ltd. Xcc Trust DV SSL CA",third,,TLSv1.3,True
csfloat.com,Google Trust Services WE1,third,,TLSv1.3,True
csgo.com,Google Trust Services WE1,third,,TLSv1.3,True
csod.com,Let's Encrypt YR2,third,,TLSv1.3,True
cspserver.net,DigiCert Inc Thawte TLS RSA CA G1,third,,TLSv1.3,True
cstatic-images.com,Amazon Amazon RSA 2048 M04,third,,TLSv1.3,True
ctadns.cn,unknown,unknown,,unknown,False
ctdns.cn,unknown,unknown,,unknown,False
ctecdn.cn,infrastructure,infrastructure,,unknown,False
ctfassets.net,unknown,unknown,,unknown,False
ctlcdn.cn,infrastructure,infrastructure,,unknown,False
ctmail.com,unknown,unknown,,unknown,False
ctnsnet.com,DigiCert Inc DigiCert Global G2 TLS RSA SHA256 2020 CA1,third,,TLSv1.3,True
ctobsnssdk.com,unknown,unknown,,unknown,False
ctolabperfstats.com,unknown,unknown,,unknown,False
ctrip.com,GlobalSign nv-sa GlobalSign RSA OV SSL CA 2018,third,,TLSv1.2,True
ctripgslb.net,unknown,unknown,,unknown,False
ctrliq.cloud,unknown,unknown,,unknown,False
ctsmnfx.com,Let's Encrypt YE1,third,,TLSv1.3,True
ctyun.cn,UniTrust SHECA OV Server CA G5,third,,TLSv1.3,True
cubecraft.net,Google Trust Services WE1,third,,TLSv1.3,True
cuckcapital.cr,unknown,unknown,,unknown,False
cudaops.com,unknown,unknown,,unknown,False
cudasvc.com,unknown,unknown,,unknown,False
cuhk.edu.hk,Sectigo Limited Sectigo Public Server Authentication CA DV R36,third,,TLSv1.2,True
cults3d.com,Google Trust Services WE1,third,,TLSv1.3,True
cuni.cz,Hellenic Academic and Research Institutions CA GEANT TLS RSA 1,third,,TLSv1.3,True
curalate.com,Let's Encrypt R13,third,,TLSv1.3,True
curseforge.com,Google Trust Services WE1,third,,TLSv1.3,True
cursor.com,Let's Encrypt YR2,third,,TLSv1.3,True
cursor.sh,Let's Encrypt YR1,third,,TLSv1.3,True
cust-service.com,Amazon Amazon RSA 2048 M01,third,,TLSv1.3,True
custhelp.com,DigiCert Inc DigiCert Global G2 TLS RSA SHA256 2020 CA1,third,,TLSv1.3,True
customer-oci.com,unknown,unknown,,unknown,False
customer.io,Let's Encrypt YR1,third,,TLSv1.3,True
cvent.com,Amazon Amazon RSA 2048 M02,third,,TLSv1.2,True
cvs.com,DigiCert Inc DigiCert Global G2 TLS RSA SHA256 2020 CA1,third,,TLSv1.3,True
cvtapi.com,DigiCert Inc Encryption Everywhere DV TLS CA - G2,third,,TLSv1.3,True
cvte.com,DigiCert Inc Encryption Everywhere DV TLS CA - G2,third,,TLSv1.2,True
cwi.re,Let's Encrypt YR2,third,,TLSv1.3,True
cwmars.org,Google Trust Services WE1,third,,TLSv1.3,True
cxense.com,Let's Encrypt YR1,third,,TLSv1.3,True
cyberark.cloud,SSL Corp SSL.com SSL Intermediate CA ECC R2,third,,TLSv1.3,True
cyberark.com,Let's Encrypt YE1,third,,TLSv1.3,True
cyberghostvpn.com,"GoDaddy.com, Inc. Go Daddy Secure Certificate Authority - G2",third,,TLSv1.3,True
cyberhaven.io,Google Trust Services WE1,third,,TLSv1.3,True
cyberia.is,unknown,unknown,,unknown,False
cyberprotector.online,Google Trust Services WE1,third,,TLSv1.3,True
cybersource.com,"CLOUDFLARE, INC. Cloudflare TLS Issuing ECC CA 1",third,,TLSv1.3,True
cybo.com,Google Trust Services WE1,third,,TLSv1.3,True
cylance.com,Amazon Amazon RSA 2048 M04,third,,TLSv1.3,True
cynet.com,Let's Encrypt YE2,third,,TLSv1.3,True
cytracom.net,"GoDaddy.com, Inc. Go Daddy Secure Certificate Authority - G2",third,,TLSv1.3,True
d2-apps.net,Google Trust Services WR3,third,,TLSv1.3,True
dable.io,Let's Encrypt YR1,third,,TLSv1.3,True
dafiti.com.br,Amazon Amazon RSA 2048 M04,third,,TLSv1.2,True
dahhxxttxs.com,unknown,unknown,,unknown,False
dailyforecast.net,Let's Encrypt YR1,third,,TLSv1.3,True
dailygn.com,DigiCert Inc RapidSSL TLS RSA CA G1,third,,TLSv1.3,True
dailyhunt.in,"GoDaddy.com, Inc. Go Daddy Secure Certificate Authority - G2",third,,TLSv1.3,True
dailymail.co.uk,DigiCert Inc DigiCert Global G3 TLS ECC SHA384 2020 CA1,third,,TLSv1.3,True
dailymail.com,DigiCert Inc DigiCert Global G3 TLS ECC SHA384 2020 CA1,third,,TLSv1.3,True
dailymotion.com,ZeroSSL GmbH ZeroSSL RSA DV SSL CA 2,third,,TLSv1.3,True
dakgg.io,unknown,unknown,,unknown,False
daleelerah.info,Google Trust Services WE1,third,,TLSv1.2,True
dalyfeds.com,Let's Encrypt YE1,third,,TLSv1.3,True
dana.id,DigiCert Inc DigiCert Global G2 TLS RSA SHA256 2020 CA1,third,,TLSv1.3,True
danawa.com,GlobalSign nv-sa GlobalSign RSA OV SSL CA 2018,third,,TLSv1.2,True
dandb.com,Let's Encrypt YE2,third,,TLSv1.3,True
daraz.com,GlobalSign nv-sa GlobalSign GCC R46 OV TLS CA 2025,third,,TLSv1.3,True
daraz.pk,GlobalSign nv-sa GlobalSign GCC R3 OV TLS CA 2024,third,,TLSv1.2,True
darkreader.org,Let's Encrypt YR2,third,,TLSv1.3,True
dashapi.com,unknown,unknown,,unknown,False
dashlane.com,Google Trust Services WE1,third,,TLSv1.3,True
data4game.com,unknown,unknown,,unknown,False
databricks.com,Amazon Amazon RSA 2048 M01,third,,TLSv1.3,True
databridges.tech,unknown,unknown,,unknown,False
datacamp.com,Amazon Amazon RSA 2048 M01,third,,TLSv1.3,True
datadoghq-browser-agent.com,DigiCert Inc DigiCert Global G2 TLS RSA SHA256 2020 CA1,third,,TLSv1.3,True
datadoghq.com,DigiCert Inc DigiCert Global G2 TLS RSA SHA256 2020 CA1,third,,TLSv1.3,True
datadoghq.eu,DigiCert Inc DigiCert Global G2 TLS RSA SHA256 2020 CA1,third,,TLSv1.3,True
datadome.co,Amazon Amazon ECDSA 256 M01,third,,TLSv1.3,True
datagrail.io,Amazon Amazon RSA 2048 M01,third,,TLSv1.2,True
datahive.ai,Amazon Amazon RSA 2048 M04,third,,TLSv1.2,True
dataimpulse.com,Google Trust Services WE1,third,,TLSv1.3,True
dataprev.gov.br,unknown,unknown,,unknown,False
dataprocess.one,unknown,unknown,,unknown,False
datarize.io,unknown,unknown,,unknown,False
datasette.io,Let's Encrypt YE1,third,,TLSv1.3,True
datasheetq.com,DigiCert Inc RapidSSL TLS RSA CA G1,third,,TLSv1.3,True
datatables.net,Google Trust Services WE1,third,,TLSv1.3,True
datawire.net,DigiCert Inc DigiCert Global G2 TLS RSA SHA256 2020 CA1,third,,TLSv1.3,True
datto.com,DigiCert Inc DigiCert Global G2 TLS RSA SHA256 2020 CA1,third,,TLSv1.3,True
datto.io,unknown,unknown,,unknown,False
dattobackup.com,unknown,unknown,,unknown,False
daum.net,DigiCert Inc Thawte TLS RSA CA G1,third,,TLSv1.3,True
daumcdn.net,infrastructure,infrastructure,,unknown,False
daxinlicai.com,unknown,unknown,,unknown,False
dayforcehcm.com,DigiCert Inc GeoTrust TLS RSA CA G1,third,,TLSv1.3,True
dayunlinks.cn,DigiCert Inc RapidSSL TLS RSA CA G1,third,,TLSv1.2,True
dazn.com,Amazon Amazon RSA 2048 M01,third,,TLSv1.3,True
db-ip.com,Google Trust Services WE1,third,,TLSv1.3,True
db.com,DigiCert Inc DigiCert EV RSA CA G2,third,,TLSv1.3,True
dbankcdn.cn,infrastructure,infrastructure,,unknown,False
dbankcdn.com,infrastructure,infrastructure,,unknown,False
dbankcdn.ru,infrastructure,infrastructure,,unknown,False
dbankcloud.asia,GlobalSign nv-sa GlobalSign RSA OV SSL CA 2018,third,,TLSv1.3,True
dbankcloud.cn,GlobalSign nv-sa GlobalSign RSA OV SSL CA 2018,third,,TLSv1.3,True
dbankcloud.com,GlobalSign nv-sa GlobalSign RSA OV SSL CA 2018,third,,TLSv1.3,True
dbankcloud.eu,unknown,unknown,,unknown,False
dbankcloud.ru,unknown,unknown,,unknown,False
dbankedge.cn,GlobalSign nv-sa GlobalSign RSA OV SSL CA 2018,third,,TLSv1.3,True
dbpedia.org,Let's Encrypt YR1,third,,TLSv1.3,True
dcard.tw,Google Trust Services WE1,third,,TLSv1.3,True
dcbosf.com,Google Trust Services WE1,third,,TLSv1.3,True
dcinside.com,DigiCert Inc Thawte TLS RSA CA G1,third,,TLSv1.2,True
dciwx.com,unknown,unknown,,unknown,False
dcloud.net.cn,Unizeto Technologies S.A. Certum Domain Validation CA SHA2,third,,TLSv1.2,True
dcntr-ads.com,unknown,unknown,,unknown,False
dditsadn.com,unknown,unknown,,unknown,False
dditscdn.com,infrastructure,infrastructure,,unknown,False
ddns-intelbras.com.br,unknown,unknown,,unknown,False
ddns.com.br,Let's Encrypt YR2,third,,TLSv1.2,True
ddns.me,unknown,unknown,,unknown,False
ddns.net,unknown,unknown,,unknown,False
ddnsfree.com,unknown,unknown,,unknown,False
ddnss.de,Let's Encrypt YR2,third,,TLSv1.2,True
ddog-gov.com,DigiCert Inc DigiCert Global G2 TLS RSA SHA256 2020 CA1,third,,TLSv1.3,True
ddsmain.com,unknown,unknown,,unknown,False
de-tencentclb.com,unknown,unknown,,unknown,False
de17a.com,unknown,unknown,,unknown,False
dealer.com,Let's Encrypt YE1,third,,TLSv1.3,True
dealerinspire.com,GlobalSign nv-sa GlobalSign RSA OV SSL CA 2018,third,,TLSv1.2,True
dealeron.com,Let's Encrypt YE2,third,,TLSv1.3,True
debank.com,Amazon Amazon RSA 2048 M04,third,,TLSv1.3,True
debian.net,Let's Encrypt YR1,third,,TLSv1.3,True
debian.org,Let's Encrypt YR2,third,,TLSv1.3,True
debugbear.com,Google Trust Services WR3,third,,TLSv1.3,True
decibelinsight.net,unknown,unknown,,unknown,False
decodo.com,Google Trust Services WE1,third,,TLSv1.3,True
deepernetworks.org,unknown,unknown,,unknown,False
deepintent.com,Google Trust Services WE1,third,,TLSv1.3,True
deepl.com,Google Trust Services WE1,third,,TLSv1.3,True
deepleaper.com,"DigiCert, Inc. GeoTrust G2 TLS CN RSA4096 SHA256 2022 CA1",third,,TLSv1.2,True
deeplink.dev,Amazon Amazon RSA 2048 M01,third,,TLSv1.3,True
deepseek.com,Amazon Amazon RSA 2048 M01,third,,TLSv1.3,True
deere.com,Amazon Amazon RSA 2048 M04,third,,TLSv1.3,True
deezer.com,Gandi SAS GandiCert,third,,TLSv1.3,True
defensx.com,Google Trust Services WE1,third,,TLSv1.3,True
degoo.com,Google Trust Services WE1,third,,TLSv1.3,True
deliv12.com,Google Trust Services WE1,third,,TLSv1.3,True
deliveryhero.io,Google Trust Services WE1,third,,TLSv1.3,True
deliveryhero.net,Google Trust Services WE1,third,,TLSv1.2,True
delivrdsp.ai,unknown,unknown,,unknown,False
dell.com,DigiCert Inc DigiCert Global G2 TLS RSA SHA256 2020 CA1,third,,TLSv1.2,True
deloitte.com,Sectigo Limited Sectigo Public Server Authentication CA OV R36,third,,TLSv1.2,True
delta.com,DigiCert Inc DigiCert Global G2 TLS RSA SHA256 2020 CA1,third,,TLSv1.3,True
demandbase.com,Google Trust Services WE1,third,,TLSv1.3,True
demdex.net,DigiCert Inc DigiCert Global G2 TLS RSA SHA256 2020 CA1,third,,TLSv1.3,True
demonii.com,Google Trust Services WE1,third,,TLSv1.3,True
demonii.si,unknown,unknown,,unknown,False
demonoid.ch,Google Trust Services WE1,third,,TLSv1.3,True
demonware.net,DigiCert Inc GeoTrust TLS RSA CA G1,third,,TLSv1.2,True
denik.cz,Google Trust Services WE1,third,,TLSv1.3,True
depop.com,Google Trust Services WE1,third,,TLSv1.3,True
depositphotos.com,Sectigo Limited Sectigo Public Server Authentication CA OV R36,third,,TLSv1.3,True
deriv.com,Google Trust Services WE1,third,,TLSv1.3,True
despegar.com,DigiCert Inc DigiCert Global G2 TLS RSA SHA256 2020 CA1,third,,TLSv1.2,True
desync.com,Let's Encrypt YR1,third,,TLSv1.3,True
detailroi.com,DigiCert Inc RapidSSL TLS RSA CA G1,third,,TLSv1.2,True
detik.com,DigiCert Inc Thawte TLS RSA CA G1,third,,TLSv1.3,True
detmir.ru,GlobalSign nv-sa GlobalSign GCC R3 DV TLS CA 2020,third,,TLSv1.3,True
dev.microsoft,unknown,unknown,,unknown,False
devcycle.com,Google Trust Services WE1,third,,TLSv1.3,True
develsoftware.com,unknown,unknown,,unknown,False
devexpress.com,"GoDaddy.com, Inc. Go Daddy Secure Certificate Authority - G2",third,,TLSv1.3,True
deviantart.com,Amazon Amazon RSA 2048 M04,third,,TLSv1.3,True
deviantart.net,Amazon Amazon RSA 2048 M04,third,,TLSv1.3,True
device.report,Google Trust Services WE1,third,,TLSv1.3,True
device9.com,Amazon Amazon RSA 2048 M04,third,,TLSv1.3,True
deviceaccess.host,unknown,unknown,,unknown,False
devicenative.com,Let's Encrypt YE1,third,,TLSv1.3,True
devicetask.com,unknown,unknown,,unknown,False
devicetrust.com,DigiCert Inc DigiCert Global G2 TLS RSA SHA256 2020 CA1,third,,TLSv1.2,True
devtodev.com,Amazon Amazon RSA 2048 M04,third,,TLSv1.2,True
devvit.net,DigiCert Inc DigiCert Global G2 TLS RSA SHA256 2020 CA1,third,,TLSv1.3,True
dewrain.life,unknown,unknown,,unknown,False
dewrain.site,unknown,unknown,,unknown,False
dewu.com,"DigiCert, Inc. GeoTrust G2 TLS CN RSA4096 SHA256 2022 CA1",third,,TLSv1.2,True
dexcom.com,Google Trust Services WE1,third,,TLSv1.3,True
dexscreener.com,Google Trust Services WE1,third,,TLSv1.3,True
dfcfw.com,"DigiCert, Inc. GeoTrust G2 TLS CN RSA4096 SHA256 2022 CA1",third,,TLSv1.3,True
dgshen.com,DigiCert Inc GeoTrust TLS RSA CA G1,third,,TLSv1.2,True
dhgate.com,DigiCert Inc DigiCert Global G3 TLS ECC SHA384 2020 CA1,third,,TLSv1.3,True
dhl.com,Deutsche Post AG DPDHL Global TLS CA - I5,private,,TLSv1.2,True
dhresource.com,"DigiCert, Inc. GeoTrust G2 TLS CN RSA4096 SHA256 2022 CA1",third,,TLSv1.3,True
dhs.gov,DigiCert Inc GeoTrust TLS RSA CA G1,third,,TLSv1.3,True
diabrowser.engineering,unknown,unknown,,unknown,False
diagramjawlineunhappy.com,Google Trust Services WR1,third,,TLSv1.3,True
dialmyapp.com,DigiCert Inc GeoTrust TLS RSA CA G1,third,,TLSv1.3,True
dialpad.com,DigiCert Inc DigiCert Global G2 TLS RSA SHA256 2020 CA1,third,,TLSv1.3,True
dianomi.com,Let's Encrypt YE1,third,,TLSv1.3,True
dianping.com,GlobalSign nv-sa GlobalSign RSA OV SSL CA 2018,third,,TLSv1.2,True
dickssportinggoods.com,Sectigo Limited Sectigo Public Server Authentication CA OV R40,third,,TLSv1.2,True
didiglobal.com,"DigiCert, Inc. GeoTrust G2 TLS CN RSA4096 SHA256 2022 CA1",third,,TLSv1.2,True
digicert.cn,unknown,unknown,,unknown,False
digicert.com,DigiCert Inc DigiCert EV RSA CA G2,third,,TLSv1.3,True
digikala.com,Asseco Data Systems S.A. Certum DV TLS G2 R39 CA,third,,TLSv1.3,True
digikey.com,Sectigo Limited Sectigo Public Server Authentication CA OV R36,third,,TLSv1.2,True
digikeyassets.com,Sectigo Limited Sectigo Public Server Authentication CA OV R36,third,,TLSv1.2,True
diginetica.net,unknown,unknown,,unknown,False
diginpat.com,Let's Encrypt E8,third,,TLSv1.2,True
digital-services.solutions,Let's Encrypt YE2,third,,TLSv1.3,True
digitalarsenal.net,unknown,unknown,,unknown,False
digitalaudience.io,Let's Encrypt E8,third,,TLSv1.3,True
digitalcaramel.com,Let's Encrypt YR2,third,,TLSv1.2,True
digitalcertvalidation.com,unknown,unknown,,unknown,False
digitaleast.mobi,DigiCert Inc RapidSSL TLS RSA CA G1,third,,TLSv1.3,True
digitalfernsehen.de,Google Trust Services WE1,third,,TLSv1.3,True
digitalgov.gov,unknown,unknown,,unknown,False
digitalocean.com,Google Trust Services WE1,third,,TLSv1.3,True
digitaloceanspaces.com,Google Trust Services WE1,third,,TLSv1.3,True
digitalreef.com,Google Trust Services WR1,third,,TLSv1.3,True
digitaltarget.ru,Let's Encrypt E7,third,,TLSv1.3,True
digitalturbine.com,Certainly Certainly Intermediate R1,third,,TLSv1.3,True
digitalvideoplatform.com,unknown,unknown,,unknown,False
dillards.com,DigiCert Inc DigiCert Global G3 TLS ECC SHA384 2020 CA1,third,,TLSv1.3,True
dimensions.ai,Let's Encrypt YE1,third,,TLSv1.3,True
dingtalk.com,GlobalSign nv-sa GlobalSign GCC R3 OV TLS CA 2024,third,,TLSv1.3,True
dingtalkapps.com,GlobalSign nv-sa GlobalSign GCC R3 OV TLS CA 2024,third,,TLSv1.3,True
dior.com,Let's Encrypt YR2,third,,TLSv1.3,True
directv.com,DigiCert Inc DigiCert Global G2 TLS RSA SHA256 2020 CA1,third,,TLSv1.2,True
directvgo.com,Amazon Amazon RSA 2048 M04,third,,TLSv1.3,True
discogs.com,Amazon Amazon RSA 2048 M01,third,,TLSv1.2,True
discomax.com,unknown,unknown,,unknown,False
discord.com,Google Trust Services WE1,third,,TLSv1.3,True
discord.gg,Google Trust Services WE1,third,,TLSv1.3,True
discord.media,Google Trust Services WE1,third,,TLSv1.3,True
discordapp.com,Google Trust Services WE1,third,,TLSv1.3,True
discordapp.net,unknown,unknown,,unknown,False
discourse-cdn.com,infrastructure,infrastructure,,unknown,False
discovery.com,Amazon Amazon RSA 2048 M04,third,,TLSv1.2,True
dish.com,DigiCert Inc DigiCert Global G2 TLS RSA SHA256 2020 CA1,third,,TLSv1.3,True
dishaccess.tv,EchoStar *.dishaccess.tv,private,,TLSv1.2,True
dishanywhere.com,Amazon Amazon RSA 2048 M04,third,,TLSv1.2,True
dishtech.org,unknown,unknown,,unknown,False
disney-plus.net,unknown,unknown,,unknown,False
disney.co.jp,SomeOrganization ip-172-29-139-178.aws1.disney,private,,TLSv1.3,True
disney.com,Sectigo Limited Sectigo Public Server Authentication CA OV R36,third,,TLSv1.3,True
disneyadvertising.com,Let's Encrypt YE2,third,,TLSv1.3,True
disneyplus.com,Google Trust Services WR3,third,,TLSv1.3,True
displayio.cloud,Let's Encrypt R13,third,,TLSv1.2,True
displayvertising.com,Sectigo Limited Sectigo Public Server Authentication CA DV R36,third,,TLSv1.2,True
disqus.com,Sectigo Limited Sectigo Public Server Authentication CA DV R36,third,,TLSv1.3,True
disquscdn.com,infrastructure,infrastructure,,unknown,False
diva-portal.org,Let's Encrypt YE1,third,,TLSv1.3,True
divar.ir,Asseco Data Systems S.A. Certum DV TLS G2 R39 CA,third,,TLSv1.3,True
dixa.io,unknown,unknown,,unknown,False
diyoucloud.com,unknown,unknown,,unknown,False
dji.com,Amazon Amazon RSA 2048 M01,third,,TLSv1.3,True
dkimwl.org,Let's Encrypt YR2,third,,TLSv1.2,True
dknadmin.be,unknown,unknown,,unknown,False
dler.com,Google Trust Services WE1,third,,TLSv1.3,True
dler.org,Google Trust Services WE1,third,,TLSv1.3,True
dlink.com,Google Trust Services WE1,third,,TLSv1.3,True
dloria.cc,unknown,unknown,,unknown,False
dlsite.com,Let's Encrypt YE2,third,,TLSv1.2,True
dm-event.net,ZeroSSL GmbH ZeroSSL RSA DV SSL CA 2,unknown,,TLSv1.3,True
dm.de,Let's Encrypt YR2,third,,TLSv1.3,True
dmca.com,DigiCert Inc GeoTrust TLS RSA CA G1,third,,TLSv1.3,True
dmcdn.net,infrastructure,infrastructure,,unknown,False
dmdsdp.com,unknown,unknown,,unknown,False
dmm.co.jp,GlobalSign nv-sa GlobalSign RSA OV SSL CA 2018,third,,TLSv1.2,True
dmm.com,GlobalSign nv-sa GlobalSign RSA OV SSL CA 2018,third,,TLSv1.2,True
dmrtb.com,unknown,unknown,,unknown,False
dmv.org,Amazon Amazon RSA 2048 M01,third,,TLSv1.3,True
dmxleo.com,unknown,unknown,,unknown,False
dnacdn.net,infrastructure,infrastructure,,unknown,False
dnb.com,Let's Encrypt YE1,third,,TLSv1.3,True
dndbeyond.com,GlobalSign nv-sa GlobalSign Atlas R3 DV TLS CA 2025 Q4,third,,TLSv1.3,True
dnofd.com,unknown,unknown,,unknown,False
dns-finder.com,Google Trust Services WR3,third,,TLSv1.3,True
dns-parking.com,unknown,unknown,,unknown,False
dns-shop.ru,GlobalSign nv-sa GlobalSign RSA OV SSL CA 2018,third,,TLSv1.3,True
dns-tm.com,unknown,unknown,,unknown,False
dns.google,Google Trust Services WE2,private,,TLSv1.3,True
dns.sb,Let's Encrypt YE2,third,,TLSv1.3,True
dnse0.com,unknown,unknown,,unknown,False
dnse1.com,unknown,unknown,,unknown,False
dnse2.com,unknown,unknown,,unknown,False
dnse3.com,unknown,unknown,,unknown,False
dnse4.com,unknown,unknown,,unknown,False
dnse5.com,unknown,unknown,,unknown,False
dnsmadeeasy.com,"DigiCert, Inc. DigiCert G5 TLS RSA4096 SHA384 2021 CA1",third,,TLSv1.3,True
dnspod.cn,"DigiCert, Inc. DigiCert Secure Site OV G2 TLS CN RSA4096 SHA256 2022 CA1",third,,TLSv1.3,True
dnspod.net,unknown,unknown,,unknown,False
dnsv1.com,WoTrus CA Limited WoTrus RSA DV SSL CA 2,unknown,,TLSv1.2,True
dnsv1.com.cn,WoTrus CA Limited WoTrus RSA DV SSL CA 2,unknown,,TLSv1.2,True
dnswl.org,Let's Encrypt YE2,third,,TLSv1.3,True
dnsyc.top,Let's Encrypt R10,third,,TLSv1.3,True
docer.com,DigiCert Inc RapidSSL TLS RSA CA G1,third,,TLSv1.2,True
doceree.com,Amazon Amazon RSA 2048 M04,third,,TLSv1.2,True
docker.com,Let's Encrypt YR2,third,,TLSv1.3,True
docker.io,Amazon Amazon RSA 2048 M01,third,,TLSv1.3,True
docs.rs,GlobalSign nv-sa GlobalSign Atlas R3 DV TLS CA 2025 Q4,third,,TLSv1.3,True
docusign.com,DigiCert Inc DigiCert EV RSA CA G2,third,,TLSv1.3,True
docusign.net,DigiCert Inc DigiCert EV RSA CA G2,third,,TLSv1.3,True
dodois.io,GlobalSign nv-sa GlobalSign GCC R3 DV TLS CA 2020,third,,TLSv1.3,True
doem-0tpdlqj.com,Sectigo Limited Sectigo Public Server Authentication CA DV R36,third,,TLSv1.2,True
doh.pub,"TrustAsia Technologies, Inc. TrustAsia TLS Pro ECC CA 2025",third,,TLSv1.2,True
doi.org,Google Trust Services WE1,third,,TLSv1.3,True
dola.com,DigiCert Inc RapidSSL TLS ECC CA G1,third,,TLSv1.3,True
dollargeneral.com,Sectigo Limited Sectigo Public Server Authentication CA OV R36,third,,TLSv1.2,True
dollphoin.site,unknown,unknown,,unknown,False
dolphin-anty-api.com,Amazon Amazon RSA 2048 M04,third,,TLSv1.3,True
dolynkcloud.com,unknown,unknown,,unknown,False
domain.name,Sectigo Limited Sectigo RSA Domain Validation Secure Server CA,third,,TLSv1.3,True
domaincontrol.com,unknown,unknown,,unknown,False
domclick.ru,Let's Encrypt YR2,third,,TLSv1.3,True
dome9.com,Amazon Amazon RSA 2048 M01,third,,TLSv1.3,True
dominos.com,Entrust Limited Entrust OV TLS Issuing RSA CA 2,third,,TLSv1.3,True
domob.cn,Google Trust Services WR1,third,,TLSv1.2,True
domotz.com,Amazon Amazon RSA 2048 M04,third,,TLSv1.3,True
dongchedi.com,DigiCert Inc RapidSSL TLS RSA CA G1,third,,TLSv1.3,True
donlgx.net,unknown,unknown,,unknown,False
donmai.us,Let's Encrypt YE2,third,,TLSv1.3,True
dontworry.su,unknown,unknown,,unknown,False
doodcdn.io,infrastructure,infrastructure,,unknown,False
doofinder.com,Let's Encrypt YR2,third,,TLSv1.3,True
doordash.com,Google Trust Services WE1,third,,TLSv1.3,True
dootchi.ai,DigiCert Inc RapidSSL TLS RSA CA G1,third,,TLSv1.3,True
doppiocdn.com,infrastructure,infrastructure,,unknown,False
doppiocdn.media,infrastructure,infrastructure,,unknown,False
doppiocdn.net,infrastructure,infrastructure,,unknown,False
doppiocdn.org,infrastructure,infrastructure,,unknown,False
doppiostreams.com,Let's Encrypt YE1,third,,TLSv1.3,True
dorsandesk.ir,Asseco Data Systems S.A. Certum DV TLS G2 R39 CA,third,,TLSv1.3,True
dot.gov,Entrust Limited Entrust OV TLS Issuing RSA CA 2,third,,TLSv1.3,True
dota2.com,Let's Encrypt YR2,third,,TLSv1.3,True
dotfashion.cn,SomeOrganization iZ236tf0q2zZ,unknown,,TLSv1.2,True
dotmetrics.net,Amazon Amazon RSA 2048 M04,third,,TLSv1.3,True
dotnxdomain.net,Let's Encrypt YE1,third,,TLSv1.3,True
dotomi.com,GlobalSign nv-sa GlobalSign RSA OV SSL CA 2018,third,,TLSv1.2,True
dotus.ir,Google Trust Services WE1,third,,TLSv1.3,True
douban.com,Let's Encrypt R12,third,,TLSv1.2,True
doubanio.com,unknown,unknown,,unknown,False
doubao.com,DigiCert Inc RapidSSL TLS RSA CA G1,third,,TLSv1.3,True
doubleclick-cn.net,Google Trust Services WE2,private,,TLSv1.3,True
doubleclick.net,Google Trust Services WE2,private,,TLSv1.3,True
doubleverify.com,Let's Encrypt YE1,third,,TLSv1.3,True
douglas.de,Google Trust Services WR1,third,,TLSv1.3,True
douyin.com,DigiCert Inc RapidSSL TLS RSA CA G1,third,,TLSv1.3,True
douyincdn.com,infrastructure,infrastructure,,unknown,False
douyinpic.com,unknown,unknown,,unknown,False
douyinstatic.com,unknown,unknown,,unknown,False
douyinvod.com,unknown,unknown,,unknown,False
douyucdn.cn,infrastructure,infrastructure,,unknown,False
dowjones.io,unknown,unknown,,unknown,False
dpdns.org,unknown,unknown,,unknown,False
dpgmedia.net,unknown,unknown,,unknown,False
draftkings.com,Let's Encrypt YR1,third,,TLSv1.3,True
dramabloom.com,unknown,unknown,,unknown,False
dramaboxdb.com,DigiCert Inc RapidSSL TLS RSA CA G1,third,,TLSv1.2,True
dramaboxvideo.com,unknown,unknown,,unknown,False
dramahue.com,Amazon Amazon RSA 2048 M01,third,,TLSv1.3,True
dramaverses.com,unknown,unknown,,unknown,False
drdrab.com,DigiCert Inc RapidSSL TLS RSA CA G1,third,,TLSv1.3,True
dreame.tech,DigiCert Inc RapidSSL TLS RSA CA G1,third,,TLSv1.3,True
dreamhost.com,Amazon Amazon RSA 2048 M04,third,,TLSv1.3,True
dreamserve.dev,unknown,unknown,,unknown,False
dreamstime.com,Let's Encrypt YR1,third,,TLSv1.3,True
dreamwidth.org,Amazon Amazon RSA 2048 M04,third,,TLSv1.3,True
dribbble.com,Amazon Amazon RSA 2048 M04,third,,TLSv1.3,True
drift.com,Let's Encrypt YR1,third,,TLSv1.3,True
driftpixel.live,unknown,unknown,,unknown,False
driftt.com,Amazon Amazon RSA 2048 M02,third,,TLSv1.3,True
drimquop.com,Let's Encrypt YR2,third,,TLSv1.2,True
drive-data.ru,unknown,unknown,,unknown,False
drive2.ru,GlobalSign nv-sa GlobalSign RSA OV SSL CA 2018,third,,TLSv1.3,True
drivecentric.io,unknown,unknown,,unknown,False
drmgms.com,Amazon Amazon RSA 2048 M01,third,,TLSv1.3,True
drogaraia.com.br,Amazon Amazon RSA 2048 M04,third,,TLSv1.3,True
drogasil.com.br,Amazon Amazon RSA 2048 M01,third,,TLSv1.3,True
drom.ru,GlobalSign nv-sa GlobalSign RSA OV SSL CA 2018,third,,TLSv1.2,True
dropbox-dns.com,DigiCert Inc DigiCert Global G3 TLS ECC SHA384 2020 CA1,third,,TLSv1.3,True
dropbox.com,DigiCert Inc DigiCert Global G3 TLS ECC SHA384 2020 CA1,third,,TLSv1.3,True
dropboxapi.com,unknown,unknown,,unknown,False
dropboxstatic.com,DigiCert Inc DigiCert Global G3 TLS ECC SHA384 2020 CA1,third,,TLSv1.3,True
dropboxusercontent.com,unknown,unknown,,unknown,False
dropcam.com,Google Trust Services WR4,third,,TLSv1.3,True
dropz-k.com,unknown,unknown,,unknown,False
drpc.org,Google Trust Services WE1,third,,TLSv1.3,True
drunkenslug.com,Google Trust Services WE1,third,,TLSv1.3,True
druva.com,DigiCert Inc DigiCert Global G2 TLS RSA SHA256 2020 CA1,third,,TLSv1.3,True
drweb.com,GlobalSign nv-sa GlobalSign GCC R3 DV TLS CA 2020,third,,TLSv1.3,True
dsmcdn.com,infrastructure,infrastructure,,unknown,False
dspx.tv,Google Trust Services WE1,third,,TLSv1.3,True
dssedge.com,unknown,unknown,,unknown,False
dssott.com,unknown,unknown,,unknown,False
dstatbot.win,unknown,unknown,,unknown,False
dstillery.com,Let's Encrypt YE1,third,,TLSv1.3,True
dstud.io,unknown,unknown,,unknown,False
dstv.com,DigiCert Inc GeoTrust TLS RSA CA G1,third,,TLSv1.3,True
dtignite.com,unknown,unknown,,unknown,False
dtscdn.com,infrastructure,infrastructure,,unknown,False
dtscout.com,Let's Encrypt YR2,third,,TLSv1.2,True
dtssrv.com,unknown,unknown,,unknown,False
dtvcdn.com,infrastructure,infrastructure,,unknown,False
dtvce.com,unknown,unknown,,unknown,False
dual-s-dc-msedge.net,unknown,unknown,,unknown,False
dual-s-msedge.net,unknown,unknown,,unknown,False
duapps.com,unknown,unknown,,unknown,False
duba.net,GlobalSign nv-sa GlobalSign RSA OV SSL CA 2018,third,,TLSv1.3,True
dubizzle.com.eg,Amazon Amazon RSA 2048 M04,third,,TLSv1.3,True
duckdns.org,Amazon Amazon RSA 2048 M04,third,,TLSv1.2,True
duckduckgo.com,DigiCert Inc DigiCert Global G2 TLS RSA SHA256 2020 CA1,third,,TLSv1.3,True
ducks.party,Google Trust Services WE1,third,,TLSv1.3,True
duetdisplay.com,Google Trust Services WE1,third,,TLSv1.3,True
duhrawhide.com,Let's Encrypt YE2,third,,TLSv1.3,True
duke.edu,Internet2 InCommon RSA Server CA 2,third,,TLSv1.3,True
dumb1.com,unknown,unknown,,unknown,False
dump.cl,unknown,unknown,,unknown,False
duolingo.cn,"GoDaddy.com, Inc. Go Daddy Secure Certificate Authority - G2",third,,TLSv1.3,True
duolingo.com,Amazon Amazon RSA 2048 M01,third,,TLSv1.2,True
duosecurity.com,Amazon Amazon RSA 2048 M04,third,,TLSv1.3,True
durationmedia.net,Google Trust Services WE1,third,,TLSv1.3,True
durevpn.com,Google Trust Services WE1,third,,TLSv1.2,True
dutils.com,DigiCert Inc RapidSSL TLS RSA CA G1,third,,TLSv1.2,True
dv.tech,unknown,unknown,,unknown,False
dvema.com,DigiCert Inc Encryption Everywhere DV TLS CA - G2,third,,TLSv1.2,True
dvr163.com,Let's Encrypt YR1,third,,TLSv1.2,True
dw.com,DigiCert Inc Thawte TLS RSA CA G1,third,,TLSv1.3,True
dwcdn.net,infrastructure,infrastructure,,unknown,False
dweb.link,Let's Encrypt YE2,third,,TLSv1.3,True
dwin1.com,Amazon Amazon RSA 2048 M04,third,,TLSv1.3,True
dwxdf.cn,Let's Encrypt YR1,third,,TLSv1.3,True
dxtech.ai,unknown,unknown,,unknown,False
dynadot.com,Google Trust Services WE1,third,,TLSv1.2,True
dynamic-m.com,unknown,unknown,,unknown,False
dynamics.com,Microsoft Corporation Microsoft TLS G2 RSA CA OCSP 04,third,,TLSv1.3,True
dynamicyield.com,Sectigo Limited Sectigo Public Server Authentication CA DV R36,third,,TLSv1.3,True
dynatrace.com,Amazon Amazon RSA 2048 M04,third,,TLSv1.3,True
dyndns.com,DigiCert Inc DigiCert Global G2 TLS RSA SHA256 2020 CA1,third,,TLSv1.3,True
dyndns.info,unknown,unknown,,unknown,False
dyndns.org,DigiCert Inc DigiCert Global G2 TLS RSA SHA256 2020 CA1,third,,TLSv1.3,True
dyndns.tv,unknown,unknown,,unknown,False
dynotech.io,Let's Encrypt E7,third,,TLSv1.2,True
dynssl.com,unknown,unknown,,unknown,False
dyson.com,Google Trust Services WE1,third,,TLSv1.3,True
dyson.it,Google Trust Services WE1,third,,TLSv1.3,True
dzcdn.net,infrastructure,infrastructure,,unknown,False
dzdas.com,unknown,unknown,,unknown,False
dzen.ru,Hellenic Academic and Research Institutions CA HARICA DV TLS RSA,third,,TLSv1.3,True
dzeninfra.ru,unknown,unknown,,unknown,False
e-hentai.org,Google Trust Services WE1,third,,TLSv1.3,True
e-msedge.net,unknown,unknown,,unknown,False
e-n-c-r-y-p-t.net,Google Trust Services WE1,third,,TLSv1.3,True
e-planning.net,Let's Encrypt YR1,third,,TLSv1.3,True
e-volution.ai,Sectigo Limited Sectigo Public Server Authentication CA DV R36,third,,TLSv1.3,True
e2ro.com,unknown,unknown,,unknown,False
e5.sk,unknown,unknown,,unknown,False
e621.net,Google Trust Services WE1,third,,TLSv1.3,True
e911cloud.com,unknown,unknown,,unknown,False
ea.com,DigiCert Inc DigiCert Global G2 TLS RSA SHA256 2020 CA1,third,,TLSv1.3,True
eagle-insight.com,unknown,unknown,,unknown,False
eagllwin.com,DigiCert Inc Encryption Everywhere DV TLS CA - G2,third,,TLSv1.3,True
eamobile.com,unknown,unknown,,unknown,False
eapteka.ru,Let's Encrypt YR1,third,,TLSv1.3,True
eaqbr.com.br,unknown,unknown,,unknown,False
earmuffpostnasalrisotto.com,Google Trust Services WR1,third,,TLSv1.3,True
earn.fm,Google Trust Services WE1,third,,TLSv1.3,True
earthdoc.org,Google Trust Services WE1,third,,TLSv1.3,True
earthlink.net,Google Trust Services WR1,third,,TLSv1.3,True
easebar.com,unknown,unknown,,unknown,False
easemob.com,"TrustAsia Technologies, Inc. TrustAsia DV TLS RSA CA 2024",third,,TLSv1.2,True
easports.com,DigiCert Inc DigiCert Global G2 TLS RSA SHA256 2020 CA1,third,,TLSv1.3,True
eastmoney.com,"DigiCert, Inc. GeoTrust G2 TLS CN RSA4096 SHA256 2022 CA1",third,,TLSv1.3,True
easy4ip.com,"GoDaddy.com, Inc. Go Daddy Secure Certificate Authority - G2",third,,TLSv1.2,True
easy4ipcloud.com,unknown,unknown,,unknown,False
easybrain.com,"GoDaddy.com, Inc. Go Daddy Secure Certificate Authority - G2",third,,TLSv1.3,True
easygoosutilitytol.com,unknown,unknown,,unknown,False
easyjet.com,Sectigo Limited Sectigo Public Server Authentication CA OV E40,third,,TLSv1.3,True
easytomessage.com,unknown,unknown,,unknown,False
ebally.co.uk,unknown,unknown,,unknown,False
ebay-us.com,unknown,unknown,,unknown,False
ebay.ca,Sectigo Limited Sectigo Public Server Authentication CA OV R40,third,,TLSv1.3,True
ebay.co.uk,Sectigo Limited Sectigo Public Server Authentication CA OV R40,third,,TLSv1.3,True
ebay.com,Sectigo Limited Sectigo Public Server Authentication CA OV R40,third,,TLSv1.3,True
ebay.com.au,Sectigo Limited Sectigo Public Server Authentication CA OV R40,third,,TLSv1.3,True
ebay.de,Sectigo Limited Sectigo Public Server Authentication CA OV R40,third,,TLSv1.3,True
ebayadservices.com,Sectigo Limited Sectigo Public Server Authentication CA OV R40,third,,TLSv1.3,True
ebaycdn.net,infrastructure,infrastructure,,unknown,False
ebaydesc.com,unknown,unknown,,unknown,False
ebayimg.com,unknown,unknown,,unknown,False
ebaystatic.com,unknown,unknown,,unknown,False
ebuckler.com,unknown,unknown,,unknown,False
ebxcdn.com,infrastructure,infrastructure,,unknown,False
ecal.com,Let's Encrypt YR1,third,,TLSv1.3,True
ecbsn.com,DigiCert Inc DigiCert Global G2 TLS RSA SHA256 2020 CA1,third,,TLSv1.3,True
ecdnx.com,infrastructure,infrastructure,,unknown,False
echodata.tv,unknown,unknown,,unknown,False
echosign.com,DigiCert Inc DigiCert Global G2 TLS RSA SHA256 2020 CA1,third,,TLSv1.3,True
eckwai.com,unknown,unknown,,unknown,False
eclipse.org,DigiCert Inc DigiCert Global G2 TLS RSA SHA256 2020 CA1,third,,TLSv1.2,True
ecobee.com,Google Trust Services WR3,third,,TLSv1.3,True
ecoflow.com,"DigiCert, Inc. GeoTrust G2 TLS CN RSA4096 SHA256 2022 CA1",third,,TLSv1.2,True
ecombdapi.com,unknown,unknown,,unknown,False
ecombdimg.com,unknown,unknown,,unknown,False
ecomposer.app,Google Trust Services WE1,third,,TLSv1.3,True
ecomsend.com,unknown,unknown,,unknown,False
economist.com,Google Trust Services WE1,third,,TLSv1.3,True
ecorebates.com,Let's Encrypt YR2,third,,TLSv1.3,True
ecosense.io,Let's Encrypt YE1,third,,TLSv1.3,True
ecosia.org,Google Trust Services WE1,third,,TLSv1.3,True
ecouser.net,Let's Encrypt R12,third,,TLSv1.2,True
ecukwai.com,unknown,unknown,,unknown,False
ecwid.com,Amazon Amazon RSA 2048 M04,third,,TLSv1.3,True
ed.gov,DigiCert Inc GeoTrust TLS RSA CA G1,third,,TLSv1.3,True
ed.jp,unknown,unknown,,unknown,False
eddie4.nl,Let's Encrypt YE2,third,,TLSv1.3,True
edgcdn.net,infrastructure,infrastructure,,unknown,False
edge-retina.net,unknown,unknown,,unknown,False
edge.apple,unknown,unknown,,unknown,False
edge2befaster.net,unknown,unknown,,unknown,False
edgecdn.ru,infrastructure,infrastructure,,unknown,False
edgecdn.world,infrastructure,infrastructure,,unknown,False
edgedns-tm.info,unknown,unknown,,unknown,False
edgekey.net,DigiCert Inc DigiCert Global G2 TLS RSA SHA256 2020 CA1,third,,TLSv1.3,True
edgekey88.net,DigiCert Inc DigiCert Global G2 TLS RSA SHA256 2020 CA1,third,,TLSv1.3,True
edgesuite.net,unknown,unknown,,unknown,False
editmysite.com,Let's Encrypt YE2,third,,TLSv1.3,True
edmunds.com,Amazon Amazon RSA 2048 M04,third,,TLSv1.3,True
edna.id,unknown,unknown,,unknown,False
edna.ru,GlobalSign nv-sa GlobalSign GCC R3 DV TLS CA 2020,third,,TLSv1.3,True
edoinc.com,Amazon Amazon RSA 2048 M01,third,,TLSv1.3,True
edx.org,Amazon Amazon RSA 2048 M04,third,,TLSv1.3,True
ee-share.com,Let's Encrypt YE1,third,,TLSv1.3,True
een.com,Google Trust Services WE1,third,,TLSv1.3,True
eero.com,Amazon Amazon RSA 2048 M01,third,,TLSv1.3,True
eeroup.com,Amazon Amazon RSA 2048 M01,third,,TLSv1.3,True
eeyeful.com,DigiCert Inc RapidSSL TLS RSA CA G1,third,,TLSv1.2,True
effectivecpmnetwork.com,Let's Encrypt YR2,third,,TLSv1.2,True
effirst.com,GlobalSign nv-sa GlobalSign GCC R3 OV TLS CA 2024,third,,TLSv1.2,True
egain.cloud,Amazon Amazon RSA 2048 M01,third,,TLSv1.3,True
egcvi.com,unknown,unknown,,unknown,False
egnyte.com,DigiCert Inc DigiCert Global G2 TLS RSA SHA256 2020 CA1,third,,TLSv1.3,True
eiscprts.com,Google Trust Services WE1,third,,TLSv1.3,True
eitaa.com,Asseco Data Systems S.A. Certum DV TLS G2 R39 CA,third,,TLSv1.3,True
eitaa.ir,Asseco Data Systems S.A. Certum DV TLS G2 R39 CA,third,,TLSv1.3,True
eizzih.com,Google Trust Services WE1,third,,TLSv1.3,True
ekatox-ru.com,DigiCert Inc RapidSSL TLS RSA CA G1,third,,TLSv1.2,True
ekatox.com,DigiCert Inc RapidSSL TLS RSA CA G1,third,,TLSv1.3,True
ekiga.net,unknown,unknown,,unknown,False
elastic-cloud.com,unknown,unknown,,unknown,False
elastic.co,Google Trust Services WR3,third,,TLSv1.3,True
elasticbeanstalk.com,unknown,unknown,,unknown,False
ele.me,GlobalSign nv-sa GlobalSign GCC R3 OV TLS CA 2024,third,,TLSv1.2,True
electricitymaps.com,ZeroSSL GmbH ZeroSSL ECC DV SSL CA 2,third,,TLSv1.3,True
element.io,Google Trust Services WE1,third,,TLSv1.3,True
elementor.com,Let's Encrypt YE2,third,,TLSv1.3,True
elevenlabs.io,Google Trust Services WR3,third,,TLSv1.3,True
elfsight.com,Google Trust Services WE1,third,,TLSv1.3,True
elfsightcdn.com,infrastructure,infrastructure,,unknown,False
elgato.com,Amazon Amazon RSA 2048 M04,third,,TLSv1.3,True
eloqua.com,unknown,unknown,,unknown,False
elpais.com,Let's Encrypt YR1,third,,TLSv1.3,True
elsevier.com,Amazon Amazon RSA 2048 M04,third,,TLSv1.2,True
elsevierhealth.com,Google Trust Services WE1,third,,TLSv1.3,True
elsevierpure.com,Google Trust Services WE1,third,,TLSv1.3,True
elster.de,D-Trust GmbH D-TRUST SSL Class 3 CA 1 EV 2009,unknown,,TLSv1.3,True
emag.ro,CentralNic Luxembourg Sàrl GlobeSSL DV CA,third,,TLSv1.3,True
emailsrvr.com,Sectigo Limited Sectigo Public Server Authentication CA DV R36,third,,TLSv1.2,True
emarsys.net,Amazon Amazon RSA 2048 M01,third,,TLSv1.2,True
emb-api.com,unknown,unknown,,unknown,False
emc.com,DigiCert Inc DigiCert Global G3 TLS ECC SHA384 2020 CA1,third,,TLSv1.3,True
emerald.com,Google Trust Services WE1,third,,TLSv1.3,True
emergingthreats.net,Sectigo Limited Sectigo Public Server Authentication CA OV R36,third,,TLSv1.3,True
emirates.com,DigiCert Inc DigiCert Global G3 TLS ECC SHA384 2020 CA1,third,,TLSv1.3,True
empik.com,Asseco Data Systems S.A. Certum EV TLS G2 R39 CA,third,,TLSv1.3,True
emporiaenergy.com,Amazon Amazon RSA 2048 M01,third,,TLSv1.3,True
empregos.com.br,KEYSEC LTDA Keysec GR3 OV TLS CA 2024,third,,TLSv1.2,True
emuseum.com,unknown,unknown,,unknown,False
emusprint.com,unknown,unknown,,unknown,False
emxdgt.com,Amazon Amazon RSA 2048 M01,third,,TLSv1.3,True
en25.com,unknown,unknown,,unknown,False
enacdn.net,infrastructure,infrastructure,,unknown,False
enchanted.gg,Google Trust Services WE1,third,,TLSv1.3,True
encipher.io,GlobalSign nv-sa GlobalSign GCC R6 OV TLS CA 2023,third,,TLSv1.3,True
encycolorpedia.com,Google Trust Services WE1,third,,TLSv1.3,True
endowmentoverhangutmost.com,Google Trust Services WR1,third,,TLSv1.3,True
eneba.com,Google Trust Services WE1,third,,TLSv1.3,True
engage7.com,Amazon Amazon RSA 2048 M01,third,,TLSv1.2,True
engageforce.net,Amazon Amazon RSA 2048 M01,third,,TLSv1.2,True
engagelab.cc,Amazon Amazon RSA 2048 M01,third,,TLSv1.2,True
engagelab.com,Amazon Amazon RSA 2048 M04,third,,TLSv1.2,True
engenius.ai,Let's Encrypt YR2,third,,TLSv1.3,True
engineersaustralia.org.au,DigiCert Inc DigiCert Global G2 TLS RSA SHA256 2020 CA1,third,,TLSv1.3,True
eniris.be,Google Trust Services WE1,third,,TLSv1.3,True
enjoei.com.br,Amazon Amazon RSA 2048 M01,third,,TLSv1.3,True
enphaseenergy.com,Let's Encrypt YR1,third,,TLSv1.3,True
enrtx.com,Let's Encrypt R12,third,,TLSv1.2,True
ensembl.org,"GoDaddy.com, Inc. Go Daddy Secure Certificate Authority - G2",third,,TLSv1.3,True
ensighten.com,Amazon Amazon RSA 2048 M04,third,,TLSv1.3,True
entrust.net,Entrust Limited Entrust EV TLS Issuing RSA CA 2,private,,TLSv1.3,True
envato.com,Google Trust Services WE1,third,,TLSv1.3,True
envatousercontent.com,unknown,unknown,,unknown,False
eol.org,Let's Encrypt YE1,third,,TLSv1.3,True
epa.gov,DigiCert Inc DigiCert Global G2 TLS RSA SHA256 2020 CA1,third,,TLSv1.3,True
epicgames.com,Amazon Amazon RSA 2048 M04,third,,TLSv1.3,True
epicgames.dev,Amazon Amazon RSA 2048 M04,third,,TLSv1.3,True
epicgamescdn.com,infrastructure,infrastructure,,unknown,False
epinfraservices.com,unknown,unknown,,unknown,False
episerver.net,unknown,unknown,,unknown,False
eporner.com,GlobalSign nv-sa GlobalSign GCC R6 AlphaSSL CA 2025,third,,TLSv1.3,True
eppo.cloud,Google Trust Services WR3,third,,TLSv1.3,True
epson.biz,unknown,unknown,,unknown,False
epson.com,DigiCert Inc GeoTrust TLS RSA CA G1,third,,TLSv1.3,True
epson.net,unknown,unknown,,unknown,False
epsonconnect.com,"Cybertrust Japan Co., Ltd. Cybertrust Japan SureServer CA G4",third,,TLSv1.2,True
epubgame.com,"Aliyun Computing Co, Ltd. Aliyun RSA TLS DV G1",third,,TLSv1.3,True
eqads.com,unknown,unknown,,unknown,False
eqtv.io,unknown,unknown,,unknown,False
equalweb.com,Google Trust Services WE1,third,,TLSv1.3,True
erne.co,GoDaddy.com GoDaddy TLS Intermediate CA DV - R1v1,third,,TLSv1.3,True
erome.com,ZeroSSL GmbH ZeroSSL ECC DV SSL CA 2,third,,TLSv1.3,True
eromecdn.com,infrastructure,infrastructure,,unknown,False
es.io,unknown,unknown,,unknown,False
escapefromtarkov.com,GlobalSign nv-sa GlobalSign GCC R3 DV TLS CA 2020,third,,TLSv1.3,True
eset.com,Let's Encrypt YR1,third,,TLSv1.3,True
eset.systems,unknown,unknown,,unknown,False
esimdiscovery.com,unknown,unknown,,unknown,False
eskimi.com,Google Trust Services WE1,third,,TLSv1.3,True
esm.sh,Google Trust Services WE1,third,,TLSv1.3,True
esm1.net,DigiCert Inc DigiCert Global G2 TLS RSA SHA256 2020 CA1,third,,TLSv1.3,True
esmplus.com,DigiCert Inc DigiCert Global G2 TLS RSA SHA256 2020 CA1,third,,TLSv1.2,True
esper.cloud,unknown,unknown,,unknown,False
espn.com,Sectigo Limited Sectigo Public Server Authentication CA OV R36,third,,TLSv1.3,True
espn.net,unknown,unknown,,unknown,False
espncdn.com,infrastructure,infrastructure,,unknown,False
espncricinfo.com,Amazon Amazon RSA 2048 M01,third,,TLSv1.2,True
esportesdasorte.bet.br,Amazon Amazon RSA 2048 M01,third,,TLSv1.3,True
esputnik.com,Sectigo Limited Sectigo Public Server Authentication CA DV R36,third,,TLSv1.3,True
esri.com,DigiCert Inc DigiCert Global G2 TLS RSA SHA256 2020 CA1,third,,TLSv1.2,True
etahub.com,Let's Encrypt YE1,third,,TLSv1.3,True
etermun.com,Google Trust Services WE1,third,,TLSv1.3,True
etherscan.io,Google Trust Services WE1,third,,TLSv1.3,True
etherstress.su,unknown,unknown,,unknown,False
ethz.ch,DigiCert Inc DigiCert Global G2 TLS RSA SHA256 2020 CA1,third,,TLSv1.3,True
etoote.com,unknown,unknown,,unknown,False
etoro.com,DigiCert Inc DigiCert Global G2 TLS RSA SHA256 2020 CA1,third,,TLSv1.3,True
etrade.com,Sectigo Limited Sectigo Public Server Authentication CA EV R36,third,,TLSv1.2,True
etrusted.com,Amazon Amazon RSA 2048 M04,third,,TLSv1.3,True
etsy.com,GlobalSign nv-sa GlobalSign Atlas R3 DV TLS CA 2025 Q4,third,,TLSv1.2,True
etsystatic.com,unknown,unknown,,unknown,False
eu-1-id5-sync.com,Google Trust Services WE1,third,,TLSv1.3,True
eu-3-id5-sync.com,unknown,unknown,,unknown,False
eu-4-id5-sync.com,unknown,unknown,,unknown,False
eu.cc,unknown,unknown,,unknown,False
eu.com,Let's Encrypt YR1,third,,TLSv1.3,True
eufy.com,Let's Encrypt YE1,third,,TLSv1.3,True
eufylife.com,Let's Encrypt YE1,third,,TLSv1.3,True
eum-appdynamics.com,unknown,unknown,,unknown,False
eurecom.fr,Hellenic Academic and Research Institutions CA GEANT TLS ECC 1,third,,TLSv1.2,True
eurekamag.com,Google Trust Services WE1,third,,TLSv1.3,True
euronews.com,Amazon Amazon RSA 2048 M04,third,,TLSv1.3,True
europa.eu,GlobalSign nv-sa GlobalSign Atlas R3 OV TLS CA 2025 Q3,third,,TLSv1.3,True
europeanparslogokick.com,Certainly Certainly Intermediate R1,third,,TLSv1.3,True
euskadi.eus,unknown,unknown,,unknown,False
eutelia.it,unknown,unknown,,unknown,False
evan.im,Let's Encrypt YE2,third,,TLSv1.3,True
evapqnina.com,unknown,unknown,,unknown,False
eventbrite.com,Amazon Amazon RSA 2048 M04,third,,TLSv1.3,True
eventmonitoringpro.com,Google Trust Services WE1,third,,TLSv1.3,True
eveonline.com,DigiCert Inc DigiCert Global G2 TLS RSA SHA256 2020 CA1,third,,TLSv1.3,True
everestjs.net,DigiCert Inc DigiCert Global G2 TLS RSA SHA256 2020 CA1,third,,TLSv1.3,True
everestop.io,Google Trust Services WE1,third,,TLSv1.3,True
everesttech.net,DigiCert Inc DigiCert Global G2 TLS RSA SHA256 2020 CA1,third,,TLSv1.2,True
evergage.com,Amazon Amazon RSA 2048 M04,third,,TLSv1.3,True
evernote.com,Google Trust Services WR3,third,,TLSv1.3,True
evetech.net,Amazon Amazon RSA 2048 M04,third,,TLSv1.3,True
evgnet.com,Amazon Amazon RSA 2048 M03,third,,TLSv1.2,True
evidence.com,Sectigo Limited Sectigo Public Server Authentication CA DV R36,third,,TLSv1.2,True
evidon.com,Let's Encrypt YR2,third,,TLSv1.2,True
evodevicemanager.com,Sectigo Limited Sectigo Public Server Authentication CA DV R36,third,,TLSv1.3,True
evtrust.com,"DigiCert, Inc. GeoTrust G2 TLS CN RSA4096 SHA256 2022 CA1",third,,TLSv1.2,True
ex.co,Let's Encrypt YE2,third,,TLSv1.3,True
exacttarget.com,DigiCert Inc DigiCert Global G2 TLS RSA SHA256 2020 CA1,third,,TLSv1.3,True
example.com,SSL Corporation Cloudflare TLS Issuing ECC CA 3,third,,TLSv1.3,True
example.org,SSL Corporation Cloudflare TLS Issuing ECC CA 3,third,,TLSv1.3,True
exclaimer.net,Google Trust Services WE1,third,,TLSv1.3,True
exclusivetvs.com,unknown,unknown,,unknown,False
exelator.com,GlobalSign nv-sa GlobalSign RSA OV SSL CA 2018,third,,TLSv1.3,True
exitgames.com,DigiCert Inc RapidSSL TLS RSA CA G1,third,,TLSv1.3,True
exitlag.net,Google Trust Services WE1,third,,TLSv1.3,True
exlibrisgroup.com,Let's Encrypt YR2,third,,TLSv1.3,True
exoclick.com,Let's Encrypt YE1,third,,TLSv1.3,True
exodus.io,Let's Encrypt YE2,third,,TLSv1.3,True
exosrv.com,unknown,unknown,,unknown,False
exp-tas.com,unknown,unknown,,unknown,False
exp.host,Google Trust Services WR3,third,,TLSv1.3,True
expedia.com,Let's Encrypt YE2,third,,TLSv1.3,True
expertcity.com,unknown,unknown,,unknown,False
expertini.com,Google Trust Services WE1,third,,TLSv1.3,True
expf.ru,Let's Encrypt YR2,third,,TLSv1.3,True
expireddomains.com,Google Trust Services WE1,third,,TLSv1.3,True
explained.today,Google Trust Services WE1,third,,TLSv1.3,True
explodie.org,Let's Encrypt YR2,third,,TLSv1.3,True
expo.dev,Google Trust Services WE1,third,,TLSv1.3,True
exponea.com,Google Trust Services WE1,third,,TLSv1.3,True
express.co.uk,Amazon Amazon RSA 2048 M01,third,,TLSv1.3,True
expressapisv2.net,Let's Encrypt R13,third,,TLSv1.3,True
expressvpn.com,Amazon Amazon RSA 2048 M01,third,,TLSv1.3,True
exshinetech.com,Google Trust Services WE1,third,,TLSv1.3,True
ext-twitch.tv,Amazon Amazon RSA 2048 M01,third,,TLSv1.3,True
exteragram.app,Google Trust Services WE1,third,,TLSv1.2,True
externulls.com,unknown,unknown,,unknown,False
extra.com.br,DigiCert Inc DigiCert Global G3 TLS ECC SHA384 2020 CA1,third,,TLSv1.3,True
extremecloudiq.com,Sectigo Limited Sectigo Public Server Authentication CA DV R36,third,,TLSv1.3,True
extremereach.io,unknown,unknown,,unknown,False
ey.com,Sectigo Limited Sectigo Public Server Authentication CA OV R40,third,,TLSv1.3,True
eye-able.com,Let's Encrypt YR1,third,,TLSv1.3,True
eye4.cn,DigiCert Inc RapidSSL TLS RSA CA G1,third,,TLSv1.3,True
eye4cloud.com,Let's Encrypt R12,third,,TLSv1.3,True
eyeo.com,Let's Encrypt YE1,third,,TLSv1.3,True
eyeota.net,GoGetSSL GoGetSSL RSA DV CA,unknown,,TLSv1.2,True
eyugame.com,WoTrus CA Limited WoTrus DV Server CA  [Run by the Issuer],third,,TLSv1.2,True
ezlo.com,Let's Encrypt YE1,third,,TLSv1.3,True
ezmob.com,Google Trust Services WE1,third,,TLSv1.3,True
ezodn.com,Google Trust Services WE1,third,,TLSv1.3,True
ezoic.com,Amazon Amazon ECDSA 256 M04,third,,TLSv1.3,True
ezoic.net,Let's Encrypt YE1,third,,TLSv1.3,True
ezojs.com,Let's Encrypt YE2,third,,TLSv1.3,True
eztvx.to,Google Trust Services WE1,third,,TLSv1.3,True
ezviz7.com,GlobalSign nv-sa GlobalSign RSA OV SSL CA 2018,third,,TLSv1.2,True
ezvizlife.com,GlobalSign nv-sa GlobalSign RSA OV SSL CA 2018,third,,TLSv1.2,True
ezvizru.com,GlobalSign nv-sa GlobalSign RSA OV SSL CA 2018,third,,TLSv1.3,True
f-1-g-h.com,unknown,unknown,,unknown,False
f-cdn.com,infrastructure,infrastructure,,unknown,False
f-secure.com,DigiCert Inc DigiCert Global G3 TLS ECC SHA384 2020 CA1,third,,TLSv1.3,True
f-sos.net,unknown,unknown,,unknown,False
f.cx,unknown,unknown,,TLSv1.3,True
f2pool.com,"GoDaddy.com, Inc. Go Daddy Secure Certificate Authority - G2",third,,TLSv1.3,True
f5.com,Sectigo Limited Sectigo Public Server Authentication CA OV R40,third,,TLSv1.3,True
f6.security,Let's Encrypt R12,third,,TLSv1.3,True
f95zone.to,Google Trust Services WE1,third,,TLSv1.3,True
fab.com,Amazon Amazon RSA 2048 M04,third,,TLSv1.3,True
facct.ru,Let's Encrypt YR1,third,,TLSv1.3,True
faceapp.io,unknown,unknown,,unknown,False
facebook-hardware.com,DigiCert Inc DigiCert Global G2 TLS RSA SHA256 2020 CA1,third,,TLSv1.3,True
facebook.com,DigiCert Inc DigiCert Global G2 TLS RSA SHA256 2020 CA1,third,,TLSv1.3,True
facebook.net,unknown,unknown,,unknown,False
facecast.xyz,unknown,unknown,,unknown,False
faceit-cdn.net,infrastructure,infrastructure,,unknown,False
faceit.com,Google Trust Services WE1,third,,TLSv1.3,True
facemojikeyboard.com,DigiCert Inc RapidSSL TLS RSA CA G1,third,,TLSv1.3,True
facepunch.com,Let's Encrypt YR2,third,,TLSv1.3,True
faceueditor.com,DigiCert Inc RapidSSL TLS ECC CA G1,third,,TLSv1.3,True
factors.ai,Let's Encrypt YE1,third,,TLSv1.3,True
faire.com,Let's Encrypt YR1,third,,TLSv1.3,True
fajar.co.id,Google Trust Services WE1,third,,TLSv1.3,True
fakestoreapi.com,Google Trust Services WE1,third,,TLSv1.3,True
falabella.com,Let's Encrypt YE1,third,,TLSv1.3,True
falconnet.app,unknown,unknown,,unknown,False
familysearch.org,DigiCert Inc DigiCert Global G2 TLS RSA SHA256 2020 CA1,third,,TLSv1.2,True
fanbox.cc,Google Trust Services WE1,third,,TLSv1.3,True
fancyanalytics.net,Let's Encrypt E7,third,,TLSv1.3,True
fandango.com,DigiCert Inc DigiCert Global G3 TLS ECC SHA384 2020 CA1,third,,TLSv1.3,True
fandom.com,Google Trust Services WE1,third,,TLSv1.3,True
fanduel.com,Amazon Amazon RSA 2048 M04,third,,TLSv1.3,True
fang.com,GlobalSign nv-sa GlobalSign RSA OV SSL CA 2018,third,,TLSv1.2,True
fansly.com,Amazon Amazon RSA 2048 M01,third,,TLSv1.3,True
fao.org,DigiCert Inc DigiCert Global G2 TLS RSA SHA256 2020 CA1,third,,TLSv1.3,True
fapello.com,Google Trust Services WE1,third,,TLSv1.3,True
faphouse.com,Google Trust Services WE1,third,,TLSv1.3,True
faphouse2.com,Google Trust Services WE1,third,,TLSv1.3,True
fareharbor.com,Amazon Amazon RSA 2048 M01,third,,TLSv1.3,True
fareharbor.engineering,unknown,unknown,,unknown,False
farfetch-contents.com,unknown,unknown,,unknown,False
farfetch.com,DigiCert Inc DigiCert Global G3 TLS ECC SHA384 2020 CA1,third,,TLSv1.3,True
farfetch.net,unknown,unknown,,unknown,False
farlightgames.com,DigiCert Inc RapidSSL TLS RSA CA G1,third,,TLSv1.3,True
fartingpangane.shop,ZeroSSL GmbH ZeroSSL RSA DV SSL CA 2,third,,TLSv1.3,True
fartit.com,unknown,unknown,,unknown,False
fashionnova.com,Let's Encrypt YE1,third,,TLSv1.3,True
fast.com,DigiCert Inc DigiCert Global G2 TLS RSA SHA256 2020 CA1,third,,TLSv1.2,True
fastbundle.co,Google Trust Services WE1,third,,TLSv1.3,True
fastclick.net,unknown,unknown,,unknown,False
fastecn.com,unknown,unknown,,unknown,False
fastercapital.com,Google Trust Services WE1,third,,TLSv1.3,True
fastly-edge.com,unknown,unknown,,unknown,False
fastly-insights.com,GlobalSign nv-sa GlobalSign Atlas R3 DV TLS CA 2025 Q4,third,,TLSv1.3,True
fastly-masque.net,unknown,unknown,,unknown,False
fastly.com,Certainly Certainly Intermediate R1,third,,TLSv1.3,True
fastly.net,Certainly Certainly Intermediate R1,third,,TLSv1.2,True
fastlydns.net,unknown,unknown,,unknown,False
fastlylb.net,unknown,unknown,,unknown,False
fastmail.com,Let's Encrypt YR2,third,,TLSv1.3,True
fastor.cc,unknown,unknown,,unknown,False
fastpic.org,ZeroSSL GmbH ZeroSSL RSA DV SSL CA 2,third,,TLSv1.3,True
fastpic.ru,Let's Encrypt YR2,third,,TLSv1.3,True
fastsimon.com,Certainly Certainly Intermediate R1,third,,TLSv1.2,True
fathom.video,Let's Encrypt YE2,third,,TLSv1.3,True
fatsecret.com,Amazon Amazon RSA 2048 M04,third,,TLSv1.3,True
fau.de,Hellenic Academic and Research Institutions CA GEANT TLS ECC 1,third,,TLSv1.3,True
favorit.work,unknown,unknown,,unknown,False
faz.net,Let's Encrypt YR2,third,,TLSv1.3,True
fazenda.gov.br,unknown,unknown,,unknown,False
fb-t-msedge.net,unknown,unknown,,unknown,False
fb.com,DigiCert Inc DigiCert Global G2 TLS RSA SHA256 2020 CA1,third,,TLSv1.3,True
fb.gg,DigiCert Inc DigiCert Global G2 TLS RSA SHA256 2020 CA1,third,,TLSv1.3,True
fb.me,DigiCert Inc DigiCert Global G2 TLS RSA SHA256 2020 CA1,third,,TLSv1.3,True
fbcdn.net,infrastructure,infrastructure,,unknown,False
fbi.com,unknown,unknown,,unknown,False
fbot.me,unknown,unknown,,unknown,False
fbpigeon.com,unknown,unknown,,unknown,False
fbs1-t-msedge.net,unknown,unknown,,unknown,False
fbsbx.com,DigiCert Inc DigiCert Global G2 TLS RSA SHA256 2020 CA1,third,,TLSv1.3,True
fc2.com,DigiCert Inc RapidSSL TLS RSA CA G1,third,,TLSv1.3,True
fcc.gov,DigiCert Inc GeoTrust TLS RSA CA G1,third,,TLSv1.3,True
fd-api.com,unknown,unknown,,unknown,False
fdown.net,Let's Encrypt YE2,third,,TLSv1.3,True
feathermc.com,Google Trust Services WE1,third,,TLSv1.3,True
feathr.co,Google Trust Services WE1,third,,TLSv1.3,True
featureassets.org,Let's Encrypt YR1,third,,TLSv1.3,True
featuregates.org,Let's Encrypt YR1,third,,TLSv1.3,True
fecyt.es,Hellenic Academic and Research Institutions CA GEANT TLS RSA 1,third,,TLSv1.3,True
fedex.com,Sectigo Limited Sectigo Public Server Authentication CA EV R36,third,,TLSv1.3,True
fedoraproject.org,DigiCert Inc DigiCert Global G3 TLS ECC SHA384 2020 CA1,third,,TLSv1.3,True
feedburner.com,Google Trust Services WE2,private,,TLSv1.3,True
feednews.com,Trust Provider B.V. Trust Provider B.V. TLS RSA CA G1,third,,TLSv1.2,True
feefo.com,Google Trust Services WE1,third,,TLSv1.3,True
feishewang.cn,unknown,unknown,,unknown,False
feishu.cn,DigiCert Inc RapidSSL TLS RSA CA G1,third,,TLSv1.3,True
feishucdn.com,infrastructure,infrastructure,,unknown,False
femd.ws,Let's Encrypt YR1,third,,TLSv1.2,True
fengkongcloud.com,"TrustAsia Technologies, Inc. TrustAsia DV TLS RSA CA 2024",third,,TLSv1.2,True
fengpongshu.com,unknown,unknown,,unknown,False
fepoth.com,unknown,unknown,,unknown,False
feroot.com,Amazon Amazon RSA 2048 M04,third,,TLSv1.3,True
fetlife.com,Google Trust Services WE1,third,,TLSv1.3,True
feverup.com,Amazon Amazon RSA 2048 M04,third,,TLSv1.3,True
ffbbbdc6d3c353211fe2ba39c9f744cd.com,unknown,unknown,,unknown,False
fh-wgt.com,Google Trust Services WE1,third,,TLSv1.3,True
fhcdngroup.online,infrastructure,infrastructure,,unknown,False
fhcdnmedia.online,infrastructure,infrastructure,,unknown,False
fhgte.com,Google Trust Services WE1,third,,TLSv1.3,True
fhvfd.com,Let's Encrypt R13,third,,TLSv1.3,True
fibaro.com,Google Trust Services WE1,third,,TLSv1.3,True
fidelity.com,DigiCert Inc DigiCert EV RSA CA G2,third,,TLSv1.3,True
fifa.com,Let's Encrypt YE2,third,,TLSv1.3,True
figma.com,Amazon Amazon RSA 2048 M04,third,,TLSv1.3,True
figpii.com,Google Trust Services WE1,third,,TLSv1.3,True
figshare.com,Amazon Amazon RSA 2048 M04,third,,TLSv1.3,True
filedownload-csw-lenovo.com,Buypass AS-983163327 Buypass Class 2 CA 5,third,,TLSv1.3,True
filedownloadlink.xyz,unknown,unknown,,unknown,False
filemail.com,Sectigo Limited Sectigo Public Server Authentication CA DV R36,third,,TLSv1.3,True
files.com,Let's Encrypt YR2,third,,TLSv1.3,True
files.fm,Google Trust Services WE1,third,,TLSv1.3,True
fillr.com,Amazon Amazon RSA 2048 M04,third,,TLSv1.3,True
filmaffinity.com,Google Trust Services WE1,third,,TLSv1.3,True
finalfantasyxiv.com,localhost,unknown,,TLSv1.3,True
financialcontent.com,Amazon Amazon RSA 2048 M04,third,,TLSv1.3,True
finanzen.net,Let's Encrypt YE1,third,,TLSv1.3,True
findagrave.com,Google Trust Services WE1,third,,TLSv1.3,True
findglocal.com,Google Trust Services WE1,third,,TLSv1.3,True
findmykids.org,Let's Encrypt YR1,third,,TLSv1.3,True
fineartamerica.com,Amazon Amazon RSA 2048 M04,third,,TLSv1.3,True
fineboost.com,"iTrusChina Co., Ltd. vTrus DV SSL CA G2",third,,TLSv1.2,True
fing.com,Amazon Amazon RSA 2048 M04,third,,TLSv1.2,True
fing.io,Amazon Amazon RSA 2048 M04,third,,TLSv1.2,True
fingerhi.net,unknown,unknown,,unknown,False
finna.fi,Google Trust Services WE1,third,,TLSv1.3,True
finzfin.com,"DigiCert, Inc. GeoTrust G2 TLS CN RSA4096 SHA256 2022 CA1",third,,TLSv1.3,True
firebaseapp.com,Google Trust Services WR4,private,,TLSv1.3,True
firebasedatabase.app,unknown,unknown,,unknown,False
firebaseio.com,Google Trust Services WR1,private,,TLSv1.3,True
fireeye.com,Google Trust Services WE1,third,,TLSv1.3,True
firefox.com,Let's Encrypt YR2,third,,TLSv1.3,True
fireoscaptiveportal.com,Amazon Amazon RSA 2048 M01,third,,TLSv1.2,True
firetvcaptiveportal.com,unknown,unknown,,unknown,False
fireworktv.com,Amazon Amazon RSA 2048 M04,third,,TLSv1.3,True
firmwareupdatechecksdoidv2627.buzz,unknown,unknown,,unknown,False
first-id.fr,Let's Encrypt YR1,third,,TLSv1.3,True
firstmedia.com,Sectigo Limited Sectigo Public Server Authentication CA DV R36,third,,TLSv1.3,True
fish.audio,Google Trust Services WE1,third,,TLSv1.3,True
fit-pay.com,Google Trust Services WE1,third,,TLSv1.3,True
fitanalytics.com,ZeroSSL GmbH ZeroSSL ECC DV SSL CA 2,third,,TLSv1.3,True
fitbit.com,Google Trust Services WR3,private,,TLSv1.3,True
fittingneoza.shop,ZeroSSL GmbH ZeroSSL RSA DV SSL CA 2,third,,TLSv1.3,True
five9.com,Let's Encrypt YR1,third,,TLSv1.3,True
fivecdm.com,unknown,unknown,,unknown,False
fivem.net,DigiCert Inc DigiCert Global G2 TLS RSA SHA256 2020 CA1,third,,TLSv1.3,True
fiverr.com,Google Trust Services WE1,third,,TLSv1.2,True
fizzopic.org,unknown,unknown,,unknown,False
flagcdn.com,infrastructure,infrastructure,,unknown,False
flairadscpc.com,Asseco Data Systems S.A. Certum DV TLS G2 R39 CA,third,,TLSv1.3,True
flareflow.tv,Amazon Amazon RSA 2048 M04,third,,TLSv1.3,True
flashb.id,Google Trust Services WE1,third,,TLSv1.3,True
flashbots.net,Google Trust Services WE1,third,,TLSv1.3,True
flashget.com,Sectigo Limited Sectigo Public Server Authentication CA DV R36,third,,TLSv1.3,True
flashintel.ai,Google Trust Services WE1,third,,TLSv1.3,True
flashscore.com,Let's Encrypt YR2,third,,TLSv1.3,True
flashscore.ninja,Let's Encrypt YR1,third,,TLSv1.3,True
flashtalking.com,DigiCert Inc DigiCert Global G2 TLS RSA SHA256 2020 CA1,third,,TLSv1.3,True
flat-ads.com,ZeroSSL GmbH ZeroSSL RSA DV SSL CA 2,third,,TLSv1.2,True
flathub.org,GlobalSign nv-sa GlobalSign Atlas R3 DV TLS CA 2026 Q1,third,,TLSv1.3,True
flaticon.com,Google Trust Services WR3,third,,TLSv1.3,True
flatuslifir.is,Let's Encrypt YR1,third,,TLSv1.3,True
fleetdm.com,Google Trust Services WE1,third,,TLSv1.3,True
flepquix.com,Let's Encrypt YR2,third,,TLSv1.2,True
fleraprt.com,Sectigo Limited Sectigo Public Server Authentication CA DV R36,third,,TLSv1.3,True
flickr.com,Amazon Amazon RSA 2048 M01,third,,TLSv1.3,True
flightaware.com,Google Trust Services WE1,third,,TLSv1.3,True
flightradar24.com,Google Trust Services WE1,third,,TLSv1.3,True
flingo.tv,"GoDaddy.com, Inc. Go Daddy Secure Certificate Authority - G2",third,,TLSv1.2,True
flipboard.com,Amazon Amazon RSA 2048 M01,third,,TLSv1.3,True
fliphtml5.com,"GoDaddy.com, Inc. Go Daddy Secure Certificate Authority - G2",third,,TLSv1.3,True
flipkart.com,GlobalSign nv-sa GlobalSign RSA OV SSL CA 2018,third,,TLSv1.3,True
flipkart.net,GlobalSign nv-sa GlobalSign RSA OV SSL CA 2018,third,,TLSv1.2,True
flipp.com,Amazon Amazon RSA 2048 M04,third,,TLSv1.3,True
flippback.com,unknown,unknown,,unknown,False
flirtify.com,Google Trust Services WE1,third,,TLSv1.3,True
flix360.com,Amazon Amazon RSA 2048 M04,third,,TLSv1.2,True
flixcar.com,Amazon Amazon RSA 2048 M01,third,,TLSv1.2,True
flixcart.com,unknown,unknown,,unknown,False
flixcdn.com,infrastructure,infrastructure,,unknown,False
flocktory.com,Let's Encrypt YR2,third,,TLSv1.3,True
flodesk.com,Google Trust Services WE1,third,,TLSv1.3,True
floors.dev,Google Trust Services WR3,third,,TLSv1.3,True
flourish.studio,Amazon Amazon RSA 2048 M01,third,,TLSv1.3,True
flow.chat,Google Trust Services WE1,third,,TLSv1.3,True
flowgpt.com,Google Trust Services WE1,third,,TLSv1.3,True
flowroute.com,Let's Encrypt YE2,third,,TLSv1.3,True
flowsixteen.com,unknown,unknown,,unknown,False
fluidplayer.com,Let's Encrypt YE1,third,,TLSv1.3,True
flushpersist.com,Let's Encrypt YR2,third,,TLSv1.2,True
flux.jp,Let's Encrypt YE1,third,,TLSv1.3,True
flvcdn.net,infrastructure,infrastructure,,unknown,False
fly.dev,unknown,unknown,,unknown,False
flyfrontier.com,DigiCert Inc DigiCert Global G2 TLS RSA SHA256 2020 CA1,third,,TLSv1.3,True
flykatyusha.net,unknown,unknown,,unknown,False
flysleep.cn,DigiCert Inc RapidSSL TLS RSA CA G1,third,,TLSv1.2,True
fmkorea.com,Amazon Amazon RSA 2048 M04,third,,TLSv1.3,True
fmonline.app,unknown,unknown,,unknown,False
fn-pz.com,unknown,unknown,,unknown,False
fnac.com,Sectigo Limited Sectigo Public Server Authentication CA OV E36,third,,TLSv1.3,True
fnix.net,unknown,unknown,,unknown,False
fnyfeds.com,Let's Encrypt YE2,third,,TLSv1.3,True
focus.cn,"DigiCert, Inc. GeoTrust G2 TLS CN RSA4096 SHA256 2022 CA1",third,,TLSv1.3,True
focus.de,DigiCert Inc DigiCert Global G3 TLS ECC SHA384 2020 CA1,third,,TLSv1.3,True
foggymorningmist.com,unknown,unknown,,unknown,False
foisonad.com,unknown,unknown,,unknown,False
fongo.com,Let's Encrypt YE1,third,,TLSv1.3,True
fontawesome.com,Google Trust Services WE1,third,,TLSv1.3,True
fonts.net,Google Trust Services WE1,third,,TLSv1.3,True
foodnetwork.com,Amazon Amazon RSA 2048 M01,third,,TLSv1.3,True
footprintdns.com,unknown,unknown,,unknown,False
forbes.com,GlobalSign nv-sa GlobalSign Atlas R3 DV TLS CA 2025 Q4,third,,TLSv1.2,True
force.com,DigiCert Inc DigiCert Global G3 TLS ECC SHA384 2020 CA1,third,,TLSv1.3,True
ford.com,GlobalSign nv-sa GlobalSign RSA OV SSL CA 2018,third,,TLSv1.2,True
fordaq.com,Google Trust Services WE1,third,,TLSv1.3,True
forebears.io,Google Trust Services WE1,third,,TLSv1.3,True
foreca.net,Google Trust Services WE1,third,,TLSv1.3,True
foresee.com,Let's Encrypt YR1,third,,TLSv1.3,True
foreskin.cc,unknown,unknown,,unknown,False
forethought.ai,Google Trust Services WE1,third,,TLSv1.3,True
forexpros.com,Google Trust Services WE1,third,,TLSv1.3,True
forgecdn.net,infrastructure,infrastructure,,unknown,False
forgen.cc,unknown,unknown,,unknown,False
forgeofempires.com,Let's Encrypt YR1,third,,TLSv1.3,True
forms.gle,Google Trust Services WR3,private,,TLSv1.3,True
formula1.com,Amazon Amazon RSA 2048 M04,third,,TLSv1.2,True
forscprts.com,Google Trust Services WE1,third,,TLSv1.3,True
forter.com,Google Trust Services WE1,third,,TLSv1.3,True
fortevillageresort.com,Let's Encrypt YR2,third,,TLSv1.3,True
forticloud.com,DigiCert Inc DigiCert Global G2 TLS RSA SHA256 2020 CA1,third,,TLSv1.3,True
fortiddns.com,unknown,unknown,,unknown,False
fortiedr.com,SSL Corp SSL.com SSL Intermediate CA ECC R2,third,,TLSv1.3,True
fortigslb.com,DigiCert Inc DigiCert Global G2 TLS RSA SHA256 2020 CA1,third,,TLSv1.3,True
fortiguard.com,DigiCert Inc DigiCert Global G2 TLS RSA SHA256 2020 CA1,third,,TLSv1.3,True
fortinet-notifications.com,unknown,unknown,,unknown,False
fortinet.com,DigiCert Inc DigiCert Global G2 TLS RSA SHA256 2020 CA1,third,,TLSv1.3,True
fortinet.net,unknown,unknown,,unknown,False
fortinetipssubmit.com,unknown,unknown,,unknown,False
fortinetvirussubmit.com,unknown,unknown,,unknown,False
fortisase.com,Amazon Amazon RSA 2048 M01,third,,TLSv1.3,True
fortunedancer.com,GlobalSign nv-sa GlobalSign GCC R3 DV TLS CA 2020,third,,TLSv1.2,True
forvo.com,Google Trust Services WE1,third,,TLSv1.3,True
forzamotorsport.net,Microsoft Corporation Microsoft TLS G2 RSA CA OCSP 04,unknown,,TLSv1.3,True
fos5echocaptiveportal.com,unknown,unknown,,unknown,False
fotmob.com,Amazon Amazon RSA 2048 M01,third,,TLSv1.3,True
fotoscapes.com,Certainly Certainly Intermediate R1,third,,TLSv1.3,True
found.io,unknown,unknown,,unknown,False
fourhoi.com,Google Trust Services WE1,third,,TLSv1.3,True
foursquare.com,Let's Encrypt YR1,third,,TLSv1.3,True
fourthwall.com,Google Trust Services WR3,third,,TLSv1.3,True
fout.jp,Google Trust Services WE1,third,,TLSv1.3,True
fox.com,Let's Encrypt YR1,third,,TLSv1.3,True
foxbusiness.com,DigiCert Inc DigiCert Global G3 TLS ECC SHA384 2020 CA1,third,,TLSv1.3,True
foxdor.cc,unknown,unknown,,unknown,False
foxit.com,"GoDaddy.com, Inc. Go Daddy Secure Certificate Authority - G2",third,,TLSv1.3,True
foxitsoftware.com,"GoDaddy.com, Inc. Go Daddy Secure Certificate Authority - G2",third,,TLSv1.3,True
foxnews.com,DigiCert Inc DigiCert Global G3 TLS ECC SHA384 2020 CA1,third,,TLSv1.3,True
foxplus.com,unknown,unknown,,unknown,False
foxsports.com,DigiCert Inc DigiCert Global G2 TLS RSA SHA256 2020 CA1,third,,TLSv1.2,True
fpcdn.io,infrastructure,infrastructure,,unknown,False
fpjs.io,Amazon Amazon ECDSA 256 M01,third,,TLSv1.3,True
fqnovel.com,unknown,unknown,,unknown,False
fqnovelpic.com,unknown,unknown,,unknown,False
fqnovelvod.com,unknown,unknown,,unknown,False
frame.io,Let's Encrypt YR2,third,,TLSv1.3,True
frameo.biz,Let's Encrypt YE1,third,,TLSv1.3,True
frameo.net,Google Trust Services WE1,third,,TLSv1.3,True
framer.com,Amazon Amazon RSA 2048 M01,third,,TLSv1.3,True
framerstatic.com,unknown,unknown,,unknown,False
framerusercontent.com,Amazon Amazon RSA 2048 M01,third,,TLSv1.3,True
frankerfacez.com,Google Trust Services WE1,third,,TLSv1.3,True
frcapi.com,unknown,unknown,,unknown,False
free-electrons.com,Let's Encrypt YE2,third,,TLSv1.3,True
free-reels.com,DigiCert Inc Encryption Everywhere DV TLS CA - G2,third,,TLSv1.2,True
free-scores.com,Google Trust Services WE1,third,,TLSv1.3,True
free-tracker.ga,unknown,unknown,,unknown,False
free.fr,Sectigo Limited Sectigo Public Server Authentication CA DV R36,third,,TLSv1.3,True
freebsd.org,Let's Encrypt YE1,third,,TLSv1.3,True
freecash.com,Google Trust Services WE1,third,,TLSv1.3,True
freedesktop.org,Let's Encrypt YR2,third,,TLSv1.3,True
freedom.to,Google Trust Services WE1,third,,TLSv1.3,True
freefiremobile.com,Let's Encrypt YR1,third,,TLSv1.3,True
freeipapi.com,Google Trust Services WE1,third,,TLSv1.3,True
freelancer.com,Amazon Amazon RSA 2048 M01,third,,TLSv1.3,True
freenet.de,Let's Encrypt YR1,third,,TLSv1.3,True
freepik.com,Google Trust Services WR3,third,,TLSv1.3,True
freeterabox.com,DigiCert Inc RapidSSL TLS RSA CA G1,third,,TLSv1.2,True
fresh8.co,unknown,unknown,,unknown,False
fresha.com,Amazon Amazon RSA 2048 M01,third,,TLSv1.3,True
freshchat.com,Amazon Amazon RSA 2048 M04,third,,TLSv1.3,True
freshdesk.com,Amazon Amazon RSA 2048 M04,third,,TLSv1.3,True
freshedge.net,unknown,unknown,,unknown,False
freshservice.com,Amazon Amazon RSA 2048 M04,third,,TLSv1.3,True
freshworks.com,Amazon Amazon RSA 2048 M04,third,,TLSv1.3,True
freshworksapi.com,unknown,unknown,,unknown,False
fril.jp,Amazon Amazon RSA 2048 M04,third,,TLSv1.3,True
fronius.com,Sectigo Limited Sectigo Public Server Authentication CA OV R36,third,,TLSv1.3,True
frontapp.com,Amazon Amazon RSA 2048 M01,third,,TLSv1.3,True
frontiersin.org,"GoDaddy.com, Inc. Go Daddy Secure Certificate Authority - G2",third,,TLSv1.3,True
frontrics.site,unknown,unknown,,unknown,False
frs2c.com,Google Trust Services WE1,third,,TLSv1.3,True
fsapi.com,unknown,unknown,,unknown,False
fscut.com,"DigiCert, Inc. GeoTrust G2 TLS CN RSA4096 SHA256 2022 CA1",third,,TLSv1.2,True
fsdatacentre.com,localhost,unknown,,TLSv1.3,True
fsrv.io,unknown,unknown,,unknown,False
fstr.rocks,unknown,unknown,,unknown,False
ft.com,Amazon Amazon RSA 2048 M01,third,,TLSv1.3,True
ftcdn.net,infrastructure,infrastructure,,unknown,False
ftd.agency,Google Trust Services WE1,third,,TLSv1.3,True
ftpub.net,unknown,unknown,,unknown,False
ftstatic.com,unknown,unknown,,unknown,False
ftvlist.com,unknown,unknown,,unknown,False
fubo.tv,GlobalSign nv-sa GlobalSign Atlas R3 DV TLS CA 2026 Q1,third,,TLSv1.2,True
fujitsu.com,DigiCert Inc DigiCert Global G3 TLS ECC SHA384 2020 CA1,third,,TLSv1.3,True
fullstory.com,Let's Encrypt YE1,third,,TLSv1.3,True
fullview.io,Google Trust Services WE1,third,,TLSv1.3,True
funcaptcha.com,unknown,unknown,,unknown,False
funmora.com,unknown,unknown,,unknown,False
funpay.com,Sectigo Limited Sectigo Public Server Authentication CA DV R36,third,,TLSv1.3,True
funplus.com,Google Trust Services WE1,third,,TLSv1.3,True
funsdata.com,DigiCert Inc Encryption Everywhere DV TLS CA - G2,third,,TLSv1.3,True
furaffinity.net,Let's Encrypt YE1,third,,TLSv1.3,True
furbo.co,unknown,unknown,,unknown,False
furry-paws.com,Google Trust Services WE1,third,,TLSv1.3,True
fuseplatform.net,unknown,unknown,,unknown,False
fusion-platform.com,Amazon Amazon RSA 2048 M04,third,,TLSv1.3,True
futbin.com,Let's Encrypt YE1,third,,TLSv1.3,True
futbol24.com,GlobalSign nv-sa GlobalSign GCC R6 AlphaSSL CA 2025,third,,TLSv1.3,True
futunn.com,"DigiCert, Inc. GeoTrust G2 TLS CN RSA4096 SHA256 2022 CA1",third,,TLSv1.3,True
futurecdn.net,infrastructure,infrastructure,,unknown,False
fuximain.com,unknown,unknown,,unknown,False
fvnkonnect.com,unknown,unknown,,unknown,False
fw-cdn.com,infrastructure,infrastructure,,unknown,False
fwcdn3.com,infrastructure,infrastructure,,unknown,False
fwmrm.net,DigiCert Inc DigiCert Global G2 TLS RSA SHA256 2020 CA1,third,,TLSv1.3,True
fwpixel.com,unknown,unknown,,unknown,False
fwupd.org,Google Trust Services WE1,third,,TLSv1.3,True
fxltsbl.com,DigiCert Inc Encryption Everywhere DV TLS CA - G2,third,,TLSv1.3,True
fyber.com,DigiCert Inc Thawte TLS RSA CA G1,third,,TLSv1.3,True
fzbox.tools,Google Trust Services WR3,third,,TLSv1.3,True
g.cn,Google Trust Services WE2,private,,TLSv1.3,True
g.globo,unknown,unknown,,unknown,False
g2.com,Google Trust Services WE1,third,,TLSv1.3,True
g2288.com,Google Trust Services WE1,third,,TLSv1.3,True
g2a.com,Google Trust Services WE1,third,,TLSv1.3,True
g2afse.com,unknown,unknown,,unknown,False
g2crowd.com,Google Trust Services WE1,third,,TLSv1.3,True
g5e.com,DigiCert Inc Thawte TLS RSA CA G1,third,,TLSv1.3,True
gadsme.com,Gandi SAS GandiCert,third,,TLSv1.3,True
gaiaonline.com,Amazon Amazon RSA 2048 M04,third,,TLSv1.2,True
gaijin.net,DigiCert Inc GeoTrust TLS RSA CA G1,third,,TLSv1.2,True
gaijinent.com,DigiCert Inc GeoTrust TLS RSA CA G1,third,,TLSv1.2,True
galaxite.net,Let's Encrypt YE1,third,,TLSv1.3,True
galaxy-cdn.com,infrastructure,infrastructure,,unknown,False
game-mode.net,unknown,unknown,,unknown,False
game-sdk.com,unknown,unknown,,unknown,False
game8.co,Amazon Amazon RSA 2048 M04,third,,TLSv1.3,True
gameanalytics.com,Google Trust Services WE1,third,,TLSv1.3,True
gameassists.co.uk,unknown,unknown,,unknown,False
gamebanana.com,Google Trust Services WE1,third,,TLSv1.3,True
gamedistribution.com,Amazon Amazon RSA 2048 M04,third,,TLSv1.2,True
gameforge.com,Google Trust Services WE1,third,,TLSv1.3,True
gameloft.com,Sectigo Limited Sectigo Public Server Authentication CA OV R36,third,,TLSv1.3,True
gameloop.com,"DigiCert, Inc. DigiCert Secure Site OV G2 TLS CN RSA4096 SHA256 2022 CA1",third,,TLSv1.3,True
gamepass.com,Microsoft Corporation Microsoft TLS G2 RSA CA OCSP 16,unknown,,TLSv1.3,True
gamer.com.tw,Google Trust Services WE1,third,,TLSv1.3,True
gameresourceshub.top,Google Trust Services WE1,third,,TLSv1.3,True
gamersky.com,DigiCert Inc Encryption Everywhere DV TLS CA - G2,third,,TLSv1.2,True
gamespot.com,Let's Encrypt YE2,third,,TLSv1.3,True
gaming-sdk.com,Google Trust Services WE1,third,,TLSv1.3,True
gamma.app,Let's Encrypt YE1,third,,TLSv1.3,True
gammaplatform.com,GoDaddy.com GoDaddy TLS Intermediate CA DV - R1v1,third,,TLSv1.3,True
gamoshi.io,unknown,unknown,,unknown,False
gandi.net,Gandi SAS GandiCert,private,,TLSv1.3,True
gannett-cdn.com,infrastructure,infrastructure,,unknown,False
gannettdigital.com,Let's Encrypt YR1,third,,TLSv1.3,True
gap.com,DigiCert Inc DigiCert EV RSA CA G2,third,,TLSv1.3,True
gapixus.com,unknown,unknown,,unknown,False
garena.com,DigiCert Inc GeoTrust TLS RSA CA G1,third,,TLSv1.2,True
garenanow.com,unknown,unknown,,unknown,False
garmin.com,"GoDaddy.com, Inc. Go Daddy Secure Certificate Authority - G2",third,,TLSv1.3,True
garmincdn.com,infrastructure,infrastructure,,unknown,False
gastecnologia.com.br,unknown,unknown,,unknown,False
gate.com,Amazon Amazon RSA 2048 M04,third,,TLSv1.2,True
gateio.ws,Amazon Amazon RSA 2048 M01,third,,TLSv1.2,True
gatekeeperconsent.com,Google Trust Services WE1,third,,TLSv1.3,True
gbif.org,Let's Encrypt YR2,third,,TLSv1.3,True
gbitt.info,Google Trust Services WE1,third,,TLSv1.3,True
gboxlab.com,Google Trust Services WE1,third,,TLSv1.3,True
gbqofs.com,unknown,unknown,,unknown,False
gbqofs.io,unknown,unknown,,unknown,False
gc.ca,Entrust Limited Entrust OV TLS Issuing RSA CA 2,third,,TLSv1.2,True
gc.com,Amazon Amazon RSA 2048 M04,third,,TLSv1.3,True
gcash.com,Google Trust Services WE1,third,,TLSv1.3,True
gccdn.net,infrastructure,infrastructure,,unknown,False
gcdn.co,infrastructure,infrastructure,,unknown,False
gcloudcs.com,unknown,unknown,,unknown,False
gcloudsdk.com,unknown,unknown,,unknown,False
gcore.com,DigiCert Inc DigiCert Global G3 TLS ECC SHA384 2020 CA1,third,,TLSv1.3,True
gcprivacy.id,unknown,unknown,,unknown,False
gcprivacy.net,unknown,unknown,,unknown,False
gcr.io,Google Trust Services WE2,third,,TLSv1.3,True
gcrenwp.top,Google Trust Services WE1,third,,TLSv1.3,True
gdefence.io,unknown,unknown,,unknown,False
gdemoideti.ru,Let's Encrypt YR2,third,,TLSv1.3,True
gdflpr.com,unknown,unknown,,unknown,False
gdms.cloud,DigiCert Inc DigiCert Global G2 TLS RSA SHA256 2020 CA1,third,,TLSv1.2,True
gdtimg.com,"DigiCert, Inc. DigiCert Secure Site OV G2 TLS CN RSA4096 SHA256 2022 CA1",third,,TLSv1.3,True
gearbox.com,unknown,unknown,,unknown,False
gearupportal.com,unknown,unknown,,unknown,False
geckoterminal.com,Let's Encrypt R13,third,,TLSv1.3,True
geeksforgeeks.org,"GoDaddy.com, Inc. Go Daddy Secure Certificate Authority - G2",third,,TLSv1.3,True
geetest.com,"DigiCert, Inc. GeoTrust G2 TLS CN RSA4096 SHA256 2022 CA1",third,,TLSv1.3,True
geforce.com,Amazon Amazon RSA 2048 M02,third,,TLSv1.2,True
gelbooru.com,Let's Encrypt YE2,third,,TLSv1.2,True
gemius.pl,Sectigo Limited Sectigo Public Server Authentication CA DV R36,third,,TLSv1.3,True
gencat.cat,Sectigo Limited Sectigo Public Server Authentication CA OV R36,third,,TLSv1.3,True
genealogieonline.nl,Let's Encrypt YE2,third,,TLSv1.3,True
geneanet.org,Google Trust Services WE1,third,,TLSv1.3,True
geni.com,DigiCert Inc DigiCert Global G2 TLS RSA SHA256 2020 CA1,third,,TLSv1.3,True
geniee.jp,Gehirn Inc. Gehirn RSA Domain Validation Secure Server CA 2,unknown,,TLSv1.3,True
genieesspv.jp,DigiCert Inc GeoTrust TLS RSA CA G1,third,,TLSv1.2,True
geniex.com,"TrustAsia Technologies, Inc. TrustAsia DV TLS RSA CA 2024",third,,TLSv1.2,True
genius.com,Google Trust Services WE1,third,,TLSv1.2,True
geniussports.com,DigiCert Inc DigiCert Global G2 TLS RSA SHA256 2020 CA1,third,,TLSv1.3,True
genome.jp,Let's Encrypt YR1,third,,TLSv1.2,True
genspark.ai,Google Trust Services WE1,third,,TLSv1.3,True
gentoo.org,Let's Encrypt R12,third,,TLSv1.3,True
geoadnxs.com,unknown,unknown,,unknown,False
geobasket.ru,unknown,unknown,,unknown,False
geocomply.com,DigiCert Inc RapidSSL TLS RSA CA G1,third,,TLSv1.3,True
geode-sdk.org,Google Trust Services WE1,third,,TLSv1.3,True
geodema.network,Let's Encrypt YE2,third,,TLSv1.3,True
geodns.me,unknown,unknown,,unknown,False
geoedge.be,unknown,unknown,,unknown,False
geojs.io,Let's Encrypt YE2,third,,TLSv1.3,True
geoplugin.net,unknown,unknown,,unknown,False
geoproapp.com,Google Trust Services WE1,third,,TLSv1.3,True
geotrust.com,"DigiCert, Inc. DigiCert G5 TLS RSA4096 SHA384 2021 CA1",third,,TLSv1.3,True
gepush.com,"DigiCert, Inc. GeoTrust G2 TLS CN RSA4096 SHA256 2022 CA1",third,,TLSv1.3,True
ger7.com.br,GlobalSign nv-sa GlobalSign GCC R6 AlphaSSL CA 2025,third,,TLSv1.3,True
getadblock.com,Let's Encrypt YR2,third,,TLSv1.3,True
getamigo.io,unknown,unknown,,unknown,False
getbeamer.com,Google Trust Services WE1,third,,TLSv1.3,True
getclicky.com,Google Trust Services WE1,third,,TLSv1.3,True
getcontact.com,Google Trust Services WR3,third,,TLSv1.3,True
getcourse.ru,GlobalSign nv-sa GlobalSign GCC R3 DV TLS CA 2020,third,,TLSv1.3,True
getdropbox.com,DigiCert Inc DigiCert Global G3 TLS ECC SHA384 2020 CA1,third,,TLSv1.3,True
getelevar.com,Google Trust Services WE1,third,,TLSv1.3,True
getflowbox.com,Let's Encrypt YE1,third,,TLSv1.3,True
getgo.com,unknown,unknown,,unknown,False
getgocdn.com,infrastructure,infrastructure,,unknown,False
getgrass.io,Google Trust Services WE1,third,,TLSv1.3,True
getmicrosoftkey.com,unknown,unknown,,unknown,False
getninjas.com.br,Sectigo Limited Sectigo Public Server Authentication CA DV R36,third,,TLSv1.3,True
getpocket.com,Amazon Amazon RSA 2048 M04,third,,TLSv1.3,True
getpostman.com,Amazon Amazon RSA 2048 M04,third,,TLSv1.2,True
getpublica.com,Google Trust Services WE1,third,,TLSv1.3,True
getredo.com,Amazon Amazon RSA 2048 M01,third,,TLSv1.3,True
getrockerbox.com,Let's Encrypt YE1,third,,TLSv1.3,True
getscreen.me,Let's Encrypt YR2,third,,TLSv1.3,True
getsitecontrol.com,Google Trust Services WE1,third,,TLSv1.3,True
getsitectrl.com,Amazon Amazon RSA 2048 M01,third,,TLSv1.3,True
gettyimages.com,Amazon Amazon RSA 2048 M01,third,,TLSv1.3,True
getui.com,"DigiCert, Inc. GeoTrust G2 TLS CN RSA4096 SHA256 2022 CA1",third,,TLSv1.3,True
getui.net,"DigiCert, Inc. GeoTrust G2 TLS CN RSA4096 SHA256 2022 CA1",third,,TLSv1.3,True
getyarn.io,Google Trust Services WE1,third,,TLSv1.3,True
getyourguide.com,Google Trust Services WE1,third,,TLSv1.3,True
geysermc.org,Google Trust Services WE1,third,,TLSv1.3,True
gfx.ms,unknown,unknown,,unknown,False
ggblueshark.com,unknown,unknown,,unknown,False
ggmax.com.br,Google Trust Services WE1,third,,TLSv1.3,True
ggpht.com,unknown,unknown,,unknown,False
ggpolarbear.com,unknown,unknown,,unknown,False
ggwhitehawk.com,unknown,unknown,,unknown,False
ghabovethec.info,unknown,unknown,,unknown,False
ghcr.io,Sectigo Limited Sectigo Public Server Authentication CA DV R36,third,,TLSv1.3,True
ghost.io,Let's Encrypt YR1,third,,TLSv1.3,True
ghostery.com,Amazon Amazon RSA 2048 M01,third,,TLSv1.3,True
ghostery.net,unknown,unknown,,unknown,False
gianteagle.com,Entrust Limited Entrust OV TLS Issuing RSA CA 2,third,,TLSv1.3,True
gid.ru,GlobalSign nv-sa GlobalSign GCC R6 AlphaSSL CA 2025,third,,TLSv1.3,True
gifshow.com,GlobalSign nv-sa GlobalSign RSA OV SSL CA 2018,third,,TLSv1.2,True
gigabyte.com,TAIWAN-CA TWCA Secure SSL Certification Authority,unknown,,TLSv1.3,True
gigya.com,unknown,unknown,,unknown,False
giraff.io,Let's Encrypt YR2,third,,TLSv1.2,True
giraffic.com,GoDaddy.com GoDaddy TLS Intermediate CA DV - R1v1,third,,TLSv1.3,True
gismeteo.ru,GlobalSign nv-sa GlobalSign GCC R6 AlphaSSL CA 2025,third,,TLSv1.2,True
gist.build,Let's Encrypt YE2,third,,TLSv1.3,True
gitbook.com,Google Trust Services WE1,third,,TLSv1.3,True
gitbook.io,Google Trust Services WE1,third,,TLSv1.3,True
gitee.com,"TrustAsia Technologies, Inc. TrustAsia DV TLS RSA CA 2024",third,,TLSv1.3,True
github.com,Sectigo Limited Sectigo Public Server Authentication CA DV E36,third,,TLSv1.3,True
github.io,Let's Encrypt YR2,third,,TLSv1.3,True
githubassets.com,Sectigo Limited Sectigo Public Server Authentication CA DV R36,third,,TLSv1.3,True
githubcopilot.com,Sectigo Limited Sectigo Public Server Authentication CA DV R36,third,,TLSv1.3,True
githubusercontent.com,Let's Encrypt YR2,third,,TLSv1.3,True
gitkraken.com,Google Trust Services WE1,third,,TLSv1.3,True
gitkraken.dev,Google Trust Services WE1,third,,TLSv1.3,True
gitlab.com,Sectigo Limited Sectigo Public Server Authentication CA DV R36,third,,TLSv1.3,True
gitlab.io,Google Trust Services WE1,third,,TLSv1.3,True
gitlab.net,unknown,unknown,,unknown,False
gitv.tv,GlobalSign nv-sa GlobalSign RSA OV SSL CA 2018,third,,TLSv1.2,True
givefreely.com,Let's Encrypt R12,third,,TLSv1.3,True
gjacky.com,unknown,unknown,,unknown,False
gjhyss.com,unknown,unknown,,unknown,False
gladly.com,Let's Encrypt YR2,third,,TLSv1.3,True
glamira.com,Let's Encrypt YE2,third,,TLSv1.3,True
glance-cdn.com,infrastructure,infrastructure,,unknown,False
glance.com,Sectigo Limited Sectigo Public Server Authentication CA OV R36,third,,TLSv1.3,True
glance.net,DigiCert Inc DigiCert Global G2 TLS RSA SHA256 2020 CA1,third,,TLSv1.3,True
glanceapis.com,unknown,unknown,,unknown,False
glancecdn.net,infrastructure,infrastructure,,unknown,False
glassdoor.com,Google Trust Services WE1,third,,TLSv1.3,True
glasswire.com,Amazon Amazon RSA 2048 M04,third,,TLSv1.3,True
glbimg.com,unknown,unknown,,unknown,False
gleap.io,Google Trust Services WE1,third,,TLSv1.3,True
glia.com,Google Trust Services WE1,third,,TLSv1.3,True
gliacloud.com,Google Trust Services WR3,third,,TLSv1.3,True
gliastudios.com,unknown,unknown,,unknown,False
glip.com,Amazon Amazon RSA 2048 M04,third,,TLSv1.2,True
global-e.com,Amazon Amazon RSA 2048 M04,third,,TLSv1.2,True
globalcdn.co,infrastructure,infrastructure,,unknown,False
globalconnetct.com,unknown,unknown,,unknown,False
globalping.io,Let's Encrypt YE2,third,,TLSv1.3,True
globalsign.com,GlobalSign nv-sa GlobalSign GCC R3 EV TLS CA 2025,third,,TLSv1.3,True
globalsign.net,GlobalSign nv-sa GlobalSign Atlas R3 OV TLS CA 2026 Q2,third,,TLSv1.3,True
globalsigncdn.com,infrastructure,infrastructure,,unknown,False
globalso.com,Asseco Data Systems S.A. Certum DV TLS G2 R39 CA,third,,TLSv1.3,True
globalvisionad.com,GlobalSign nv-sa GlobalSign GCC R3 DV TLS CA 2020,third,,TLSv1.2,True
globe.com.ph,Google Trust Services WE1,third,,TLSv1.3,True
globed.dev,Google Trust Services WE1,third,,TLSv1.3,True
globo.com,Let's Encrypt YR2,third,,TLSv1.3,True
globoi.com,unknown,unknown,,unknown,False
glomex.com,Amazon Amazon RSA 2048 M04,third,,TLSv1.3,True
gloryads.ru,unknown,unknown,,unknown,False
glosbe.com,Google Trust Services WE1,third,,TLSv1.3,True
glotgrx.com,Google Trust Services WE1,third,,TLSv1.3,True
glotorrents.pw,unknown,unknown,,TLSv1.3,True
glpals.com,unknown,unknown,,unknown,False
glulive.com,unknown,unknown,,unknown,False
gluops.com,unknown,unknown,,unknown,False
gm.com,DigiCert Inc DigiCert Global G2 TLS RSA SHA256 2020 CA1,third,,TLSv1.2,True
gmail.com,Google Trust Services WE2,private,,TLSv1.3,True
gmarket.co.kr,DigiCert Inc DigiCert Global G2 TLS RSA SHA256 2020 CA1,third,,TLSv1.2,True
gmarket.com,DigiCert Inc DigiCert Global G2 TLS RSA SHA256 2020 CA1,third,,TLSv1.2,True
gmgn.ai,Google Trust Services WE1,third,,TLSv1.3,True
gmlinteractive.com,Google Trust Services WE1,third,,TLSv1.3,True
gmossp-sp.jp,Google Trust Services WR3,third,,TLSv1.3,True
gmx.ch,Deutsche Telekom Security GmbH Telekom Security ServerID OV Class 2 CA,unknown,,TLSv1.3,True
gmx.com,Sectigo Limited Sectigo Public Server Authentication CA OV R36,third,,TLSv1.3,True
gmx.de,Deutsche Telekom Security GmbH Telekom Security ServerID OV Class 2 CA,unknown,,TLSv1.3,True
gmx.net,Deutsche Telekom Security GmbH Telekom Security ServerID OV Class 2 CA,unknown,,TLSv1.3,True
gmx.us,Sectigo Limited Sectigo Public Server Authentication CA OV R36,third,,TLSv1.3,True
gnezdo.ru,Let's Encrypt YR1,third,,TLSv1.3,True
gnome.org,Let's Encrypt YR1,third,,TLSv1.3,True
gnu.org,Let's Encrypt YR2,third,,TLSv1.3,True
go-mpulse.net,unknown,unknown,,unknown,False
go-vip.net,Let's Encrypt YE2,third,,TLSv1.3,True
go.com,Sectigo Limited Sectigo Public Server Authentication CA OV R36,third,,TLSv1.2,True
go.dev,Google Trust Services WR3,third,,TLSv1.3,True
go.gov.br,Let's Encrypt YR2,third,,TLSv1.2,True
go.jp,unknown,unknown,,unknown,False
go.kr,unknown,unknown,,unknown,False
go.link,DigiCert Inc DigiCert Global G2 TLS RSA SHA256 2020 CA1,third,,TLSv1.3,True
go.th,unknown,unknown,,unknown,False
go0gles.cc,Google Trust Services WE1,third,,TLSv1.3,True
go2assist.me,unknown,unknown,,unknown,False
go2cloud.org,Amazon Amazon RSA 2048 M01,third,,TLSv1.3,True
go2yd.com,unknown,unknown,,unknown,False
goadopt.io,Google Trust Services WE1,third,,TLSv1.3,True
goairgap.com,Amazon Amazon RSA 2048 M01,third,,TLSv1.3,True
goal.com,Amazon Amazon RSA 2048 M01,third,,TLSv1.2,True
gocache.net,unknown,unknown,,unknown,False
gocarrot.com,"GoDaddy.com, Inc. Go Daddy Secure Certificate Authority - G2",third,,TLSv1.2,True
godaddy.com,Google Trust Services WE1,third,,TLSv1.3,True
godagree.com,unknown,unknown,,unknown,False
godapply.com,unknown,unknown,,unknown,False
godkc.com,Google Trust Services WE1,third,,TLSv1.3,True
gofastchat.com,DigiCert Inc DigiCert Global G2 TLS RSA SHA256 2020 CA1,third,,TLSv1.2,True
gofile.io,Let's Encrypt YE1,third,,TLSv1.3,True
gofundme.com,Amazon Amazon RSA 2048 M04,third,,TLSv1.3,True
gog.com,DigiCert Inc DigiCert Global G2 TLS RSA SHA256 2020 CA1,third,,TLSv1.3,True
gogl9.com,unknown,unknown,,unknown,False
goguardian.com,Amazon Amazon RSA 2048 M04,third,,TLSv1.2,True
goibibo.com,Amazon Amazon RSA 2048 M01,third,,TLSv1.2,True
goindigo.in,"GoDaddy.com, Inc. Go Daddy Secure Certificate Authority - G2",third,,TLSv1.2,True
gojekapi.com,unknown,unknown,,unknown,False
gokwik.co,Amazon Amazon RSA 2048 M04,third,,TLSv1.3,True
golang.org,Google Trust Services WE2,third,,TLSv1.3,True
gold-usergeneratedcontent.net,unknown,unknown,,unknown,False
goldapple.ru,Let's Encrypt R12,third,,TLSv1.3,True
goldprice.org,Let's Encrypt YR2,third,,TLSv1.3,True
gomotive.com,Let's Encrypt YE2,third,,TLSv1.3,True
gonet-ads.com,unknown,unknown,,unknown,False
gonewsvod.com,unknown,unknown,,unknown,False
goo.gl,Google Trust Services WE2,private,,TLSv1.3,True
goodimpressioncrboost.com,Let's Encrypt YR2,third,,TLSv1.3,True
goodnotes-devops.com,unknown,unknown,,unknown,False
goodnotes.com,Amazon Amazon RSA 2048 M01,third,,TLSv1.3,True
goodnovel.com,Amazon Amazon RSA 2048 M01,third,,TLSv1.3,True
goodreads.com,Amazon Amazon RSA 2048 M04,private,,TLSv1.3,True
goodreels.com,Amazon Amazon RSA 2048 M01,third,,TLSv1.2,True
goodrx.com,GlobalSign nv-sa GlobalSign Atlas R3 DV TLS CA 2025 Q4,third,,TLSv1.2,True
goodsync.com,Sectigo Limited Sectigo Public Server Authentication CA DV R36,third,,TLSv1.3,True
goodtherapy.org,Google Trust Services WE1,third,,TLSv1.3,True
goodwe-power.com,DigiCert Inc Encryption Everywhere DV TLS CA - G1,third,,TLSv1.2,True
goofish.com,GlobalSign nv-sa GlobalSign GCC R3 OV TLS CA 2024,third,,TLSv1.2,True
googl.com,Google Trust Services WR2,private,,TLSv1.3,True
google-analytics.com,Google Trust Services WE2,private,,TLSv1.3,True
google.ad,Google Trust Services WE2,private,,TLSv1.3,True
google.ae,Google Trust Services WE2,private,,TLSv1.3,True
google.al,Google Trust Services WE2,private,,TLSv1.3,True
google.am,Google Trust Services WE2,private,,TLSv1.3,True
google.as,Google Trust Services WE2,private,,TLSv1.3,True
google.at,Google Trust Services WE2,private,,TLSv1.3,True
google.az,Google Trust Services WE2,private,,TLSv1.3,True
google.ba,Google Trust Services WE2,private,,TLSv1.3,True
google.be,Google Trust Services WE2,private,,TLSv1.3,True
google.bf,Google Trust Services WE2,private,,TLSv1.3,True
google.bg,Google Trust Services WE2,private,,TLSv1.3,True
google.bi,Google Trust Services WE2,private,,TLSv1.3,True
google.bj,Google Trust Services WE2,private,,TLSv1.3,True
google.bs,Google Trust Services WE2,private,,TLSv1.3,True
google.bt,Google Trust Services WE2,private,,TLSv1.3,True
google.by,Google Trust Services WE2,private,,TLSv1.3,True
google.ca,Google Trust Services WE2,private,,TLSv1.3,True
google.cat,Google Trust Services WE2,private,,TLSv1.3,True
google.cd,Google Trust Services WE2,private,,TLSv1.3,True
google.cf,Google Trust Services WE2,private,,TLSv1.3,True
google.cg,Google Trust Services WE2,private,,TLSv1.3,True
google.ch,Google Trust Services WE2,private,,TLSv1.3,True
google.ci,Google Trust Services WE2,private,,TLSv1.3,True
google.cl,Google Trust Services WE2,private,,TLSv1.3,True
google.cm,Google Trust Services WE2,private,,TLSv1.3,True
google.cn,Google Trust Services WE2,private,,TLSv1.3,True
google.co.ao,Google Trust Services WE2,private,,TLSv1.3,True
google.co.bw,Google Trust Services WE2,private,,TLSv1.3,True
google.co.ck,Google Trust Services WE2,private,,TLSv1.3,True
google.co.cr,Google Trust Services WE2,private,,TLSv1.3,True
google.co.id,Google Trust Services WE2,private,,TLSv1.3,True
google.co.il,Google Trust Services WE2,private,,TLSv1.3,True
google.co.in,Google Trust Services WE2,private,,TLSv1.3,True
google.co.jp,Google Trust Services WE2,private,,TLSv1.3,True
google.co.ke,Google Trust Services WE2,private,,TLSv1.3,True
google.co.kr,Google Trust Services WE2,private,,TLSv1.3,True
google.co.ls,Google Trust Services WE2,private,,TLSv1.3,True
google.co.ma,Google Trust Services WE2,private,,TLSv1.3,True
google.co.mz,Google Trust Services WE2,private,,TLSv1.3,True
google.co.nz,Google Trust Services WE2,private,,TLSv1.3,True
google.co.th,Google Trust Services WE2,private,,TLSv1.3,True
google.co.tz,Google Trust Services WE2,private,,TLSv1.3,True
google.co.ug,Google Trust Services WE2,private,,TLSv1.3,True
google.co.uk,Google Trust Services WE2,private,,TLSv1.3,True
google.co.uz,Google Trust Services WE2,private,,TLSv1.3,True
google.co.ve,Google Trust Services WE2,private,,TLSv1.3,True
google.co.vi,Google Trust Services WE2,private,,TLSv1.3,True
google.co.za,Google Trust Services WE2,private,,TLSv1.3,True
google.co.zm,Google Trust Services WE2,private,,TLSv1.3,True
google.co.zw,Google Trust Services WE2,private,,TLSv1.3,True
google.com,Google Trust Services WE2,private,,TLSv1.3,True
google.com.af,Google Trust Services WE2,private,,TLSv1.3,True
google.com.ag,Google Trust Services WE2,private,,TLSv1.3,True
google.com.ai,Google Trust Services WE2,private,,TLSv1.3,True
google.com.ar,Google Trust Services WE2,private,,TLSv1.3,True
google.com.au,Google Trust Services WE2,private,,TLSv1.3,True
google.com.bd,Google Trust Services WE2,private,,TLSv1.3,True
google.com.bh,Google Trust Services WE2,private,,TLSv1.3,True
google.com.bn,Google Trust Services WE2,private,,TLSv1.3,True
google.com.bo,Google Trust Services WE2,private,,TLSv1.3,True
google.com.br,Google Trust Services WE2,private,,TLSv1.3,True
google.com.bz,Google Trust Services WE2,private,,TLSv1.3,True
google.com.co,Google Trust Services WE2,private,,TLSv1.3,True
google.com.cu,Google Trust Services WE2,private,,TLSv1.3,True
google.com.cy,Google Trust Services WE2,private,,TLSv1.3,True
google.com.do,Google Trust Services WE2,third,,TLSv1.3,True
google.com.ec,Google Trust Services WE2,private,,TLSv1.3,True
google.com.eg,Google Trust Services WE2,private,,TLSv1.3,True
google.com.et,Google Trust Services WE2,private,,TLSv1.3,True
google.com.fj,Google Trust Services WE2,private,,TLSv1.3,True
google.com.gh,Google Trust Services WE2,private,,TLSv1.3,True
google.com.gi,Google Trust Services WE2,private,,TLSv1.3,True
google.com.gt,Google Trust Services WE2,private,,TLSv1.3,True
google.com.hk,Google Trust Services WE2,private,,TLSv1.3,True
google.com.jm,Google Trust Services WE2,private,,TLSv1.3,True
google.com.kh,Google Trust Services WE2,private,,TLSv1.3,True
google.com.kw,Google Trust Services WE2,private,,TLSv1.3,True
google.com.lb,Google Trust Services WE2,private,,TLSv1.3,True
google.com.ly,Google Trust Services WE2,third,,TLSv1.3,True
google.com.mm,Google Trust Services WE2,private,,TLSv1.3,True
google.com.mt,Google Trust Services WE2,private,,TLSv1.3,True
google.com.mx,Google Trust Services WE2,private,,TLSv1.3,True
google.com.my,Google Trust Services WE2,private,,TLSv1.3,True
google.com.na,Google Trust Services WE2,third,,TLSv1.3,True
google.com.nf,Google Trust Services WE2,private,,TLSv1.3,True
google.com.ng,Google Trust Services WE2,private,,TLSv1.3,True
google.com.ni,Google Trust Services WE2,private,,TLSv1.3,True
google.com.np,Google Trust Services WE2,private,,TLSv1.3,True
google.com.om,Google Trust Services WE2,private,,TLSv1.3,True
google.com.pa,Google Trust Services WE2,private,,TLSv1.3,True
google.com.pe,Google Trust Services WE2,private,,TLSv1.3,True
google.com.pg,Google Trust Services WE2,private,,TLSv1.3,True
google.com.ph,Google Trust Services WE2,private,,TLSv1.3,True
google.com.pk,Google Trust Services WE2,private,,TLSv1.3,True
google.com.pr,Google Trust Services WE2,private,,TLSv1.3,True
google.com.py,Google Trust Services WE2,private,,TLSv1.3,True
google.com.qa,Google Trust Services WE2,private,,TLSv1.3,True
google.com.sa,Google Trust Services WE2,private,,TLSv1.3,True
google.com.sb,Google Trust Services WE2,private,,TLSv1.3,True
google.com.sg,Google Trust Services WE2,private,,TLSv1.3,True
google.com.sl,Google Trust Services WE2,private,,TLSv1.3,True
google.com.sv,Google Trust Services WE2,private,,TLSv1.3,True
google.com.tj,Google Trust Services WE2,private,,TLSv1.3,True
google.com.tr,Google Trust Services WE2,private,,TLSv1.3,True
google.com.tw,Google Trust Services WE2,private,,TLSv1.3,True
google.com.ua,Google Trust Services WE2,private,,TLSv1.3,True
google.com.uy,Google Trust Services WE2,private,,TLSv1.3,True
google.com.vc,Google Trust Services WE2,third,,TLSv1.3,True
google.com.vn,Google Trust Services WE2,private,,TLSv1.3,True
google.cv,Google Trust Services WE2,private,,TLSv1.3,True
google.cz,Google Trust Services WE2,private,,TLSv1.3,True
google.de,Google Trust Services WE2,private,,TLSv1.3,True
google.dj,Google Trust Services WE2,private,,TLSv1.3,True
google.dk,Google Trust Services WE2,private,,TLSv1.3,True
google.dm,Google Trust Services WE2,private,,TLSv1.3,True
google.dz,Google Trust Services WE2,private,,TLSv1.3,True
google.ee,Google Trust Services WE2,private,,TLSv1.3,True
google.es,Google Trust Services WE2,private,,TLSv1.3,True
google.eu,Google Trust Services WE2,private,,TLSv1.3,True
google.fi,Google Trust Services WE2,private,,TLSv1.3,True
google.fm,Google Trust Services WE2,private,,TLSv1.3,True
google.fr,Google Trust Services WE2,private,,TLSv1.3,True
google.ga,Google Trust Services WE2,private,,TLSv1.3,True
google.ge,Google Trust Services WE2,private,,TLSv1.3,True
google.gg,Google Trust Services WE2,private,,TLSv1.3,True
google.gl,Google Trust Services WE2,private,,TLSv1.3,True
google.gm,Google Trust Services WE2,private,,TLSv1.3,True
google.gp,Google Trust Services WE2,private,,TLSv1.3,True
google.gr,Google Trust Services WE2,private,,TLSv1.3,True
google.gy,Google Trust Services WE2,private,,TLSv1.3,True
google.hn,Google Trust Services WE2,private,,TLSv1.3,True
google.hr,Google Trust Services WE2,private,,TLSv1.3,True
google.ht,Google Trust Services WE2,private,,TLSv1.3,True
google.hu,Google Trust Services WE2,private,,TLSv1.3,True
google.ie,Google Trust Services WE2,private,,TLSv1.3,True
google.im,Google Trust Services WE2,private,,TLSv1.3,True
google.in,Google Trust Services WE2,third,,TLSv1.3,True
google.iq,Google Trust Services WE2,private,,TLSv1.3,True
google.is,Google Trust Services WE2,private,,TLSv1.3,True
google.it,Google Trust Services WE2,private,,TLSv1.3,True
google.je,Google Trust Services WE2,private,,TLSv1.3,True
google.jo,Google Trust Services WE2,private,,TLSv1.3,True
google.kg,Google Trust Services WE2,private,,TLSv1.3,True
google.ki,Google Trust Services WE2,private,,TLSv1.3,True
google.kz,Google Trust Services WE2,private,,TLSv1.3,True
google.la,Google Trust Services WE2,private,,TLSv1.3,True
google.li,Google Trust Services WE2,private,,TLSv1.3,True
google.lk,Google Trust Services WE2,private,,TLSv1.3,True
google.lt,Google Trust Services WE2,private,,TLSv1.3,True
google.lu,Google Trust Services WE2,private,,TLSv1.3,True
google.lv,Google Trust Services WE2,private,,TLSv1.3,True
google.md,Google Trust Services WE2,private,,TLSv1.3,True
google.me,Google Trust Services WE2,private,,TLSv1.3,True
google.mg,Google Trust Services WE2,private,,TLSv1.3,True
google.mk,Google Trust Services WE2,private,,TLSv1.3,True
google.ml,Google Trust Services WE2,private,,TLSv1.3,True
google.mn,Google Trust Services WE2,private,,TLSv1.3,True
google.ms,Google Trust Services WE2,private,,TLSv1.3,True
google.mu,Google Trust Services WE2,private,,TLSv1.3,True
google.mv,Google Trust Services WE2,private,,TLSv1.3,True
google.mw,Google Trust Services WE2,private,,TLSv1.3,True
google.ne,Google Trust Services WE2,private,,TLSv1.3,True
google.net,Google Trust Services WE2,private,,TLSv1.3,True
google.nl,Google Trust Services WE2,private,,TLSv1.3,True
google.no,Google Trust Services WE2,private,,TLSv1.3,True
google.nr,Google Trust Services WE2,private,,TLSv1.3,True
google.nu,Google Trust Services WE2,private,,TLSv1.3,True
google.org,Google Trust Services WE2,private,,TLSv1.3,True
google.pl,Google Trust Services WE2,private,,TLSv1.3,True
google.pn,Google Trust Services WE2,private,,TLSv1.3,True
google.ps,Google Trust Services WE2,private,,TLSv1.3,True
google.pt,Google Trust Services WE2,private,,TLSv1.3,True
google.ro,Google Trust Services WE2,private,,TLSv1.3,True
google.rs,Google Trust Services WE2,private,,TLSv1.3,True
google.ru,Google Trust Services WE2,private,,TLSv1.3,True
google.rw,Google Trust Services WE2,private,,TLSv1.3,True
google.sc,Google Trust Services WE2,private,,TLSv1.3,True
google.se,Google Trust Services WE2,private,,TLSv1.3,True
google.sh,Google Trust Services WE2,private,,TLSv1.3,True
google.si,Google Trust Services WE2,private,,TLSv1.3,True
google.sk,Google Trust Services WE2,private,,TLSv1.3,True
google.sm,Google Trust Services WE2,private,,TLSv1.3,True
google.sn,Google Trust Services WE2,private,,TLSv1.3,True
google.so,Google Trust Services WE2,private,,TLSv1.3,True
google.sr,Google Trust Services WE2,private,,TLSv1.3,True
google.st,Google Trust Services WE2,private,,TLSv1.3,True
google.td,Google Trust Services WE2,private,,TLSv1.3,True
google.tg,Google Trust Services WE2,private,,TLSv1.3,True
google.tk,Google Trust Services WE2,private,,TLSv1.3,True
google.tl,Google Trust Services WE2,private,,TLSv1.3,True
google.tm,Google Trust Services WE2,private,,TLSv1.3,True
google.tn,Google Trust Services WE2,private,,TLSv1.3,True
google.to,Google Trust Services WE2,private,,TLSv1.3,True
google.tt,Google Trust Services WE2,private,,TLSv1.3,True
google.us,Google Trust Services WE2,private,,TLSv1.3,True
google.vg,Google Trust Services WE2,private,,TLSv1.3,True
google.vu,Google Trust Services WE2,private,,TLSv1.3,True
google.ws,Google Trust Services WE2,private,,TLSv1.3,True
googleadservices.com,Google Trust Services WE2,private,,TLSv1.3,True
googleapis.cn,Google Trust Services WE2,third,,TLSv1.3,True
googleapis.com,Google Trust Services WE2,private,,TLSv1.3,True
googlebot.com,Google Trust Services WE2,private,,TLSv1.3,True
googlecode.com,Google Trust Services WE2,private,,TLSv1.3,True
googledomains.com,Google Trust Services WE2,private,,TLSv1.3,True
googlehosted.com,Google Trust Services WR2,private,,TLSv1.3,True
googlemail.com,Google Trust Services WE2,private,,TLSv1.3,True
googleoptimize.com,Google Trust Services WE2,private,,TLSv1.3,True
googlesource.com,Google Trust Services WE2,private,,TLSv1.3,True
googlesyndication.com,Google Trust Services WE2,private,,TLSv1.3,True
googletagmanager.com,Google Trust Services WE2,private,,TLSv1.3,True
googletagservices.com,Google Trust Services WE2,private,,TLSv1.3,True
googleusercontent.com,Google Trust Services WE2,private,,TLSv1.3,True
googlevideo.com,Google Trust Services WR2,private,,TLSv1.3,True
googlezip.net,unknown,unknown,,unknown,False
goooooooooooooooooooooooooooooooooooooooooooooooooooooooooogle.com,unknown,unknown,,unknown,False
gopayapi.com,ZeroSSL GmbH ZeroSSL RSA DV SSL CA 2,third,,TLSv1.3,True
gorgias-convert.com,Google Trust Services WE1,third,,TLSv1.3,True
gorgias.chat,unknown,unknown,,unknown,False
gorgias.help,Let's Encrypt YE1,third,,TLSv1.3,True
gos-gsp.io,unknown,unknown,,unknown,False
goskope.com,unknown,unknown,,unknown,False
gosuslugi.ru,GlobalSign nv-sa GlobalSign GCC R3 DV TLS CA 2020,third,,TLSv1.3,True
got-game.org,unknown,unknown,,unknown,False
gotdns.com,unknown,unknown,,unknown,False
gotii.com,"TrustAsia Technologies, Inc. TrustAsia DV TLS RSA CA 2024",third,,TLSv1.2,True
gotinder.com,Amazon Amazon RSA 2048 M04,third,,TLSv1.2,True
goto.com,DigiCert Inc DigiCert Global G2 TLS RSA SHA256 2020 CA1,third,,TLSv1.3,True
gotoassist.at,unknown,unknown,,unknown,False
gotoassist.com,DigiCert Inc DigiCert Global G2 TLS RSA SHA256 2020 CA1,third,,TLSv1.2,True
gotoassist.me,DigiCert Inc DigiCert Global G2 TLS RSA SHA256 2020 CA1,third,,TLSv1.2,True
gotoda.co,unknown,unknown,,unknown,False
gotolstoy.com,Google Trust Services WE1,third,,TLSv1.3,True
gotomeet.me,Amazon Amazon RSA 2048 M01,third,,TLSv1.3,True
gotomeeting.com,DigiCert Inc DigiCert Global G2 TLS RSA SHA256 2020 CA1,third,,TLSv1.3,True
gotomypc.com,DigiCert Inc DigiCert Global G2 TLS RSA SHA256 2020 CA1,third,,TLSv1.3,True
gotoresolve.com,DigiCert Inc DigiCert Global G2 TLS RSA SHA256 2020 CA1,third,,TLSv1.3,True
gotostage.com,Amazon Amazon RSA 2048 M01,third,,TLSv1.3,True
gototraining.com,DigiCert Inc DigiCert Global G2 TLS RSA SHA256 2020 CA1,third,,TLSv1.3,True
gotowebinar.com,DigiCert Inc DigiCert Global G2 TLS RSA SHA256 2020 CA1,third,,TLSv1.3,True
gotrackier.com,Google Trust Services WE1,third,,TLSv1.3,True
gouv.fr,unknown,unknown,,unknown,False
govee.com,Amazon Amazon RSA 2048 M01,third,,TLSv1.3,True
govt.nz,Let's Encrypt YR2,third,,TLSv1.3,True
gp4f.com,Amazon Amazon RSA 2048 M01,third,,TLSv1.3,True
gpb.ru,Let's Encrypt YR2,third,,TLSv1.3,True
gpcloudservice.com,unknown,unknown,,unknown,False
gpsonextra.net,unknown,unknown,,unknown,False
gpubgm.com,unknown,unknown,,unknown,False
gr-assets.com,unknown,unknown,,unknown,False
grab.com,Amazon Amazon RSA 2048 M04,third,,TLSv1.3,True
grabcad.com,Amazon Amazon RSA 2048 M04,third,,TLSv1.3,True
grabtaxi.com,Amazon Amazon RSA 2048 M03,third,,TLSv1.2,True
grafana.com,DigiCert Inc DigiCert Global G2 TLS RSA SHA256 2020 CA1,third,,TLSv1.3,True
grafana.net,DigiCert Inc DigiCert Global G2 TLS RSA SHA256 2020 CA1,third,,TLSv1.3,True
grafana.org,DigiCert Inc DigiCert Global G2 TLS RSA SHA256 2020 CA1,third,,TLSv1.3,True
grailed.com,Google Trust Services WE1,third,,TLSv1.2,True
grainger.com,DigiCert Inc DigiCert Global G3 TLS ECC SHA384 2020 CA1,third,,TLSv1.3,True
grammarly.com,Amazon Amazon RSA 2048 M01,third,,TLSv1.3,True
grammarly.io,unknown,unknown,,unknown,False
grammarly.net,Amazon Amazon RSA 2048 M04,third,,TLSv1.2,True
grandstream.com,DigiCert Inc DigiCert Global G2 TLS RSA SHA256 2020 CA1,third,,TLSv1.2,True
granify.com,Let's Encrypt YR2,third,,TLSv1.2,True
granola.ai,Let's Encrypt YR1,third,,TLSv1.3,True
graphicriver.net,Google Trust Services WE1,third,,TLSv1.3,True
grass.io,Google Trust Services WE1,third,,TLSv1.3,True
gravatar.com,Let's Encrypt YE1,third,,TLSv1.3,True
gravitec.net,GlobalSign nv-sa GlobalSign GCC R6 AlphaSSL CA 2025,third,,TLSv1.2,True
greasyfork.org,Google Trust Services WE1,third,,TLSv1.3,True
gree.com,GlobalSign nv-sa GlobalSign RSA OV SSL CA 2018,third,,TLSv1.2,True
greenhouse.io,Let's Encrypt YR2,third,,TLSv1.3,True
greentreeone.com,DigiCert Inc GeoTrust TLS RSA CA G1,third,,TLSv1.3,True
greenvideo.io,Amazon Amazon RSA 2048 M01,third,,TLSv1.3,True
grento.cc,unknown,unknown,,unknown,False
grindr.com,Amazon Amazon RSA 2048 M04,third,,TLSv1.3,True
grindr.mobi,"GoDaddy.com, Inc. Go Daddy Secure Certificate Authority - G2",third,,TLSv1.3,True
grofers.com,Google Trust Services WE1,third,,TLSv1.3,True
grok.com,Google Trust Services WE1,third,,TLSv1.3,True
grokipedia.com,Google Trust Services WE1,third,,TLSv1.3,True
groovinads.com,Sectigo Limited Sectigo Public Server Authentication CA DV R36,third,,TLSv1.3,True
groq.com,Let's Encrypt YR2,third,,TLSv1.3,True
groupme.com,Microsoft Corporation Microsoft TLS G2 RSA CA OCSP 04,third,,TLSv1.3,True
grow.me,Let's Encrypt YR2,third,,TLSv1.3,True
growatt.com,DigiCert Inc RapidSSL TLS RSA CA G1,third,,TLSv1.3,True
growave.io,Amazon Amazon RSA 2048 M04,third,,TLSv1.3,True
growcdnssedge.com,infrastructure,infrastructure,,unknown,False
growone.sg,GlobalSign nv-sa GlobalSign RSA OV SSL CA 2018,third,,TLSv1.3,True
growplow.events,unknown,unknown,,unknown,False
growthbook.io,Amazon Amazon RSA 2048 M04,third,,TLSv1.3,True
growthrx.in,Let's Encrypt YR1,third,,TLSv1.3,True
growtopia2.com,Sectigo Limited Sectigo Public Server Authentication CA OV R36,third,,TLSv1.2,True
groww.in,"Starfield Technologies, Inc. Starfield Secure Certificate Authority - G2",third,,TLSv1.3,True
grubhub.com,GlobalSign nv-sa GlobalSign Atlas R3 DV TLS CA 2025 Q4,third,,TLSv1.3,True
gryphline.com,"TrustAsia Technologies, Inc. TrustAsia DV TLS RSA CA 2025",third,,TLSv1.2,True
gscdn.net,infrastructure,infrastructure,,unknown,False
gshdw.cyou,unknown,unknown,,unknown,False
gshifen.com,unknown,unknown,,unknown,False
gsrv.dev,Let's Encrypt YR2,third,,TLSv1.3,True
gsspat.jp,DigiCert Inc GeoTrust TLS RSA CA G1,third,,TLSv1.2,True
gssprt.jp,unknown,unknown,,unknown,False
gstatic.cn,Google Trust Services WR2,third,,TLSv1.3,True
gstatic.com,Google Trust Services WE2,private,,TLSv1.3,True
gstcpx.site,unknown,unknown,,unknown,False
gtconnectedservices.com,unknown,unknown,,unknown,False
gtimg.cn,unknown,unknown,,unknown,False
gtimg.com,unknown,unknown,,unknown,False
gtld-servers.net,unknown,unknown,,unknown,False
gtm-a2b2.com,unknown,unknown,,unknown,False
gtm-i1d9.com,unknown,unknown,,unknown,False
gtranslate.net,Google Trust Services WE1,third,,TLSv1.3,True
gu-st.ru,GlobalSign nv-sa GlobalSign GCC R3 DV TLS CA 2020,third,,TLSv1.3,True
guance.com,"TrustAsia Technologies, Inc. TrustAsia DV TLS RSA CA 2025",third,,TLSv1.3,True
guard.io,Google Trust Services WR3,third,,TLSv1.3,True
guardease.com,"DigiCert, Inc. GeoTrust G2 TLS CN RSA4096 SHA256 2022 CA1",third,,TLSv1.2,True
guardianapis.com,unknown,unknown,,unknown,False
guardingvision.com,GlobalSign nv-sa GlobalSign RSA OV SSL CA 2018,third,,TLSv1.2,True
guardsquare.com,Google Trust Services WE1,third,,TLSv1.3,True
gubagoo.io,Let's Encrypt YR1,third,,TLSv1.2,True
guildwars2.com,Amazon Amazon RSA 2048 M01,third,,TLSv1.2,True
guim.co.uk,GlobalSign nv-sa GlobalSign Atlas R3 DV TLS CA 2025 Q3,third,,TLSv1.3,True
guinfra.com,unknown,unknown,,unknown,False
gumgum.com,Amazon Amazon RSA 2048 M04,third,,TLSv1.3,True
gumroad.com,Google Trust Services WE1,third,,TLSv1.3,True
gumtree.com,GlobalSign nv-sa GlobalSign RSA OV SSL CA 2018,third,,TLSv1.3,True
gupy.io,Amazon Amazon RSA 2048 M04,third,,TLSv1.3,True
gurufocus.com,Google Trust Services WE1,third,,TLSv1.3,True
gutefrage.net,Google Trust Services WE1,third,,TLSv1.3,True
gutenberg.org,Network Solutions L.L.C. Network Solutions RSA OV SSL CA 3,third,,TLSv1.3,True
gv.at,unknown,unknown,,unknown,False
gva.es,unknown,unknown,,unknown,False
gvt1.com,unknown,unknown,,unknown,False
gvt2.com,unknown,unknown,,unknown,False
gvt3.com,unknown,unknown,,unknown,False
gwadar.cn,Microsoft Corporation Microsoft TLS G2 RSA CA OCSP 04,unknown,,TLSv1.3,True
gwn.cloud,DigiCert Inc DigiCert Global G2 TLS RSA SHA256 2020 CA1,third,,TLSv1.2,True
gx.games,Amazon Amazon RSA 2048 M04,third,,TLSv1.3,True
gx.me,Amazon Amazon RSA 2048 M01,third,,TLSv1.3,True
gxcorner.games,Google Trust Services WE1,third,,TLSv1.3,True
gzhls.at,Let's Encrypt YE2,third,,TLSv1.3,True
h-cdn.com,infrastructure,infrastructure,,unknown,False
h264.io,unknown,unknown,,unknown,False
h3c.com,DigiCert Inc RapidSSL TLS RSA CA G1,third,,TLSv1.2,True
habr.com,Sectigo Limited Sectigo Public Server Authentication CA DV E36,third,,TLSv1.3,True
hacs.xyz,Google Trust Services WE1,third,,TLSv1.3,True
hadronid.net,unknown,unknown,,unknown,False
hai8g.com,Google Trust Services WE1,third,,TLSv1.3,True
hakunaymatata.com,unknown,unknown,,unknown,False
hal.science,Hellenic Academic and Research Institutions CA GEANT TLS RSA 1,third,,TLSv1.3,True
halara.com,Amazon Amazon RSA 2048 M04,third,,TLSv1.3,True
handtalk.me,Google Trust Services WE1,third,,TLSv1.3,True
hansha.online,Let's Encrypt YE1,third,,TLSv1.3,True
hao123.com,GlobalSign nv-sa GlobalSign RSA OV SSL CA 2018,third,,TLSv1.2,True
haokan.mobi,Google Trust Services WE1,third,,TLSv1.3,True
haplat.net,unknown,unknown,,unknown,False
haplorrhini.com,unknown,unknown,,unknown,False
happ.su,Let's Encrypt YE2,third,,TLSv1.3,True
happycolorapp.com,ZeroSSL GmbH ZeroSSL RSA DV SSL CA 2,third,,TLSv1.3,True
happyleafmotion.com,unknown,unknown,,unknown,False
harica.gr,Greek Universities Network (GUnet) HARICA Qualified Web Authentication Certificates ECC,private,,TLSv1.3,True
harman.com,Sectigo Limited Sectigo RSA Organization Validation Secure Server CA,third,,TLSv1.2,True
harness.io,Amazon Amazon RSA 2048 M04,third,,TLSv1.3,True
harry.lu,unknown,unknown,,unknown,False
harvard.edu,Let's Encrypt YE1,third,,TLSv1.3,True
hashicorp.com,Let's Encrypt YR2,third,,TLSv1.3,True
haskell.org,Let's Encrypt YE2,third,,TLSv1.3,True
hatenablog.com,Amazon Amazon RSA 2048 M04,third,,TLSv1.3,True
hath.network,Let's Encrypt YR1,third,,TLSv1.3,True
havasedge.com,Google Trust Services WE1,third,,TLSv1.3,True
havegreatday.co.uk,unknown,unknown,,unknown,False
hayamp.com,unknown,unknown,,unknown,False
haydaygame.com,unknown,unknown,,unknown,False
haystack.es,unknown,unknown,,unknown,False
hbo.com,GlobalSign nv-sa GlobalSign Atlas R3 DV TLS CA 2026 Q1,third,,TLSv1.3,True
hbomax.com,Amazon Amazon RSA 2048 M04,third,,TLSv1.3,True
hbr.org,Amazon Amazon RSA 2048 M04,third,,TLSv1.3,True
hbrd.io,Sectigo Limited Sectigo Public Server Authentication CA DV R36,third,,TLSv1.3,True
hbwrapper.com,Let's Encrypt YE1,third,,TLSv1.3,True
hc-ping.com,Sectigo Limited Sectigo Public Server Authentication CA DV E36,third,,TLSv1.3,True
hcapp-dc.com,Amazon Amazon RSA 2048 M04,third,,TLSv1.2,True
hcaptcha.com,Google Trust Services WE1,third,,TLSv1.3,True
hcn.health,Let's Encrypt YE2,third,,TLSv1.3,True
hdslb.com,unknown,unknown,,unknown,False
he.net,"GoDaddy.com, Inc. Go Daddy Secure Certificate Authority - G2",third,,TLSv1.3,True
headtopics.com,Google Trust Services WE1,third,,TLSv1.3,True
healthline.com,Amazon Amazon RSA 2048 M01,third,,TLSv1.3,True
heap-api.com,unknown,unknown,,unknown,False
heapanalytics.com,Amazon Amazon RSA 2048 M04,third,,TLSv1.3,True
hearstapps.com,unknown,unknown,,unknown,False
heatmap.com,Google Trust Services WE1,third,,TLSv1.3,True
heatmapcore.com,unknown,unknown,,unknown,False
heb.com,GlobalSign nv-sa GlobalSign Atlas R46 DV TLS CA 2026 Q2,third,,TLSv1.3,True
heimdalsecurity.com,Starfield Technologies Starfield TLS Intermediate CA DV - R1v1,third,,TLSv1.3,True
heise.de,Let's Encrypt YR1,third,,TLSv1.3,True
helium.io,unknown,unknown,,unknown,False
helius-rpc.com,unknown,unknown,,unknown,False
hellay.net,unknown,unknown,,unknown,False
hellomoon.io,Google Trust Services WE1,third,,TLSv1.3,True
hellotalk8.com,"TrustAsia Technologies, Inc. TrustAsia DV TLS RSA CA 2024",third,,TLSv1.2,True
helpcrunch.com,Let's Encrypt YE1,third,,TLSv1.3,True
helpme.net,Amazon Amazon RSA 2048 M04,third,,TLSv1.3,True
helpscout.net,Amazon Amazon RSA 2048 M04,third,,TLSv1.3,True
helpshift.com,Let's Encrypt YR2,third,,TLSv1.3,True
hely.tech,unknown,unknown,,unknown,False
hembed.com,GlobalSign nv-sa GlobalSign Atlas R3 DV TLS CA 2025 Q3,third,,TLSv1.2,True
hengam.io,Google Trust Services WE1,third,,TLSv1.3,True
hepsiburada.com,DigiCert Inc DigiCert EV RSA CA G2,third,,TLSv1.2,True
here.com,GlobalSign nv-sa GlobalSign RSA OV SSL CA 2018,third,,TLSv1.2,True
hereapi.com,unknown,unknown,,unknown,False
hermes.com,Let's Encrypt YR1,third,,TLSv1.3,True
hero-sms.com,Google Trust Services WE1,third,,TLSv1.3,True
heroku.com,Let's Encrypt YE2,third,,TLSv1.3,True
herokuapp.com,Let's Encrypt YR2,third,,TLSv1.3,True
herokudns.com,unknown,unknown,,unknown,False
hetangsmart.com,ZeroSSL GmbH ZeroSSL ECC DV SSL CA 2,third,,TLSv1.2,True
hetrixtools.net,Google Trust Services WE1,third,,TLSv1.3,True
hetvomaug.com,unknown,unknown,,unknown,False
hetzner.com,DigiCert Inc Thawte TLS RSA CA G1,third,,TLSv1.3,True
heureka.cz,Google Trust Services WE1,third,,TLSv1.3,True
hexagon-analytics.com,DigiCert Inc DigiCert Global G2 TLS RSA SHA256 2020 CA1,third,,TLSv1.3,True
hexawall.ru,Let's Encrypt R13,third,,TLSv1.3,True
hexin.cn,"DigiCert, Inc. GeoTrust G2 TLS CN RSA4096 SHA256 2022 CA1",third,,TLSv1.2,True
hexnodemdm.com,Sectigo Limited Sectigo Public Server Authentication CA DV R36,third,,TLSv1.2,True
hexsdk.com,unknown,unknown,,unknown,False
hextom.com,Amazon Amazon RSA 2048 M04,third,,TLSv1.3,True
heytapdl.com,unknown,unknown,,unknown,False
heytapdownload.com,"DigiCert, Inc. GeoTrust G2 TLS CN RSA4096 SHA256 2022 CA1",third,,TLSv1.3,True
heytapimage.com,"DigiCert, Inc. GeoTrust G2 TLS CN RSA4096 SHA256 2022 CA1",third,,TLSv1.3,True
heytapimg.com,"DigiCert, Inc. GeoTrust G2 TLS CN RSA4096 SHA256 2022 CA1",third,,TLSv1.2,True
heytapmobi.com,"DigiCert, Inc. GeoTrust G2 TLS CN RSA4096 SHA256 2022 CA1",third,,TLSv1.3,True
heytapmobile.com,unknown,unknown,,unknown,False
hf.co,Amazon Amazon RSA 2048 M01,third,,TLSv1.2,True
hga050.com,DigiCert Inc RapidSSL TLS RSA CA G1,third,,TLSv1.2,True
hgtv.com,Amazon Amazon RSA 2048 M01,third,,TLSv1.3,True
hh.ru,GlobalSign nv-sa GlobalSign RSA OV SSL CA 2018,third,,TLSv1.3,True
hhkld.com,Let's Encrypt YR1,third,,TLSv1.3,True
hiaiabc.com,DigiCert Inc RapidSSL TLS RSA CA G1,third,,TLSv1.2,True
hibid.com,Google Trust Services WE1,third,,TLSv1.3,True
hichee.com,Google Trust Services WE1,third,,TLSv1.3,True
hichina.com,GlobalSign nv-sa GlobalSign GCC R3 OV TLS CA 2024,third,,TLSv1.2,True
hicloud.com,GlobalSign nv-sa GlobalSign RSA OV SSL CA 2018,third,,TLSv1.2,True
hidglobal.com,Let's Encrypt YE1,third,,TLSv1.3,True
higgsfield.ai,Google Trust Services WE1,third,,TLSv1.3,True
highspeedinternet.com,Google Trust Services WE1,third,,TLSv1.3,True
hightouch-events.com,unknown,unknown,,unknown,False
highwebmedia.com,unknown,unknown,,unknown,False
hihonor.com,Actalis S.p.A. Actalis Organization Validated Server CA G3,third,,TLSv1.2,True
hihonorcdn.com,infrastructure,infrastructure,,unknown,False
hihonorcloud.com,GlobalSign nv-sa GlobalSign RSA OV SSL CA 2018,third,,TLSv1.2,True
hijuconn.com,unknown,unknown,,unknown,False
hik-connect.com,GlobalSign nv-sa GlobalSign RSA OV SSL CA 2018,third,,TLSv1.3,True
hik-partner.com,GlobalSign nv-sa GlobalSign RSA OV SSL CA 2018,third,,TLSv1.3,True
hikcentralconnect.com,GlobalSign nv-sa GlobalSign RSA OV SSL CA 2018,third,,TLSv1.3,True
hilookview.com,unknown,unknown,,unknown,False
hilton.com,DigiCert Inc DigiCert Global G2 TLS RSA SHA256 2020 CA1,third,,TLSv1.2,True
hindustantimes.com,DigiCert Inc DigiCert Global G3 TLS ECC SHA384 2020 CA1,third,,TLSv1.3,True
hinet.net,"Chunghwa Telecom Co., Ltd. Chunghwa Telecom GCC R46 OV TLS CA 2025",third,,TLSv1.2,True
hingeaws.net,unknown,unknown,,unknown,False
hingenexus.com,unknown,unknown,,unknown,False
hingeprod.net,unknown,unknown,,unknown,False
hipporeels.com,unknown,unknown,,unknown,False
hisavana.com,DigiCert Inc Encryption Everywhere DV TLS CA - G2,third,,TLSv1.3,True
hismarttv.com,"iTrusChina Co., Ltd. vTrus OV SSL CA G2",third,,TLSv1.2,True
hispeed.ch,GlobalSign nv-sa GlobalSign GCC R3 DV TLS CA 2020,third,,TLSv1.3,True
histats.com,Let's Encrypt YR1,third,,TLSv1.3,True
hitomi.la,Let's Encrypt E7,third,,TLSv1.3,True
hitv.com,"DigiCert, Inc. GeoTrust G2 TLS CN RSA4096 SHA256 2022 CA1",third,,TLSv1.2,True
hive.blog,Google Trust Services WE1,third,,TLSv1.3,True
hivebedrock.network,unknown,unknown,,unknown,False
hiveos.farm,Google Trust Services WE1,third,,TLSv1.3,True
hivestreaming.com,"GoDaddy.com, Inc. Go Daddy Secure Certificate Authority - G2",third,,TLSv1.3,True
hiwaifu.com,GlobalSign nv-sa GlobalSign GCC R3 DV TLS CA 2020,third,,TLSv1.2,True
hiyaapi.com,unknown,unknown,,unknown,False
hkvadq.cn,unknown,unknown,,unknown,False
hltv.org,Google Trust Services WE1,third,,TLSv1.3,True
hlx.page,Let's Encrypt YR2,third,,TLSv1.3,True
hm.com,DigiCert Inc DigiCert Global G2 TLS RSA SHA256 2020 CA1,third,,TLSv1.3,True
hmecloud.com,"GoDaddy.com, Inc. Go Daddy Secure Certificate Authority - G2",third,,TLSv1.3,True
hmgroup.com,DigiCert Inc GeoTrust TLS RSA CA G1,third,,TLSv1.3,True
hmv.co.jp,"SECOM Trust Systems CO.,LTD. SECOM Passport for Web SR 3.0 CA",unknown,,TLSv1.2,True
hola.org,Sectigo Limited Sectigo Public Server Authentication CA DV R36,third,,TLSv1.3,True
holadns.com,unknown,unknown,,unknown,False
holahupa.com,Google Trust Services WR1,third,,TLSv1.3,True
holidu.com,Amazon Amazon RSA 2048 M04,third,,TLSv1.3,True
hollywoodbets.net,Google Trust Services WE1,third,,TLSv1.3,True
holodisks.com,PolarSSL PolarSSL Test CA,unknown,,TLSv1.2,True
home-assistant.io,Google Trust Services WE1,third,,TLSv1.3,True
home.blog,Let's Encrypt YE2,third,,TLSv1.3,True
home.pl,home.pl S.A. home pl DV TLS G2 R35 CA,private,,TLSv1.2,True
homeconnecthca.com,unknown,unknown,,unknown,False
homedepot.com,DigiCert Inc DigiCert Global G2 TLS RSA SHA256 2020 CA1,third,,TLSv1.3,True
homeip.net,unknown,unknown,,unknown,False
homes.com,DigiCert Inc DigiCert Global G3 TLS ECC SHA384 2020 CA1,third,,TLSv1.3,True
honda.com,DigiCert Inc DigiCert Global G2 TLS RSA SHA256 2020 CA1,third,,TLSv1.2,True
honey.io,DigiCert Inc DigiCert Global G2 TLS RSA SHA256 2020 CA1,third,,TLSv1.3,True
honeycomb.io,Amazon Amazon RSA 2048 M04,third,,TLSv1.2,True
honeygain.com,Google Trust Services WE1,third,,TLSv1.3,True
honeyping.com,unknown,unknown,,unknown,False
honeywell.com,DigiCert Inc DigiCert Global G2 TLS RSA SHA256 2020 CA1,third,,TLSv1.3,True
honor.com,Actalis S.p.A. Actalis Organization Validated Server CA G3,third,,TLSv1.2,True
hookspf.com,unknown,unknown,,unknown,False
hopto.org,unknown,unknown,,unknown,False
horde.org,Let's Encrypt YE2,third,,TLSv1.3,True
hornet.com,Amazon Amazon RSA 2048 M02,third,,TLSv1.3,True
hornetsecurity.com,Let's Encrypt YE2,third,,TLSv1.3,True
hostedemail.com,unknown,unknown,,unknown,False
hostedrmm.com,unknown,unknown,,unknown,False
hostgator.com,Google Trust Services WE1,third,,TLSv1.3,True
hostgator.com.br,Sectigo Limited Sectigo Public Server Authentication CA DV R36,third,,TLSv1.3,True
hostifi.com,Google Trust Services WE1,third,,TLSv1.3,True
hostinger.com,Sectigo Limited Sectigo Public Server Authentication CA DV R36,third,,TLSv1.3,True
hostingersite.com,DigiCert Inc RapidSSL TLS RSA CA G1,third,,TLSv1.3,True
hostingradio.ru,Let's Encrypt YR1,third,,TLSv1.3,True
hot.net.il,DigiCert Inc GeoTrust TLS RSA CA G1,third,,TLSv1.2,True
hotels.com,Let's Encrypt YE2,third,,TLSv1.3,True
hotjar.com,Amazon Amazon RSA 2048 M01,third,,TLSv1.3,True
hotjar.io,unknown,unknown,,unknown,False
hotmail.com,Microsoft Corporation Microsoft TLS G2 RSA CA OCSP 16,private,,TLSv1.3,True
hotmart.com,Amazon Amazon RSA 2048 M01,third,,TLSv1.3,True
hotminidrama.com,Amazon Amazon RSA 2048 M01,third,,TLSv1.3,True
hotpads.com,DigiCert Inc DigiCert Global G2 TLS RSA SHA256 2020 CA1,third,,TLSv1.3,True
hotsoz.com,Let's Encrypt R13,third,,TLSv1.2,True
hotstar.com,Amazon Amazon RSA 2048 M04,third,,TLSv1.3,True
house.gov,DigiCert Inc DigiCert Global G2 TLS RSA SHA256 2020 CA1,third,,TLSv1.3,True
houzz.com,GlobalSign nv-sa GlobalSign Atlas R3 OV TLS CA 2026 Q2,third,,TLSv1.3,True
hover92.cc,unknown,unknown,,unknown,False
hoymiles.com,"DigiCert, Inc. GeoTrust G2 TLS CN RSA4096 SHA256 2022 CA1",third,,TLSv1.3,True
hoyolab.com,DigiCert Inc GeoTrust TLS RSA CA G1,third,,TLSv1.3,True
hoyoverse.com,DigiCert Inc DigiCert Global G2 TLS RSA SHA256 2020 CA1,third,,TLSv1.2,True
hp.com,DigiCert Inc DigiCert Global G2 TLS RSA SHA256 2020 CA1,third,,TLSv1.3,True
hp10.us,unknown,unknown,,unknown,False
hpanalytics.net,unknown,unknown,,unknown,False
hpdaas.com,DigiCert Inc DigiCert Global G2 TLS RSA SHA256 2020 CA1,third,,TLSv1.3,True
hpe.com,DigiCert Inc DigiCert Global G2 TLS RSA SHA256 2020 CA1,third,,TLSv1.2,True
hpeprint.com,DigiCert Inc DigiCert Global G2 TLS RSA SHA256 2020 CA1,third,,TLSv1.3,True
hpgamestream.com,DigiCert Inc DigiCert Global G2 TLS RSA SHA256 2020 CA1,third,,TLSv1.2,True
hpplay.cn,unknown,unknown,,unknown,False
hpsmart.com,DigiCert Inc DigiCert Global G2 TLS RSA SHA256 2020 CA1,third,,TLSv1.3,True
hpwolf.com,Google Trust Services WE1,third,,TLSv1.3,True
hpytimes.info,Let's Encrypt YE1,third,,TLSv1.3,True
hrzn-nxt.com,unknown,unknown,,unknown,False
hs-analytics.net,unknown,unknown,,unknown,False
hs-banner.com,unknown,unknown,,unknown,False
hs-scripts.com,unknown,unknown,,unknown,False
hs-sites.com,Google Trust Services WE1,third,,TLSv1.3,True
hsadspixel.net,unknown,unknown,,unknown,False
hsappstatic.net,Google Trust Services WE1,third,,TLSv1.3,True
hsbc.com,DigiCert Inc DigiCert EV RSA CA G2,third,,TLSv1.2,True
hsbrowserreports.com,unknown,unknown,,unknown,False
hscollectedforms.net,unknown,unknown,,unknown,False
hsforms.com,unknown,unknown,,unknown,False
hsforms.net,unknown,unknown,,unknown,False
hsprotect.net,Google Trust Services WR3,third,,TLSv1.3,True
hstgr.cloud,unknown,unknown,,unknown,False
hstgr.net,unknown,unknown,,unknown,False
htlbid.com,Amazon Amazon RSA 2048 M01,third,,TLSv1.3,True
html-load.cc,Google Trust Services WE1,third,,TLSv1.3,True
html-load.com,Google Trust Services WE1,third,,TLSv1.3,True
htplayground.com,unknown,unknown,,unknown,False
httpbin.org,Amazon Amazon RSA 2048 M01,third,,TLSv1.2,True
htx.com,"GoDaddy.com, Inc. Go Daddy Secure Certificate Authority - G2",third,,TLSv1.3,True
hu-manity.co,Google Trust Services WE1,third,,TLSv1.3,True
huami.com,Google Trust Services WE1,third,,TLSv1.3,True
huan.tv,GlobalSign nv-sa GlobalSign RSA OV SSL CA 2018,third,,TLSv1.3,True
huangye88.com,WoTrus CA Limited WoTrus DV Server CA  [Run by the Issuer],third,,TLSv1.3,True
huawei.com,Actalis S.p.A. Actalis Organization Validated Server CA G3,third,,TLSv1.2,True
huawei.com.cn,Actalis S.p.A. Actalis Organization Validated TLS Server RSA CA 2025,third,,TLSv1.2,True
huawei.ru,Let's Encrypt YR2,third,,TLSv1.2,True
huaweicloud.com,GlobalSign nv-sa GlobalSign RSA OV SSL CA 2018,third,,TLSv1.2,True
huaweicloudwaf.com,DigiCert Inc Secure Site CA,third,,TLSv1.2,True
huayoucn.com,Google Trust Services WE1,third,,TLSv1.3,True
hubapi.com,Google Trust Services WE1,third,,TLSv1.3,True
hubble.in,unknown,unknown,,unknown,False
hubhc.com,Key-Systems GmbH GlobeSSL RSA DV SSL CA 2,third,,TLSv1.3,True
hubspot.com,Google Trust Services WE1,third,,TLSv1.3,True
hubspot.net,Google Trust Services WE1,third,,TLSv1.3,True
hubspotfeedback.com,unknown,unknown,,unknown,False
hubspotusercontent-na1.net,unknown,unknown,,unknown,False
hubvisor.io,Let's Encrypt YR1,third,,TLSv1.3,True
hudl.com,Amazon Amazon RSA 2048 M01,third,,TLSv1.2,True
hueadsxml.com,Let's Encrypt YR2,third,,TLSv1.3,True
huedatastore.com,unknown,unknown,,unknown,False
hugedomains.com,Google Trust Services WE1,third,,TLSv1.3,True
huggingface.co,Amazon Amazon RSA 2048 M04,third,,TLSv1.3,True
huion.cn,DigiCert Inc RapidSSL TLS RSA CA G1,third,,TLSv1.2,True
hulu.com,COMODO CA Limited COMODO RSA Organization Validation Secure Server CA,third,,TLSv1.3,True
huluim.com,unknown,unknown,,unknown,False
hulustream.com,unknown,unknown,,unknown,False
humeysha.com,unknown,unknown,,unknown,False
huntress.io,DigiCert Inc DigiCert Global G2 TLS RSA SHA256 2020 CA1,third,,TLSv1.2,True
huobi.pro,unknown,unknown,,unknown,False
huorong.cn,DigiCert Inc Encryption Everywhere DV TLS CA - G2,third,,TLSv1.2,True
huoshanlive.com,unknown,unknown,,unknown,False
hurelax.com,ZeroSSL GmbH ZeroSSL ECC DV SSL CA 2,third,,TLSv1.2,True
hushmail.com,DigiCert Inc RapidSSL TLS RSA CA G1,third,,TLSv1.3,True
huya.com,"DigiCert, Inc. GeoTrust G2 TLS CN RSA4096 SHA256 2022 CA1",third,,TLSv1.3,True
hwcdn.ru,infrastructure,infrastructure,,unknown,False
hwclouds-dns.com,unknown,unknown,,unknown,False
hwprize.com,unknown,unknown,,unknown,False
hwrescdn.com,infrastructure,infrastructure,,unknown,False
hyatt.com,Entrust Limited Entrust EV TLS Issuing ECC CA 2,third,,TLSv1.3,True
hybrid.ai,Sectigo Limited Sectigo Public Server Authentication CA DV R36,third,,TLSv1.3,True
hydrawise.com,GoDaddy.com GoDaddy TLS Intermediate CA DV - R1v1,third,,TLSv1.3,True
hyper-torrent.com,Google Trust Services WE1,third,,TLSv1.3,True
hyperliquid.xyz,Amazon Amazon RSA 2048 M01,third,,TLSv1.3,True
hyperotics.com,unknown,unknown,,unknown,False
hypersolutions.co,Let's Encrypt YR2,third,,TLSv1.3,True
hypic.com,DigiCert Inc RapidSSL TLS ECC CA G1,third,,TLSv1.3,True
hypixel.net,Google Trust Services WE1,third,,TLSv1.3,True
hyprmx.com,Amazon Amazon RSA 2048 M04,third,,TLSv1.3,True
hzmklvdieo.com,unknown,unknown,,unknown,False
i-j-2-k.com,unknown,unknown,,unknown,False
i-mobile.co.jp,Amazon Amazon RSA 2048 M01,third,,TLSv1.3,True
i18n-pglstatp.com,unknown,unknown,,unknown,False
iadvize.com,Amazon Amazon RSA 2048 M01,third,,TLSv1.3,True
ialicdn.com,infrastructure,infrastructure,,unknown,False
iana.org,Sectigo Limited Sectigo Public Server Authentication CA OV R36,third,,TLSv1.3,True
iastate.edu,"InCommon, LLC InCommon ECC OV SSL CA 3",third,,TLSv1.3,True
ib-ibi.com,unknown,unknown,,unknown,False
ibb.co,Let's Encrypt YE1,third,,TLSv1.3,True
ibeewifi.net,DigiCert Inc Encryption Everywhere DV TLS CA - G2,third,,TLSv1.2,True
ibge.gov.br,Google Trust Services WE1,third,,TLSv1.3,True
ibispaint.com,Amazon Amazon RSA 2048 M01,third,,TLSv1.3,True
ibm.com,DigiCert Inc DigiCert Global G3 TLS ECC SHA384 2020 CA1,third,,TLSv1.3,True
ibook.info,Apple Inc. Apple Public Server RSA CA 1 - G1,third,,TLSv1.3,True
ibosscloud.com,DigiCert Inc DigiCert Global G2 TLS RSA SHA256 2020 CA1,third,,TLSv1.3,True
ibsrv.net,unknown,unknown,,unknown,False
ibytedapm.com,unknown,unknown,,unknown,False
ibytedtos.com,unknown,unknown,,unknown,False
ibyteimg.com,unknown,unknown,,unknown,False
ic-components.com,Let's Encrypt YR2,third,,TLSv1.3,True
icanbwell.com,Google Trust Services WE1,third,,TLSv1.3,True
icanhazip.com,Google Trust Services WE1,third,,TLSv1.3,True
icann.org,Sectigo Limited Sectigo Public Server Authentication CA OV R36,third,,TLSv1.3,True
icarcdn.com,infrastructure,infrastructure,,unknown,False
icbc.com.cn,"DigiCert, Inc. DigiCert Secure Site Pro G2 TLS CN RSA4096 SHA256 2022 CA1",third,,TLSv1.3,True
ice.com,DigiCert Inc DigiCert Global G2 TLS RSA SHA256 2020 CA1,third,,TLSv1.3,True
icecat.es,DigiCert Inc DigiCert Global G2 TLS RSA SHA256 2020 CA1,third,,TLSv1.3,True
icecat.it,DigiCert Inc DigiCert Global G2 TLS RSA SHA256 2020 CA1,third,,TLSv1.3,True
icfcdn.com,infrastructure,infrastructure,,unknown,False
icg-in.com,unknown,unknown,,unknown,False
ichgcp.net,Google Trust Services WE1,third,,TLSv1.3,True
icicibank.com,Sectigo Limited Sectigo Public Server Authentication CA OV R36,third,,TLSv1.3,True
icims.com,Let's Encrypt YR1,third,,TLSv1.2,True
icloseli.com,DigiCert Inc DigiCert Global G2 TLS RSA SHA256 2020 CA1,third,,TLSv1.3,True
icloud-content.com,Apple Inc. Apple Public Server RSA CA 1 - G1,third,,TLSv1.3,True
icloud.com,Apple Inc. Apple Public Server ECC CA 1 - G1,private,,TLSv1.3,True
icloud.com.cn,Apple Inc. Apple Public EV Server RSA CA 1 - G1,third,,TLSv1.3,True
icm.edu.pl,Hellenic Academic and Research Institutions CA GEANT TLS RSA 1,third,,TLSv1.2,True
icmp0.ru,Let's Encrypt YR2,third,,TLSv1.3,True
icomoon.io,Let's Encrypt YE2,third,,TLSv1.3,True
iconify.design,Google Trust Services WE1,third,,TLSv1.3,True
icons8.com,Google Trust Services WE1,third,,TLSv1.3,True
iconscout.com,Google Trust Services WE1,third,,TLSv1.3,True
icpsuawn1zy5amys.com,Sectigo Limited Sectigo Public Server Authentication CA DV R36,third,,TLSv1.3,True
icpublic.com,unknown,unknown,,unknown,False
id.me,DigiCert Inc DigiCert Global G3 TLS ECC SHA384 2020 CA1,third,,TLSv1.3,True
id5-sync.com,Let's Encrypt YE1,third,,TLSv1.3,True
id6.me,WoTrus CA Limited WoTrus RSA OV SSL CA 2,third,,TLSv1.3,True
idailybible.com,Let's Encrypt YR1,third,,TLSv1.3,True
idealista.com,Let's Encrypt YR1,third,,TLSv1.3,True
idealmedia.io,Google Trust Services WE1,third,,TLSv1.3,True
idealo.com,Amazon Amazon RSA 2048 M01,third,,TLSv1.3,True
idealo.de,Amazon Amazon RSA 2048 M04,third,,TLSv1.3,True
ident.me,Let's Encrypt YE1,third,,TLSv1.3,True
identitydigital.services,unknown,unknown,,unknown,False
identrust.com,IdenTrust TrustID Server CA O1,private,,TLSv1.3,True
idexx.com,Sectigo Limited Sectigo Public Server Authentication CA OV R36,third,,TLSv1.3,True
idouyinvod.com,unknown,unknown,,unknown,False
idqqimg.com,unknown,unknown,,unknown,False
idrive.com,Sectigo Limited Sectigo Public Server Authentication CA DV R36,third,,TLSv1.2,True
ieee.org,GlobalSign nv-sa GlobalSign RSA OV SSL CA 2018,third,,TLSv1.3,True
iesdev.com,unknown,unknown,,unknown,False
iesnare.com,unknown,unknown,,unknown,False
ietf.org,Google Trust Services WE1,third,,TLSv1.3,True
iex.nl,Sectigo Limited Sectigo Public Server Authentication CA DV R36,third,,TLSv1.3,True
ifconfig.co,Google Trust Services WE1,third,,TLSv1.3,True
ifconfig.io,Google Trust Services WE1,third,,TLSv1.3,True
ifconfig.me,Let's Encrypt YR1,third,,TLSv1.3,True
ifeng.com,"TrustAsia Technologies, Inc. TrustAsia OV TLS RSA CA 2024",third,,TLSv1.2,True
ifit.com,Amazon Amazon RSA 2048 M01,third,,TLSv1.2,True
ifood.com.br,Amazon Amazon RSA 2048 M04,third,,TLSv1.3,True
ig.com.br,Let's Encrypt YR1,third,,TLSv1.3,True
ig.me,DigiCert Inc DigiCert Global G2 TLS RSA SHA256 2020 CA1,third,,TLSv1.3,True
igamecj.com,unknown,unknown,,unknown,False
igexin.com,"DigiCert, Inc. GeoTrust G2 TLS CN RSA4096 SHA256 2022 CA1",third,,TLSv1.3,True
igg.com,Amazon Amazon RSA 2048 M01,third,,TLSv1.3,True
ign.com,GlobalSign nv-sa GlobalSign Atlas R3 DV TLS CA 2026 Q2,third,,TLSv1.3,True
ignimgs.com,GlobalSign nv-sa GlobalSign Atlas R3 DV TLS CA 2026 Q2,third,,TLSv1.3,True
igodigital.com,unknown,unknown,,unknown,False
iheart.com,GlobalSign nv-sa GlobalSign Atlas R3 DV TLS CA 2026 Q1,third,,TLSv1.2,True
iherb.com,Google Trust Services WE1,third,,TLSv1.3,True
ihfjsrkdw.com,unknown,unknown,,unknown,False
ihg.com,DigiCert Inc DigiCert Global G3 TLS ECC SHA384 2020 CA1,third,,TLSv1.3,True
ihrhls.com,unknown,unknown,,unknown,False
ihuoshanlive.com,unknown,unknown,,unknown,False
iii.com,Let's Encrypt YR2,third,,TLSv1.3,True
iiivega.com,unknown,unknown,,unknown,False
iinet.net.au,Amazon Amazon RSA 2048 M01,third,,TLSv1.2,True
iionads.com,Sectigo Limited Sectigo Public Server Authentication CA DV E36,third,,TLSv1.3,True
ijt10.com,unknown,unknown,,unknown,False
ikarem.io,unknown,unknown,,unknown,False
ikea.com,Google Trust Services WE1,third,,TLSv1.3,True
ilikecircumcised.com,unknown,unknown,,unknown,False
illinois.edu,Internet2 InCommon RSA Server CA 2,third,,TLSv1.3,True
illusionblack.com,unknown,unknown,,unknown,False
ilovepdf.com,DigiCert Inc DigiCert Global G2 TLS RSA SHA256 2020 CA1,third,,TLSv1.3,True
iloveusomuch.to,unknown,unknown,,unknown,False
iloveyourweewee.bz,unknown,unknown,,unknown,False
im-apps.net,Google Trust Services WR3,third,,TLSv1.3,True
imagedelivery.net,Google Trust Services WE1,third,,TLSv1.3,True
imagekit.io,Amazon Amazon RSA 2048 M01,third,,TLSv1.3,True
imagerenderer.com,Amazon Amazon RSA 2048 M04,third,,TLSv1.3,True
images-amazon.com,unknown,unknown,,unknown,False
images-iherb.com,unknown,unknown,,unknown,False
imageshack.com,"GoDaddy.com, Inc. Go Daddy Secure Certificate Authority - G2",third,,TLSv1.2,True
imageshack.us,"GoDaddy.com, Inc. Go Daddy Secure Certificate Authority - G2",third,,TLSv1.2,True
imagetwist.com,Google Trust Services WE1,third,,TLSv1.3,True
imaginationunwired.com,unknown,unknown,,unknown,False
imall.net,Google Trust Services WE1,third,,TLSv1.3,True
imdb.com,Amazon Amazon RSA 2048 M01,private,,TLSv1.3,True
imedia.cz,unknown,unknown,,unknown,False
imem.me,Let's Encrypt YE2,third,,TLSv1.3,True
img-static.tech,unknown,unknown,,unknown,False
imganalytics.com,Let's Encrypt YE2,third,,TLSv1.2,True
imgbox.com,unknown,unknown,,unknown,False
imggaming.com,unknown,unknown,,unknown,False
imghosts.com,Google Trust Services WE1,third,,TLSv1.3,True
imgix.net,GlobalSign nv-sa GlobalSign Atlas R3 DV TLS CA 2025 Q3,third,,TLSv1.3,True
imgsmail.ru,Let's Encrypt YR1,third,,TLSv1.2,True
imguol.com.br,DigiCert Inc RapidSSL TLS RSA CA G1,third,,TLSv1.2,True
imgur.com,Sectigo Limited Sectigo Public Server Authentication CA DV R36,third,,TLSv1.2,True
imhentai.xxx,Google Trust Services WE1,third,,TLSv1.3,True
imimg.com,unknown,unknown,,unknown,False
immedia-semi.com,unknown,unknown,,unknown,False
immersivetranslate.com,Google Trust Services WE1,third,,TLSv1.3,True
immich.cloud,Google Trust Services WE1,third,,TLSv1.3,True
immobilienscout24.de,Amazon Amazon RSA 2048 M01,third,,TLSv1.3,True
immomo.com,GlobalSign nv-sa GlobalSign GCC R3 DV TLS CA 2020,third,,TLSv1.3,True
immy.bot,Let's Encrypt YE2,third,,TLSv1.3,True
imo.im,GlobalSign nv-sa GlobalSign GCC R6 AlphaSSL CA 2025,third,,TLSv1.2,True
imoim.app,GlobalSign nv-sa GlobalSign GCC R6 AlphaSSL CA 2025,third,,TLSv1.2,True
imoim.net,unknown,unknown,,unknown,False
imolive.tv,GlobalSign nv-sa GlobalSign GCC R6 AlphaSSL CA 2025,third,,TLSv1.2,True
imolive2.com,unknown,unknown,,unknown,False
imostatic.com,unknown,unknown,,unknown,False
imoulife.com,"DigiCert, Inc. GeoTrust G2 TLS CN RSA4096 SHA256 2022 CA1",third,,TLSv1.2,True
impact-ad.jp,Let's Encrypt YR1,third,,TLSv1.3,True
impact.com,Google Trust Services WE1,third,,TLSv1.3,True
impactcdn.com,infrastructure,infrastructure,,unknown,False
impactify.media,unknown,unknown,,unknown,False
impactradius-event.com,Google Trust Services WR3,third,,TLSv1.3,True
impel.io,Google Trust Services WE1,third,,TLSv1.3,True
impervadns.net,unknown,unknown,,unknown,False
impression.link,Amazon Amazon RSA 2048 M01,third,,TLSv1.3,True
imptracking.com,unknown,unknown,,unknown,False
imrworldwide.com,unknown,unknown,,unknown,False
imso1055.top,goedge www.goedge.cloud,unknown,,TLSv1.3,True
imsowiwiwiwiwi.com,unknown,unknown,,unknown,False
imtwjwoasak.com,Amazon Amazon RSA 2048 M04,third,,TLSv1.3,True
imunify.com,Google Trust Services WE1,third,,TLSv1.3,True
imunify360.com,Google Trust Services WE1,third,,TLSv1.3,True
imvu.com,Let's Encrypt YR1,third,,TLSv1.2,True
imweb.me,Amazon Amazon RSA 2048 M01,third,,TLSv1.3,True
in.net,unknown,unknown,,unknown,False
in.th,unknown,unknown,,unknown,False
in.ua,Let's Encrypt YE1,third,,TLSv1.3,True
in2detailing.co.uk,Let's Encrypt YE1,third,,TLSv1.3,True
inaccuracy.net,unknown,unknown,,unknown,False
inadsexchange.com,Google Trust Services WE1,third,,TLSv1.3,True
inappstory.ru,GlobalSign nv-sa GlobalSign GCC R3 DV TLS CA 2020,third,,TLSv1.3,True
inaturalist.org,Sectigo Limited Sectigo Public Server Authentication CA DV R36,third,,TLSv1.2,True
inbake.com,unknown,unknown,,unknown,False
incapdns.net,unknown,unknown,,unknown,False
incognia.com,Google Trust Services WE1,third,,TLSv1.3,True
incontact.com,DigiCert Inc DigiCert Global G2 TLS RSA SHA256 2020 CA1,third,,TLSv1.2,True
indazn.com,unknown,unknown,,unknown,False
indcat.cc,unknown,unknown,,unknown,False
indeed.com,Google Trust Services WE1,third,,TLSv1.3,True
independent.co.uk,GlobalSign nv-sa GlobalSign Atlas R3 DV TLS CA 2026 Q1,third,,TLSv1.2,True
indexww.com,Google Trust Services WE1,third,,TLSv1.3,True
indiamart.com,Sectigo Limited Sectigo Public Server Authentication CA OV R36,third,,TLSv1.3,True
indianexpress.com,DigiCert Inc DigiCert Global G2 TLS RSA SHA256 2020 CA1,third,,TLSv1.3,True
indiatimes.com,DigiCert Inc DigiCert Global G3 TLS ECC SHA384 2020 CA1,third,,TLSv1.3,True
inditex.com,DigiCert Inc DigiCert Global G3 TLS ECC SHA384 2020 CA1,third,,TLSv1.3,True
indriverapp.com,unknown,unknown,,unknown,False
indusappstore.com,Amazon Amazon RSA 2048 M01,third,,TLSv1.3,True
inf.br,unknown,unknown,,unknown,False
infeng.site,unknown,unknown,,unknown,False
infinitepay.io,Google Trust Services WE1,third,,TLSv1.3,True
infinity-component.com,Let's Encrypt YR2,third,,TLSv1.3,True
influxdata.com,Amazon Amazon RSA 2048 M01,third,,TLSv1.2,True
infobae.com,Let's Encrypt YR1,third,,TLSv1.3,True
infobip.com,Amazon Amazon RSA 2048 M04,third,,TLSv1.2,True
infoblox.com,Let's Encrypt YR2,third,,TLSv1.3,True
infocyte.com,DigiCert Inc RapidSSL TLS RSA CA G1,third,,TLSv1.3,True
infojobs.net,Amazon Amazon RSA 2048 M01,third,,TLSv1.3,True
infolinks.com,Google Trust Services WE1,third,,TLSv1.2,True
infomaniak.ch,Let's Encrypt YR1,third,,TLSv1.3,True
infomaniak.com,Sectigo Limited Sectigo Public Server Authentication CA DV R36,third,,TLSv1.3,True
inforcloudsuite.com,unknown,unknown,,unknown,False
informer.com,Google Trust Services WE1,third,,TLSv1.3,True
infra-moonactive.net,unknown,unknown,,unknown,False
infura.io,Amazon Amazon RSA 2048 M04,third,,TLSv1.3,True
ing.com,IdenTrust HydrantID Server CA O1,third,,TLSv1.3,True
ingaa.xyz,unknown,unknown,,unknown,False
ingage.tech,Sectigo Limited Sectigo Public Server Authentication CA OV E36,third,,TLSv1.3,True
inhouseclick.net,Google Trust Services WE1,third,,TLSv1.3,True
inhousedsp.com,SSL Corporation SSL.com RSA SSL subCA,third,,TLSv1.3,True
inkuai.com,GlobalSign nv-sa GlobalSign RSA OV SSL CA 2018,third,,TLSv1.2,True
inmobi-choice.io,unknown,unknown,,unknown,False
inmobi.com,Sectigo Limited Sectigo Public Server Authentication CA OV R36,third,,TLSv1.3,True
inmobicdn.net,infrastructure,infrastructure,,unknown,False
inmotionhosting.com,Google Trust Services WE1,third,,TLSv1.3,True
inner-active.mobi,unknown,unknown,,unknown,False
innersloth.com,Let's Encrypt YR1,third,,TLSv1.3,True
innovid.com,Google Trust Services WE1,third,,TLSv1.3,True
inpvp.net,Google Trust Services WE1,third,,TLSv1.3,True
inscloudgate.net,unknown,unknown,,unknown,False
inshot.cc,Google Trust Services WR3,third,,TLSv1.3,True
insiad.com,unknown,unknown,,unknown,False
inside-graph.com,unknown,unknown,,unknown,False
insightexpressai.com,"GoDaddy.com, Inc. Go Daddy Secure Certificate Authority - G2",third,,TLSv1.2,True
inss.gov.br,unknown,unknown,,unknown,False
instabridge.com,Google Trust Services WE1,third,,TLSv1.3,True
instabug.com,Amazon Amazon RSA 2048 M04,third,,TLSv1.3,True
instacart.com,Amazon Amazon RSA 2048 M01,third,,TLSv1.3,True
instagram.com,DigiCert Inc DigiCert Global G2 TLS RSA SHA256 2020 CA1,third,,TLSv1.3,True
instajob.ai,"TrustAsia Technologies, Inc. TrustAsia DV TLS RSA CA 2025",third,,TLSv1.3,True
instana.io,DigiCert Inc DigiCert Global G2 TLS RSA SHA256 2020 CA1,third,,TLSv1.2,True
instant.audio,Google Trust Services WE1,third,,TLSv1.3,True
instant.one,Google Trust Services WE1,third,,TLSv1.3,True
instanthq.com,unknown,unknown,,unknown,False
instaview.ai,Amazon Amazon RSA 2048 M01,third,,TLSv1.2,True
instiengage.com,Sectigo Limited Sectigo Public Server Authentication CA OV R36,third,,TLSv1.3,True
instructure.com,Certainly Certainly Intermediate R1,third,,TLSv1.3,True
insurads.com,Google Trust Services WE1,third,,TLSv1.3,True
int08h.com,Google Trust Services WR3,third,,TLSv1.3,True
intel.com,Sectigo Limited Sectigo Public Server Authentication CA OV R36,third,,TLSv1.3,True
intelbras.com.br,"GoDaddy.com, Inc. Go Daddy Secure Certificate Authority - G2",third,,TLSv1.3,True
intelbrasp2p.com.br,unknown,unknown,,unknown,False
intelligems.io,Let's Encrypt YE2,third,,TLSv1.3,True
intellij.net,Let's Encrypt YR2,third,,TLSv1.3,True
intellimize.co,unknown,unknown,,unknown,False
intentiq.com,Let's Encrypt YR1,third,,TLSv1.3,True
intercom.com,Amazon Amazon RSA 2048 M04,third,,TLSv1.3,True
intercom.io,Amazon Amazon RSA 2048 M04,third,,TLSv1.3,True
intercomassets.com,unknown,unknown,,unknown,False
intercomcdn.com,infrastructure,infrastructure,,unknown,False
intergi.com,unknown,unknown,,unknown,False
intergient.com,unknown,unknown,,unknown,False
interia.pl,DigiCert Inc DigiCert Global G2 TLS RSA SHA256 2020 CA1,third,,TLSv1.2,True
interkh.com,unknown,unknown,,unknown,False
internalfb.com,DigiCert Inc DigiCert Global G2 TLS RSA SHA256 2020 CA1,third,,TLSv1.3,True
internet-measurement.com,Google Trust Services WE1,third,,TLSv1.3,True
internetat.tv,unknown,unknown,,unknown,False
internethealthtest.org,Google Trust Services WE1,third,,TLSv1.3,True
internetwarriors.net,Let's Encrypt YE2,third,,TLSv1.3,True
interntp.com,Google Trust Services WE1,third,,TLSv1.3,True
intlgame.com,Let's Encrypt YE1,third,,TLSv1.3,True
intools.dev,Amazon Amazon RSA 2048 M01,third,,TLSv1.2,True
intrack.ir,Let's Encrypt YE2,third,,TLSv1.3,True
intsig.net,DigiCert Inc RapidSSL TLS RSA CA G1,third,,TLSv1.2,True
intsmarthub.com,unknown,unknown,,unknown,False
intuit.com,DigiCert Inc DigiCert Global G2 TLS RSA SHA256 2020 CA1,third,,TLSv1.3,True
intuitcdn.net,infrastructure,infrastructure,,unknown,False
invaluable.com,Amazon Amazon RSA 2048 M04,third,,TLSv1.2,True
inven.co.kr,Sectigo Limited Sectigo Public Server Authentication CA DV R36,third,,TLSv1.3,True
investing.com,Google Trust Services WE1,third,,TLSv1.3,True
invisioncic.com,unknown,unknown,,unknown,False
invoca.net,Amazon Amazon RSA 2048 M01,third,,TLSv1.2,True
io.vn,unknown,unknown,,unknown,False
iobit.com,"GoDaddy.com, Inc. Go Daddy Secure Certificate Authority - G2",unknown,,TLSv1.3,True
iom.int,Amazon Amazon RSA 2048 M04,third,,TLSv1.2,True
ionicframework.com,Google Trust Services WE1,third,,TLSv1.3,True
ionos.com,Sectigo Limited Sectigo Public Server Authentication CA OV R36,third,,TLSv1.2,True
ionos.de,Sectigo Limited Sectigo Public Server Authentication CA OV R36,third,,TLSv1.2,True
ioriveredge.net,unknown,unknown,,unknown,False
iot-dns.com,unknown,unknown,,unknown,False
iot334.com,unknown,unknown,,unknown,False
iotbing.com,unknown,unknown,,unknown,False
iotcplatform.com,unknown,unknown,,unknown,False
iothings.site,unknown,unknown,,unknown,False
iovmcmjatl1.com,Google Trust Services WE1,third,,TLSv1.3,True
ip-api.com,Sectigo Limited Sectigo Public Server Authentication CA DV R36,third,,TLSv1.2,True
ip.sb,Google Trust Services WE1,third,,TLSv1.3,True
ip138.com,GlobalSign nv-sa GlobalSign GCC R6 AlphaSSL CA 2025,third,,TLSv1.3,True
ip2location.io,Google Trust Services WE1,third,,TLSv1.3,True
ipaddress.com,Let's Encrypt YE1,third,,TLSv1.3,True
ipapi.co,Google Trust Services WE1,third,,TLSv1.2,True
ipapi.is,Let's Encrypt YE1,third,,TLSv1.3,True
ipbase.com,Google Trust Services WE1,third,,TLSv1.3,True
ipcheckerapi.com,Let's Encrypt YE1,third,,TLSv1.3,True
ipdeep.com,WoTrus CA Limited WoTrus DV Server CA  [Run by the Issuer],third,,TLSv1.3,True
ipecho.net,Let's Encrypt YR1,third,,TLSv1.3,True
iperceptions.com,Sectigo Limited Sectigo Public Server Authentication CA OV R36,third,,TLSv1.2,True
iperson.xyz,unknown,unknown,,unknown,False
ipfs.io,Google Trust Services WE1,third,,TLSv1.3,True
ipgeolocation.io,Let's Encrypt YE2,third,,TLSv1.3,True
iphmx.com,unknown,unknown,,unknown,False
ipify.org,Google Trust Services WE1,third,,TLSv1.3,True
ipinfo.io,Let's Encrypt YR1,third,,TLSv1.3,True
ipinfodb.com,Google Trust Services WE1,third,,TLSv1.3,True
ipip.net,Google Trust Services WE1,third,,TLSv1.3,True
ipleak.net,Let's Encrypt YR2,third,,TLSv1.3,True
iplocation.net,Google Trust Services WE1,third,,TLSv1.3,True
iploop.io,Google Trust Services WE1,third,,TLSv1.3,True
iponweb.net,DigiCert Inc DigiCert Global G2 TLS RSA SHA256 2020 CA1,third,,TLSv1.3,True
ipproxys.com,Google Trust Services WE1,third,,TLSv1.3,True
ipredictive.com,unknown,unknown,,unknown,False
iprom.net,Let's Encrypt YR2,third,,TLSv1.2,True
iproyal.com,Google Trust Services WE1,third,,TLSv1.3,True
ipsolver.com,unknown,unknown,,unknown,False
ipstack.com,Let's Encrypt YE2,third,,TLSv1.3,True
ipstatp.com,unknown,unknown,,unknown,False
ipv4only.arpa,unknown,unknown,,unknown,False
ipv6-test.com,unknown,unknown,,unknown,False
ipv6tracker.org,unknown,unknown,,unknown,False
ipvanish.com,Google Trust Services WE1,third,,TLSv1.3,True
ipwho.is,Google Trust Services WE1,third,,TLSv1.3,True
ipxserve.com,unknown,unknown,,unknown,False
iq.com,GlobalSign nv-sa GlobalSign ECC OV SSL CA 2018,third,,TLSv1.3,True
iqiyi.com,GlobalSign nv-sa GlobalSign RSA OV SSL CA 2018,third,,TLSv1.3,True
iqiyipic.com,GlobalSign nv-sa GlobalSign RSA OV SSL CA 2018,third,,TLSv1.3,True
iqm.com,GlobalSign nv-sa GlobalSign GCC R6 AlphaSSL CA 2025,third,,TLSv1.3,True
iqolsys.com,unknown,unknown,,unknown,False
iqzonertb.live,"GoDaddy.com, Inc. Go Daddy Secure Certificate Authority - G2",unknown,,TLSv1.2,True
iracing.com,Amazon Amazon RSA 2048 M01,third,,TLSv1.2,True
iranlms.ir,unknown,unknown,,unknown,False
irdeto.com,Google Trust Services WE1,third,,TLSv1.3,True
iroh.link,unknown,unknown,,unknown,False
isappcloud.com,unknown,unknown,,unknown,False
isc.org,GlobalSign nv-sa GlobalSign Atlas R3 DV TLS CA 2025 Q4,third,,TLSv1.2,True
isgaccess.com,Let's Encrypt R13,third,,TLSv1.2,True
isharing-gps.com,unknown,unknown,,unknown,False
isharing.io,unknown,unknown,,unknown,False
island.io,Google Trust Services WE1,third,,TLSv1.3,True
islonline.net,Sectigo Limited Sectigo Public Server Authentication CA DV R36,third,,TLSv1.3,True
isnssdk.com,Amazon Amazon RSA 2048 M01,third,,TLSv1.2,True
ispot.tv,Amazon Amazon RSA 2048 M01,third,,TLSv1.2,True
issuu.com,GlobalSign nv-sa GlobalSign Atlas R3 DV TLS CA 2025 Q3,third,,TLSv1.3,True
istatmenus.app,unknown,unknown,,unknown,False
istockphoto.com,Amazon Amazon RSA 2048 M01,third,,TLSv1.3,True
it.com,Let's Encrypt YE1,third,,TLSv1.3,True
itau.com.br,DigiCert Inc DigiCert Global G3 TLS ECC SHA384 2020 CA1,third,,TLSv1.3,True
itbakit.com,unknown,unknown,,unknown,False
itc.cn,"DigiCert, Inc. DigiCert Secure Site OV G2 TLS CN RSA4096 SHA256 2022 CA1",third,,TLSv1.3,True
itch.io,Google Trust Services WE1,third,,TLSv1.3,True
itch.zone,unknown,unknown,,unknown,False
iteldrive.com,unknown,unknown,,unknown,False
itemdb.com,unknown,unknown,,unknown,False
iterable.com,Let's Encrypt YR1,third,,TLSv1.3,True
iteratehq.com,Let's Encrypt YE2,third,,TLSv1.3,True
itglue.com,Google Trust Services WE1,third,,TLSv1.3,True
itools.info,Apple Inc. Apple Public Server RSA CA 1 - G1,third,,TLSv1.3,True
itopsdk.com,WoTrus CA Limited WoTrus RSA DV SSL CA 2,unknown,,TLSv1.2,True
its-newid.net,Sectigo Limited Sectigo Public Server Authentication CA DV R36,third,,TLSv1.3,True
itsmy.tv,Sectigo Limited Sectigo Public Server Authentication CA DV R36,third,,TLSv1.3,True
itsupport247.net,unknown,unknown,,unknown,False
itu.int,Let's Encrypt YR2,third,,TLSv1.3,True
itunes.com,Apple Inc. Apple Public EV Server ECC CA 1 - G1,third,,TLSv1.3,True
itv.com,Amazon Amazon RSA 2048 M04,third,,TLSv1.2,True
itzmx.com,Let's Encrypt YE2,third,,TLSv1.3,True
iu.edu,"InCommon, LLC InCommon RSA OV SSL CA 3",third,,TLSv1.3,True
iubenda.com,Amazon Amazon RSA 2048 M01,third,,TLSv1.3,True
ivanti.com,Google Trust Services WE1,third,,TLSv1.3,True
ivanticloud.com,Google Trust Services WE1,third,,TLSv1.3,True
ivaws.com,unknown,unknown,,unknown,False
ivi.ru,GlobalSign nv-sa GlobalSign GCC R3 DV TLS CA 2020,third,,TLSv1.3,True
ivoox.com,Sectigo Limited Sectigo Public Server Authentication CA DV R36,third,,TLSv1.3,True
ivymobile.com,"DNSPod, Inc. DNSPod DV TLS RSA CA 2025",third,,TLSv1.2,True
iwara.tv,Google Trust Services WE1,third,,TLSv1.3,True
ixigua.com,DigiCert Inc RapidSSL TLS RSA CA G1,third,,TLSv1.3,True
ixsystems.com,Let's Encrypt YR1,third,,TLSv1.2,True
ixxx.com,Google Trust Services WE1,third,,TLSv1.3,True
iyf.tv,Google Trust Services WE1,third,,TLSv1.3,True
iz.ru,"TrustAsia Technologies, Inc. LiteSSL RSA CA 2025",third,,TLSv1.3,True
izatcloud.net,unknown,unknown,,unknown,False
izooto.com,Google Trust Services WR1,third,,TLSv1.3,True
j-3-x-r.com,Google Trust Services WE1,third,,TLSv1.3,True
j67z85nx4.com,unknown,unknown,,unknown,False
jable.tv,Google Trust Services WE1,third,,TLSv1.3,True
jabra.com,"GoDaddy.com, Inc. Go Daddy Secure Certificate Authority - G2",third,,TLSv1.3,True
jaco.live,"GoDaddy.com, Inc. Go Daddy Secure Certificate Authority - G2",third,,TLSv1.2,True
jads.co,Sectigo Limited Sectigo Public Server Authentication CA DV R36,third,,TLSv1.3,True
jagat.io,Amazon Amazon RSA 2048 M04,third,,TLSv1.3,True
jam.dev,Google Trust Services WE1,third,,TLSv1.3,True
jamf.com,Amazon Amazon RSA 2048 M01,third,,TLSv1.3,True
jamfcloud.com,Amazon Amazon RSA 2048 M04,third,,TLSv1.2,True
jampp.com,Google Trust Services WE1,third,,TLSv1.3,True
janitorai.com,Google Trust Services WE1,third,,TLSv1.3,True
janusaent.com,Google Trust Services WE1,third,,TLSv1.3,True
java.com,DigiCert Inc DigiCert Global G2 TLS RSA SHA256 2020 CA1,third,,TLSv1.2,True
javadoc.io,Google Trust Services WE1,third,,TLSv1.3,True
javhdhello.com,Let's Encrypt YR2,third,,TLSv1.2,True
javidol.org,Google Trust Services WE1,third,,TLSv1.3,True
jcpenney.com,DigiCert Inc GeoTrust TLS RSA CA G1,third,,TLSv1.3,True
jcplatform.dev,unknown,unknown,,unknown,False
jd.com,GlobalSign nv-sa GlobalSign RSA OV SSL CA 2018,third,,TLSv1.3,True
jdbcdn.net,infrastructure,infrastructure,,unknown,False
jellyfin.org,Let's Encrypt YR2,third,,TLSv1.3,True
jenkins.io,Let's Encrypt YR1,third,,TLSv1.3,True
jet-external.com,unknown,unknown,,unknown,False
jet.amazon,unknown,unknown,,unknown,False
jetblue.com,Let's Encrypt YR2,third,,TLSv1.3,True
jetbrains.ai,Let's Encrypt YR2,third,,TLSv1.3,True
jetbrains.cloud,Let's Encrypt YR2,third,,TLSv1.3,True
jetbrains.com,Amazon Amazon RSA 2048 M04,third,,TLSv1.3,True
jetos.com,unknown,unknown,,unknown,False
jetphotos.com,Google Trust Services WE1,third,,TLSv1.3,True
jetstar.com,DigiCert Inc DigiCert Global G3 TLS ECC SHA384 2020 CA1,third,,TLSv1.3,True
jfit.co,Amazon Amazon RSA 2048 M01,third,,TLSv1.3,True
jfrog.io,DigiCert Inc GeoTrust TLS RSA CA G1,third,,TLSv1.2,True
jftech.com,DigiCert Inc RapidSSL TLS RSA CA G1,third,,TLSv1.3,True
jftechsoft.com,DigiCert Inc RapidSSL TLS RSA CA G1,third,,TLSv1.2,True
jftechws.com,GlobalSign nv-sa GlobalSign RSA OV SSL CA 2018,third,,TLSv1.2,True
jgrqyxupl.com,unknown,unknown,,unknown,False
jhkkjkj.com,unknown,unknown,,unknown,False
jhu.edu,Internet2 InCommon ECC Server CA 2,third,,TLSv1.3,True
jihulab.com,"TrustAsia Technologies, Inc. TrustAsia DV TLS RSA CA 2025",third,,TLSv1.3,True
jimdo.com,Google Trust Services WE1,third,,TLSv1.3,True
jio.com,GlobalSign nv-sa GlobalSign RSA OV SSL CA 2018,third,,TLSv1.2,True
jito.wtf,Let's Encrypt YR1,third,,TLSv1.3,True
jive.com,DigiCert Inc DigiCert Global G2 TLS RSA SHA256 2020 CA1,third,,TLSv1.3,True
jiveip.net,unknown,unknown,,unknown,False
jivetel.net,Google Trust Services WE1,third,,TLSv1.3,True
jivo.ru,Hellenic Academic and Research Institutions CA HARICA DV TLS RSA,third,,TLSv1.3,True
jivosite.com,Hellenic Academic and Research Institutions CA HARICA DV TLS RSA,third,,TLSv1.3,True
jivox.com,Google Trust Services WE1,third,,TLSv1.3,True
jixie.io,DigiCert Inc DigiCert Global G2 TLS RSA SHA256 2020 CA1,third,,TLSv1.3,True
jjwxc.net,"DigiCert, Inc. GeoTrust G2 TLS CN RSA4096 SHA256 2022 CA1",third,,TLSv1.2,True
jksolapp.com,unknown,unknown,,unknown,False
jlcpcb.com,Let's Encrypt YR1,third,,TLSv1.3,True
jlrmotor.com,unknown,unknown,,unknown,False
jmmobi.com,Let's Encrypt R13,third,,TLSv1.2,True
jobstreet.com,Google Trust Services WE1,third,,TLSv1.3,True
johndeerecloud.com,unknown,unknown,,unknown,False
johnlewis.com,DigiCert Inc DigiCert Global G2 TLS RSA SHA256 2020 CA1,third,,TLSv1.3,True
joingotomeeting.com,unknown,unknown,,unknown,False
joinhoney.com,DigiCert Inc DigiCert Global G2 TLS RSA SHA256 2020 CA1,third,,TLSv1.3,True
joinmassive.com,Let's Encrypt YR2,third,,TLSv1.3,True
jointraining.com,DigiCert Inc DigiCert Global G2 TLS RSA SHA256 2020 CA1,third,,TLSv1.3,True
joinwebinar.com,DigiCert Inc DigiCert Global G2 TLS RSA SHA256 2020 CA1,third,,TLSv1.3,True
joltrixtech.com,DigiCert Inc Encryption Everywhere DV TLS CA - G2,third,,TLSv1.3,True
jomodns.com,unknown,unknown,,unknown,False
joom.com,Amazon Amazon RSA 2048 M04,third,,TLSv1.3,True
joom.it,Amazon Amazon RSA 2048 M01,third,,TLSv1.3,True
joomcdn.net,infrastructure,infrastructure,,unknown,False
jooto.com,Google Trust Services WE1,third,,TLSv1.3,True
jotform.com,Sectigo Limited Sectigo Public Server Authentication CA DV R36,third,,TLSv1.3,True
journeymv.com,Google Trust Services WE1,third,,TLSv1.3,True
joybuy.com,GlobalSign nv-sa GlobalSign RSA OV SSL CA 2018,third,,TLSv1.3,True
joyn.de,Let's Encrypt YR2,third,,TLSv1.3,True
jpmorgan.com,DigiCert Inc DigiCert EV RSA CA G2,third,,TLSv1.3,True
jpush.cn,DigiCert Inc DigiCert Global G2 TLS RSA SHA256 2020 CA1,third,,TLSv1.3,True
jpush.io,Jg Push Default Fake Certificate,unknown,,TLSv1.2,True
jquery.com,Google Trust Services WE1,third,,TLSv1.3,True
js7k.com,DigiCert Inc DigiCert Global G2 TLS RSA SHA256 2020 CA1,third,,TLSv1.3,True
jscrambler.com,DigiCert Inc Thawte TLS RSA CA G1,third,,TLSv1.3,True
jsdelivr.com,Google Trust Services WE1,third,,TLSv1.3,True
jsdelivr.net,unknown,unknown,,unknown,False
jsmsat.com,unknown,unknown,,unknown,False
jsr.io,Google Trust Services WE1,third,,TLSv1.3,True
jstor.org,GlobalSign nv-sa GlobalSign Atlas R3 OV TLS CA 2026 Q2,third,,TLSv1.3,True
jsuol.com.br,DigiCert Inc RapidSSL TLS RSA CA G1,third,,TLSv1.3,True
jtvnw.net,unknown,unknown,,unknown,False
judge.me,Amazon Amazon RSA 2048 M01,third,,TLSv1.3,True
juicyads.com,Sectigo Limited Sectigo Public Server Authentication CA DV R36,third,,TLSv1.3,True
juicyads.me,Sectigo Limited Sectigo Public Server Authentication CA DV R36,third,,TLSv1.3,True
jumpcloud.com,Amazon Amazon RSA 2048 M04,third,,TLSv1.3,True
jumpjump.io,Google Trust Services WE1,third,,TLSv1.3,True
junglefrog.com,Google Trust Services WE1,third,,TLSv1.3,True
jungleheart.com,unknown,unknown,,unknown,False
juniper.net,Amazon Amazon RSA 2048 M01,third,,TLSv1.2,True
junkemailfilter.com,Let's Encrypt YR1,third,,TLSv1.2,True
junosaent.com,Google Trust Services WE1,third,,TLSv1.3,True
jup.ag,Google Trust Services WE1,third,,TLSv1.3,True
jupiteradx.com,Let's Encrypt YR1,third,,TLSv1.3,True
jusbrasil.com.br,Let's Encrypt YE1,third,,TLSv1.3,True
juspay.in,Amazon Amazon RSA 2048 M04,third,,TLSv1.3,True
just-eat.co.uk,Let's Encrypt YE2,third,,TLSv1.3,True
justanswer.com,Starfield Technologies Starfield TLS Intermediate CA DV - R1v1,third,,TLSv1.2,True
justdial.com,DigiCert Inc GeoTrust TLS RSA CA G1,third,,TLSv1.3,True
justia.com,Sectigo Limited Sectigo Public Server Authentication CA DV R36,third,,TLSv1.3,True
justice.gov,SSL Corporation Cloudflare TLS Issuing ECC CA 3,third,,TLSv1.3,True
justservingfiles.net,unknown,unknown,,unknown,False
justwatch.com,Google Trust Services WR3,third,,TLSv1.3,True
jw-cdn.org,infrastructure,infrastructure,,unknown,False
jw.org,Let's Encrypt YR2,third,,TLSv1.3,True
jwpcdn.com,infrastructure,infrastructure,,unknown,False
jwplatform.com,Amazon Amazon RSA 2048 M04,third,,TLSv1.2,True
jwplayer.com,Google Trust Services WE1,third,,TLSv1.3,True
jwpltx.com,Amazon Amazon RSA 2048 M01,third,,TLSv1.3,True
jwpsrv.com,Amazon Amazon RSA 2048 M01,third,,TLSv1.3,True
k-2-j-d.com,Google Trust Services WE1,third,,TLSv1.3,True
k-img.com,unknown,unknown,,unknown,False
k-words.io,Google Trust Services WE1,third,,TLSv1.3,True
k5a.io,unknown,unknown,,unknown,False
k8s.io,Google Trust Services WR3,third,,TLSv1.3,True
k8slens.dev,GlobalSign nv-sa GlobalSign Atlas R46 DV TLS CA 2026 Q2,third,,TLSv1.3,True
kabum.com.br,Amazon Amazon RSA 2048 M04,third,,TLSv1.3,True
kabutan.jp,Amazon Amazon RSA 2048 M04,third,,TLSv1.3,True
kabutoservices.com,unknown,unknown,,unknown,False
kahoot.it,Amazon Amazon RSA 2048 M02,third,,TLSv1.3,True
kaik.ai,Google Trust Services WE1,third,,TLSv1.3,True
kaizengaming.com,DigiCert Inc DigiCert Global G2 TLS RSA SHA256 2020 CA1,third,,TLSv1.3,True
kakao.com,DigiCert Inc Thawte TLS RSA CA G1,third,,TLSv1.3,True
kakaocdn.net,infrastructure,infrastructure,,unknown,False
kalshi.com,Let's Encrypt R12,third,,TLSv1.3,True
kaltura.com,Sectigo Limited Sectigo Public Server Authentication CA EV R36,third,,TLSv1.2,True
kambicdn.com,infrastructure,infrastructure,,unknown,False
kameleoon.eu,unknown,unknown,,unknown,False
kameleoon.io,unknown,unknown,,unknown,False
kampyle.com,Google Trust Services WE1,third,,TLSv1.3,True
kandji.io,Let's Encrypt YE1,third,,TLSv1.3,True
kaptcha.com,unknown,unknown,,unknown,False
kargo.com,Let's Encrypt YR2,third,,TLSv1.3,True
karte.io,Amazon Amazon RSA 2048 M02,third,,TLSv1.3,True
kartoshka.co.uk,unknown,unknown,,unknown,False
kas-labs.com,unknown,unknown,,unknown,False
kaspersky-labs.com,Kaspersky Lab Kaspersky Lab Public Services TLS CA G4,unknown,,TLSv1.3,True
kaspersky.com,DigiCert Inc DigiCert Global G2 TLS RSA SHA256 2020 CA1,third,,TLSv1.3,True
kaspi.kz,DigiCert Inc DigiCert Global G2 TLS RSA SHA256 2020 CA1,third,,TLSv1.3,True
kasserver.com,Sectigo Limited Sectigo Public Server Authentication CA DV R36,third,,TLSv1.3,True
kaufland.de,Google Trust Services WR3,third,,TLSv1.3,True
kayak.com,Let's Encrypt YR2,third,,TLSv1.3,True
kayzen.io,Let's Encrypt YR1,third,,TLSv1.3,True
kazfv.com,Let's Encrypt YE1,third,,TLSv1.2,True
kbb.com,Let's Encrypt YE1,third,,TLSv1.3,True
kbz0pwvxmv.com,Sectigo Limited Sectigo Public Server Authentication CA DV R36,third,,TLSv1.3,True
kbzpay.com,"GoDaddy.com, Inc. Go Daddy Secure Certificate Authority - G2",third,,TLSv1.3,True
kde.org,Sectigo Limited Sectigo Public Server Authentication CA DV R36,third,,TLSv1.3,True
kdocs.cn,"DigiCert, Inc. GeoTrust G2 TLS CN RSA4096 SHA256 2022 CA1",third,,TLSv1.3,True
ke.com,"DigiCert, Inc. GeoTrust G2 TLS CN RSA4096 SHA256 2022 CA1",third,,TLSv1.2,True
kebhana.mx,unknown,unknown,,unknown,False
keeflys.com,unknown,unknown,,unknown,False
keenetic.ru,Let's Encrypt YR1,third,,TLSv1.2,True
keepa.com,Google Trust Services WE1,third,,TLSv1.3,True
keepersecurity.com,Amazon Amazon RSA 2048 M04,third,,TLSv1.3,True
keeptruckin.com,Amazon Amazon RSA 2048 M01,third,,TLSv1.2,True
kegg.jp,Let's Encrypt YR2,third,,TLSv1.2,True
keplr.app,Google Trust Services WE1,third,,TLSv1.3,True
kernel.org,Let's Encrypt YE1,third,,TLSv1.3,True
ketchcdn.com,infrastructure,infrastructure,,unknown,False
ketchjs.com,unknown,unknown,,unknown,False
kettledroopingcontinuation.com,Let's Encrypt YR1,third,,TLSv1.2,True
keymetrics.io,Let's Encrypt YR2,third,,TLSv1.2,True
kfzimg.com,"DNSPod, Inc. DNSPod TLS RSA CA 2025",unknown,,TLSv1.2,True
kg-br.com,Google Trust Services WE1,third,,TLSv1.3,True
kgns1.com,unknown,unknown,,unknown,False
kgns3.com,unknown,unknown,,unknown,False
kgslb.com,unknown,unknown,,unknown,False
khanacademy.org,Amazon Amazon RSA 2048 M01,third,,TLSv1.3,True
kia.com,Sectigo Limited Sectigo Public Server Authentication CA OV R36,third,,TLSv1.2,True
kick.com,Google Trust Services WE1,third,,TLSv1.3,True
kickoffo.site,unknown,unknown,,unknown,False
kickstarter.com,Google Trust Services WE1,third,,TLSv1.3,True
kidoodle.tv,Amazon Amazon RSA 2048 M01,third,,TLSv1.3,True
kidoz.net,Starfield Technologies Starfield TLS Intermediate CA DV - R1v1,third,,TLSv1.2,True
kids360.app,Let's Encrypt YE1,third,,TLSv1.3,True
kiev.ua,unknown,unknown,,unknown,False
kijiji.ca,Google Trust Services WR3,third,,TLSv1.3,True
kikakeyboard.com,Amazon Amazon RSA 2048 M04,third,,TLSv1.2,True
kill-bot.ru,unknown,unknown,,unknown,False
kimberlite.io,GlobalSign nv-sa GlobalSign GCC R6 AlphaSSL CA 2025,third,,TLSv1.3,True
kimi.com,DigiCert Inc RapidSSL TLS RSA CA G1,third,,TLSv1.3,True
kinescope.io,Let's Encrypt YE2,third,,TLSv1.3,True
kinescopecdn.net,infrastructure,infrastructure,,unknown,False
king.com,Google Trust Services WR3,third,,TLSv1.3,True
kingqf.com,unknown,unknown,,unknown,False
kingsgroupgames.com,Amazon Amazon RSA 2048 M04,third,,TLSv1.2,True
kinopoisk.ru,GlobalSign nv-sa GlobalSign RSA OV SSL CA 2018,third,,TLSv1.3,True
kinozal.tv,unknown,unknown,,unknown,False
kinsta.cloud,Google Trust Services WE1,third,,TLSv1.3,True
kion.ru,GlobalSign nv-sa GlobalSign GCC R3 DV TLS CA 2020,third,,TLSv1.3,True
kiro.dev,Amazon Amazon RSA 2048 M01,third,,TLSv1.3,True
kit.com,Google Trust Services WE1,third,,TLSv1.3,True
kitco.com,Google Trust Services WR3,third,,TLSv1.3,True
kiwisizing.com,Let's Encrypt YR1,third,,TLSv1.3,True
klarna.com,Amazon Amazon RSA 2048 M01,third,,TLSv1.3,True
klarna.net,unknown,unknown,,unknown,False
klarnacdn.net,infrastructure,infrastructure,,unknown,False
klarnaevt.com,unknown,unknown,,unknown,False
klarnaservices.com,unknown,unknown,,unknown,False
klaviyo.com,Amazon Amazon RSA 2048 M04,third,,TLSv1.3,True
klclick.com,unknown,unknown,,unknown,False
kleinanzeigen.de,DigiCert Inc DigiCert Global G2 TLS RSA SHA256 2020 CA1,third,,TLSv1.3,True
klevu.com,Amazon Amazon RSA 2048 M04,third,,TLSv1.3,True
klingai.com,GlobalSign nv-sa GlobalSign GCC R3 DV TLS CA 2020,third,,TLSv1.3,True
klipy.com,Google Trust Services WE1,third,,TLSv1.2,True
klook.com,Amazon Amazon RSA 2048 M01,third,,TLSv1.3,True
kmart.com.au,DigiCert Inc DigiCert Global G3 TLS ECC SHA384 2020 CA1,third,,TLSv1.3,True
kmsmep.com,unknown,unknown,,unknown,False
knaben.org,Google Trust Services WE1,third,,TLSv1.3,True
knock.app,Google Trust Services WE1,third,,TLSv1.3,True
knotch-cdn.com,infrastructure,infrastructure,,unknown,False
knotch.it,Amazon Amazon RSA 2048 M01,third,,TLSv1.3,True
knowbe4.com,Amazon Amazon RSA 2048 M01,third,,TLSv1.3,True
knox-matrix.com,unknown,unknown,,unknown,False
kobo.com,Google Trust Services WE1,third,,TLSv1.3,True
kochava.com,Sectigo Limited Sectigo Public Server Authentication CA DV R36,third,,TLSv1.3,True
kohls.com,DigiCert Inc DigiCert Global G3 TLS ECC SHA384 2020 CA1,third,,TLSv1.3,True
kolide.com,Amazon Amazon RSA 2048 M01,third,,TLSv1.3,True
kombinat.digital,unknown,unknown,,unknown,False
komect.com,WoTrus CA Limited WoTrus DV Server CA  [Run by the Issuer],third,,TLSv1.2,True
kommo.com,"GoDaddy.com, Inc. Go Daddy Secure Certificate Authority - G2",third,,TLSv1.3,True
komoot.com,Amazon Amazon RSA 2048 M04,third,,TLSv1.3,True
kompas.com,Amazon Amazon RSA 2048 M04,third,,TLSv1.3,True
kompass.com,DigiCert Inc Thawte TLS RSA CA G1,third,,TLSv1.2,True
konami.net,unknown,unknown,,unknown,False
konfidency.com.br,Google Trust Services WE1,third,,TLSv1.3,True
konghq.com,Amazon Amazon RSA 2048 M04,third,,TLSv1.3,True
kontur.ru,unknown,unknown,,unknown,False
kookeey.info,Sectigo Limited Sectigo Public Server Authentication CA DV R36,third,,TLSv1.3,True
kookjar.com,unknown,unknown,,unknown,False
kpcdn.net,infrastructure,infrastructure,,unknown,False
kpnmail.nl,Amazon Amazon RSA 2048 M04,third,,TLSv1.3,True
kraken.com,Google Trust Services WE1,third,,TLSv1.3,True
krisp.ai,Google Trust Services WE1,third,,TLSv1.3,True
kroger.com,Sectigo Limited Sectigo Public Server Authentication CA OV E36,third,,TLSv1.3,True
kropozel.com,unknown,unknown,,unknown,False
krushmedia.com,Let's Encrypt YR1,third,,TLSv1.3,True
kryptex.network,unknown,unknown,,unknown,False
ks-cdn.com,infrastructure,infrastructure,,unknown,False
ks-la.net,unknown,unknown,,unknown,False
ks-live.com,unknown,unknown,,unknown,False
ksapisrv.com,GlobalSign nv-sa GlobalSign RSA OV SSL CA 2018,third,,TLSv1.2,True
ksearchnet.com,unknown,unknown,,unknown,False
kskwai.com,unknown,unknown,,unknown,False
kslawin.com,GlobalSign nv-sa GlobalSign GCC R3 DV TLS CA 2020,third,,TLSv1.3,True
ksmobile.com,unknown,unknown,,unknown,False
ksord.com,DigiCert Inc RapidSSL TLS RSA CA G1,third,,TLSv1.2,True
ksosoft.com,DigiCert Inc RapidSSL TLS RSA CA G1,third,,TLSv1.2,True
ksyna.net,unknown,unknown,,unknown,False
ksyun.com,"DigiCert, Inc. GeoTrust G2 TLS CN RSA4096 SHA256 2022 CA1",third,,TLSv1.2,True
ksyuncdn.com,infrastructure,infrastructure,,unknown,False
ksztone.com,DigiCert Inc RapidSSL TLS RSA CA G1,third,,TLSv1.3,True
ktfpkjt.com,unknown,unknown,,unknown,False
ktrackers.com,Google Trust Services WE1,third,,TLSv1.3,True
kts.fox,unknown,unknown,,unknown,False
kuaishou.com,GlobalSign nv-sa GlobalSign RSA OV SSL CA 2018,third,,TLSv1.2,True
kuaishouzt.com,GlobalSign nv-sa GlobalSign RSA OV SSL CA 2018,third,,TLSv1.2,True
kucoin.com,Amazon Amazon RSA 2048 M04,third,,TLSv1.3,True
kueezrtb.com,Let's Encrypt YE1,third,,TLSv1.3,True
kueezssp.com,Google Trust Services WE1,third,,TLSv1.3,True
kugou.com,"DigiCert, Inc. GeoTrust G2 TLS CN RSA4096 SHA256 2022 CA1",third,,TLSv1.2,True
kuiniuca.com,"DigiCert, Inc. GeoTrust G2 TLS CN RSA4096 SHA256 2022 CA1",third,,TLSv1.2,True
kumulos.com,Google Trust Services WE1,third,,TLSv1.3,True
kunlunaq.com,unknown,unknown,,unknown,False
kunluncan.com,unknown,unknown,,unknown,False
kunlungr.com,unknown,unknown,,unknown,False
kunlunhuf.com,unknown,unknown,,unknown,False
kunlunsl.com,unknown,unknown,,unknown,False
kunlunso.com,unknown,unknown,,unknown,False
kurogames.net,DigiCert Inc Encryption Everywhere DV TLS CA - G2,third,,TLSv1.2,True
kustomerapp.com,Amazon Amazon RSA 2048 M01,third,,TLSv1.3,True
kuwo.cn,"DigiCert, Inc. DigiCert Secure Site OV G2 TLS CN RSA4096 SHA256 2022 CA1",third,,TLSv1.3,True
kvaedit.site,unknown,unknown,,unknown,False
kw.com,Google Trust Services WE1,third,,TLSv1.3,True
kwai-pay.com,GlobalSign nv-sa GlobalSign GCC R3 DV TLS CA 2020,third,,TLSv1.3,True
kwai-pro.com,GlobalSign nv-sa GlobalSign GCC R3 DV TLS CA 2020,third,,TLSv1.3,True
kwai.com,GlobalSign nv-sa GlobalSign GCC R3 DV TLS CA 2020,third,,TLSv1.2,True
kwai.net,GlobalSign nv-sa GlobalSign RSA OV SSL CA 2018,third,,TLSv1.2,True
kwaicdn.com,infrastructure,infrastructure,,unknown,False
kwaipay.app,GlobalSign nv-sa GlobalSign GCC R3 DV TLS CA 2020,third,,TLSv1.2,True
kwaipros.com,GlobalSign nv-sa GlobalSign GCC R3 DV TLS CA 2020,third,,TLSv1.2,True
kwaizt.com,GlobalSign nv-sa GlobalSign RSA OV SSL CA 2018,third,,TLSv1.2,True
kwcdn.com,infrastructure,infrastructure,,unknown,False
kwimgs.com,GlobalSign nv-sa GlobalSign RSA OV SSL CA 2018,third,,TLSv1.2,True
kwork.com,GlobalSign nv-sa GlobalSign GCC R6 AlphaSSL CA 2025,third,,TLSv1.3,True
kwsp.gov.my,DigiCert Inc DigiCert Global G2 TLS RSA SHA256 2020 CA1,third,,TLSv1.3,True
kxcdn.com,infrastructure,infrastructure,,unknown,False
kxmp.cf,unknown,unknown,,unknown,False
kyocera.biz,unknown,unknown,,unknown,False
kytira.cc,unknown,unknown,,unknown,False
kzhi.tech,unknown,unknown,,unknown,False
l-agent.me,unknown,unknown,,unknown,False
l-cdn.com,infrastructure,infrastructure,,unknown,False
l-err.biz,unknown,unknown,,unknown,False
l1wt.com,unknown,unknown,,unknown,False
labadena.com,unknown,unknown,,unknown,False
labs.google,Google Trust Services WE2,private,,TLSv1.3,True
lacnic.net,DigiCert Inc DigiCert Global G2 TLS RSA SHA256 2020 CA1,third,,TLSv1.3,True
lacrossetechnology.com,Let's Encrypt YE1,third,,TLSv1.3,True
lacunads.com,Amazon Amazon RSA 2048 M04,third,,TLSv1.3,True
ladesk.com,Amazon Amazon RSA 2048 M04,third,,TLSv1.3,True
ladsp.com,GlobalSign nv-sa GlobalSign RSA OV SSL CA 2018,third,,TLSv1.2,True
lahuashanbx.com,unknown,unknown,,unknown,False
lalamove.com,"GoDaddy.com, Inc. Go Daddy Secure Certificate Authority - G2",third,,TLSv1.3,True
lamoda.ru,GlobalSign nv-sa GlobalSign GCC R3 DV TLS CA 2020,third,,TLSv1.3,True
languagetool.org,Google Trust Services WE1,third,,TLSv1.3,True
languagetoolplus.com,Let's Encrypt YR1,third,,TLSv1.2,True
lansweeper.com,Google Trust Services WE1,third,,TLSv1.3,True
laposte.net,Google Trust Services WR3,third,,TLSv1.3,True
larkoffice.com,DigiCert Inc RapidSSL TLS RSA CA G1,third,,TLSv1.3,True
larksuite.com,DigiCert Inc RapidSSL TLS RSA CA G1,third,,TLSv1.3,True
last.fm,Sectigo Limited Sectigo Public Server Authentication CA OV R36,third,,TLSv1.3,True
lastpass.com,GlobalSign nv-sa GlobalSign ECC EV SSL CA 2018,third,,TLSv1.3,True
lastwar.com,DigiCert Inc Encryption Everywhere DV TLS CA - G2,third,,TLSv1.3,True
lastwarapp.net,unknown,unknown,,unknown,False
lastwargame.com,DigiCert Inc Encryption Everywhere DV TLS CA - G2,third,,TLSv1.2,True
latamairlines.com,Google Trust Services WR3,third,,TLSv1.3,True
launchdarkly.com,Let's Encrypt YE2,third,,TLSv1.3,True
launchpad.net,Let's Encrypt YR1,third,,TLSv1.3,True
launchpadcontent.net,Let's Encrypt YR2,third,,TLSv1.3,True
lazada.co.id,GlobalSign nv-sa GlobalSign GCC R3 OV TLS CA 2024,third,,TLSv1.2,True
lazada.co.th,GlobalSign nv-sa GlobalSign GCC R3 OV TLS CA 2024,third,,TLSv1.2,True
lazada.com,GlobalSign nv-sa GlobalSign GCC R3 OV TLS CA 2024,third,,TLSv1.2,True
lazada.com.my,GlobalSign nv-sa GlobalSign GCC R3 OV TLS CA 2024,third,,TLSv1.2,True
lazada.com.ph,GlobalSign nv-sa GlobalSign GCC R3 OV TLS CA 2024,third,,TLSv1.2,True
lazada.sg,GlobalSign nv-sa GlobalSign GCC R3 OV TLS CA 2024,third,,TLSv1.2,True
lazada.vn,GlobalSign nv-sa GlobalSign GCC R3 OV TLS CA 2024,third,,TLSv1.2,True
lazcdn.com,infrastructure,infrastructure,,unknown,False
laztys.tech,unknown,unknown,,unknown,False
lazybumblebee.com,Google Trust Services WE1,third,,TLSv1.3,True
lbank.com,Amazon Amazon RSA 2048 M01,third,,TLSv1.3,True
lbkrs.com,Alibaba Cloud Computing Ltd. Alibaba Cloud GCC R46 AlphaSSL CA 2025,third,,TLSv1.3,True
lbsg.net,Amazon Amazon RSA 2048 M04,third,,TLSv1.3,True
ldmnq.com,DigiCert Inc Encryption Everywhere DV TLS CA - G2,third,,TLSv1.2,True
ldplayer.net,DigiCert Inc DigiCert Global G3 TLS ECC SHA384 2020 CA1,third,,TLSv1.3,True
ldpskeotj.com,unknown,unknown,,unknown,False
ldrescdn.com,infrastructure,infrastructure,,unknown,False
le1twed.com,unknown,unknown,,unknown,False
leadconnectorhq.com,Google Trust Services WE1,third,,TLSv1.3,True
leadinfo.net,Amazon Amazon RSA 2048 M04,third,,TLSv1.3,True
leagueofgraphs.com,Google Trust Services WE1,third,,TLSv1.3,True
leagueoflegends.com,Amazon Amazon RSA 2048 M04,third,,TLSv1.2,True
leap.app,Amazon Amazon RSA 2048 M01,third,,TLSv1.2,True
leapevents.com,Let's Encrypt YE1,third,,TLSv1.3,True
learnings.ai,Amazon Amazon RSA 2048 M01,third,,TLSv1.2,True
leboncoin.fr,Amazon Amazon RSA 2048 M04,third,,TLSv1.3,True
ledger.com,Google Trust Services WE1,third,,TLSv1.3,True
leet-tracker.moe,unknown,unknown,,unknown,False
lefigaro.fr,DigiCert Inc DigiCert Global G3 TLS ECC SHA384 2020 CA1,third,,TLSv1.3,True
leg.br,unknown,unknown,,unknown,False
legacy.com,Let's Encrypt YR2,third,,TLSv1.3,True
lego.com,Amazon Amazon RSA 2048 M01,third,,TLSv1.3,True
leiniao.com,Let's Encrypt YR1,third,,TLSv1.3,True
lemmy.world,Google Trust Services WE1,third,,TLSv1.3,True
lemon8-app.com,DigiCert Inc RapidSSL TLS ECC CA G1,third,,TLSv1.3,True
lemonde.fr,Let's Encrypt YR1,third,,TLSv1.3,True
lemonpi.io,unknown,unknown,,unknown,False
lencr.org,Let's Encrypt YE2,third,,TLSv1.3,True
lenovo.com,DigiCert Inc DigiCert Global G2 TLS RSA SHA256 2020 CA1,third,,TLSv1.3,True
lenovo.com.cn,DigiCert Inc DigiCert Global G2 TLS RSA SHA256 2020 CA1,third,,TLSv1.3,True
lenovomm.cn,unknown,unknown,,unknown,False
lenovomm.com,"DigiCert, Inc. GeoTrust G2 TLS CN RSA4096 SHA256 2022 CA1",third,,TLSv1.2,True
lenta.com,GlobalSign nv-sa GlobalSign RSA OV SSL CA 2018,third,,TLSv1.3,True
lenta.ru,GlobalSign nv-sa GlobalSign GCC R3 DV TLS CA 2020,third,,TLSv1.2,True
lenta.tech,Let's Encrypt YR1,third,,TLSv1.3,True
lequipe.fr,DigiCert Inc GeoTrust TLS RSA CA G1,third,,TLSv1.3,True
leroymerlin.com.br,DigiCert Inc GeoTrust TLS RSA CA G1,third,,TLSv1.3,True
leroymerlin.fr,GlobalSign nv-sa GlobalSign Atlas R3 DV TLS CA 2026 Q1,third,,TLSv1.3,True
lesoir.be,Let's Encrypt YR2,third,,TLSv1.3,True
lesta.ru,GlobalSign nv-sa GlobalSign RSA OV SSL CA 2018,third,,TLSv1.2,True
letsencrypt.org,Let's Encrypt YE2,third,,TLSv1.3,True
letterboxd.com,Google Trust Services WE1,third,,TLSv1.3,True
letyshops.com,Amazon Amazon RSA 2048 M03,third,,TLSv1.3,True
leuchtstark.de,Google Trust Services WE1,third,,TLSv1.3,True
levect.com,DigiCert Inc RapidSSL TLS RSA CA G1,third,,TLSv1.3,True
lever.co,Let's Encrypt YR2,third,,TLSv1.3,True
lexisnexis.com,GlobalSign nv-sa GlobalSign RSA OV SSL CA 2018,third,,TLSv1.2,True
lexmark.com,DigiCert Inc DigiCert Global G3 TLS ECC SHA384 2020 CA1,third,,TLSv1.3,True
lfeeder.com,Amazon Amazon RSA 2048 M01,third,,TLSv1.3,True
lflinkup.com,unknown,unknown,,unknown,False
lg.com,Amazon Amazon RSA 2048 M01,third,,TLSv1.2,True
lg.jp,unknown,unknown,,unknown,False
lgappstv.com,Sectigo Limited Sectigo Public Server Authentication CA OV R36,third,,TLSv1.2,True
lgbusinesscloud.com,Amazon Amazon RSA 2048 M04,third,,TLSv1.3,True
lge.com,Amazon Amazon RSA 2048 M04,third,,TLSv1.2,True
lgeapi.com,unknown,unknown,,unknown,False
lgrckt-in.com,unknown,unknown,,unknown,False
lgsmartad.com,unknown,unknown,,unknown,False
lgsmartplatform.com,unknown,unknown,,unknown,False
lgthinq.com,Amazon Amazon RSA 2048 M01,third,,TLSv1.2,True
lgtvcommon.com,unknown,unknown,,unknown,False
lgtvsdp.com,unknown,unknown,,unknown,False
liadm.com,unknown,unknown,,unknown,False
liangxin1.xyz,unknown,unknown,,unknown,False
lianjia.com,"DigiCert, Inc. GeoTrust G2 TLS CN RSA4096 SHA256 2022 CA1",third,,TLSv1.2,True
libbyapp.com,Google Trust Services WR1,third,,TLSv1.3,True
libbyshelf.com,Google Trust Services WR1,third,,TLSv1.2,True
libero.it,Sectigo Limited Sectigo Public Server Authentication CA OV R36,third,,TLSv1.2,True
libp2p.direct,unknown,unknown,,unknown,False
libp2p.io,Let's Encrypt YR1,third,,TLSv1.3,True
library.link,Amazon Amazon RSA 2048 M04,third,,TLSv1.3,True
librarything.com,Google Trust Services WE1,third,,TLSv1.3,True
libreview.io,unknown,unknown,,unknown,False
libria.fun,unknown,unknown,,unknown,False
libsyn.com,Sectigo Limited Sectigo Public Server Authentication CA OV E36,third,,TLSv1.3,True
libtorrent.org,Let's Encrypt YR1,third,,TLSv1.3,True
licdn.com,infrastructure,infrastructure,,unknown,False
licelus.com,Sectigo Limited Sectigo Public Server Authentication CA DV R36,third,,TLSv1.3,True
licensingstack.com,unknown,unknown,,unknown,False
lichess.org,Let's Encrypt YE2,third,,TLSv1.3,True
lidlplus.com,SwissSign AG SwissSign RSA TLS OV ICA 2022 - 1,third,,TLSv1.3,True
life360.com,Amazon Amazon RSA 2048 M01,third,,TLSv1.2,True
lifeaiot.com,DigiCert Inc RapidSSL TLS RSA CA G1,third,,TLSv1.3,True
lifelock.com,Sectigo Limited Sectigo Public Server Authentication CA OV R36,third,,TLSv1.3,True
lifesizecloud.com,unknown,unknown,,unknown,False
liftdsp.com,Let's Encrypt YR2,third,,TLSv1.3,True
liftoff-creatives.io,unknown,unknown,,unknown,False
liftoff.io,Google Trust Services WE1,third,,TLSv1.3,True
liftyad.xyz,unknown,unknown,,unknown,False
lightboxcdn.com,infrastructure,infrastructure,,unknown,False
lightspeed.app,Let's Encrypt YE1,third,,TLSv1.3,True
lijit.com,Amazon Amazon RSA 2048 M01,third,,TLSv1.3,True
like-video.com,GlobalSign nv-sa GlobalSign GCC R6 AlphaSSL CA 2025,third,,TLSv1.2,True
like.video,GlobalSign nv-sa GlobalSign GCC R6 AlphaSSL CA 2025,third,,TLSv1.2,True
likee.com,GlobalSign nv-sa GlobalSign GCC R6 AlphaSSL CA 2025,third,,TLSv1.2,True
likee.video,GlobalSign nv-sa GlobalSign GCC R6 AlphaSSL CA 2025,third,,TLSv1.2,True
likeevideo.ru,GlobalSign nv-sa GlobalSign GCC R6 AlphaSSL CA 2025,third,,TLSv1.2,True
likeinter.com,ZeroSSL GmbH ZeroSSL ECC DV SSL CA 2,third,,TLSv1.2,True
likr.tw,Google Trust Services WE1,third,,TLSv1.3,True
lilith.com,DigiCert Inc RapidSSL TLS RSA CA G1,third,,TLSv1.3,True
lilithgame.com,DigiCert Inc Encryption Everywhere DV TLS CA - G2,third,,TLSv1.3,True
limetorrents.fun,Google Trust Services WE1,third,,TLSv1.3,True
line-apps.com,unknown,unknown,,unknown,False
line-scdn.net,infrastructure,infrastructure,,unknown,False
line.biz,GlobalSign nv-sa GlobalSign RSA OV SSL CA 2018,third,,TLSv1.3,True
line.me,GlobalSign nv-sa GlobalSign RSA OV SSL CA 2018,third,,TLSv1.3,True
linear.app,Let's Encrypt YE2,third,,TLSv1.3,True
linewize.net,Google Trust Services WR3,third,,TLSv1.3,True
link.me,Google Trust Services WE1,third,,TLSv1.3,True
linke.ai,DigiCert Inc Encryption Everywhere DV TLS CA - G2,third,,TLSv1.2,True
linkedin-ei.com,DigiCert Inc DigiCert Global G2 TLS RSA SHA256 2020 CA1,third,,TLSv1.3,True
linkedin.com,DigiCert Inc DigiCert Global G2 TLS RSA SHA256 2020 CA1,third,,TLSv1.3,True
linkfire.com,Amazon Amazon RSA 2048 M02,third,,TLSv1.3,True
linkme.global,Google Trust Services WE1,third,,TLSv1.3,True
linkplay.com,Let's Encrypt YR2,third,,TLSv1.3,True
linkssp.ru,Let's Encrypt YR2,third,,TLSv1.3,True
linksynergy.com,unknown,unknown,,unknown,False
linksys.com,Google Trust Services WE1,third,,TLSv1.3,True
linksyssmartwifi.com,DigiCert Inc DigiCert EV RSA CA G2,third,,TLSv1.2,True
linktr.ee,Let's Encrypt YR1,third,,TLSv1.2,True
linkvertise.com,Google Trust Services WE1,third,,TLSv1.3,True
linode.com,Let's Encrypt YR1,third,,TLSv1.3,True
linodeobjects.com,unknown,unknown,,unknown,False
linodeusercontent.com,unknown,unknown,,unknown,False
linux.do,Google Trust Services WE1,third,,TLSv1.3,True
liongard.com,Let's Encrypt YR1,third,,TLSv1.3,True
lionic.com,Let's Encrypt YR2,third,,TLSv1.2,True
list-manage.com,unknown,unknown,,unknown,False
listdl.com,unknown,unknown,,unknown,False
listrakbi.com,Sectigo Limited Sectigo Public Server Authentication CA DV R36,third,,TLSv1.3,True
litatom.com,"Beijing Xinchacha Credit Management Co., Ltd. Xcc Trust DV SSL CA",third,,TLSv1.3,True
litespeedtech.com,Let's Encrypt R12,third,,TLSv1.3,True
lithium.com,"GoDaddy.com, Inc. Go Daddy Secure Certificate Authority - G2",unknown,,TLSv1.2,True
litix.io,ZeroSSL GmbH ZeroSSL RSA DV SSL CA 2,third,,TLSv1.3,True
litres.ru,GlobalSign nv-sa GlobalSign GCC R6 AlphaSSL CA 2025,third,,TLSv1.3,True
littlepinepark.com,unknown,unknown,,unknown,False
live-video.net,unknown,unknown,,unknown,False
live.com,Microsoft Corporation Microsoft TLS G2 RSA CA OCSP 16,private,,TLSv1.3,True
live.net,unknown,unknown,,unknown,False
liveauctioneers.com,Amazon Amazon RSA 2048 M04,third,,TLSv1.3,True
livechatinc.com,Google Trust Services WE1,third,,TLSv1.3,True
liveintent.com,Google Trust Services WE1,third,,TLSv1.3,True
livejasmin.com,Sectigo Limited Sectigo Public Server Authentication CA OV R36,third,,TLSv1.3,True
livejournal.com,GlobalSign nv-sa GlobalSign GCC R3 DV TLS CA 2020,third,,TLSv1.3,True
livejournal.net,GlobalSign nv-sa GlobalSign GCC R3 DV TLS CA 2020,third,,TLSv1.3,True
livekit.cloud,ZeroSSL GmbH ZeroSSL RSA DV SSL CA 2,third,,TLSv1.3,True
livemediahost.com,unknown,unknown,,unknown,False
liveperson.net,unknown,unknown,,unknown,False
liveramp.com,Google Trust Services WE1,third,,TLSv1.3,True
liverpool.com.mx,DigiCert Inc DigiCert Global G2 TLS RSA SHA256 2020 CA1,third,,TLSv1.3,True
livescore.com,Google Trust Services WR3,third,,TLSv1.3,True
livesport.services,unknown,unknown,,unknown,False
livesportmedia.eu,Let's Encrypt YR1,third,,TLSv1.3,True
livetex.ru,Let's Encrypt YR1,third,,TLSv1.2,True
liveworksheets.com,Google Trust Services WE1,third,,TLSv1.3,True
lkdgdcg1.com,unknown,unknown,,unknown,False
llamarpc.com,Let's Encrypt YE1,third,,TLSv1.3,True
llvpn.com,Google Trust Services WE1,third,,TLSv1.3,True
lmcdn.ru,infrastructure,infrastructure,,unknown,False
lmstudio.ai,Google Trust Services WE1,third,,TLSv1.3,True
ln-msedge.net,unknown,unknown,,unknown,False
lngtd.com,Amazon Amazon RSA 2048 M01,third,,TLSv1.3,True
lnkdns.net,unknown,unknown,,unknown,False
loadbee.com,Amazon Amazon RSA 2048 M04,third,,TLSv1.3,True
loc.gov,Let's Encrypt YE2,third,,TLSv1.3,True
locale.online,Google Trust Services WE1,third,,TLSv1.2,True
localnowapi.com,unknown,unknown,,unknown,False
localytics.com,Let's Encrypt YR1,third,,TLSv1.3,True
locaweb.com.br,GlobalSign nv-sa GlobalSign GCC R6 AlphaSSL CA 2025,third,,TLSv1.2,True
locketcamera.com,Google Trust Services WR3,third,,TLSv1.3,True
lockly.com,Let's Encrypt YE1,third,,TLSv1.3,True
locknewslab.com,Let's Encrypt E7,third,,TLSv1.3,True
logbase.io,Google Trust Services WE1,third,,TLSv1.3,True
logdna.com,Google Trust Services WE1,third,,TLSv1.3,True
logentries.com,Amazon Amazon RSA 2048 M01,third,,TLSv1.3,True
loggi.com,Google Trust Services WE1,third,,TLSv1.3,True
loggly.com,DigiCert Inc GeoTrust TLS RSA CA G1,third,,TLSv1.3,True
logi.com,Amazon Amazon RSA 2048 M04,third,,TLSv1.2,True
logicmonitor.com,Google Trust Services WE1,third,,TLSv1.3,True
logicnow.us,unknown,unknown,,unknown,False
logitech.com,Amazon Amazon RSA 2048 M01,third,,TLSv1.2,True
logitech.io,unknown,unknown,,unknown,False
logitechg.com,Amazon Amazon RSA 2048 M01,third,,TLSv1.2,True
logly.co.jp,Amazon Amazon RSA 2048 M01,third,,TLSv1.3,True
logme.in,DigiCert Inc DigiCert Global G2 TLS RSA SHA256 2020 CA1,third,,TLSv1.3,True
logmein.com,DigiCert Inc DigiCert Global G2 TLS RSA SHA256 2020 CA1,third,,TLSv1.3,True
logmeininc.com,DigiCert Inc DigiCert Global G2 TLS RSA SHA256 2020 CA1,third,,TLSv1.3,True
logmeinrescue.com,DigiCert Inc DigiCert Global G2 TLS RSA SHA256 2020 CA1,third,,TLSv1.3,True
logos.com,Let's Encrypt YE1,third,,TLSv1.3,True
logr-in.com,unknown,unknown,,unknown,False
logr-ingest.com,unknown,unknown,,unknown,False
logsanalytics.net,Google Trust Services WR3,third,,TLSv1.3,True
lojasrenner.com.br,Sectigo Limited Sectigo RSA Domain Validation Secure Server CA,third,,TLSv1.2,True
lokalise.co,unknown,unknown,,unknown,False
lokalise.com,Amazon Amazon RSA 2048 M04,third,,TLSv1.3,True
lolesports.com,IdenTrust HydrantID Server CA O1,third,,TLSv1.3,True
loli.net,Google Trust Services WE1,third,,TLSv1.3,True
long.tv,Let's Encrypt YR2,third,,TLSv1.3,True
longmusic.com,unknown,unknown,,unknown,False
loo3laej.com,Google Trust Services WE1,third,,TLSv1.3,True
looker.com,Google Trust Services WE2,private,,TLSv1.3,True
lookout-life.com,unknown,unknown,,unknown,False
lookout.com,Let's Encrypt YR1,third,,TLSv1.3,True
loom.com,Amazon Amazon RSA 2048 M04,third,,TLSv1.3,True
loomgames.com,Google Trust Services WE1,third,,TLSv1.3,True
loopme.me,Let's Encrypt YR1,third,,TLSv1.3,True
loopmertb.com,unknown,unknown,,unknown,False
loox.io,Google Trust Services WE1,third,,TLSv1.3,True
loudecho.ai,Google Trust Services WE1,third,,TLSv1.3,True
loudtalks.com,unknown,unknown,,unknown,False
louisvuitton.com,DigiCert Inc GeoTrust TLS RSA CA G1,third,,TLSv1.3,True
loupan.com,GlobalSign nv-sa GlobalSign GCC R6 AlphaSSL CA 2025,third,,TLSv1.2,True
lovable.app,Google Trust Services WE1,third,,TLSv1.3,True
lovable.dev,Google Trust Services WE1,third,,TLSv1.3,True
lovart.ai,DigiCert Inc Encryption Everywhere DV TLS CA - G2,third,,TLSv1.3,True
love8.ltd,DigiCert Inc RapidSSL TLS RSA CA G1,third,,TLSv1.3,True
lovense-api.com,Google Trust Services WE1,third,,TLSv1.3,True
loveprogram.tech,unknown,unknown,,unknown,False
lovescape.com,SSL Corporation Cloudflare TLS Issuing ECC CA 3,third,,TLSv1.3,True
lovetrue.co.uk,unknown,unknown,,unknown,False
lowes.com,Sectigo Limited Sectigo Public Server Authentication CA OV E36,third,,TLSv1.3,True
lowescdn.com,infrastructure,infrastructure,,unknown,False
lowlaglabs.io,Amazon Amazon RSA 2048 M01,third,,TLSv1.3,True
lowyat.net,Google Trust Services WE1,third,,TLSv1.3,True
loxonecloud.com,Let's Encrypt R13,third,,TLSv1.2,True
loyaltylion.net,unknown,unknown,,unknown,False
lpomxfbjs.com,unknown,unknown,,unknown,False
lporirxe.com,unknown,unknown,,unknown,False
lpsnmedia.net,unknown,unknown,,unknown,False
lrclib.net,Let's Encrypt YE1,third,,TLSv1.3,True
lrkt-in.com,unknown,unknown,,unknown,False
lsapp.eu,Let's Encrypt YR2,third,,TLSv1.3,True
lscr.io,Let's Encrypt YR2,third,,TLSv1.3,True
lsdwedsfsc.site,unknown,unknown,,unknown,False
lsfilter.com,Let's Encrypt YR1,third,,TLSv1.3,True
lsid.eu,Let's Encrypt YR1,third,,TLSv1.3,True
lsmedia1.com,unknown,unknown,,unknown,False
lswf.net,unknown,unknown,,unknown,False
ltguevmavv.com,unknown,unknown,,unknown,False
ltmsphrcl.net,unknown,unknown,,unknown,False
ltwebstatic.com,"DigiCert, Inc. DigiCert Secure Site OV G2 TLS CN RSA4096 SHA256 2022 CA1",third,,TLSv1.2,True
lu.se,Let's Encrypt YR2,third,,TLSv1.2,True
luarmor.net,Google Trust Services WE1,third,,TLSv1.3,True
lucid.app,Let's Encrypt YE1,third,,TLSv1.3,True
lucidhq.cloud,unknown,unknown,,unknown,False
luckyorange.com,Let's Encrypt YE2,third,,TLSv1.3,True
luddo.net,unknown,unknown,,unknown,False
ludwig.guru,Let's Encrypt YE1,third,,TLSv1.2,True
luigisbox.com,Google Trust Services WE1,third,,TLSv1.3,True
luigisbox.tech,unknown,unknown,,unknown,False
lululemon.com,Sectigo Limited Sectigo Public Server Authentication CA OV E36,third,,TLSv1.3,True
lum-sdk.io,Amazon Amazon RSA 2048 M04,third,,TLSv1.3,True
lumtest.com,Sectigo Limited Sectigo Public Server Authentication CA DV R36,third,,TLSv1.3,True
lunalabs.io,Google Trust Services WE1,third,,TLSv1.3,True
lunamedia.live,unknown,unknown,,unknown,False
lunarclient.com,Google Trust Services WE1,third,,TLSv1.3,True
lunarclientprod.com,Google Trust Services WE1,third,,TLSv1.3,True
lura.live,unknown,unknown,,unknown,False
luxcdn.com,infrastructure,infrastructure,,unknown,False
luxedecor.com,Let's Encrypt YR2,third,,TLSv1.3,True
lvh.me,unknown,unknown,,unknown,False
lww.com,Google Trust Services WE1,third,,TLSv1.3,True
lxdns.com,unknown,unknown,,unknown,False
lyft.com,Amazon Amazon RSA 2048 M04,third,,TLSv1.3,True
lync.com,Microsoft Corporation Microsoft TLS G2 RSA CA OCSP 16,unknown,,TLSv1.3,True
lyst.com,Amazon Amazon RSA 2048 M04,third,,TLSv1.2,True
lytics.io,Google Trust Services WE1,third,,TLSv1.3,True
m2catalyst.com,Let's Encrypt YR2,third,,TLSv1.3,True
ma-shops.com,Sectigo Limited Sectigo Public Server Authentication CA DV R36,third,,TLSv1.3,True
ma-tag.com,Google Trust Services WR3,third,,TLSv1.3,True
macrium.com,Google Trust Services WE1,third,,TLSv1.3,True
macroaxis.com,Amazon Amazon RSA 2048 M01,third,,TLSv1.3,True
macromedia.com,DigiCert Inc DigiCert Global G2 TLS RSA SHA256 2020 CA1,third,,TLSv1.3,True
macrumors.com,Google Trust Services WE1,third,,TLSv1.3,True
macys.com,Sectigo Limited Sectigo Public Server Authentication CA OV R36,third,,TLSv1.3,True
macysassets.com,Sectigo Limited Sectigo Public Server Authentication CA OV R36,third,,TLSv1.3,True
made-in-china.com,"DigiCert, Inc. DigiCert Basic OV G2 TLS CN RSA4096 SHA256 2022 CA1",third,,TLSv1.3,True
maersk.com,Let's Encrypt YE1,third,,TLSv1.3,True
maersk.io,unknown,unknown,,unknown,False
magazineluiza.com.br,GlobalSign nv-sa GlobalSign Atlas R3 OV TLS CA 2026 Q1,third,,TLSv1.3,True
magichue.net,"Beijing Xinchacha Credit Management Co., Ltd. Xcc Trust DV SSL CA",third,,TLSv1.2,True
magnacom.net,Let's Encrypt YE2,third,,TLSv1.2,True
magnific.com,Let's Encrypt YR2,third,,TLSv1.3,True
magnit.ru,GlobalSign nv-sa GlobalSign GCC R3 DV TLS CA 2020,third,,TLSv1.3,True
magnite.com,Amazon Amazon RSA 2048 M01,third,,TLSv1.3,True
magonet.ru,unknown,unknown,,unknown,False
mail-archive.com,Google Trust Services WE1,third,,TLSv1.3,True
mail.com,Sectigo Limited Sectigo Public Server Authentication CA OV R36,third,,TLSv1.3,True
mail.ru,Let's Encrypt YR1,third,,TLSv1.2,True
mail.tm,Google Trust Services WE1,third,,TLSv1.3,True
mailbox.org,DigiCert Inc Thawte TLS RSA CA G1,third,,TLSv1.3,True
mailchimp.com,DigiCert Inc DigiCert Global G2 TLS RSA SHA256 2020 CA1,third,,TLSv1.3,True
mailerlite.com,Google Trust Services WE1,third,,TLSv1.3,True
mailfence.com,Let's Encrypt YR2,third,,TLSv1.3,True
mailgun.net,unknown,unknown,,unknown,False
mailgun.org,Let's Encrypt YE2,third,,TLSv1.3,True
mailmunch.co,unknown,unknown,,unknown,False
mailspike.net,Amazon Amazon RSA 2048 M04,third,,TLSv1.2,True
mainadv.com,Google Trust Services WE1,third,,TLSv1.3,True
mainroll.com,Amazon Amazon RSA 2048 M04,third,,TLSv1.3,True
maisonsdumonde.com,Google Trust Services WR1,third,,TLSv1.3,True
maissbt.com,Amazon Amazon RSA 2048 M04,third,,TLSv1.3,True
make.com,Google Trust Services WE1,third,,TLSv1.3,True
makemytrip.com,"GoDaddy.com, Inc. Go Daddy Secure Certificate Authority - G2",third,,TLSv1.2,True
makerworld.com,Google Trust Services WE1,third,,TLSv1.3,True
malwarebytes.com,Let's Encrypt YE2,third,,TLSv1.3,True
mam.dev,unknown,unknown,,unknown,False
managed-protection.com,unknown,unknown,,unknown,False
manageengine.com,Sectigo Limited Sectigo Public Server Authentication CA DV R36,third,,TLSv1.2,True
mandrillapp.com,DigiCert Inc DigiCert Global G2 TLS RSA SHA256 2020 CA1,third,,TLSv1.3,True
mangadex.org,Let's Encrypt YE1,third,,TLSv1.3,True
mangago.me,Google Trust Services WE1,third,,TLSv1.3,True
mangapicgallery.com,unknown,unknown,,unknown,False
mango.com,Amazon Amazon RSA 2048 M04,third,,TLSv1.3,True
mangomob.net,DigiCert Inc Encryption Everywhere DV TLS CA - G2,third,,TLSv1.2,True
manjaro.org,Let's Encrypt E8,third,,TLSv1.3,True
mantis-intelligence.com,Let's Encrypt YR1,third,,TLSv1.3,True
manuals.plus,Google Trust Services WE1,third,,TLSv1.3,True
manualslib.com,"GoDaddy.com, Inc. Go Daddy Secure Certificate Authority - G2",third,,TLSv1.3,True
manus.im,Amazon Amazon RSA 2048 M01,third,,TLSv1.3,True
manyvids.com,Amazon Amazon RSA 2048 M02,third,,TLSv1.3,True
mapbox.com,GlobalSign nv-sa GlobalSign Atlas R3 DV TLS CA 2025 Q4,third,,TLSv1.2,True
mapq.st,Amazon Amazon RSA 2048 M03,third,,TLSv1.2,True
mapquest.com,Amazon Amazon RSA 2048 M04,third,,TLSv1.3,True
maptiler.com,Google Trust Services WE1,third,,TLSv1.3,True
maptons.com,Google Trust Services WE1,third,,TLSv1.3,True
marathonbet.com,Google Trust Services WE1,third,,TLSv1.3,True
marca.com,Sectigo Limited Sectigo Public Server Authentication CA DV R36,third,,TLSv1.3,True
marinetraffic.com,Google Trust Services WE1,third,,TLSv1.3,True
markbroumand.com,Let's Encrypt YE1,third,,TLSv1.3,True
marker.io,Google Trust Services WE1,third,,TLSv1.3,True
marketingcloudapis.com,unknown,unknown,,unknown,False
marketiq.com,Let's Encrypt YR1,third,,TLSv1.3,True
marketo.com,Google Trust Services WE1,third,,TLSv1.3,True
marketo.net,unknown,unknown,,unknown,False
marketscreener.com,GlobalSign nv-sa GlobalSign GCC R3 DV TLS CA 2020,third,,TLSv1.3,True
marketwatch.com,Amazon Amazon RSA 2048 M04,third,,TLSv1.3,True
marktplaats.nl,Amazon Amazon RSA 2048 M04,third,,TLSv1.3,True
marphezis.com,unknown,unknown,,unknown,False
marriott.com,Sectigo Limited Sectigo Public Server Authentication CA OV R40,third,,TLSv1.3,True
martianinc.co,unknown,unknown,,unknown,False
martted.com,Let's Encrypt YR2,third,,TLSv1.3,True
marzaent.com,Google Trust Services WE1,third,,TLSv1.3,True
mastercard.com,DigiCert Inc DigiCert Global G2 TLS RSA SHA256 2020 CA1,third,,TLSv1.2,True
mastodon.social,Let's Encrypt YR1,third,,TLSv1.3,True
match.com,Google Trust Services WE1,third,,TLSv1.3,True
matchtv.ru,GlobalSign nv-sa GlobalSign GCC R3 DV TLS CA 2020,third,,TLSv1.2,True
matheranalytics.com,unknown,unknown,,unknown,False
mathtag.com,DigiCert Inc DigiCert Global G2 TLS RSA SHA256 2020 CA1,third,,TLSv1.2,True
mathworks.com,Amazon Amazon RSA 2048 M04,third,,TLSv1.3,True
maticooads.com,unknown,unknown,,unknown,False
matomo.cloud,Let's Encrypt YR2,third,,TLSv1.3,True
matrix.org,Google Trust Services WE1,third,,TLSv1.3,True
mattel163.com,"DigiCert, Inc. GeoTrust G2 TLS CN RSA4096 SHA256 2022 CA1",third,,TLSv1.2,True
matterport.com,"GoDaddy.com, Inc. Go Daddy Secure Certificate Authority - G2",third,,TLSv1.3,True
maven.org,Amazon Amazon RSA 2048 M04,third,,TLSv1.3,True
maverickslink.com,Let's Encrypt YE1,third,,TLSv1.3,True
mavrtracktor.com,Google Trust Services WE1,third,,TLSv1.3,True
max.com,Amazon Amazon RSA 2048 M04,third,,TLSv1.3,True
max.ru,Let's Encrypt YR2,third,,TLSv1.3,True
maxesads.com,unknown,unknown,,unknown,False
maxhost.io,Google Trust Services WE1,third,,TLSv1.3,True
maxmind.com,Google Trust Services WE1,third,,TLSv1.3,True
maxon.net,Google Trust Services WE1,third,,TLSv1.3,True
maxpreps.com,Let's Encrypt YE2,third,,TLSv1.3,True
maxxxcdn.com,infrastructure,infrastructure,,unknown,False
mayips.com,Google Trust Services WE1,third,,TLSv1.3,True
mayoclinic.org,Sectigo Limited Sectigo Public Server Authentication CA OV R40,third,,TLSv1.2,True
mayzaent.com,Google Trust Services WE1,third,,TLSv1.3,True
maze.co,Amazon Amazon RSA 2048 M01,third,,TLSv1.3,True
mb-cdn.com,infrastructure,infrastructure,,unknown,False
mbdippex.com,Let's Encrypt YR2,third,,TLSv1.3,True
mbga.jp,Amazon Amazon RSA 2048 M01,third,,TLSv1.2,True
mcafee.com,"McAfee, Inc. McAfee RSA Organization Validation Secure Server CA 3",private,,TLSv1.2,True
mcafee.net,unknown,unknown,,unknown,False
mcas.ms,Microsoft Corporation Microsoft TLS G2 RSA CA OCSP 04,third,,TLSv1.3,True
mchost.guru,unknown,unknown,,unknown,False
mcl.io,Google Trust Services WR1,third,,TLSv1.3,True
mcmaster.com,DigiCert Inc DigiCert Global G2 TLS RSA SHA256 2020 CA1,third,,TLSv1.2,True
mconvert.net,Let's Encrypt YE1,third,,TLSv1.2,True
mcr-msedge.net,unknown,unknown,,unknown,False
mcusercontent.com,Amazon Amazon RSA 2048 M04,third,,TLSv1.3,True
mczbf.com,Amazon Amazon RSA 2048 M04,third,,TLSv1.3,True
mdhv.io,unknown,unknown,,unknown,False
mdpi-res.com,Google Trust Services WE1,third,,TLSv1.3,True
mdpi.com,DigiCert Inc DigiCert Global G3 TLS ECC SHA384 2020 CA1,third,,TLSv1.3,True
mdstrm.com,Amazon Amazon RSA 2048 M04,third,,TLSv1.3,True
me-talk.ru,Let's Encrypt YR2,third,,TLSv1.2,True
me.com,Apple Inc. Apple Public Server RSA CA 1 - G1,private,,TLSv1.3,True
me.uk,Let's Encrypt YE1,third,,TLSv1.3,True
mearicloud.com,unknown,unknown,,unknown,False
measureadv.com,"GoDaddy.com, Inc. Go Daddy Secure Certificate Authority - G2",unknown,,TLSv1.3,True
measurementlab.net,Google Trust Services WR3,third,,TLSv1.3,True
meater.com,Let's Encrypt YR2,third,,TLSv1.3,True
medal.tv,Google Trust Services WE1,third,,TLSv1.3,True
medallia.com,Amazon Amazon RSA 2048 M01,third,,TLSv1.3,True
medallia.eu,Amazon Amazon RSA 2048 M01,third,,TLSv1.3,True
media-amazon.com,unknown,unknown,,unknown,False
media-imdb.com,unknown,unknown,,unknown,False
media.net,DigiCert Inc DigiCert Global G2 TLS RSA SHA256 2020 CA1,third,,TLSv1.3,True
media6degrees.com,Let's Encrypt YE1,third,,TLSv1.3,True
mediaad.org,Let's Encrypt R12,third,,TLSv1.3,True
mediacategory.com,DigiCert Inc Thawte TLS RSA CA G1,third,,TLSv1.2,True
mediadataflow.cloud,unknown,unknown,,unknown,False
mediadelivery.net,unknown,unknown,,unknown,False
mediaexpert.pl,Asseco Data Systems S.A. Certum OV TLS G2 R39 CA,third,,TLSv1.3,True
mediafire.com,Sectigo Limited Sectigo Public Server Authentication CA DV R36,third,,TLSv1.3,True
mediago.com,Amazon Amazon RSA 2048 M01,third,,TLSv1.3,True
mediago.io,Amazon Amazon RSA 2048 M01,third,,TLSv1.2,True
mediagotechnology.com,DigiCert Inc GeoTrust TLS RSA CA G1,third,,TLSv1.3,True
mediamathrdrt.com,Google Trust Services WE1,third,,TLSv1.3,True
mediamelon.com,Google Trust Services WE1,third,,TLSv1.3,True
mediaplex.com,Let's Encrypt R13,third,,TLSv1.3,True
mediarithmics.com,Gandi SAS GandiCert,third,,TLSv1.3,True
mediatek.com,GlobalSign nv-sa GlobalSign RSA OV SSL CA 2018,third,,TLSv1.2,True
mediation.goog,Google Trust Services WE2,third,,TLSv1.3,True
mediatoday.ru,Let's Encrypt R13,third,,TLSv1.3,True
mediav.com,WoTrus CA Limited WoTrus OV Server CA  [Run by the Issuer],third,,TLSv1.2,True
mediaverse.ai,Google Trust Services WE1,third,,TLSv1.3,True
mediavine.com,Let's Encrypt YR2,third,,TLSv1.3,True
mediavitrina.ru,unknown,unknown,,unknown,False
mediawallahscript.com,unknown,unknown,,unknown,False
mediawiki.org,Let's Encrypt YE1,third,,TLSv1.3,True
mediaxchange.co,Let's Encrypt YR1,third,,TLSv1.3,True
medium.com,Google Trust Services WE1,third,,TLSv1.3,True
medrxiv.org,Google Trust Services WE1,third,,TLSv1.3,True
medscape.com,Let's Encrypt YE1,third,,TLSv1.3,True
meeff.com,unknown,unknown,,unknown,False
meesho.com,Google Trust Services WR3,third,,TLSv1.3,True
meeshoapi.com,unknown,unknown,,unknown,False
meetcircle-netgear.co,unknown,unknown,,unknown,False
meetflo.com,Amazon Amazon RSA 2048 M01,third,,TLSv1.3,True
meethue.com,Google Trust Services WR3,third,,TLSv1.3,True
meetscale.com,Let's Encrypt YE1,third,,TLSv1.3,True
meetup.com,GlobalSign nv-sa GlobalSign Atlas R3 DV TLS CA 2025 Q4,third,,TLSv1.2,True
mega.co.nz,Sectigo Limited Sectigo Public Server Authentication CA DV R36,third,,TLSv1.3,True
mega.nz,Let's Encrypt YR2,third,,TLSv1.3,True
megabrain.co,Let's Encrypt YR1,third,,TLSv1.3,True
megafon.ru,Let's Encrypt YE1,third,,TLSv1.2,True
megaphone.fm,Amazon Amazon RSA 2048 M01,third,,TLSv1.3,True
megasmp.gg,Google Trust Services WE1,third,,TLSv1.3,True
megogo.net,DigiCert Inc Thawte TLS RSA CA G1,third,,TLSv1.2,True
meitu.com,"DigiCert, Inc. GeoTrust G2 TLS CN RSA4096 SHA256 2022 CA1",third,,TLSv1.3,True
meituan.com,GlobalSign nv-sa GlobalSign GCC R46 OV TLS CA 2025,third,,TLSv1.2,True
meituan.net,GlobalSign nv-sa GlobalSign GCC R46 OV TLS CA 2025,third,,TLSv1.3,True
meitudata.com,GeoTrust Inc. GeoTrust SSL CA - G3,third,,TLSv1.2,True
meitustat.com,GeoTrust Inc. GeoTrust SSL CA - G3,third,,TLSv1.2,True
meizu.com,GlobalSign nv-sa GlobalSign GCC R3 DV TLS CA 2020,third,,TLSv1.2,True
melcloud.com,DigiCert Inc GeoTrust TLS RSA CA G1,third,,TLSv1.3,True
meli-iot.systems,unknown,unknown,,unknown,False
meli.com,Amazon Amazon RSA 2048 M04,third,,TLSv1.3,True
meliuz.com.br,Amazon Amazon RSA 2048 M01,third,,TLSv1.3,True
melolostatic.com,unknown,unknown,,unknown,False
membrana.media,Google Trust Services WE1,third,,TLSv1.3,True
memfault.com,Google Trust Services WE1,third,,TLSv1.3,True
mempool.space,Sectigo Limited Sectigo Public Server Authentication CA OV R36,third,,TLSv1.3,True
menardc.com,unknown,unknown,,unknown,False
menards.com,GoDaddy.com GoDaddy TLS Intermediate CA EV - R1v1,third,,TLSv1.3,True
mendeley.com,GlobalSign nv-sa GlobalSign RSA OV SSL CA 2018,third,,TLSv1.3,True
mender.io,Google Trust Services WE1,third,,TLSv1.3,True
menlosecurity.com,Amazon Amazon RSA 2048 M04,third,,TLSv1.3,True
mentamob.com,DigiCert Inc Encryption Everywhere DV TLS CA - G2,third,,TLSv1.2,True
menuweb.menu,Google Trust Services WE1,third,,TLSv1.3,True
meraki-sdavc-saas.com,unknown,unknown,,unknown,False
meraki.com,Amazon Amazon RSA 2048 M04,third,,TLSv1.3,True
mercadoclics.com,unknown,unknown,,unknown,False
mercadolibre.cl,Amazon Amazon RSA 2048 M01,third,,TLSv1.3,True
mercadolibre.com,Amazon Amazon RSA 2048 M01,third,,TLSv1.3,True
mercadolibre.com.ar,Amazon Amazon RSA 2048 M01,third,,TLSv1.3,True
mercadolibre.com.co,Amazon Amazon RSA 2048 M01,third,,TLSv1.3,True
mercadolibre.com.mx,Amazon Amazon RSA 2048 M04,third,,TLSv1.3,True
mercadolivre.com.br,Amazon Amazon RSA 2048 M01,third,,TLSv1.3,True
mercadopago.com,Amazon Amazon RSA 2048 M04,third,,TLSv1.3,True
mercadopago.com.br,Amazon Amazon RSA 2048 M04,third,,TLSv1.3,True
mercari.com,Amazon Amazon RSA 2048 M01,third,,TLSv1.3,True
mercari.jp,Amazon Amazon RSA 2048 M04,third,,TLSv1.3,True
mercdn.net,infrastructure,infrastructure,,unknown,False
mercedes-benz.com,Let's Encrypt YR1,third,,TLSv1.3,True
merchant-center-analytics.goog,Google Trust Services WE2,third,,TLSv1.3,True
mercusyscloud.com,unknown,unknown,,unknown,False
merequartz.com,Let's Encrypt YE2,third,,TLSv1.3,True
mergeab.com,unknown,unknown,,unknown,False
mergecola.com,unknown,unknown,,unknown,False
mergesigma.com,unknown,unknown,,unknown,False
mergesigma.uk,unknown,unknown,,unknown,False
merkle.io,Google Trust Services WE1,third,,TLSv1.3,True
meross.com,Amazon Amazon RSA 2048 M01,third,,TLSv1.3,True
merriam-webster.com,Amazon Amazon RSA 2048 M04,third,,TLSv1.3,True
meshare.com,Google Trust Services WE1,third,,TLSv1.3,True
meshify.cloud,unknown,unknown,,unknown,False
messenger.com,DigiCert Inc DigiCert Global G2 TLS RSA SHA256 2020 CA1,third,,TLSv1.3,True
met.no,Hellenic Academic and Research Institutions CA GEANT TLS ECC 1,third,,TLSv1.3,True
meta.com,DigiCert Inc DigiCert Global G2 TLS RSA SHA256 2020 CA1,third,,TLSv1.3,True
metamask.io,Google Trust Services WE1,third,,TLSv1.3,True
metaxads.com,Let's Encrypt YE2,third,,TLSv1.2,True
meteoblue.com,Google Trust Services WE1,third,,TLSv1.3,True
meteored.com,Google Trust Services WE1,third,,TLSv1.3,True
metica.com,Let's Encrypt YE1,third,,TLSv1.3,True
metricool.com,Google Trust Services WE1,third,,TLSv1.3,True
metricswpsh.com,Let's Encrypt YE2,third,,TLSv1.2,True
metrix.ir,Let's Encrypt YR2,third,,TLSv1.3,True
mevblocker.io,Google Trust Services WE1,third,,TLSv1.3,True
mews.com,Let's Encrypt YR1,third,,TLSv1.3,True
mexc.com,DigiCert Inc GeoTrust TLS RSA CA G1,third,,TLSv1.3,True
mf.gov.pl,DigiCert Inc GeoTrust EV RSA CA G2,third,,TLSv1.3,True
mfadsrvr.com,Let's Encrypt YR2,third,,TLSv1.3,True
mfms.ru,unknown,unknown,,unknown,False
mg.gov.br,MyCompany localhost.localdomain,unknown,,TLSv1.2,True
mgaru.dev,Google Trust Services WE1,third,,TLSv1.3,True
mgid.com,"GoDaddy.com, Inc. Go Daddy Secure Certificate Authority - G2",third,,TLSv1.3,True
mgln.ai,Google Trust Services WE1,third,,TLSv1.3,True
mgo.com,DigiCert Inc DigiCert Global G3 TLS ECC SHA384 2020 CA1,third,,TLSv1.3,True
mgslb.com,DigiCert Inc GeoTrust TLS RSA CA G1,third,,TLSv1.3,True
mgtv.com,"DigiCert, Inc. GeoTrust G2 TLS CN RSA4096 SHA256 2022 CA1",third,,TLSv1.2,True
mhverifier.ru,Let's Encrypt E8,third,,TLSv1.3,True
mi-fds.com,unknown,unknown,,unknown,False
mi-img.com,unknown,unknown,,unknown,False
mi.com,DigiCert Inc RapidSSL TLS RSA CA G1,third,,TLSv1.2,True
miaozhen.com,"TrustAsia Technologies, Inc. TrustAsia DV TLS RSA CA 2025",third,,TLSv1.3,True
michaels.com,Entrust Limited Entrust DV TLS Issuing ECC CA 2,third,,TLSv1.3,True
micpn.com,Amazon Amazon RSA 2048 M01,third,,TLSv1.3,True
micro-semiconductor.hk,Let's Encrypt YR2,third,,TLSv1.3,True
microad.jp,GlobalSign nv-sa GlobalSign RSA OV SSL CA 2018,third,,TLSv1.3,True
microsoft.com,Microsoft Corporation Microsoft TLS G2 RSA CA OCSP 04,private,,TLSv1.3,True
microsoft.net,Microsoft Corporation Microsoft TLS G2 RSA CA OCSP 16,private,,TLSv1.3,True
microsoft.us,unknown,unknown,,unknown,False
microsoft365.com,Microsoft Corporation Microsoft TLS G2 RSA CA OCSP 10,third,,TLSv1.3,True
microsoftapp.net,unknown,unknown,,unknown,False
microsoftazuread-sso.com,unknown,unknown,,unknown,False
microsoftcasualgames.com,Microsoft Corporation Microsoft TLS G2 RSA CA OCSP 10,private,,TLSv1.3,True
microsoftonline-p.com,unknown,unknown,,unknown,False
microsoftonline-p.net,unknown,unknown,,unknown,False
microsoftonline.cn,unknown,unknown,,unknown,False
microsoftonline.com,unknown,unknown,,unknown,False
microsoftonline.us,unknown,unknown,,unknown,False
microsoftpersonalcontent.com,unknown,unknown,,unknown,False
microsofttranslator.com,unknown,unknown,,unknown,False
micstatic.com,DigiCert Inc DigiCert Global G2 TLS RSA SHA256 2020 CA1,third,,TLSv1.3,True
midasplayer.cloud,unknown,unknown,,unknown,False
midasplayer.com,unknown,unknown,,unknown,False
midasplayer.net,unknown,unknown,,unknown,False
midea.com,"DigiCert, Inc. GeoTrust G2 TLS CN RSA4096 SHA256 2022 CA1",third,,TLSv1.2,True
midjourney.com,Google Trust Services WE1,third,,TLSv1.3,True
miguvideo.com,sslTrus Inc. sslTrus RSA OV SSL CA 2,third,,TLSv1.2,True
mihoyo.com,"DigiCert, Inc. GeoTrust G2 TLS CN RSA4096 SHA256 2022 CA1",third,,TLSv1.2,True
mijia.tech,unknown,unknown,,unknown,False
mikmak.ai,Amazon Amazon RSA 2048 M01,third,,TLSv1.3,True
mikrotik.com,DigiCert Inc DigiCert EV RSA CA G2,third,,TLSv1.3,True
mil.gov.ua,Google Trust Services WE1,third,,TLSv1.3,True
milvus.com.br,Let's Encrypt YE1,third,,TLSv1.3,True
mimecast.com,DigiCert Inc DigiCert Global G2 TLS RSA SHA256 2020 CA1,third,,TLSv1.3,True
mindbox.ru,Let's Encrypt YE1,third,,TLSv1.3,True
mindtos.com,Google Trust Services WE1,third,,TLSv1.3,True
mindworks-creative.com,Amazon Amazon RSA 2048 M04,third,,TLSv1.3,True
mine.nu,unknown,unknown,,unknown,False
minecraft-services.net,unknown,unknown,,unknown,False
minecraft.net,Microsoft Corporation Microsoft TLS G2 RSA CA OCSP 10,third,,TLSv1.3,True
minecraftservices.com,unknown,unknown,,unknown,False
minepi.com,Google Trust Services WE1,third,,TLSv1.3,True
miniclip.com,Amazon Amazon RSA 2048 M01,third,,TLSv1.3,True
miniclippt.com,unknown,unknown,,unknown,False
minimax.io,"DNSPod, Inc. DNSPod DV TLS RSA CA 2025",third,,TLSv1.2,True
minionplatform.com,unknown,unknown,,unknown,False
minlib.net,Let's Encrypt YR1,third,,TLSv1.3,True
mintegral.com,Amazon Amazon RSA 2048 M04,third,,TLSv1.3,True
mintegral.net,Amazon Amazon RSA 2048 M01,third,,TLSv1.2,True
minutemedia-prebid.com,unknown,unknown,,unknown,False
minutemediacdn.com,infrastructure,infrastructure,,unknown,False
minutemediaservices.com,unknown,unknown,,unknown,False
mioffice.cn,DigiCert Inc RapidSSL TLS RSA CA G1,third,,TLSv1.2,True
mios.com,Sectigo Limited Sectigo Public Server Authentication CA OV R36,third,,TLSv1.3,True
miraheze.org,Google Trust Services WE1,third,,TLSv1.3,True
mirakl.net,Amazon Amazon RSA 2048 M01,third,,TLSv1.3,True
miro.com,Amazon Amazon RSA 2048 M01,third,,TLSv1.3,True
mirostatic.com,Amazon Amazon RSA 2048 M04,third,,TLSv1.3,True
mirror.co.uk,Amazon Amazon RSA 2048 M01,third,,TLSv1.2,True
mirrorservice.org,Let's Encrypt YE2,third,,TLSv1.3,True
missav.live,Google Trust Services WE1,third,,TLSv1.3,True
missav.ws,Google Trust Services WE1,third,,TLSv1.3,True
missena.io,Amazon Amazon RSA 2048 M04,third,,TLSv1.3,True
mist.com,Sectigo Limited Sectigo Public Server Authentication CA DV R36,third,,TLSv1.3,True
mistral.ai,Google Trust Services WE1,third,,TLSv1.3,True
mistsys.net,unknown,unknown,,unknown,False
mit.edu,DigiCert Inc GeoTrust TLS RSA CA G1,third,,TLSv1.2,True
mitel.io,Amazon Amazon RSA 2048 M04,third,,TLSv1.3,True
mitiendanube.com,Google Trust Services WE1,third,,TLSv1.3,True
miui.com,DigiCert Inc RapidSSL TLS RSA CA G1,third,,TLSv1.2,True
miwifi.com,DigiCert Inc RapidSSL TLS RSA CA G1,third,,TLSv1.2,True
mixcloud.com,Google Trust Services WE1,third,,TLSv1.3,True
mixpanel.com,DigiCert Inc GeoTrust TLS RSA CA G1,third,,TLSv1.3,True
mixtubeapp.com,Amazon Amazon RSA 2048 M04,third,,TLSv1.3,True
mjedge.net,Let's Encrypt YR2,third,,TLSv1.3,True
mktoresp.com,unknown,unknown,,unknown,False
ml314.com,Google Trust Services WR3,third,,TLSv1.3,True
mlb.com,Google Trust Services WR3,third,,TLSv1.3,True
mlbangbang.com,unknown,unknown,,unknown,False
mlbinfra.com,unknown,unknown,,unknown,False
mlbstatic.com,Google Trust Services WR3,third,,TLSv1.3,True
mlcdn.com.br,infrastructure,infrastructure,,unknown,False
mlstatic.com,unknown,unknown,,unknown,False
mmapiws.com,Google Trust Services WE1,third,,TLSv1.3,True
mmcdn.com,infrastructure,infrastructure,,unknown,False
mmechocaptiveportal.com,unknown,unknown,,unknown,False
mmstat.com,unknown,unknown,,unknown,False
mmvideocdn.com,infrastructure,infrastructure,,unknown,False
mn.us,unknown,unknown,,unknown,False
mnaspm.com,Google Trust Services WE1,third,,TLSv1.3,True
mnbvcxzas.com,unknown,unknown,,unknown,False
mncdn.com,infrastructure,infrastructure,,unknown,False
mndx1.com,unknown,unknown,,unknown,False
moack.co.kr,Google Trust Services WE1,third,,TLSv1.3,True
mob.com,DigiCert Inc RapidSSL TLS RSA CA G1,third,,TLSv1.3,True
mobaelo2000.cc,unknown,unknown,,unknown,False
mobalytics.gg,Google Trust Services WE1,third,,TLSv1.3,True
mobicontrolcloud.com,Amazon Amazon RSA 2048 M04,third,,TLSv1.3,True
mobikwik.com,GlobalSign nv-sa GlobalSign RSA OV SSL CA 2018,third,,TLSv1.3,True
mobil123.com,Google Trust Services WE1,third,,TLSv1.3,True
mobile.de,Amazon Amazon RSA 2048 M04,third,,TLSv1.3,True
mobilefuse.com,Amazon Amazon RSA 2048 M04,third,,TLSv1.3,True
mobilegamestats.com,unknown,unknown,,unknown,False
mobileiron.com,Google Trust Services WE1,third,,TLSv1.3,True
mobilejump.mobi,Google Trust Services WE1,third,,TLSv1.3,True
mobileposse.com,Certainly Certainly Intermediate R1,third,,TLSv1.3,True
mobilityware.com,Let's Encrypt YR2,third,,TLSv1.3,True
mobiuspace.net,unknown,unknown,,unknown,False
mobolize.com,GoDaddy.com GoDaddy TLS Intermediate CA DV - R1v1,third,,TLSv1.2,True
mobon.net,DigiCert Inc Thawte TLS RSA CA G1,third,,TLSv1.2,True
mobshark.net,ZeroSSL GmbH ZeroSSL RSA DV SSL CA 2,third,,TLSv1.2,True
mocortech.com,unknown,unknown,,unknown,False
models.dev,Google Trust Services WE1,third,,TLSv1.3,True
modrinth.com,Let's Encrypt YE1,third,,TLSv1.3,True
moe.video,GlobalSign nv-sa GlobalSign GCC R6 AlphaSSL CA 2025,third,,TLSv1.2,True
moengage.com,Google Trust Services WE1,third,,TLSv1.3,True
mojang.com,Microsoft Corporation Microsoft TLS G2 RSA CA OCSP 02,third,,TLSv1.3,True
moji.com,DigiCert Inc RapidSSL TLS RSA CA G1,third,,TLSv1.3,True
mollyflow.com,unknown,unknown,,unknown,False
moloco.com,Let's Encrypt YR1,third,,TLSv1.3,True
momentohq.com,Let's Encrypt YE2,third,,TLSv1.3,True
momoshop.com.tw,TAIWAN-CA TWCA Secure SSL Certification Authority,unknown,,TLSv1.2,True
mona.co,Google Trust Services WE1,third,,TLSv1.3,True
monday.com,"GoDaddy.com, Inc. Go Daddy Secure Certificate Authority - G2",third,,TLSv1.3,True
moneris.com,Google Trust Services WE1,third,,TLSv1.3,True
monetate.net,DigiCert Inc DigiCert Global G2 TLS RSA SHA256 2020 CA1,third,,TLSv1.3,True
monetixads.com,Let's Encrypt YE2,third,,TLSv1.3,True
monetizemyapp.net,unknown,unknown,,unknown,False
moneycontrol.com,Let's Encrypt YR1,third,,TLSv1.3,True
mongodb.com,Let's Encrypt YR1,third,,TLSv1.3,True
mongodb.net,unknown,unknown,,unknown,False
mongodb.org,DigiCert Inc DigiCert Global G2 TLS RSA SHA256 2020 CA1,third,,TLSv1.2,True
monica.im,Amazon Amazon RSA 2048 M04,third,,TLSv1.3,True
moniterly.com,unknown,unknown,,unknown,False
monitoring360.io,Google Trust Services WE1,third,,TLSv1.2,True
monsido.com,Let's Encrypt YE1,third,,TLSv1.3,True
monster.com,"GoDaddy.com, Inc. Go Daddy Secure Certificate Authority - G2",unknown,,TLSv1.2,True
montagehub.xyz,Google Trust Services WE1,third,,TLSv1.3,True
monterosa.cloud,unknown,unknown,,unknown,False
moodmedia.com,Google Trust Services WE1,third,,TLSv1.3,True
mookie1.com,unknown,unknown,,unknown,False
moomoo.com,"DigiCert, Inc. GeoTrust G2 TLS CN RSA4096 SHA256 2022 CA1",third,,TLSv1.3,True
moonactive.net,Google Trust Services WE1,third,,TLSv1.3,True
moontontech.com,unknown,unknown,,unknown,False
mooo.com,unknown,unknown,,unknown,False
moovitapp.com,Amazon Amazon RSA 2048 M01,third,,TLSv1.3,True
mopinion.com,Amazon Amazon RSA 2048 M04,third,,TLSv1.3,True
mopub.com,Google Trust Services WR3,third,,TLSv1.3,True
morelogin.com,Asseco Data Systems S.A. Certum DV TLS G2 R39 CA,third,,TLSv1.3,True
morlix.cc,unknown,unknown,,unknown,False
morningstar.com,Amazon Amazon RSA 2048 M01,third,,TLSv1.3,True
mortifiedpace.com,unknown,unknown,,unknown,False
mos.ru,unknown,unknown,,unknown,False
mos077.com,DigiCert Inc RapidSSL TLS RSA CA G1,third,,TLSv1.3,True
mosmetro.ru,unknown,unknown,,unknown,False
mossfast.com,unknown,unknown,,unknown,False
mosspf.net,unknown,unknown,,unknown,False
mossru.com,unknown,unknown,,unknown,False
mosyle.com,"GoDaddy.com, Inc. Go Daddy Secure Certificate Authority - G2",third,,TLSv1.2,True
motorsport.com,Amazon Amazon RSA 2048 M01,third,,TLSv1.3,True
motosport.com,Amazon Amazon RSA 2048 M04,third,,TLSv1.3,True
mountain.com,Let's Encrypt YE1,third,,TLSv1.3,True
mouseflow.com,Let's Encrypt YE1,third,,TLSv1.3,True
mouser.com,DigiCert Inc GeoTrust TLS RSA CA G1,third,,TLSv1.3,True
mova-tech.com,Let's Encrypt YE2,third,,TLSv1.3,True
movetv.com,unknown,unknown,,unknown,False
movidesk.com,Let's Encrypt YE1,third,,TLSv1.3,True
movie-pilot.org,Google Trust Services WE1,third,,TLSv1.3,True
moviead55.ru,unknown,unknown,,unknown,False
movoto.com,Amazon Amazon RSA 2048 M01,third,,TLSv1.3,True
moxing.party,unknown,unknown,,unknown,False
moyoung.com,WoTrus CA Limited WoTrus RSA DV SSL CA 2,third,,TLSv1.2,True
mozaws.net,unknown,unknown,,unknown,False
mozgcp.net,unknown,unknown,,unknown,False
mozilla.com,Google Trust Services WR3,third,,TLSv1.3,True
mozilla.net,Google Trust Services WR3,third,,TLSv1.3,True
mozilla.org,Google Trust Services WR3,third,,TLSv1.3,True
mparticle.com,Let's Encrypt R12,third,,TLSv1.3,True
mpg.de,Hellenic Academic and Research Institutions CA GEANT TLS RSA 1,third,,TLSv1.3,True
mplat-ppcprotect.com,unknown,unknown,,unknown,False
mpsuadv.ru,Let's Encrypt YR1,third,,TLSv1.2,True
mpulsefusion.com,unknown,unknown,,unknown,False
mql5.com,DigiCert Inc RapidSSL TLS ECC CA G1,third,,TLSv1.3,True
mradx.net,unknown,unknown,,unknown,False
mrbasic.com,unknown,unknown,,unknown,False
mrf.io,GlobalSign nv-sa GlobalSign Atlas R3 DV TLS CA 2026 Q1,third,,TLSv1.3,True
mrgcdn.ru,infrastructure,infrastructure,,unknown,False
mrktmtrcs.net,unknown,unknown,,unknown,False
msappproxy.net,Microsoft Corporation Microsoft TLS G2 RSA CA OCSP 04,third,,TLSv1.3,True
msauth.net,unknown,unknown,,unknown,False
msauthimages.net,unknown,unknown,,unknown,False
msecnd.net,unknown,unknown,,unknown,False
msedge.net,unknown,unknown,,unknown,False
msftauth.net,unknown,unknown,,unknown,False
msftauthimages.net,unknown,unknown,,unknown,False
msftconnecttest.com,DigiCert Inc DigiCert Global G3 TLS ECC SHA384 2020 CA1,third,,TLSv1.3,True
msftncsi.com,DigiCert Inc DigiCert Global G3 TLS ECC SHA384 2020 CA1,third,,TLSv1.3,True
msftstatic.com,Microsoft Corporation Microsoft TLS G2 RSA CA OCSP 02,unknown,,TLSv1.3,True
msi.com,DigiCert Inc RapidSSL TLS RSA CA G1,third,,TLSv1.2,True
msidentity.com,unknown,unknown,,unknown,False
msidentity.us,unknown,unknown,,unknown,False
mslmcloud.com,Let's Encrypt YR2,third,,TLSv1.3,True
msn.cn,"DigiCert, Inc. DigiCert Basic OV G2 TLS CN RSA4096 SHA256 2022 CA1",third,,TLSv1.3,True
msn.com,Microsoft Corporation Microsoft TLS G2 RSA CA OCSP 02,private,,TLSv1.3,True
msndvr.com,unknown,unknown,,unknown,False
msocdn.com,infrastructure,infrastructure,,unknown,False
mstea.ms,Microsoft Corporation Microsoft TLS G2 RSA CA OCSP 10,private,,TLSv1.2,True
msu.edu,GlobalSign nv-sa GlobalSign Atlas R46 DV TLS CA 2026 Q2,third,,TLSv1.3,True
mt.gov.br,Let's Encrypt YR1,third,,TLSv1.2,True
mtgglobals.com,Amazon Amazon RSA 2048 M04,third,,TLSv1.3,True
mtrtb.com,Let's Encrypt YR1,third,,TLSv1.3,True
mts.ru,GlobalSign nv-sa GlobalSign GCC R3 DV TLS CA 2020,third,,TLSv1.3,True
mtvnservices.com,unknown,unknown,,unknown,False
mubi.com,Amazon Amazon RSA 2048 M04,third,,TLSv1.3,True
mullvad.net,Let's Encrypt YE2,third,,TLSv1.3,True
multiscreensite.com,Let's Encrypt YR2,third,,TLSv1.3,True
multispaces.net,GoDaddy.com GoDaddy TLS Intermediate CA DV - R1v1,third,,TLSv1.3,True
multiww.com,unknown,unknown,,unknown,False
mumuplayer.com,DigiCert Inc DigiCert Global G3 TLS ECC SHA384 2020 CA1,third,,TLSv1.3,True
muoapeicp.top,unknown,unknown,,unknown,False
muralssouth.shop,unknown,unknown,,unknown,False
mus.br,unknown,unknown,,unknown,False
muscache.com,unknown,unknown,,unknown,False
musehub.com,DigiCert Inc GeoTrust TLS RSA CA G1,third,,TLSv1.3,True
musical.ly,unknown,unknown,,unknown,False
musicbrainz.org,Gandi SAS GandiCert,third,,TLSv1.3,True
musicdream.club,unknown,unknown,,unknown,False
musicnotes.com,DigiCert Inc DigiCert Global G2 TLS RSA SHA256 2020 CA1,third,,TLSv1.3,True
musinsa.com,Amazon Amazon RSA 2048 M04,third,,TLSv1.3,True
mutetreehouse.com,Let's Encrypt YR1,third,,TLSv1.2,True
mux.com,Let's Encrypt YR2,third,,TLSv1.3,True
mwbsys.com,unknown,unknown,,unknown,False
mwscdn.ru,infrastructure,infrastructure,,unknown,False
mxplay.com,Amazon Amazon RSA 2048 M04,third,,TLSv1.3,True
mxpnl.com,unknown,unknown,,unknown,False
mxptint.net,"Starfield Technologies, Inc. Starfield Secure Certificate Authority - G2",third,,TLSv1.2,True
mxrouting.net,Let's Encrypt YE1,third,,TLSv1.3,True
mxtoolbox.com,Amazon Amazon RSA 2048 M04,third,,TLSv1.3,True
my-imcloud.com,unknown,unknown,,unknown,False
my-ip.io,Google Trust Services WE1,third,,TLSv1.3,True
my.com,unknown,unknown,,unknown,False
my.games,DigiCert Inc DigiCert Global G2 TLS RSA SHA256 2020 CA1,third,,TLSv1.2,True
my.id,unknown,unknown,,unknown,False
my2n.com,Let's Encrypt YR2,third,,TLSv1.3,True
my7v.com,unknown,unknown,,unknown,False
myadsget.com,Amazon Amazon RSA 2048 M04,third,,TLSv1.3,True
myangular.life,unknown,unknown,,unknown,False
myanimelist.net,DigiCert Inc DigiCert Global G3 TLS ECC SHA384 2020 CA1,third,,TLSv1.3,True
myavlive.com,Let's Encrypt YE1,third,,TLSv1.3,True
mybluehost.me,unknown,unknown,,unknown,False
mycdn.me,infrastructure,infrastructure,,unknown,False
myclapper.com,unknown,unknown,,unknown,False
myclientip.com,DigiCert Inc RapidSSL TLS RSA CA G1,third,,TLSv1.3,True
mycliplister.com,Let's Encrypt YR2,third,,TLSv1.3,True
mycloud.com,Amazon Amazon RSA 2048 M04,third,,TLSv1.3,True
myconnectsecure.com,unknown,unknown,,unknown,False
mydlink.com,Sectigo Limited Sectigo RSA Organization Validation Secure Server CA,third,,TLSv1.2,True
mydramalist.com,Google Trust Services WE1,third,,TLSv1.3,True
mydramawave.com,DigiCert Inc Encryption Everywhere DV TLS CA - G2,third,,TLSv1.2,True
mydw.cloud,Let's Encrypt YE1,third,,TLSv1.3,True
myexternalip.com,Let's Encrypt YR1,third,,TLSv1.3,True
myfitnesspal.com,Google Trust Services WE1,third,,TLSv1.3,True
myfonts.net,unknown,unknown,,unknown,False
myfoscam.com,WoTrus CA Limited WoTrus RSA OV SSL CA 2,third,,TLSv1.2,True
myfreshworks.com,Amazon Amazon RSA 2048 M04,third,,TLSv1.2,True
myfritz.net,DigiCert Inc DigiCert Global G2 TLS RSA SHA256 2020 CA1,third,,TLSv1.3,True
myftpupload.com,unknown,unknown,,unknown,False
mygaru.com,Google Trust Services WE1,third,,TLSv1.3,True
myharmony.com,Amazon Amazon RSA 2048 M04,third,,TLSv1.3,True
myhomescreen.tv,unknown,unknown,,unknown,False
myhuaweicloud.com,DigiCert Inc Secure Site CA,third,,TLSv1.2,True
myicomfort.com,DigiCert Inc GeoTrust TLS RSA CA G1,third,,TLSv1.3,True
myip.com,Google Trust Services WE1,third,,TLSv1.3,True
myip.la,Let's Encrypt YR2,third,,TLSv1.2,True
myip.link,Let's Encrypt YE2,third,,TLSv1.3,True
mykeeta.com,GlobalSign nv-sa GlobalSign GCC R3 DV TLS CA 2020,third,,TLSv1.3,True
mykronos.com,Google Trust Services WR3,third,,TLSv1.3,True
mylife.com,"GoDaddy.com, Inc. Go Daddy Secure Certificate Authority - G2",third,,TLSv1.2,True
mynavi.jp,Amazon Amazon RSA 2048 M04,third,,TLSv1.3,True
mynetname.net,unknown,unknown,,unknown,False
mynexia.com,Amazon Amazon RSA 2048 M01,third,,TLSv1.2,True
mynt.xyz,Google Trust Services WE1,third,,TLSv1.3,True
myntra.com,GlobalSign nv-sa GlobalSign ECC OV SSL CA 2018,third,,TLSv1.3,True
myoppo.com,"DigiCert, Inc. GeoTrust G2 TLS CN RSA4096 SHA256 2022 CA1",third,,TLSv1.3,True
mypikpak.com,DigiCert Inc Encryption Everywhere DV TLS CA - G2,third,,TLSv1.2,True
mypromethean.com,Amazon Amazon RSA 2048 M04,third,,TLSv1.3,True
mypurecloud.com,Amazon Amazon RSA 2048 M01,third,,TLSv1.3,True
mypurecloud.de,Amazon Amazon RSA 2048 M01,third,,TLSv1.3,True
mypurecloud.ie,Amazon Amazon RSA 2048 M04,third,,TLSv1.3,True
myq-cloud.com,unknown,unknown,,unknown,False
myqcloud.com,unknown,unknown,,unknown,False
myqdevice.com,unknown,unknown,,unknown,False
myqnapcloud.com,Amazon Amazon RSA 2048 M04,third,,TLSv1.3,True
myqnapcloud.io,unknown,unknown,,unknown,False
myquickcloud.com,Google Trust Services WE1,third,,TLSv1.3,True
myshn.net,GlobalSign nv-sa GlobalSign RSA OV SSL CA 2018,third,,TLSv1.3,True
myshopify.com,Let's Encrypt YE2,third,,TLSv1.3,True
myshopline.com,DigiCert Inc GeoTrust TLS RSA CA G1,third,,TLSv1.3,True
myspace.com,"GoDaddy.com, Inc. Go Daddy Secure Certificate Authority - G2",unknown,,TLSv1.3,True
myspecies.info,Google Trust Services WE1,third,,TLSv1.3,True
mysql.com,DigiCert Inc DigiCert Global G2 TLS RSA SHA256 2020 CA1,third,,TLSv1.2,True
mysterium.network,Let's Encrypt YR2,third,,TLSv1.3,True
mystnodes.com,Google Trust Services WE1,third,,TLSv1.3,True
mythad.com,unknown,unknown,,unknown,False
mytuner.mobi,Let's Encrypt YR1,third,,TLSv1.3,True
myvzw.com,unknown,unknown,,unknown,False
mywaifu.best,Google Trust Services WE1,third,,TLSv1.3,True
mywellness.com,Amazon Amazon RSA 2048 M04,third,,TLSv1.3,True
mywire.org,unknown,unknown,,unknown,False
myworkday.com,Let's Encrypt YE2,third,,TLSv1.3,True
myworkdaycdn.com,infrastructure,infrastructure,,unknown,False
myworkdayjobs.com,unknown,unknown,,unknown,False
mywot.com,Amazon Amazon RSA 2048 M01,third,,TLSv1.3,True
mzstatic.com,Apple Inc. Apple Public Server RSA CA 1 - G1,private,,TLSv1.3,True
n-able.com,Let's Encrypt YR1,third,,TLSv1.3,True
n-tv.de,Amazon Amazon RSA 2048 M01,third,,TLSv1.3,True
n11.com,GlobalSign nv-sa GlobalSign RSA OV SSL CA 2018,third,,TLSv1.3,True
n8n.cloud,Google Trust Services WE1,third,,TLSv1.3,True
n8n.io,Google Trust Services WE1,third,,TLSv1.3,True
nab.com.au,DigiCert Inc DigiCert EV RSA CA G2,third,,TLSv1.3,True
nabu.casa,unknown,unknown,,unknown,False
nabucasa.com,Amazon Amazon RSA 2048 M04,third,,TLSv1.3,True
nagich.com,Google Trust Services WE1,third,,TLSv1.3,True
nagopore.com,unknown,unknown,,unknown,False
naiadsystems.com,unknown,unknown,,unknown,False
nakamacloud.io,Sectigo Limited Sectigo RSA Domain Validation Secure Server CA,third,,TLSv1.3,True
nakanohito.jp,"Japan Registry Services Co., Ltd. JPRS Organization Validation Authority - G4",third,,TLSv1.3,True
nakheelteam.cc,Google Trust Services WE1,third,,TLSv1.3,True
name.com,Google Trust Services WE1,third,,TLSv1.3,True
namecheap.com,Sectigo Limited Sectigo Public Server Authentication CA EV E36,third,,TLSv1.3,True
namequery.com,unknown,unknown,,unknown,False
namu.wiki,Google Trust Services WE1,third,,TLSv1.3,True
nanit.com,Let's Encrypt YE1,third,,TLSv1.3,True
nanoleaf.me,Google Trust Services WE1,third,,TLSv1.3,True
nanopool.org,Google Trust Services WE1,third,,TLSv1.3,True
napps-1.com,Sectigo Limited Sectigo Public Server Authentication CA DV R36,third,,TLSv1.3,True
napps-2.com,Sectigo Limited Sectigo Public Server Authentication CA DV R36,third,,TLSv1.3,True
narrative.io,Google Trust Services WE1,third,,TLSv1.3,True
narvar.com,Sectigo Limited Sectigo Public Server Authentication CA OV R36,third,,TLSv1.3,True
narwaltech.com,"DigiCert, Inc. GeoTrust G2 TLS CN RSA4096 SHA256 2022 CA1",third,,TLSv1.3,True
nasa.gov,Let's Encrypt YE2,third,,TLSv1.3,True
nasdaq.com,GlobalSign nv-sa GlobalSign Atlas R46 DV TLS CA 2026 Q2,third,,TLSv1.3,True
nate.com,GlobalSign nv-sa GlobalSign GCC R6 AlphaSSL CA 2025,third,,TLSv1.2,True
nativendo.de,Let's Encrypt YE2,third,,TLSv1.3,True
nature.com,Let's Encrypt YR2,third,,TLSv1.3,True
naukri.com,DigiCert Inc DigiCert Global G3 TLS ECC SHA384 2020 CA1,third,,TLSv1.3,True
nautiluscloud.net,unknown,unknown,,unknown,False
navattic.com,Let's Encrypt YR1,third,,TLSv1.3,True
navdmp.com,DigiCert Inc DigiCert Global G3 TLS ECC SHA384 2020 CA1,third,,TLSv1.3,True
naver.com,Let's Encrypt YE1,third,,TLSv1.3,True
naver.net,Let's Encrypt YE1,third,,TLSv1.3,True
navercorp.com,DigiCert Inc DigiCert Global G3 TLS ECC SHA384 2020 CA1,third,,TLSv1.3,True
navy.mil,Let's Encrypt YR2,third,,TLSv1.3,True
navyfederal.org,DigiCert Inc DigiCert Global G3 TLS ECC SHA384 2020 CA1,third,,TLSv1.3,True
nawpush.com,unknown,unknown,,unknown,False
nba.com,Let's Encrypt R13,third,,TLSv1.3,True
nbc.com,DigiCert Inc DigiCert Global G3 TLS ECC SHA384 2020 CA1,third,,TLSv1.3,True
nbcnews.com,DigiCert Inc DigiCert Global G2 TLS RSA SHA256 2020 CA1,third,,TLSv1.2,True
nbcuas.com,unknown,unknown,,unknown,False
nbcuni.com,DigiCert Inc DigiCert Global G2 TLS RSA SHA256 2020 CA1,third,,TLSv1.3,True
nbcuott.com,unknown,unknown,,unknown,False
nc.com,Sectigo Limited Sectigo RSA Organization Validation Secure Server CA,third,,TLSv1.3,True
nc0.co,unknown,unknown,,unknown,False
ncrsaas.com,unknown,unknown,,unknown,False
nd-api.com,unknown,unknown,,unknown,False
ndash.net,unknown,unknown,,unknown,False
ndcimgs.com,GlobalSign nv-sa GlobalSign RSA OV SSL CA 2018,third,,TLSv1.2,True
ndcpp-os.com,unknown,unknown,,unknown,False
ndcpp.com,unknown,unknown,,unknown,False
ndmdhs.com,unknown,unknown,,unknown,False
ndtv.com,DigiCert Inc DigiCert Global G3 TLS ECC SHA384 2020 CA1,third,,TLSv1.3,True
ne.jp,Let's Encrypt YR2,third,,TLSv1.3,True
nearblocks.io,Google Trust Services WE1,third,,TLSv1.3,True
nearme.com.cn,"DigiCert, Inc. GeoTrust G2 TLS CN RSA4096 SHA256 2022 CA1",third,,TLSv1.3,True
nebally.co.uk,unknown,unknown,,unknown,False
nebulalive.com,unknown,unknown,,unknown,False
nectsideaments.com,Amazon Amazon RSA 2048 M04,third,,TLSv1.3,True
nefta.app,unknown,unknown,,unknown,False
nel.goog,unknown,unknown,,unknown,False
nelreports.net,unknown,unknown,,unknown,False
neogaf.com,Google Trust Services WE1,third,,TLSv1.3,True
neogen.com,Google Trust Services WE1,third,,TLSv1.3,True
neon.tech,Google Trust Services WE1,third,,TLSv1.3,True
nephobox.com,DigiCert Inc RapidSSL TLS RSA CA G1,third,,TLSv1.2,True
nereserv.com,Let's Encrypt YR2,third,,TLSv1.2,True
neshanmap.ir,unknown,unknown,,unknown,False
nessus.org,Amazon Amazon RSA 2048 M04,third,,TLSv1.3,True
nest.com,Google Trust Services WR3,third,,TLSv1.3,True
net-a-porter.com,DigiCert Inc DigiCert Global G3 TLS ECC SHA384 2020 CA1,third,,TLSv1.3,True
netapp.com,Sectigo Limited Sectigo Public Server Authentication CA OV R36,third,,TLSv1.3,True
netatmo.com,Amazon Amazon RSA 2048 M04,third,,TLSv1.2,True
netatmo.net,"GoDaddy.com, Inc. Go Daddy Secure Certificate Authority - G2",unknown,,TLSv1.2,True
netbird.io,Let's Encrypt YR2,third,,TLSv1.3,True
netbsd.org,Let's Encrypt YR2,third,,TLSv1.3,True
netcoresmartech.com,GlobalSign nv-sa GlobalSign RSA OV SSL CA 2018,third,,TLSv1.2,True
netcraze.io,Let's Encrypt YE1,third,,TLSv1.3,True
netdata.cloud,Let's Encrypt YE1,third,,TLSv1.3,True
netease.com,"iTrusChina Co., Ltd. vTrus OV SSL CA G2",unknown,,TLSv1.2,True
netease.im,"DigiCert, Inc. GeoTrust G2 TLS CN RSA4096 SHA256 2022 CA1",third,,TLSv1.2,True
netfiber.net.il,Google Trust Services WE1,third,,TLSv1.3,True
netflix.com,DigiCert Inc DigiCert Global G3 TLS ECC SHA384 2020 CA1,third,,TLSv1.3,True
netflix.net,Google Trust Services WR1,third,,TLSv1.3,True
netgate.com,Google Trust Services WE1,third,,TLSv1.3,True
netgear.com,Amazon Amazon RSA 2048 M04,third,,TLSv1.2,True
netkeiba.com,Amazon Amazon RSA 2048 M04,third,,TLSv1.2,True
netlify.app,DigiCert Inc DigiCert Global G2 TLS RSA SHA256 2020 CA1,third,,TLSv1.3,True
netlify.com,DigiCert Inc DigiCert Global G2 TLS RSA SHA256 2020 CA1,third,,TLSv1.3,True
netmarble.com,DigiCert Inc DigiCert Global G2 TLS RSA SHA256 2020 CA1,third,,TLSv1.2,True
netmera.com,Amazon Amazon RSA 2048 M01,third,,TLSv1.3,True
netnod.se,Let's Encrypt YR2,third,,TLSv1.3,True
netnut.net,Google Trust Services WE1,third,,TLSv1.3,True
netscalergateway.net,unknown,unknown,,unknown,False
netshoes.com.br,Amazon Amazon RSA 2048 M04,third,,TLSv1.3,True
netshort.com,Alibaba Cloud Computing Ltd. Alibaba Cloud GCC R3 AlphaSSL CA 2023,third,,TLSv1.3,True
netshort.net,unknown,unknown,,unknown,False
netsuite.com,Let's Encrypt YE2,third,,TLSv1.3,True
nettrck.store,unknown,unknown,,unknown,False
nettvservices.com,DigiCert Inc Thawte TLS RSA CA G1,third,,TLSv1.2,True
network-auth.com,unknown,unknown,,unknown,False
network-lc.ru,unknown,unknown,,unknown,False
networklinks.space,Let's Encrypt YR1,third,,TLSv1.3,True
neverssl.com,Amazon Amazon RSA 2048 M04,third,,TLSv1.3,True
new-line.net,Let's Encrypt YR2,third,,TLSv1.2,True
new-programmatic.com,Let's Encrypt R13,third,,TLSv1.2,True
newecf.com,unknown,unknown,,unknown,False
newegg.com,DigiCert Inc DigiCert Global G3 TLS ECC SHA384 2020 CA1,third,,TLSv1.3,True
newffads.com,ZeroSSL GmbH ZeroSSL ECC DV SSL CA 2,third,,TLSv1.2,True
newrelic.com,DigiCert Inc DigiCert Global G2 TLS RSA SHA256 2020 CA1,third,,TLSv1.2,True
news-cdn.site,infrastructure,infrastructure,,unknown,False
news-img.site,unknown,unknown,,unknown,False
news.cn,China Financial Certification Authority CFCA OV OCA,third,,TLSv1.2,True
news.com.au,DigiCert Inc DigiCert Global G2 TLS RSA SHA256 2020 CA1,third,,TLSv1.3,True
newsboydurance.cfd,Let's Encrypt YR2,third,,TLSv1.3,True
newsbreak.com,Let's Encrypt YR1,third,,TLSv1.3,True
newsroom.bi,GlobalSign nv-sa GlobalSign Atlas R3 DV TLS CA 2025 Q3,third,,TLSv1.3,True
newsroomlabs.com,Amazon Amazon RSA 2048 M01,third,,TLSv1.3,True
newtail.com.br,Google Trust Services WE1,third,,TLSv1.3,True
nexon.com,Amazon Amazon RSA 2048 M01,third,,TLSv1.2,True
next.co.uk,DigiCert Inc DigiCert Global G2 TLS RSA SHA256 2020 CA1,third,,TLSv1.3,True
nextcloud.com,Let's Encrypt YE2,third,,TLSv1.3,True
nextdirect.com,DigiCert Inc DigiCert Global G2 TLS RSA SHA256 2020 CA1,third,,TLSv1.3,True
nextdns.io,Google Trust Services WE1,third,,TLSv1.3,True
nextdoor.com,Amazon Amazon RSA 2048 M04,third,,TLSv1.3,True
nexters.team,unknown,unknown,,unknown,False
nextersglobal.com,DigiCert Inc RapidSSL TLS RSA CA G1,third,,TLSv1.3,True
nexthink.cloud,unknown,unknown,,unknown,False
nextlgsdp.com,unknown,unknown,,unknown,False
nextmillmedia.com,unknown,unknown,,unknown,False
nexusmods.com,Let's Encrypt YE1,third,,TLSv1.3,True
nexverse.ai,Google Trust Services WR3,third,,TLSv1.3,True
nexx360.io,Let's Encrypt YE2,third,,TLSv1.3,True
neyetwatcher.com,unknown,unknown,,unknown,False
nfcube.com,Google Trust Services WE1,third,,TLSv1.3,True
nfl.com,Let's Encrypt YR2,third,,TLSv1.3,True
nflxext.com,unknown,unknown,,unknown,False
nflximg.com,Netflix Inc Netflix Internal Services Intermediate Prod CA V10,private,,TLSv1.3,True
nflximg.net,unknown,unknown,,unknown,False
nflxso.net,unknown,unknown,,unknown,False
nflxvideo.net,unknown,unknown,,unknown,False
ngacm.com,DigiCert Inc DigiCert Global G2 TLS RSA SHA256 2020 CA1,third,,TLSv1.3,True
ngenix.net,GlobalSign nv-sa GlobalSign GCC R3 DV TLS CA 2020,third,,TLSv1.3,True
ngfiles.com,Let's Encrypt YE1,third,,TLSv1.3,True
nginx.org,Let's Encrypt YE2,third,,TLSv1.2,True
ngrok-agent.com,unknown,unknown,,unknown,False
ngrok-free.dev,Let's Encrypt YE1,third,,TLSv1.3,True
ngrok.com,Let's Encrypt YE2,third,,TLSv1.3,True
ngrok.io,Let's Encrypt YE1,third,,TLSv1.3,True
ngtv.io,unknown,unknown,,unknown,False
ngxcld.com,unknown,unknown,,unknown,False
nhentai.net,Google Trust Services WE1,third,,TLSv1.3,True
nheos.com,unknown,unknown,,unknown,False
nhl.com,Google Trust Services WE1,third,,TLSv1.3,True
nhnace.com,Sectigo Limited Sectigo Public Server Authentication CA OV R36,third,,TLSv1.2,True
nhs.uk,DigiCert Inc DigiCert Global G2 TLS RSA SHA256 2020 CA1,third,,TLSv1.2,True
nianticlabs.com,Google Trust Services WR3,third,,TLSv1.3,True
nianticspatial.com,Google Trust Services WR3,third,,TLSv1.3,True
nic.br,Let's Encrypt YE2,third,,TLSv1.3,True
nic.in,Let's Encrypt R12,third,,TLSv1.3,True
nic.ru,GlobalSign nv-sa GlobalSign GCC R3 EV TLS CA 2025,third,,TLSv1.3,True
nice-incontact.com,unknown,unknown,,unknown,False
nice-protect.com,unknown,unknown,,unknown,False
nice-team.net,Let's Encrypt YR2,third,,TLSv1.3,True
nicegram.cloud,Let's Encrypt YE2,third,,TLSv1.3,True
nicehash.com,Google Trust Services WR3,third,,TLSv1.3,True
niceincontact.com,DigiCert Inc DigiCert Global G2 TLS RSA SHA256 2020 CA1,third,,TLSv1.2,True
nicovideo.jp,Amazon Amazon RSA 2048 M01,third,,TLSv1.3,True
nielsen.com,Let's Encrypt YE1,third,,TLSv1.3,True
nielsencollections.com,unknown,unknown,,unknown,False
nifty-feature.com,unknown,unknown,,unknown,False
nih.gov,"GoDaddy.com, Inc. Go Daddy Secure Certificate Authority - G2",third,,TLSv1.2,True
nike.com,Amazon Amazon RSA 2048 M04,third,,TLSv1.3,True
nike.com.br,DigiCert Inc DigiCert Global G3 TLS ECC SHA384 2020 CA1,third,,TLSv1.3,True
nikke-kr.com,"DigiCert, Inc. DigiCert Secure Site OV G2 TLS CN RSA4096 SHA256 2022 CA1",third,,TLSv1.2,True
nikkei.com,Amazon Amazon RSA 2048 M04,third,,TLSv1.3,True
nimblestorage.com,"GoDaddy.com, Inc. Go Daddy Secure Certificate Authority - G2",unknown,,TLSv1.2,True
nimo.tv,"DigiCert, Inc. GeoTrust G2 TLS CN RSA4096 SHA256 2022 CA1",third,,TLSv1.3,True
ninebot.com,GlobalSign nv-sa GlobalSign RSA OV SSL CA 2018,third,,TLSv1.2,True
ning.com,Sectigo Limited Sectigo Public Server Authentication CA DV R36,third,,TLSv1.2,True
ninjarmm.com,Let's Encrypt YE1,third,,TLSv1.3,True
ninjarmm.net,unknown,unknown,,unknown,False
nintendo.com,DigiCert Inc DigiCert Global G2 TLS RSA SHA256 2020 CA1,third,,TLSv1.2,True
nintendo.net,unknown,unknown,,unknown,False
ninthdecimal.com,unknown,unknown,,unknown,False
nip.io,Let's Encrypt YE1,third,,TLSv1.3,True
nist.gov,Let's Encrypt YE2,third,,TLSv1.3,True
nit.ro,unknown,unknown,,unknown,False
nitrocdn.com,infrastructure,infrastructure,,unknown,False
nitrocnct.com,unknown,unknown,,unknown,False
nitropay.com,Google Trust Services WR3,third,,TLSv1.3,True
nizza.com,Let's Encrypt YE1,third,,TLSv1.3,True
nmgassets.com,Google Trust Services WR3,third,,TLSv1.3,True
nmn.io,unknown,unknown,,unknown,False
nmrodam.com,unknown,unknown,,unknown,False
nnmclub.to,Google Trust Services WE1,third,,TLSv1.3,True
no-ip.com,DigiCert Inc RapidSSL TLS RSA CA G1,third,,TLSv1.2,True
no-ip.org,Let's Encrypt R13,third,,TLSv1.2,True
no-protect.com,"GoDaddy.com, Inc. Go Daddy Secure Certificate Authority - G2",unknown,,TLSv1.3,True
noa.gr,Hellenic Academic and Research Institutions CA GEANT TLS RSA 1,third,,TLSv1.3,True
noaa.gov,Let's Encrypt YR1,third,,TLSv1.2,True
nocookie.net,Let's Encrypt YE2,third,,TLSv1.3,True
nodecast.com,Sectigo Limited Sectigo Public Server Authentication CA DV R36,third,,TLSv1.3,True
nodejs.org,Sectigo Limited Sectigo Public Server Authentication CA DV R36,third,,TLSv1.3,True
nodereal.io,Amazon Amazon RSA 2048 M04,third,,TLSv1.3,True
nodesource.com,Amazon Amazon RSA 2048 M01,third,,TLSv1.2,True
noibu.com,Google Trust Services WE1,third,,TLSv1.3,True
noip.com,DigiCert Inc RapidSSL TLS RSA CA G1,third,,TLSv1.2,True
nokia.com,DigiCert Inc DigiCert Global G2 TLS RSA SHA256 2020 CA1,third,,TLSv1.3,True
noodlemagazine.com,Google Trust Services WE1,third,,TLSv1.2,True
noon.com,Google Trust Services WR3,third,,TLSv1.3,True
nooncdn.com,infrastructure,infrastructure,,unknown,False
nordcdn.com,infrastructure,infrastructure,,unknown,False
nordhold.net,unknown,unknown,,unknown,False
nordpass.com,Google Trust Services WE1,third,,TLSv1.3,True
nordstrom.com,Sectigo Limited Sectigo Public Server Authentication CA OV R36,third,,TLSv1.3,True
nordstromrack.com,Sectigo Limited Sectigo Public Server Authentication CA OV R36,third,,TLSv1.3,True
nordvpn.com,Sectigo Limited Sectigo Public Server Authentication CA DV R36,third,,TLSv1.3,True
northdata.com,Google Trust Services WR3,third,,TLSv1.3,True
northwavepoint.com,unknown,unknown,,unknown,False
norton.com,Sectigo Limited Sectigo Public Server Authentication CA OV R36,third,,TLSv1.3,True
nortoncdn.com,infrastructure,infrastructure,,unknown,False
nos.nl,Sectigo Limited Sectigo Public Server Authentication CA EV R36,third,,TLSv1.3,True
noskomnadzor.co.uk,unknown,unknown,,unknown,False
nosto.com,Let's Encrypt YE1,third,,TLSv1.3,True
note.com,GlobalSign nv-sa GlobalSign GCC R3 DV TLS CA 2020,third,,TLSv1.3,True
notelega.co.uk,unknown,unknown,,unknown,False
nothingtech.link,Amazon Amazon RSA 2048 M01,third,,TLSv1.3,True
notifadz.com,Let's Encrypt YR2,third,,TLSv1.3,True
notifpush.com,Google Trust Services WE1,third,,TLSv1.3,True
notion.com,Google Trust Services WE1,third,,TLSv1.3,True
notion.site,Google Trust Services WE1,third,,TLSv1.3,True
notion.so,Google Trust Services WE1,third,,TLSv1.3,True
novabeyond.com,DigiCert Inc RapidSSL TLS RSA CA G1,third,,TLSv1.3,True
novaicare.com,unknown,unknown,,unknown,False
novanewsapp.com,Let's Encrypt YR1,third,,TLSv1.3,True
now.gg,Amazon Amazon RSA 2048 M04,third,,TLSv1.3,True
nownodes.io,Google Trust Services WE1,third,,TLSv1.3,True
nowtv.com,DigiCert Inc GeoTrust TLS RSA CA G1,third,,TLSv1.3,True
npaw.com,"GoDaddy.com, Inc. Go Daddy Secure Certificate Authority - G2",third,,TLSv1.3,True
nperf.com,Gandi SAS GandiCert,third,,TLSv1.3,True
npmjs.com,Google Trust Services WE1,third,,TLSv1.3,True
npmjs.org,Google Trust Services WE1,third,,TLSv1.2,True
npr.org,Amazon Amazon RSA 2048 M01,third,,TLSv1.3,True
npttech.com,Google Trust Services WE1,third,,TLSv1.3,True
nr-data.net,unknown,unknown,,unknown,False
nrich.ai,ZeroSSL ZeroSSL RSA Domain Secure Site CA,third,,TLSv1.3,True
nrk.no,DigiCert Inc DigiCert Global G3 TLS ECC SHA384 2020 CA1,third,,TLSv1.3,True
ns1p.net,DigiCert Inc DigiCert Global G2 TLS RSA SHA256 2020 CA1,third,,TLSv1.3,True
ns1pcdn.net,infrastructure,infrastructure,,unknown,False
ns2online.com.br,unknown,unknown,,unknown,False
nsaudience.pl,unknown,unknown,,unknown,False
nsone.net,DigiCert Inc DigiCert Global G2 TLS RSA SHA256 2020 CA1,third,,TLSv1.3,True
nspk.ru,unknown,unknown,,TLSv1.3,True
nssvc.net,unknown,unknown,,unknown,False
nstld.com,unknown,unknown,,unknown,False
nsw.gov.au,Amazon Amazon RSA 2048 M04,third,,TLSv1.3,True
ntesgsght.com,unknown,unknown,,unknown,False
ntnltech.com,unknown,unknown,,unknown,False
ntp-fireos.com,unknown,unknown,,unknown,False
ntp.br,Let's Encrypt YR2,third,,TLSv1.3,True
ntp.org,Let's Encrypt YR2,third,,TLSv1.2,True
ntp.org.cn,DigiCert Inc Encryption Everywhere DV TLS CA - G1,third,,TLSv1.2,True
ntp.se,Let's Encrypt YR2,third,,TLSv1.3,True
ntp2-sync.com,Let's Encrypt YE1,third,,TLSv1.3,True
ntppool.org,Certainly Certainly Intermediate R1,third,,TLSv1.3,True
ntu.edu.tw,TAIWAN-CA TWCA SSL Certification Authority,unknown,,TLSv1.3,True
ntv.io,unknown,unknown,,unknown,False
ntvpforever.com,Let's Encrypt YR2,third,,TLSv1.2,True
nu.international,ZeroSSL GmbH ZeroSSL RSA DV SSL CA 2,third,,TLSv1.3,True
nu.nl,DigiCert Inc DigiCert Global G3 TLS ECC SHA384 2020 CA1,third,,TLSv1.3,True
nuance.com,DigiCert Inc DigiCert Global G2 TLS RSA SHA256 2020 CA1,third,,TLSv1.2,True
nuancemobility.net,unknown,unknown,,unknown,False
nubank.com.br,Amazon Amazon RSA 2048 M04,third,,TLSv1.3,True
nubia.com,GlobalSign nv-sa GlobalSign RSA OV SSL CA 2018,third,,TLSv1.2,True
nuevotor.cam,unknown,unknown,,unknown,False
nuget.org,Microsoft Corporation Microsoft TLS G2 RSA CA OCSP 04,third,,TLSv1.2,True
nullsproxy.com,Google Trust Services WE1,third,,TLSv1.3,True
numericable.fr,DigiCert Inc RapidSSL TLS RSA CA G1,third,,TLSv1.2,True
numista.com,Let's Encrypt YE2,third,,TLSv1.3,True
nus.edu.sg,GlobalSign nv-sa GlobalSign Atlas R46 DV TLS CA 2026 Q2,third,,TLSv1.3,True
nutanix.com,DigiCert Inc DigiCert Global G2 TLS RSA SHA256 2020 CA1,third,,TLSv1.3,True
nvcam.net,unknown,unknown,,unknown,False
nvidia.com,Amazon Amazon RSA 2048 M01,third,,TLSv1.2,True
nvidiagrid.net,unknown,unknown,,unknown,False
nwsvr1.com,ZeroSSL GmbH ZeroSSL RSA DV SSL CA 2,third,,TLSv1.3,True
nxp.com,Amazon Amazon RSA 2048 M01,third,,TLSv1.3,True
nxvms.com,Let's Encrypt YR2,third,,TLSv1.2,True
ny.gov,GlobalSign nv-sa GlobalSign Atlas R3 OV TLS CA 2026 Q2,third,,TLSv1.3,True
nyaa.si,Let's Encrypt R13,third,,TLSv1.3,True
nyaa.vc,Google Trust Services WE1,third,,TLSv1.3,True
nyaatracker.com,unknown,unknown,,unknown,False
nyacat.pw,unknown,unknown,,unknown,False
nypost.com,Let's Encrypt YE1,third,,TLSv1.3,True
nyt.com,DigiCert Inc Thawte TLS RSA CA G1,third,,TLSv1.3,True
nytimes.com,DigiCert Inc Thawte TLS RSA CA G1,third,,TLSv1.3,True
nytrng.com,Amazon Amazon RSA 2048 M04,third,,TLSv1.2,True
nyu.edu,Internet2 InCommon RSA Server CA 2,third,,TLSv1.2,True
nzbfinder.ws,Google Trust Services WE1,third,,TLSv1.3,True
nzbgeek.info,Google Trust Services WE1,third,,TLSv1.3,True
o2.co.uk,DigiCert Inc Thawte EV RSA CA G2,third,,TLSv1.3,True
o365weve.com,unknown,unknown,,unknown,False
oaistatic.com,Let's Encrypt YE2,third,,TLSv1.3,True
oaistatsig.com,Google Trust Services WE1,third,,TLSv1.3,True
oaiusercontent.com,unknown,unknown,,unknown,False
oanda.com,Google Trust Services WE1,third,,TLSv1.3,True
oath.cloud,unknown,unknown,,unknown,False
oath.com,DigiCert Inc DigiCert Global G2 TLS RSA SHA256 2020 CA1,third,,TLSv1.3,True
obihai.com,unknown,unknown,,unknown,False
obiwankenode.com,unknown,unknown,,unknown,False
observeit.net,unknown,unknown,,unknown,False
obsidian.md,Google Trust Services WE1,third,,TLSv1.3,True
ocdn.eu,infrastructure,infrastructure,,unknown,False
ocean-components.com,Let's Encrypt YR2,third,,TLSv1.3,True
oceanengine.com,DigiCert Inc RapidSSL TLS RSA CA G1,third,,TLSv1.3,True
oceanfall.xyz,unknown,unknown,,unknown,False
oclc.org,Google Trust Services WE1,third,,TLSv1.3,True
ocmhood.com,unknown,unknown,,unknown,False
ocmthood.com,unknown,unknown,,unknown,False
ocry.com,unknown,unknown,,unknown,False
ocsp-certum.com,unknown,unknown,,unknown,False
octo25.me,Sectigo Limited Sectigo Public Server Authentication CA DV R36,third,,TLSv1.3,True
octobrowser.net,Google Trust Services WE1,third,,TLSv1.3,True
octopus.energy,Let's Encrypt YR2,third,,TLSv1.3,True
oculus.com,DigiCert Inc DigiCert Global G2 TLS RSA SHA256 2020 CA1,third,,TLSv1.3,True
oculuscdn.com,infrastructure,infrastructure,,unknown,False
od-cdn.com,infrastructure,infrastructure,,unknown,False
oddsserve.com,TRAEFIK DEFAULT CERT,unknown,,TLSv1.3,True
odoo.com,Let's Encrypt YR1,third,,TLSv1.3,True
ofcs.top,unknown,unknown,,unknown,False
offerup.com,Google Trust Services WE1,third,,TLSv1.3,True
office.com,Microsoft Corporation Microsoft TLS G2 RSA CA OCSP 10,private,,TLSv1.3,True
office.net,unknown,unknown,,unknown,False
office365-net.us,unknown,unknown,,unknown,False
office365.com,Microsoft Corporation Microsoft TLS G2 RSA CA OCSP 02,private,,TLSv1.3,True
office365.us,DigiCert Inc DigiCert Global G2 TLS RSA SHA256 2020 CA1,third,,TLSv1.3,True
offshor.co.uk,unknown,unknown,,unknown,False
ogury.io,unknown,unknown,,unknown,False
oh.us,unknown,unknown,,unknown,False
ohmy.bid,Let's Encrypt YR1,third,,TLSv1.3,True
oi.net.br,unknown,unknown,,unknown,False
oiq.onl,Google Trust Services WE1,third,,TLSv1.3,True
ojrq.net,Sectigo Limited Sectigo Public Server Authentication CA DV R36,third,,TLSv1.3,True
ojsbdjn.com,unknown,unknown,,unknown,False
ok.ru,Hellenic Academic and Research Institutions CA HARICA DV TLS RSA,third,,TLSv1.3,True
okamiboss.com,unknown,unknown,,unknown,False
okcdn.ru,infrastructure,infrastructure,,unknown,False
okcupid.com,Google Trust Services WE1,third,,TLSv1.3,True
okendo.io,Let's Encrypt YE2,third,,TLSv1.3,True
okex.org,DigiCert Inc GeoTrust TLS RSA CA G1,third,,TLSv1.3,True
okiloveyoupleasedonttouchme.net,unknown,unknown,,unknown,False
okjds8z.com,unknown,unknown,,unknown,False
okko.tv,GlobalSign nv-sa GlobalSign GCC R6 AlphaSSL CA 2025,third,,TLSv1.3,True
oklink.com,DigiCert Inc GeoTrust TLS RSA CA G1,third,,TLSv1.3,True
okolo.app,Let's Encrypt YR2,third,,TLSv1.3,True
okta-emea.com,Amazon Amazon RSA 2048 M01,third,,TLSv1.3,True
okta.com,Amazon Amazon RSA 2048 M01,third,,TLSv1.3,True
oktacdn.com,infrastructure,infrastructure,,unknown,False
oktapreview.com,DigiCert Inc DigiCert Global G2 TLS RSA SHA256 2020 CA1,third,,TLSv1.2,True
okx-doh.com,Google Trust Services WE1,third,,TLSv1.3,True
okx-httpdns.com,Google Trust Services WE1,third,,TLSv1.3,True
okx.ac,DigiCert Inc GeoTrust TLS RSA CA G1,third,,TLSv1.3,True
okx.cab,DigiCert Inc GeoTrust TLS RSA CA G1,third,,TLSv1.3,True
okx.com,DigiCert Inc GeoTrust TLS RSA CA G1,third,,TLSv1.3,True
olark.com,DigiCert Inc GeoTrust TLS RSA CA G1,third,,TLSv1.3,True
oleads.com,Trust Provider B.V. Trust Provider B.V. TLS RSA CA G1,unknown,,TLSv1.2,True
ollama.com,Google Trust Services WR3,third,,TLSv1.3,True
olo.com,Amazon Amazon RSA 2048 M04,third,,TLSv1.3,True
ololosh.space,unknown,unknown,,unknown,False
olx-st.com,Amazon Amazon RSA 2048 M01,third,,TLSv1.3,True
olx.com.br,Amazon Amazon RSA 2048 M01,third,,TLSv1.3,True
olx.in,Amazon Amazon RSA 2048 M01,third,,TLSv1.3,True
olx.org,unknown,unknown,,unknown,False
olx.pl,Amazon Amazon RSA 2048 M01,third,,TLSv1.3,True
olx.ua,Amazon Amazon RSA 2048 M04,third,,TLSv1.3,True
olxcdn.com,infrastructure,infrastructure,,unknown,False
olympics.com,DigiCert Inc DigiCert Global G3 TLS ECC SHA384 2020 CA1,third,,TLSv1.3,True
omappapi.com,Google Trust Services WE1,third,,TLSv1.3,True
omegatheme.com,Google Trust Services WE1,third,,TLSv1.3,True
omhthe.com,Google Trust Services WE1,third,,TLSv1.3,True
omiapp.me,"GoDaddy.com, Inc. Go Daddy Secure Certificate Authority - G2",third,,TLSv1.3,True
omni-dex.io,Google Trust Services WE1,third,,TLSv1.3,True
omnilojoapps.com,unknown,unknown,,unknown,False
omnipodcloud.com,unknown,unknown,,unknown,False
omniroot.com,unknown,unknown,,unknown,False
omnisendlink.com,Google Trust Services WE1,third,,TLSv1.3,True
omnisnippet1.com,Google Trust Services WE1,third,,TLSv1.3,True
omnitagjs.com,unknown,unknown,,unknown,False
omnititanemail.com,unknown,unknown,,unknown,False
omtrdc.net,DigiCert Inc DigiCert Global G2 TLS RSA SHA256 2020 CA1,third,,TLSv1.2,True
on.aws,unknown,unknown,,unknown,False
on.ca,unknown,unknown,,unknown,False
on.com,Google Trust Services WE1,third,,TLSv1.3,True
on3.com,Google Trust Services WE1,third,,TLSv1.3,True
onaudience.com,"GoDaddy.com, Inc. Go Daddy Secure Certificate Authority - G2",third,,TLSv1.3,True
onclckbn.net,unknown,unknown,,unknown,False
onclckinp.com,Let's Encrypt YR2,third,,TLSv1.2,True
onclckmetrics.com,Let's Encrypt YE2,third,,TLSv1.2,True
onclckstr.com,unknown,unknown,,unknown,False
ondemand.com,DigiCert Inc DigiCert Global G2 TLS RSA SHA256 2020 CA1,third,,TLSv1.3,True
ondigitalocean.app,unknown,unknown,,unknown,False
ondigitalocean.com,Google Trust Services WE1,third,,TLSv1.3,True
one-new-message-okay.com,Let's Encrypt YE1,third,,TLSv1.2,True
one.bid,Google Trust Services WE1,third,,TLSv1.3,True
one.com,Let's Encrypt YR2,third,,TLSv1.3,True
one.one,Let's Encrypt YR2,third,,TLSv1.3,True
one2car.com,Google Trust Services WE1,third,,TLSv1.3,True
oneadtag.com,unknown,unknown,,unknown,False
oneconcord.net,unknown,unknown,,unknown,False
onedrive.com,Microsoft Corporation Microsoft TLS G2 RSA CA OCSP 16,third,,TLSv1.3,True
onedumb.com,unknown,unknown,,unknown,False
onefootball.com,DigiCert Inc GeoTrust TLS RSA CA G1,third,,TLSv1.3,True
oneget.org,DigiCert Inc GeoTrust TLS RSA CA G1,third,,TLSv1.3,True
onegg.site,unknown,unknown,,unknown,False
oneindia.com,Google Trust Services WE1,third,,TLSv1.3,True
onelink.me,Amazon Amazon RSA 2048 M04,third,,TLSv1.3,True
onelouder.com,unknown,unknown,,unknown,False
oneme.ru,unknown,unknown,,unknown,False
onenote.com,Microsoft Corporation Microsoft TLS G2 ECC CA OCSP 02,third,,TLSv1.3,True
onenote.net,Microsoft Corporation Microsoft TLS G2 RSA CA OCSP 16,unknown,,TLSv1.3,True
onepeloton.com,DigiCert Inc DigiCert Global G2 TLS RSA SHA256 2020 CA1,third,,TLSv1.3,True
oneplus.com,"DigiCert, Inc. GeoTrust G2 TLS CN RSA4096 SHA256 2022 CA1",third,,TLSv1.2,True
oneprotaro.com,DigiCert Inc GeoTrust TLS RSA CA G1,third,,TLSv1.3,True
onesignal.com,Google Trust Services WE1,third,,TLSv1.3,True
onestate.space,unknown,unknown,,unknown,False
onestore.ms,unknown,unknown,,unknown,False
onet.pl,DigiCert Inc GeoTrust TLS RSA CA G1,third,,TLSv1.3,True
onetag-sys.com,DigiCert Inc DigiCert Global G3 TLS ECC SHA384 2020 CA1,third,,TLSv1.3,True
onetrust.com,Google Trust Services WE1,third,,TLSv1.3,True
onetrust.io,unknown,unknown,,unknown,False
onezapp.com,unknown,unknown,,unknown,False
onfinality.io,Amazon Amazon RSA 2048 M01,third,,TLSv1.3,True
onkakao.net,unknown,unknown,,unknown,False
online-metrix.net,unknown,unknown,,unknown,False
onlineradiobox.com,Let's Encrypt YE1,third,,TLSv1.3,True
onlyfans.com,Let's Encrypt YE1,third,,TLSv1.3,True
onlymonster.ai,Google Trust Services WE1,third,,TLSv1.3,True
onmicrosoft.com,unknown,unknown,,unknown,False
onnetwork.tv,Let's Encrypt YE2,third,,TLSv1.3,True
onrender.com,Let's Encrypt YR1,third,,TLSv1.3,True
onstove.com,Amazon Amazon RSA 2048 M01,third,,TLSv1.3,True
onthe.io,Sectigo Limited Sectigo Public Server Authentication CA DV E36,third,,TLSv1.3,True
onthemarket.com,Amazon Amazon RSA 2048 M01,third,,TLSv1.3,True
onzoom.com,DigiCert Inc DigiCert Global G2 TLS RSA SHA256 2020 CA1,third,,TLSv1.3,True
ooklaserver.net,unknown,unknown,,unknown,False
ooma.com,GlobalSign nv-sa GlobalSign Atlas R46 DV TLS CA 2026 Q2,third,,TLSv1.3,True
op.gg,Sectigo Limited Sectigo Public Server Authentication CA DV R36,third,,TLSv1.3,True
opayweb.com,DigiCert Inc Encryption Everywhere DV TLS CA - G2,third,,TLSv1.2,True
opecloud.com,unknown,unknown,,unknown,False
open-internet.nl,Let's Encrypt E5,third,,TLSv1.2,True
open-meteo.com,Google Trust Services WE1,third,,TLSv1.3,True
open.video,Google Trust Services WE1,third,,TLSv1.3,True
openacs.org,Let's Encrypt YE2,third,,TLSv1.3,True
openai.com,Google Trust Services WE1,third,,TLSv1.3,True
openai.org,unknown,unknown,,unknown,False
openaire.eu,Let's Encrypt YR2,third,,TLSv1.3,True
openbittorrent.com,unknown,unknown,,unknown,False
opencode.ai,Google Trust Services WE1,third,,TLSv1.3,True
opendns.com,Let's Encrypt R13,third,,TLSv1.2,True
opendota.com,Google Trust Services WE1,third,,TLSv1.3,True
opendsp.ru,GlobalSign nv-sa GlobalSign GCC R6 AlphaSSL CA 2025,third,,TLSv1.3,True
openfoodfacts.org,Let's Encrypt YR2,third,,TLSv1.3,True
openfpcdn.io,infrastructure,infrastructure,,unknown,False
openlibrary.org,Let's Encrypt YR1,third,,TLSv1.3,True
openoffice.org,Sectigo Limited Sectigo Public Server Authentication CA DV R36,third,,TLSv1.3,True
openrouter.ai,Google Trust Services WE1,third,,TLSv1.3,True
opensea.io,Let's Encrypt YE1,third,,TLSv1.3,True
opensignal.com,Let's Encrypt YE1,third,,TLSv1.3,True
openspeech.cn,GlobalSign nv-sa GlobalSign RSA OV SSL CA 2018,third,,TLSv1.2,True
openssp.ru,unknown,unknown,,unknown,False
openstreetmap.org,Let's Encrypt YR1,third,,TLSv1.3,True
opensubtitles.com,Google Trust Services WE1,third,,TLSv1.3,True
opensubtitles.org,Let's Encrypt YE2,third,,TLSv1.3,True
opensuse.org,Let's Encrypt YE1,third,,TLSv1.3,True
opentable.com,Let's Encrypt YR1,third,,TLSv1.3,True
opentor.org,unknown,unknown,,unknown,False
opentorrent.top,Google Trust Services WE1,third,,TLSv1.3,True
opentracker.io,Let's Encrypt YE1,third,,TLSv1.3,True
opentrackr.org,Let's Encrypt R13,third,,TLSv1.2,True
openvpn.net,"GoDaddy.com, Inc. Go Daddy Secure Certificate Authority - G2",third,,TLSv1.3,True
openwave.ai,Google Trust Services WE1,third,,TLSv1.3,True
openweathermap.org,Sectigo Limited Sectigo Public Server Authentication CA OV R36,third,,TLSv1.3,True
openweb.com,Let's Encrypt YE2,third,,TLSv1.3,True
openwebmp.com,unknown,unknown,,unknown,False
openwebtorrent.com,Let's Encrypt YR2,third,,TLSv1.3,True
openwrt.org,Let's Encrypt YE1,third,,TLSv1.2,True
openx.net,DigiCert Inc RapidSSL TLS RSA CA G1,third,,TLSv1.3,True
openxcdn.net,infrastructure,infrastructure,,unknown,False
opera-api.com,unknown,unknown,,unknown,False
opera-api2.com,unknown,unknown,,unknown,False
opera-mini.net,unknown,unknown,,unknown,False
opera.com,Trust Provider B.V. Trust Provider B.V. TLS RSA CA G1,third,,TLSv1.3,True
opera.software,unknown,unknown,,unknown,False
opera.technology,unknown,unknown,,unknown,False
operacdn.com,infrastructure,infrastructure,,unknown,False
opifors.com,unknown,unknown,,unknown,False
opoxv.com,unknown,unknown,,unknown,False
oppomobile.com,"DigiCert, Inc. GeoTrust G2 TLS CN RSA4096 SHA256 2022 CA1",third,,TLSv1.3,True
opsgenie.com,Amazon Amazon ECDSA 256 M04,third,,TLSv1.3,True
opswarpy.com,Google Trust Services WE1,third,,TLSv1.3,True
opt360.net,Let's Encrypt YE2,third,,TLSv1.3,True
opta.net,unknown,unknown,,unknown,False
optable.co,Google Trust Services WE1,third,,TLSv1.3,True
opti-digital.com,Let's Encrypt E7,third,,TLSv1.3,True
optidigital.com,Let's Encrypt E8,third,,TLSv1.3,True
optifyr.com,Let's Encrypt YE1,third,,TLSv1.3,True
optimai.network,Google Trust Services WE1,third,,TLSv1.3,True
optimise.net,Google Trust Services WR3,third,,TLSv1.3,True
optimizely.com,Let's Encrypt YR2,third,,TLSv1.3,True
optimonk.com,GlobalSign nv-sa GlobalSign GCC R6 AlphaSSL CA 2025,third,,TLSv1.3,True
optimove.net,unknown,unknown,,unknown,False
optimum.net,Sectigo Limited Sectigo Public Server Authentication CA OV R36,third,,TLSv1.3,True
optisigns.com,Google Trust Services WE1,third,,TLSv1.3,True
optonline.net,Sectigo Limited Sectigo Public Server Authentication CA OV R36,third,,TLSv1.2,True
optum.com,Sectigo Limited Sectigo Public Server Authentication CA OV R36,third,,TLSv1.2,True
optusnet.com.au,unknown,unknown,,unknown,False
optvz.com,unknown,unknown,,unknown,False
or.id,unknown,unknown,,unknown,False
or.jp,Let's Encrypt YR2,third,,TLSv1.3,True
or.kr,unknown,unknown,,unknown,False
or.th,unknown,unknown,,unknown,False
oracle.com,DigiCert Inc DigiCert Global G2 TLS RSA SHA256 2020 CA1,third,,TLSv1.2,True
oraclecloud.com,DigiCert Inc DigiCert Global G2 TLS RSA SHA256 2020 CA1,third,,TLSv1.2,True
oraclecloud.net,unknown,unknown,,unknown,False
oracleindustry.com,DigiCert Inc DigiCert Global G2 TLS RSA SHA256 2020 CA1,third,,TLSv1.3,True
oracleinfinity.io,unknown,unknown,,unknown,False
oraclersys.com,unknown,unknown,,unknown,False
orange.com,DigiCert Inc DigiCert Global G2 TLS RSA SHA256 2020 CA1,third,,TLSv1.3,True
orange.es,DigiCert Inc DigiCert Global G2 TLS RSA SHA256 2020 CA1,third,,TLSv1.3,True
orange.fr,DigiCert Inc DigiCert Global G2 TLS RSA SHA256 2020 CA1,third,,TLSv1.3,True
orangeclickmedia.com,Google Trust Services WE1,third,,TLSv1.3,True
oranthservice.site,unknown,unknown,,unknown,False
oray.com,DigiCert Inc RapidSSL TLS RSA CA G1,third,,TLSv1.2,True
oray.net,DigiCert Inc RapidSSL TLS RSA CA G1,third,,TLSv1.2,True
orb.ee,unknown,unknown,,unknown,False
orbsrv.com,unknown,unknown,,unknown,False
orcid.org,Sectigo Limited Sectigo Public Server Authentication CA DV R36,third,,TLSv1.3,True
oregonstate.edu,Internet2 InCommon RSA Server CA 2,third,,TLSv1.3,True
oreillyauto.com,DigiCert Inc DigiCert Global G3 TLS ECC SHA384 2020 CA1,third,,TLSv1.3,True
organicseurope.bio,Google Trust Services WE1,third,,TLSv1.3,True
origin.com,DigiCert Inc DigiCert Global G2 TLS RSA SHA256 2020 CA1,third,,TLSv1.3,True
ortb.net,unknown,unknown,,unknown,False
os-content.com,Google Trust Services WE1,third,,TLSv1.3,True
osano.com,Google Trust Services WE1,third,,TLSv1.3,True
osdknw.com,Google Trust Services WE1,third,,TLSv1.3,True
osdkupdatenw.com,Google Trust Services WE1,third,,TLSv1.3,True
ospserver.net,Sectigo Limited Sectigo RSA Organization Validation Secure Server CA,third,,TLSv1.3,True
ostkcdn.com,infrastructure,infrastructure,,unknown,False
osu.edu,Amazon Amazon RSA 2048 M04,third,,TLSv1.2,True
osuosl.org,Internet2 InCommon RSA Server CA 2,third,,TLSv1.3,True
oszar.com,Google Trust Services WE1,third,,TLSv1.3,True
ota-cloudfront.net,infrastructure,infrastructure,,unknown,False
otclick-adv.ru,GlobalSign nv-sa GlobalSign GCC R6 AlphaSSL CA 2025,third,,TLSv1.3,True
otidapi.com,unknown,unknown,,unknown,False
otm-r.com,unknown,unknown,,unknown,False
ottadvisors.com,Let's Encrypt YE2,third,,TLSv1.3,True
ottai.com,ZeroSSL GmbH ZeroSSL RSA DV SSL CA 2,third,,TLSv1.2,True
otter.ai,Amazon Amazon RSA 2048 M01,third,,TLSv1.2,True
ottera.tv,Amazon Amazon RSA 2048 M04,third,,TLSv1.3,True
otto.de,DigiCert Inc DigiCert Global G2 TLS RSA SHA256 2020 CA1,third,,TLSv1.3,True
otzo.com,unknown,unknown,,unknown,False
ou2sv.com,Internet Widgits Pty Ltd *.malware.com,unknown,,TLSv1.3,True
oui-0x00199d.com,unknown,unknown,,unknown,False
oundhertobeconsist.org,unknown,unknown,,unknown,False
oup.com,Amazon Amazon RSA 2048 M01,third,,TLSv1.2,True
ouraring.com,Amazon Amazon RSA 2048 M01,third,,TLSv1.3,True
ourcommons.ca,DigiCert Inc Thawte TLS RSA CA G1,third,,TLSv1.3,True
ourdream.ai,Let's Encrypt YR1,third,,TLSv1.3,True
ourhobby.com,unknown,unknown,,unknown,False
ousaqb.tech,unknown,unknown,,unknown,False
outboundproxy.com,unknown,unknown,,unknown,False
outbrain.com,Let's Encrypt YR1,third,,TLSv1.3,True
outbrain.org,DigiCert Inc Thawte TLS RSA CA G1,third,,TLSv1.3,True
outbrainimg.com,DigiCert Inc DigiCert Global G2 TLS RSA SHA256 2020 CA1,third,,TLSv1.3,True
outcomes.net,Let's Encrypt YR1,third,,TLSv1.3,True
outfit7.com,Google Trust Services WE1,third,,TLSv1.3,True
outlook.cn,unknown,unknown,,unknown,False
outlook.com,DigiCert Inc DigiCert Global G2 TLS RSA SHA256 2020 CA1,third,,TLSv1.3,True
outreach.io,Amazon Amazon RSA 2048 M04,third,,TLSv1.3,True
ouxyi.cash,unknown,unknown,,unknown,False
ov1o.com,unknown,unknown,,unknown,False
overdrive.com,Google Trust Services WR1,third,,TLSv1.2,True
overflow.biz,Google Trust Services WE1,third,,TLSv1.3,True
overkiz.com,unknown,unknown,,unknown,False
overwolf.com,Amazon Amazon RSA 2048 M04,third,,TLSv1.3,True
ovh.com,Sectigo Limited Sectigo Public Server Authentication CA DV R36,third,,TLSv1.3,True
ovh.net,Let's Encrypt YR2,third,,TLSv1.3,True
ovhnextmillmedia.com,unknown,unknown,,unknown,False
ovid.com,Google Trust Services WE1,third,,TLSv1.3,True
ovrc.com,Let's Encrypt YR1,third,,TLSv1.3,True
ovscdns.com,infrastructure,infrastructure,,unknown,False
ovscdns.net,infrastructure,infrastructure,,unknown,False
owhealth.com,Amazon Amazon RSA 2048 M04,third,,TLSv1.3,True
owletdata.com,unknown,unknown,,unknown,False
oxcs.net,Let's Encrypt YR2,third,,TLSv1.3,True
oxidesurvival.com,Google Trust Services WE1,third,,TLSv1.3,True
oxylabs.io,Google Trust Services WE1,third,,TLSv1.3,True
oyorooms.com,DigiCert Inc GeoTrust TLS RSA CA G1,third,,TLSv1.3,True
ozlinedsp.com,unknown,unknown,,unknown,False
ozon.kz,GlobalSign nv-sa GlobalSign RSA OV SSL CA 2018,third,,TLSv1.3,True
ozon.ru,GlobalSign nv-sa GlobalSign RSA OV SSL CA 2018,third,,TLSv1.3,True
ozone.ru,GlobalSign nv-sa GlobalSign RSA OV SSL CA 2018,third,,TLSv1.3,True
ozonusercontent.com,unknown,unknown,,unknown,False
p-cdn.com,infrastructure,infrastructure,,unknown,False
p-cdn.us,infrastructure,infrastructure,,unknown,False
p-msedge.net,unknown,unknown,,unknown,False
p-n.io,unknown,unknown,,unknown,False
p2bld.vip,unknown,unknown,,unknown,False
p2elite.com,Google Trust Services WE1,third,,TLSv1.3,True
p3crowd.com,unknown,unknown,,unknown,False
p6sai.com,unknown,unknown,,unknown,False
p7cloud.net,unknown,unknown,,unknown,False
pa-cd.com,unknown,unknown,,unknown,False
pa1mstore.com,unknown,unknown,,unknown,False
paa-reporting-advertising.amazon,Amazon Amazon RSA 2048 M04,third,,TLSv1.3,True
pacer.cc,Amazon Amazon RSA 2048 M01,third,,TLSv1.3,True
packagecloud.io,Amazon Amazon RSA 2048 M01,third,,TLSv1.3,True
packagist.org,Let's Encrypt YR1,third,,TLSv1.3,True
packetsdk.io,unknown,unknown,,unknown,False
packetsdk.net,unknown,unknown,,unknown,False
packetsdk.xyz,unknown,unknown,,unknown,False
packetstream.io,Google Trust Services WE1,third,,TLSv1.3,True
pacloudflare.com,unknown,unknown,,unknown,False
pacvue.com,Google Trust Services WE1,third,,TLSv1.3,True
paddle.com,Let's Encrypt YE2,third,,TLSv1.3,True
paddypower.com,Google Trust Services WE1,third,,TLSv1.3,True
pagbank.com.br,Google Trust Services WE1,third,,TLSv1.3,True
pagerduty.com,DigiCert Inc DigiCert Global G2 TLS RSA SHA256 2020 CA1,third,,TLSv1.3,True
pages.dev,Google Trust Services WE1,third,,TLSv1.3,True
pagesense.io,unknown,unknown,,unknown,False
pagseguro.com.br,Google Trust Services WE1,third,,TLSv1.3,True
pagseguro.uol,Google Trust Services WE1,third,,TLSv1.3,True
palm.tech,GlobalSign nv-sa GlobalSign GCC R3 OV TLS CA 2024,third,,TLSv1.2,True
palmmerchant.com,unknown,unknown,,unknown,False
palmpay.app,unknown,unknown,,unknown,False
palmplaystore.com,"DigiCert, Inc. GeoTrust G2 TLS CN RSA4096 SHA256 2022 CA1",third,,TLSv1.2,True
palmst0re.com,unknown,unknown,,unknown,False
paloaltonetworks.com,DigiCert Inc DigiCert Global G2 TLS RSA SHA256 2020 CA1,third,,TLSv1.3,True
panasonic.com,"Cybertrust Japan Co., Ltd. Cybertrust Japan SureServer CA G4",third,,TLSv1.2,True
pancakeswap.finance,Google Trust Services WE1,third,,TLSv1.3,True
pandadoc.com,GlobalSign nv-sa GlobalSign Atlas R46 DV TLS CA 2026 Q2,third,,TLSv1.3,True
pandasecurity.com,DigiCert Inc DigiCert Global G2 TLS RSA SHA256 2020 CA1,third,,TLSv1.2,True
pandect.es,Google Trust Services WE1,third,,TLSv1.3,True
pandora.com,DigiCert Inc Thawte TLS RSA CA G1,third,,TLSv1.2,True
pandora.net,GlobalSign nv-sa GlobalSign RSA OV SSL CA 2018,third,,TLSv1.3,True
pangle-ads.com,unknown,unknown,,unknown,False
pangle-b.io,unknown,unknown,,unknown,False
pangle.io,unknown,unknown,,unknown,False
pango-cloud.com,Amazon Amazon RSA 2048 M04,third,,TLSv1.3,True
pangolin-sdk-toutiao-b.com,unknown,unknown,,unknown,False
pangolin-sdk-toutiao.com,unknown,unknown,,unknown,False
pangolin-sdk-toutiao1.com,unknown,unknown,,unknown,False
pantheonsite.io,Let's Encrypt YR1,third,,TLSv1.3,True
papercut.com,Google Trust Services WR3,third,,TLSv1.3,True
papermc.io,Google Trust Services WE1,third,,TLSv1.3,True
papertrailapp.com,Sectigo Limited Sectigo Public Server Authentication CA DV R36,third,,TLSv1.2,True
paradox-interactive.com,unknown,unknown,,unknown,False
paramount.com,Let's Encrypt YR2,third,,TLSv1.3,True
paramount.tech,DigiCert Inc DigiCert Global G3 TLS ECC SHA384 2020 CA1,third,,TLSv1.3,True
paramountplus.com,Let's Encrypt YE2,third,,TLSv1.3,True
parastorage.com,Let's Encrypt YR1,third,,TLSv1.3,True
pardot.com,Amazon Amazon RSA 2048 M01,third,,TLSv1.3,True
pareci.net,unknown,unknown,,unknown,False
parklogic.com,Let's Encrypt YE1,third,,TLSv1.3,True
parliament.uk,Entrust Limited Entrust OV TLS Issuing RSA CA 2,third,,TLSv1.2,True
parpos.com,unknown,unknown,,unknown,False
parrot-flow.com,unknown,unknown,,unknown,False
parsec.app,Google Trust Services WE1,third,,TLSv1.3,True
parsely.com,Let's Encrypt YE1,third,,TLSv1.3,True
particlenews.com,Amazon Amazon RSA 2048 M01,third,,TLSv1.3,True
partner.co.il,DigiCert Inc GeoTrust TLS RSA CA G1,third,,TLSv1.3,True
partners-show.com,unknown,unknown,,unknown,False
parttarget.com,GlobalSign nv-sa GlobalSign Atlas R3 DV TLS CA 2026 Q2,third,,TLSv1.3,True
passeidireto.com,Amazon Amazon RSA 2048 M01,third,,TLSv1.3,True
passport.com,unknown,unknown,,unknown,False
passport.net,unknown,unknown,,unknown,False
pastebin.com,Google Trust Services WE1,third,,TLSv1.3,True
pathofexile.com,Google Trust Services WE1,third,,TLSv1.3,True
patreon.com,Google Trust Services WE1,third,,TLSv1.3,True
patreonusercontent.com,unknown,unknown,,unknown,False
pavv.co.kr,unknown,unknown,,unknown,False
pawns.app,Google Trust Services WE1,third,,TLSv1.3,True
pawwalls.com,unknown,unknown,,unknown,False
paychex.com,Sectigo Limited Sectigo Public Server Authentication CA OV R36,third,,TLSv1.2,True
paycomonline.net,DigiCert Inc DigiCert Global G2 TLS RSA SHA256 2020 CA1,third,,TLSv1.3,True
paylocity.com,Sectigo Limited Sectigo Public Server Authentication CA DV R36,third,,TLSv1.3,True
paynicorn.com,DigiCert Inc Encryption Everywhere DV TLS CA - G2,third,,TLSv1.3,True
paypal.com,DigiCert Inc DigiCert Global G2 TLS RSA SHA256 2020 CA1,third,,TLSv1.3,True
paypalobjects.com,DigiCert Inc DigiCert Global G2 TLS RSA SHA256 2020 CA1,third,,TLSv1.3,True
paysafecard.com,Amazon Amazon RSA 2048 M04,third,,TLSv1.3,True
paytm.com,DigiCert Inc GeoTrust TLS ECC CA G1,third,,TLSv1.3,True
paywb.com,Let's Encrypt YR2,third,,TLSv1.3,True
pazucloud.com,unknown,unknown,,unknown,False
pb.com,DigiCert Inc DigiCert Global G2 TLS RSA SHA256 2020 CA1,third,,TLSv1.2,True
pb06e2-resources.com,unknown,unknown,,unknown,False
pb06e2-resources.ru,unknown,unknown,,unknown,False
pbbl.co,Amazon Amazon RSA 2048 M04,third,,TLSv1.3,True
pbgrd.com,Let's Encrypt YR1,third,,TLSv1.3,True
pbiaas.com,unknown,unknown,,unknown,False
pbs.org,Let's Encrypt YE2,third,,TLSv1.3,True
pbssrv-centralevents.com,Google Trust Services WR3,third,,TLSv1.3,True
pbstck.com,unknown,unknown,,unknown,False
pbxai.com,Amazon Amazon RSA 2048 M02,third,,TLSv1.3,True
pcauto.com.cn,GlobalSign nv-sa GlobalSign RSA OV SSL CA 2018,third,,TLSv1.3,True
pckqac.tech,unknown,unknown,,unknown,False
pclead.co.uk,unknown,unknown,,unknown,False
pcloud.com,SwissSign AG SwissSign RSA TLS OV ICA 2022 - 1,third,,TLSv1.3,True
pconline.com.cn,GlobalSign nv-sa GlobalSign RSA OV SSL CA 2018,third,,TLSv1.2,True
pcpitstop.com,Let's Encrypt YE1,third,,TLSv1.3,True
pddpic.com,unknown,unknown,,unknown,False
pdf24.org,Let's Encrypt YE2,third,,TLSv1.3,True
pdffiller.com,Amazon Amazon RSA 2048 M04,third,,TLSv1.3,True
pdfreaderfreeview.com,Google Trust Services WR3,third,,TLSv1.3,True
pdgame123.com,Google Trust Services WE1,third,,TLSv1.3,True
pdscrb.com,unknown,unknown,,unknown,False
pdst.fm,Google Trust Services WR3,third,,TLSv1.3,True
peacocktv.com,DigiCert Inc DigiCert Global G2 TLS RSA SHA256 2020 CA1,third,,TLSv1.3,True
peakgames.net,Amazon Amazon RSA 2048 M01,third,,TLSv1.3,True
peaksite.tech,unknown,unknown,,unknown,False
pearson.com,Sectigo Limited Sectigo Public Server Authentication CA OV R36,third,,TLSv1.3,True
pebblepilot.com,unknown,unknown,,unknown,False
peekyou.com,Google Trust Services WE1,third,,TLSv1.3,True
peer2profit.global,unknown,unknown,,unknown,False
pelmorex.com,Let's Encrypt YE1,third,,TLSv1.3,True
peloton.com,Let's Encrypt YE1,third,,TLSv1.3,True
pemsrv.com,unknown,unknown,,unknown,False
pendo.io,Google Trust Services WR3,third,,TLSv1.3,True
people.com,Let's Encrypt YE1,third,,TLSv1.3,True
people.com.cn,WoTrus CA Limited WoTrus OV Server CA  [Run by the Issuer],third,,TLSv1.3,True
peplink.com,Let's Encrypt YE1,third,,TLSv1.3,True
percentagecal.com,Google Trust Services WE1,third,,TLSv1.3,True
perchance.org,Google Trust Services WE1,third,,TLSv1.3,True
perekrestok.ru,Hellenic Academic and Research Institutions CA HARICA DV TLS RSA,third,,TLSv1.3,True
perfdrive.com,unknown,unknown,,unknown,False
perflib.com,unknown,unknown,,unknown,False
perfops.net,Let's Encrypt YE2,third,,TLSv1.3,True
performaized.com,Let's Encrypt YR1,third,,TLSv1.3,True
performax.cz,"GoDaddy.com, Inc. Go Daddy Secure Certificate Authority - G2",third,,TLSv1.2,True
performfeeds.com,DigiCert Inc DigiCert Global G3 TLS ECC SHA384 2020 CA1,third,,TLSv1.3,True
performgroup.com,Let's Encrypt YR2,third,,TLSv1.3,True
perimeter81.com,Amazon Amazon RSA 2048 M01,third,,TLSv1.3,True
perimeterx.net,Let's Encrypt YR1,third,,TLSv1.3,True
periodicsystem.org,Let's Encrypt YR2,third,,TLSv1.3,True
permutive.app,Google Trust Services WE1,third,,TLSv1.3,True
permutive.com,Google Trust Services WE1,third,,TLSv1.3,True
perplexity.ai,Google Trust Services WE1,private,,TLSv1.3,True
personaly.bid,unknown,unknown,,unknown,False
peryuck.com,unknown,unknown,,unknown,False
petco.com,Google Trust Services WE1,third,,TLSv1.3,True
petrovich.ru,GlobalSign nv-sa GlobalSign RSA OV SSL CA 2018,third,,TLSv1.3,True
petsmart.com,Let's Encrypt YR1,third,,TLSv1.3,True
pexels.com,Google Trust Services WE1,third,,TLSv1.3,True
pgammedia.com,Let's Encrypt YR2,third,,TLSv1.3,True
pghub.io,Google Trust Services WR3,third,,TLSv1.3,True
pglstatp-toutiao.com,unknown,unknown,,unknown,False
pgoriginad.com,unknown,unknown,,unknown,False
phantom.app,Google Trust Services WE1,third,,TLSv1.3,True
phenompeople.com,Amazon Amazon RSA 2048 M04,third,,TLSv1.2,True
philips.com,Google Trust Services WR1,third,,TLSv1.3,True
philo.com,Amazon Amazon RSA 2048 M01,third,,TLSv1.2,True
phncdn.com,infrastructure,infrastructure,,unknown,False
phone.com,Google Trust Services WE1,third,,TLSv1.3,True
phonefactor.net,Microsoft Corporation Microsoft TLS G2 RSA CA OCSP 16,unknown,,TLSv1.3,True
phonepe.com,Amazon Amazon RSA 2048 M01,third,,TLSv1.3,True
photobucket.com,Amazon Amazon RSA 2048 M04,third,,TLSv1.3,True
photonengine.io,unknown,unknown,,unknown,False
photorecoverplus.com,Google Trust Services WE1,third,,TLSv1.3,True
photorecoverswift.com,Google Trust Services WE1,third,,TLSv1.3,True
photoroom.com,Let's Encrypt YR2,third,,TLSv1.3,True
photoshelter.com,DigiCert Inc RapidSSL TLS RSA CA G1,third,,TLSv1.3,True
php.net,Let's Encrypt YE1,third,,TLSv1.3,True
phxfeeds.com,Google Trust Services WR3,third,,TLSv1.3,True
piano.io,Google Trust Services WE1,third,,TLSv1.3,True
picacomic.com,Let's Encrypt YE1,third,,TLSv1.3,True
picclickimg.com,Let's Encrypt YR1,third,,TLSv1.3,True
picdn.vip,infrastructure,infrastructure,,unknown,False
picks.my,Amazon Amazon RSA 2048 M04,third,,TLSv1.3,True
picpay.com,Amazon Amazon RSA 2048 M04,third,,TLSv1.3,True
picsart.com,Google Trust Services WE1,third,,TLSv1.3,True
picsum.photos,Google Trust Services WE1,third,,TLSv1.3,True
pidetupop.com,unknown,unknown,,unknown,False
pie.org,Google Trust Services WR3,third,,TLSv1.3,True
pigeonwatch.co.uk,Google Trust Services WE1,third,,TLSv1.3,True
pikabu.ru,Let's Encrypt YR1,third,,TLSv1.3,True
pikiran-rakyat.com,Google Trust Services WE1,third,,TLSv1.3,True
pilotglo.com,Amazon Amazon RSA 2048 M01,third,,TLSv1.3,True
pimeyes.com,Google Trust Services WE1,third,,TLSv1.3,True
pimpbunny.com,Google Trust Services WE1,third,,TLSv1.3,True
pinduoduo.com,"DigiCert, Inc. GeoTrust G2 TLS CN RSA4096 SHA256 2022 CA1",third,,TLSv1.3,True
pingdom.net,Google Trust Services WE1,third,,TLSv1.3,True
pingmybee.net,unknown,unknown,,unknown,False
pingone.com,unknown,unknown,,unknown,False
pingone.eu,unknown,unknown,,unknown,False
pingtest.net,GlobalSign nv-sa GlobalSign Atlas R3 DV TLS CA 2025 Q3,third,,TLSv1.3,True
pinimg.com,DigiCert Inc DigiCert Global G2 TLS RSA SHA256 2020 CA1,third,,TLSv1.3,True
pinklion.io,Google Trust Services WE1,third,,TLSv1.3,True
pinkoi.com,Let's Encrypt YE2,third,,TLSv1.3,True
pinterest.com,DigiCert Inc DigiCert Global G2 TLS RSA SHA256 2020 CA1,third,,TLSv1.3,True
pinterest.net,unknown,unknown,,unknown,False
piojm.tech,GlobalSign nv-sa GlobalSign GCC R6 AlphaSSL CA 2025,third,,TLSv1.2,True
pipedrive.com,Google Trust Services WE1,third,,TLSv1.3,True
pipopay.com,DigiCert Inc RapidSSL TLS ECC CA G1,third,,TLSv1.3,True
pippio.com,Google Trust Services WR3,third,,TLSv1.3,True
pitaya-clientai.com,unknown,unknown,,unknown,False
pitt.edu,"InCommon, LLC InCommon RSA OV SSL CA 3",third,,TLSv1.3,True
piwik.pro,CentralNic Luxembourg Sàrl GlobeSSL DV CA,third,,TLSv1.3,True
pix.pub,Amazon Amazon RSA 2048 M04,third,,TLSv1.3,True
pixabay.com,Google Trust Services WE1,third,,TLSv1.3,True
pixad.com.tr,Let's Encrypt YE1,third,,TLSv1.3,True
pixai.art,Amazon Amazon RSA 2048 M04,third,,TLSv1.3,True
pixeldrain.com,Let's Encrypt YE1,third,,TLSv1.3,True
pixellog.io,unknown,unknown,,unknown,False
pixels.com,Amazon Amazon RSA 2048 M04,third,,TLSv1.3,True
pixelswhirl.com,Amazon Amazon RSA 2048 M04,third,,TLSv1.3,True
pixfuture.com,Google Trust Services WE1,third,,TLSv1.3,True
pixhost.to,unknown,unknown,,unknown,False
pixieset.com,Google Trust Services WE1,third,,TLSv1.3,True
pixiv.net,Google Trust Services WR1,third,,TLSv1.2,True
pixlates.com,unknown,unknown,,unknown,False
pixlee.co,Amazon Amazon RSA 2048 M04,third,,TLSv1.3,True
pixlee.com,Amazon Amazon RSA 2048 M04,third,,TLSv1.2,True
pixnet.net,Amazon Amazon RSA 2048 M01,third,,TLSv1.3,True
pixocial.com,Google Trust Services WE1,third,,TLSv1.2,True
pixsrvcs.com,Let's Encrypt YE2,third,,TLSv1.2,True
pkg.dev,Google Trust Services WE2,third,,TLSv1.3,True
pki.goog,Google Trust Services WE2,private,,TLSv1.3,True
placed.com,Amazon Amazon RSA 2048 M01,third,,TLSv1.3,True
planday.cloud,unknown,unknown,,unknown,False
planningcenteronline.com,Amazon Amazon RSA 2048 M01,third,,TLSv1.3,True
plarium.com,Google Trust Services WE1,third,,TLSv1.3,True
plateau.com,unknown,unknown,,unknown,False
platocorp.com,unknown,unknown,,unknown,False
platorelay.com,unknown,unknown,,unknown,False
plausible.io,Let's Encrypt YR2,third,,TLSv1.3,True
play-cricket.com,"GoDaddy.com, Inc. Go Daddy Secure Certificate Authority - G2",third,,TLSv1.3,True
playbattlegrounds.com,unknown,unknown,,unknown,False
playdayy.com,Amazon Amazon RSA 2048 M04,third,,TLSv1.3,True
playdigo.com,Let's Encrypt YR1,third,,TLSv1.3,True
playergo.top,unknown,unknown,,unknown,False
playfabapi.com,Microsoft Corporation Microsoft TLS G2 RSA CA OCSP 04,third,,TLSv1.3,True
playfamily.ru,GlobalSign nv-sa GlobalSign GCC R6 AlphaSSL CA 2025,third,,TLSv1.3,True
playgama.com,Google Trust Services WE1,third,,TLSv1.3,True
playhop.com,GlobalSign nv-sa GlobalSign GCC R3 DV TLS CA 2020,third,,TLSv1.3,True
playhubconnect.com,Google Trust Services WE1,third,,TLSv1.3,True
playit2019.com,Google Trust Services WR1,third,,TLSv1.2,True
playmelonpg.com,Google Trust Services WE1,third,,TLSv1.3,True
plaync.com,Sectigo Limited Sectigo RSA Organization Validation Secure Server CA,third,,TLSv1.3,True
playrix.com,Amazon Amazon RSA 2048 M01,third,,TLSv1.3,True
playsimple.co,Google Trust Services WE1,third,,TLSv1.3,True
playsimple.games,Google Trust Services WE1,third,,TLSv1.3,True
playstation-cloud.com,unknown,unknown,,unknown,False
playstation.com,DigiCert Inc DigiCert Global G2 TLS RSA SHA256 2020 CA1,third,,TLSv1.2,True
playstation.net,unknown,unknown,,unknown,False
playstream.media,Sectigo Limited Sectigo Public Server Authentication CA DV R36,third,,TLSv1.3,True
playtika.com,Let's Encrypt YR1,third,,TLSv1.3,True
playwire.com,Let's Encrypt YR2,third,,TLSv1.3,True
plesk.com,Google Trust Services WE1,third,,TLSv1.3,True
plesk.page,unknown,unknown,,unknown,False
plex.bz,unknown,unknown,,unknown,False
plex.direct,unknown,unknown,,unknown,False
plex.tv,DigiCert Inc DigiCert Global G2 TLS RSA SHA256 2020 CA1,third,,TLSv1.3,True
plista.com,unknown,unknown,,unknown,False
plos.org,Google Trust Services WE1,third,,TLSv1.3,True
plrm.zone,"GoDaddy.com, Inc. Go Daddy Secure Certificate Authority - G2",third,,TLSv1.3,True
plsleavemealone.com,unknown,unknown,,unknown,False
plu.mx,Amazon Amazon RSA 2048 M01,third,,TLSv1.2,True
plumenet.io,unknown,unknown,,unknown,False
pluto.tv,Sectigo Limited Sectigo Public Server Authentication CA OV R36,third,,TLSv1.3,True
plutotv.net,Let's Encrypt YE1,third,,TLSv1.3,True
plx.im,Let's Encrypt YE1,third,,TLSv1.3,True
ply.gg,Let's Encrypt YE2,third,,TLSv1.3,True
plyr.io,Google Trust Services WE1,third,,TLSv1.3,True
pm-serv.co,Amazon Amazon RSA 2048 M01,third,,TLSv1.3,True
pm2.io,Let's Encrypt YR2,third,,TLSv1.3,True
pmang.cloud,unknown,unknown,,unknown,False
pmbmonetize.live,unknown,unknown,,unknown,False
pmman.tech,Let's Encrypt YE1,third,,TLSv1.3,True
pn.vg,Google Trust Services WE1,third,,TLSv1.3,True
pnc.com,Sectigo Limited Sectigo Public Server Authentication CA OV R36,third,,TLSv1.3,True
pncloudfl.com,unknown,unknown,,unknown,False
pndsn.com,Let's Encrypt YR1,third,,TLSv1.3,True
pngtree.com,"TrustAsia Technologies, Inc. TrustAsia DV TLS RSA CA 2024",third,,TLSv1.3,True
pocketcasts.com,Amazon Amazon RSA 2048 M04,third,,TLSv1.3,True
pocketfm.com,Amazon Amazon RSA 2048 M04,third,,TLSv1.3,True
podbean.com,Google Trust Services WE1,third,,TLSv1.3,True
podium.com,Let's Encrypt YR1,third,,TLSv1.3,True
podscribe.com,Let's Encrypt YR1,third,,TLSv1.3,True
podtrac.com,Amazon Amazon RSA 2048 M01,third,,TLSv1.2,True
poe.com,Google Trust Services WR1,third,,TLSv1.3,True
poecdn.com,infrastructure,infrastructure,,unknown,False
point-of-entry.com,Google Trust Services WR1,third,,TLSv1.3,True
pointclickcare.com,Let's Encrypt YE2,third,,TLSv1.3,True
pointmediatracker.com,unknown,unknown,,unknown,False
pointtoserver.com,unknown,unknown,,unknown,False
poizon.com,DigiCert Inc RapidSSL TLS RSA CA G1,third,,TLSv1.2,True
pokeapi.co,Google Trust Services WE1,third,,TLSv1.3,True
pokemon.com,Amazon Amazon RSA 2048 M02,third,,TLSv1.2,True
pokemonchampions.jp,Amazon Amazon RSA 2048 M04,third,,TLSv1.3,True
poki-cdn.com,infrastructure,infrastructure,,unknown,False
poki.com,Let's Encrypt YE2,third,,TLSv1.3,True
poki.io,Google Trust Services WE1,third,,TLSv1.3,True
polarbyte.com,Google Trust Services WE1,third,,TLSv1.3,True
polargrizzly.com,unknown,unknown,,unknown,False
politico.com,Amazon Amazon RSA 2048 M04,third,,TLSv1.2,True
polomap.com,Google Trust Services WE1,third,,TLSv1.3,True
poloniex.com,Amazon Amazon RSA 2048 M04,third,,TLSv1.3,True
poloptrex.com,Let's Encrypt YR2,third,,TLSv1.2,True
poly-ai.chat,Google Trust Services WE1,third,,TLSv1.3,True
poly.com,DigiCert Inc DigiCert Global G2 TLS RSA SHA256 2020 CA1,third,,TLSv1.3,True
polybuzz.ai,"TrustAsia Technologies, Inc. TrustAsia DV TLS RSA CA 2025",third,,TLSv1.3,True
polycom.com,DigiCert Inc DigiCert Global G2 TLS RSA SHA256 2020 CA1,third,,TLSv1.3,True
polyfill-fastly.io,Certainly Certainly Intermediate R1,third,,TLSv1.3,True
polymarket.com,Let's Encrypt YE1,third,,TLSv1.3,True
polyspeak.ai,"TrustAsia Technologies, Inc. TrustAsia DV TLS RSA CA 2024",third,,TLSv1.3,True
pomogite.co.uk,unknown,unknown,,unknown,False
pomxd.com,unknown,unknown,,unknown,False
ponghive.org,unknown,unknown,,unknown,False
pontofrio.com.br,DigiCert Inc DigiCert Global G3 TLS ECC SHA384 2020 CA1,third,,TLSv1.3,True
pool.org,Let's Encrypt R12,third,,TLSv1.3,True
poool.fr,Google Trust Services WE1,third,,TLSv1.3,True
pop-convert.com,Let's Encrypt YE2,third,,TLSv1.3,True
pop-os.org,Amazon Amazon RSA 2048 M01,third,,TLSv1.3,True
popcap.com,DigiCert Inc DigiCert Global G2 TLS RSA SHA256 2020 CA1,third,,TLSv1.3,True
popcash.net,Google Trust Services WE1,third,,TLSv1.3,True
popcorn-tracker.org,Let's Encrypt YR1,third,,TLSv1.3,True
poperblocker.com,Amazon Amazon RSA 2048 M01,third,,TLSv1.3,True
popin-minus.com,unknown,unknown,,unknown,False
popin.cc,Amazon Amazon RSA 2048 M04,third,,TLSv1.3,True
popnable.com,Google Trust Services WE1,third,,TLSv1.3,True
popt.in,Let's Encrypt YR1,third,,TLSv1.3,True
porkbun.com,Amazon Amazon RSA 2048 M04,third,,TLSv1.2,True
pornhub.com,DigiCert Inc DigiCert Global G3 TLS ECC SHA384 2020 CA1,third,,TLSv1.3,True
pornhub.org,Let's Encrypt YE2,third,,TLSv1.3,True
pornone.com,Google Trust Services WE1,third,,TLSv1.3,True
pornpics.com,Let's Encrypt YE2,third,,TLSv1.3,True
porofessor.gg,Google Trust Services WE1,third,,TLSv1.3,True
porsche.com,Sectigo Limited Sectigo Public Server Authentication CA DV R36,third,,TLSv1.2,True
portalfluently.com,Let's Encrypt YR2,third,,TLSv1.2,True
portaltv.tv,DigiCert Inc RapidSSL TLS RSA CA G1,third,,TLSv1.2,True
poshmark.com,Amazon Amazon RSA 2048 M04,third,,TLSv1.3,True
postcodebase.com,Google Trust Services WE1,third,,TLSv1.3,True
posteo.de,DigiCert Inc GeoTrust EV RSA CA G2,third,,TLSv1.3,True
postgresql.org,Let's Encrypt YR1,third,,TLSv1.3,True
posthog.com,Let's Encrypt YR2,third,,TLSv1.3,True
postimg.cc,Let's Encrypt YE1,third,,TLSv1.3,True
postman.co,Amazon Amazon RSA 2048 M01,third,,TLSv1.3,True
postman.com,Google Trust Services WE1,third,,TLSv1.3,True
postrelease.com,Amazon Amazon RSA 2048 M01,third,,TLSv1.3,True
postscript.io,Let's Encrypt E7,third,,TLSv1.3,True
pow7.com,Let's Encrypt YE1,third,,TLSv1.3,True
powerapps.com,Microsoft Corporation Microsoft TLS G2 RSA CA OCSP 02,private,,TLSv1.3,True
powerautomate.com,Microsoft Corporation Microsoft TLS G2 RSA CA OCSP 04,private,,TLSv1.3,True
powerbi.com,Microsoft Corporation Microsoft TLS G2 RSA CA OCSP 16,private,,TLSv1.3,True
powercam365.com,unknown,unknown,,unknown,False
powerplatform.com,Microsoft Corporation Microsoft TLS G2 RSA CA OCSP 04,third,,TLSv1.3,True
powerreviews.com,Let's Encrypt YE2,third,,TLSv1.3,True
powershellgallery.com,Microsoft Corporation Microsoft TLS G2 RSA CA OCSP 10,private,,TLSv1.3,True
powl.io,unknown,unknown,,unknown,False
powr.io,Google Trust Services WE1,third,,TLSv1.3,True
poxo.com,unknown,unknown,,unknown,False
pp-static.com,unknown,unknown,,unknown,False
pp.ua,Let's Encrypt YR2,third,,TLSv1.2,True
ppe-hosted.com,unknown,unknown,,unknown,False
ppecufa.com,"GoDaddy.com, Inc. Go Daddy Secure Certificate Authority - G2",third,,TLSv1.3,True
pphosted.com,unknown,unknown,,unknown,False
pplusstatic.com,Let's Encrypt YE1,third,,TLSv1.3,True
ppmovie.cc,unknown,unknown,,unknown,False
ppmxfa.com,GoDaddy.com GoDaddy TLS Intermediate CA DV - R1v1,third,,TLSv1.3,True
pppefa.com,"GoDaddy.com, Inc. Go Daddy Secure Certificate Authority - G2",third,,TLSv1.3,True
pprdfa.com,"GoDaddy.com, Inc. Go Daddy Secure Certificate Authority - G2",third,,TLSv1.3,True
ppy.sh,Google Trust Services WR1,third,,TLSv1.3,True
pr.gov.br,Sectigo Limited Sectigo Public Server Authentication CA OV R36,third,,TLSv1.2,True
pragmaticplay.net,unknown,unknown,,unknown,False
pragmaticplaylive.net,unknown,unknown,,unknown,False
prandolisto.com,unknown,unknown,,unknown,False
praorix.cc,unknown,unknown,,unknown,False
prdredir.com,Google Trust Services WE1,third,,TLSv1.3,True
prebid-server.com,unknown,unknown,,unknown,False
prebid.cloud,unknown,unknown,,unknown,False
prelude.dev,unknown,unknown,,unknown,False
premid.app,Google Trust Services WE1,third,,TLSv1.3,True
premiumtag.net,Google Trust Services WE1,third,,TLSv1.3,True
prensaiberica.es,GlobalSign nv-sa GlobalSign Atlas R3 DV TLS CA 2026 Q2,third,,TLSv1.2,True
preply.com,Google Trust Services WE1,third,,TLSv1.3,True
presage.io,Gandi Gandi RSA Domain Validation Secure Server CA 3,unknown,,TLSv1.3,True
prestosports.com,Google Trust Services WE1,third,,TLSv1.2,True
prevter.me,Google Trust Services WE1,third,,TLSv1.3,True
preyproject.com,Google Trust Services WE1,third,,TLSv1.3,True
prezi.com,Amazon Amazon RSA 2048 M03,third,,TLSv1.2,True
prf.hn,Sectigo Limited Sectigo Public Server Authentication CA OV R36,third,,TLSv1.3,True
priceline.com,GlobalSign nv-sa GlobalSign Atlas R3 DV TLS CA 2025 Q3,third,,TLSv1.3,True
pricespider.com,Let's Encrypt YE2,third,,TLSv1.3,True
primefaces.org,Google Trust Services WE1,third,,TLSv1.3,True
primevideo.com,Amazon Amazon RSA 2048 M01,private,,TLSv1.3,True
primis-tech.org,unknown,unknown,,unknown,False
primis.tech,"GoDaddy.com, Inc. Go Daddy Secure Certificate Authority - G2",third,,TLSv1.2,True
princeton.edu,"InCommon, LLC InCommon RSA OV SSL CA 3",third,,TLSv1.2,True
printables.com,Google Trust Services WE1,third,,TLSv1.3,True
printercloud.com,unknown,unknown,,unknown,False
printerval.com,Google Trust Services WE1,third,,TLSv1.3,True
printix.net,Let's Encrypt YR2,third,,TLSv1.3,True
prismaaccess.com,unknown,unknown,,unknown,False
prismic.io,Amazon Amazon RSA 2048 M01,third,,TLSv1.3,True
privacy-center.org,Amazon Amazon RSA 2048 M01,third,,TLSv1.2,True
privacy-mgmt.com,unknown,unknown,,unknown,False
privacymanager.io,Amazon Amazon RSA 2048 M01,third,,TLSv1.3,True
privacysandboxservices.com,unknown,unknown,,unknown,False
privado.io,"GoDaddy.com, Inc. Go Daddy Secure Certificate Authority - G2",third,,TLSv1.3,True
privatehost.com,Sectigo Limited Sectigo Public Server Authentication CA DV R36,third,,TLSv1.2,True
privateinternetaccess.com,"GoDaddy.com, Inc. Go Daddy Secure Certificate Authority - G2",third,,TLSv1.3,True
privatesocks5.com,Let's Encrypt YE2,third,,TLSv1.3,True
privy.com,Let's Encrypt YR2,third,,TLSv1.3,True
privy.io,Let's Encrypt YR1,third,,TLSv1.3,True
prmutv.co,Let's Encrypt YE1,third,,TLSv1.3,True
prncams.com,Let's Encrypt YE1,third,,TLSv1.3,True
prnewswire.com,Google Trust Services WE1,third,,TLSv1.2,True
pro-market.net,unknown,unknown,,unknown,False
procore.com,Let's Encrypt YR1,third,,TLSv1.3,True
prodregistryv2.org,Let's Encrypt YR1,third,,TLSv1.3,True
productfruits.com,Amazon Amazon RSA 2048 M01,third,,TLSv1.3,True
producthunt.com,Google Trust Services WE1,third,,TLSv1.3,True
profi.ru,GlobalSign nv-sa GlobalSign GCC R3 DV TLS CA 2020,third,,TLSv1.2,True
profitwell.com,Google Trust Services WE1,third,,TLSv1.3,True
programmatica.com,Let's Encrypt R13,third,,TLSv1.3,True
programmaticx.ai,Amazon Amazon RSA 2048 M01,third,,TLSv1.3,True
progressive.com,DigiCert Inc DigiCert Global G2 TLS RSA SHA256 2020 CA1,third,,TLSv1.2,True
project-limelight.com,unknown,unknown,,unknown,False
project1content.com,unknown,unknown,,unknown,False
projectk.org,Google Trust Services WE1,third,,TLSv1.3,True
prom.ua,ZeroSSL GmbH ZeroSSL RSA DV SSL CA 2,third,,TLSv1.3,True
promptwatch.com,Google Trust Services WE1,third,,TLSv1.3,True
proofpoint.com,Sectigo Limited Sectigo Public Server Authentication CA OV R36,third,,TLSv1.3,True
propublica.org,Amazon Amazon RSA 2048 M04,third,,TLSv1.2,True
proquest.com,DigiCert Inc GeoTrust TLS RSA CA G1,third,,TLSv1.3,True
protechts.net,Google Trust Services WR3,third,,TLSv1.3,True
protectedtransactions.com,unknown,unknown,,unknown,False
protectmyapp.com,Let's Encrypt YE2,third,,TLSv1.3,True
protoawegw.com,unknown,unknown,,unknown,False
proton.me,Let's Encrypt YR2,third,,TLSv1.3,True
protonmail.ch,Let's Encrypt YR2,third,,TLSv1.3,True
protonmail.com,Let's Encrypt YR2,third,,TLSv1.3,True
protonvpn.net,unknown,unknown,,unknown,False
protrafficinspector.com,Amazon Amazon RSA 2048 M04,third,,TLSv1.2,True
proxad.net,Sectigo Limited Sectigo Public Server Authentication CA DV R36,third,,TLSv1.3,True
proxibid.com,GlobalSign nv-sa GlobalSign Atlas R46 DV TLS CA 2026 Q2,third,,TLSv1.3,True
proxiesfood.com,Let's Encrypt YE1,third,,TLSv1.3,True
proximabeta.com,unknown,unknown,,unknown,False
proximus.be,GlobalSign nv-sa GlobalSign RSA OV SSL CA 2018,third,,TLSv1.2,True
proxmox.com,Let's Encrypt YE2,third,,TLSv1.3,True
proxyrack.net,unknown,unknown,,unknown,False
proz.com,Let's Encrypt YE1,third,,TLSv1.3,True
prreqcroab.icu,Amazon Amazon RSA 2048 M04,third,,TLSv1.3,True
prt.news,unknown,unknown,,unknown,False
prusa3d.com,Google Trust Services WE1,third,,TLSv1.3,True
pscp.tv,Amazon Amazon RSA 2048 M04,third,,TLSv1.2,True
pscrb.fm,Amazon Amazon RSA 2048 M01,third,,TLSv1.2,True
pstatic.net,unknown,unknown,,unknown,False
pstatp.com,unknown,unknown,,unknown,False
pstmn.io,unknown,unknown,,unknown,False
psu.edu,Amazon Amazon RSA 2048 M01,third,,TLSv1.2,True
psychologytoday.com,Amazon Amazon RSA 2048 M01,third,,TLSv1.3,True
psynet.gg,unknown,unknown,,unknown,False
ptagv.cc,unknown,unknown,,unknown,False
ptb.de,Let's Encrypt YR2,third,,TLSv1.3,True
ptengine.jp,GlobalSign nv-sa GlobalSign RSA OV SSL CA 2018,third,,TLSv1.3,True
ptgncdn.com,infrastructure,infrastructure,,unknown,False
puata.info,unknown,unknown,,unknown,False
pub-tmaws.io,unknown,unknown,,unknown,False
pub.dev,Google Trust Services WR3,third,,TLSv1.3,True
pub.network,Google Trust Services WR3,third,,TLSv1.3,True
pubadx.one,unknown,unknown,,unknown,False
pubeasy.io,DigiCert Inc RapidSSL TLS RSA CA G1,third,,TLSv1.3,True
pubfuture-ad.com,Google Trust Services WE1,third,,TLSv1.3,True
pubgmobile.com,Amazon Amazon RSA 2048 M04,third,,TLSv1.3,True
public-trust.com,unknown,unknown,,unknown,False
publicnode.com,Let's Encrypt YE2,third,,TLSv1.3,True
publicsuffix.org,Let's Encrypt YR1,third,,TLSv1.3,True
publictracker.xyz,Let's Encrypt R13,third,,TLSv1.2,True
pubmatic.com,Amazon Amazon RSA 2048 M04,third,,TLSv1.3,True
pubmnet.com,unknown,unknown,,unknown,False
pubnation.com,Let's Encrypt YR2,third,,TLSv1.3,True
pubnative.net,Google Trust Services WE1,third,,TLSv1.3,True
pubnub.com,Let's Encrypt YR1,third,,TLSv1.3,True
pubnubapi.com,Amazon Amazon RSA 2048 M01,third,,TLSv1.2,True
pubpowerplatform.io,unknown,unknown,,unknown,False
pucrs.br,Google Trust Services WE1,third,,TLSv1.3,True
puicdn.com,infrastructure,infrastructure,,unknown,False
pullcf.com,DigiCert Inc RapidSSL TLS RSA CA G1,third,,TLSv1.2,True
pullcm.com,DigiCert Inc RapidSSL TLS RSA CA G1,third,,TLSv1.2,True
puma.com,Certainly Certainly Intermediate R1,third,,TLSv1.3,True
pump.fun,Google Trust Services WE1,third,,TLSv1.3,True
punchmedia.ru,Let's Encrypt YE2,third,,TLSv1.3,True
purchasely.io,Google Trust Services WE1,third,,TLSv1.3,True
pure.cloud,unknown,unknown,,unknown,False
pureapk.com,Google Trust Services WE1,third,,TLSv1.3,True
purestorage.com,DigiCert Inc DigiCert Global G2 TLS RSA SHA256 2020 CA1,third,,TLSv1.3,True
purevpn.com,Google Trust Services WE1,third,,TLSv1.2,True
purplevioleto.com,unknown,unknown,,unknown,False
push-pole.com,Google Trust Services WE1,third,,TLSv1.3,True
push-webapi.site,unknown,unknown,,unknown,False
pushalert.co,Sectigo Limited Sectigo Public Server Authentication CA OV R36,third,,TLSv1.3,True
pushd.com,Amazon Amazon RSA 2048 M04,third,,TLSv1.2,True
pushengage.com,Google Trust Services WE1,third,,TLSv1.3,True
pusher.com,Amazon Amazon RSA 2048 M01,third,,TLSv1.3,True
pusherapp.com,Amazon Amazon RSA 2048 M04,third,,TLSv1.2,True
pushio.com,DigiCert Inc DigiCert Global G3 TLS ECC SHA384 2020 CA1,third,,TLSv1.3,True
pushlycdn.com,infrastructure,infrastructure,,unknown,False
pushnami.com,Amazon Amazon RSA 2048 M01,third,,TLSv1.3,True
pushnotifs.com,unknown,unknown,,unknown,False
pushpushgo.com,Google Trust Services WE1,third,,TLSv1.3,True
pushub.net,Let's Encrypt YR1,third,,TLSv1.3,True
pushwoosh.com,Sectigo Limited Sectigo Public Server Authentication CA DV R36,third,,TLSv1.3,True
pushy.io,Amazon Amazon RSA 2048 M04,third,,TLSv1.2,True
pushy.me,Amazon Amazon RSA 2048 M04,third,,TLSv1.2,True
puwapp.com,Let's Encrypt YR1,third,,TLSv1.3,True
puzztake.com,unknown,unknown,,unknown,False
pv-cdn.net,infrastructure,infrastructure,,unknown,False
pvp.net,unknown,unknown,,unknown,False
pvvstream.pro,unknown,unknown,,unknown,False
pvwacsgqh.com,unknown,unknown,,unknown,False
pwack.com,Google Trust Services WE1,third,,TLSv1.3,True
pwc.com,GlobalSign nv-sa GlobalSign Atlas R46 DV TLS CA 2026 Q2,third,,TLSv1.3,True
pwnedpasswords.com,unknown,unknown,,unknown,False
pwsdk.com,unknown,unknown,,unknown,False
px-cdn.net,infrastructure,infrastructure,,unknown,False
px-client.net,unknown,unknown,,unknown,False
px-cloud.net,Google Trust Services WR3,third,,TLSv1.3,True
pxf.io,Google Trust Services WR3,third,,TLSv1.3,True
pxfuel.com,Google Trust Services WE1,third,,TLSv1.3,True
pxhere.com,Google Trust Services WE1,third,,TLSv1.3,True
pximg.net,Google Trust Services WR1,third,,TLSv1.3,True
pxlecdn.com,infrastructure,infrastructure,,unknown,False
pxltag.com,Let's Encrypt YE2,third,,TLSv1.2,True
pxltgr.com,Let's Encrypt YE2,third,,TLSv1.2,True
pyatdesyatdva.co.uk,unknown,unknown,,unknown,False
pyatdesyatodin.co.uk,unknown,unknown,,unknown,False
pypi.org,GlobalSign nv-sa GlobalSign Atlas R3 DV TLS CA 2025 Q4,third,,TLSv1.3,True
python.org,GlobalSign nv-sa GlobalSign Atlas R3 DV TLS CA 2025 Q4,third,,TLSv1.3,True
pythonhosted.org,GlobalSign nv-sa GlobalSign Atlas R3 DV TLS CA 2025 Q4,third,,TLSv1.3,True
q-4-g-r.com,unknown,unknown,,unknown,False
q1.com,"DigiCert, Inc. GeoTrust G2 TLS CN RSA4096 SHA256 2022 CA1",third,,TLSv1.3,True
q4inc.com,Let's Encrypt YE2,third,,TLSv1.3,True
qantas.com,DigiCert Inc DigiCert Global G3 TLS ECC SHA384 2020 CA1,third,,TLSv1.3,True
qbox.me,"TrustAsia Technologies, Inc. TrustAsia DV TLS RSA CA 2025",unknown,,TLSv1.2,True
qc.ca,unknown,unknown,,unknown,False
qcc.com,"DigiCert, Inc. GeoTrust G2 TLS CN RSA4096 SHA256 2022 CA1",third,,TLSv1.2,True
qcinternal.io,unknown,unknown,,unknown,False
qcloud.com,GlobalSign nv-sa GlobalSign Atlas R3 OV TLS CA 2026 Q1,third,,TLSv1.2,True
qcloudcdn.com,infrastructure,infrastructure,,unknown,False
qcloudteo.com,"DigiCert, Inc. DigiCert Secure Site OV G2 TLS CN RSA4096 SHA256 2022 CA1",third,,TLSv1.2,True
qcomgeo2.com,unknown,unknown,,unknown,False
qewoppwes.com,unknown,unknown,,unknown,False
qh-cdn.com,infrastructure,infrastructure,,unknown,False
qh-lb.com,unknown,unknown,,unknown,False
qhimg.com,unknown,unknown,,unknown,False
qhmoka.com,DigiCert Inc RapidSSL TLS RSA CA G1,third,,TLSv1.3,True
qhy.buzz,Google Trust Services WE1,third,,TLSv1.3,True
qianwen.com,GlobalSign nv-sa GlobalSign GCC R3 OV TLS CA 2024,third,,TLSv1.3,True
qianxun.com,unknown,unknown,,unknown,False
qidi3dprinter.com,unknown,unknown,,unknown,False
qidian.com,"DigiCert, Inc. GeoTrust G2 TLS CN RSA4096 SHA256 2022 CA1",third,,TLSv1.3,True
qiezibenpao.com,"DigiCert, Inc. GeoTrust G2 TLS CN RSA4096 SHA256 2022 CA1",third,,TLSv1.2,True
qihucdn.com,infrastructure,infrastructure,,unknown,False
qikunc168.com,Let's Encrypt YE2,third,,TLSv1.3,True
qiniu.com,"TrustAsia Technologies, Inc. TrustAsia DV TLS RSA CA 2025",third,,TLSv1.2,True
qiniuapi.com,"TrustAsia Technologies, Inc. TrustAsia DV TLS RSA CA 2025",unknown,,TLSv1.2,True
qiniudns.com,"TrustAsia Technologies, Inc. TrustAsia DV TLS RSA CA 2025",unknown,,TLSv1.2,True
qiniup.com,"TrustAsia Technologies, Inc. TrustAsia DV TLS RSA CA 2025",unknown,,TLSv1.2,True
qiscus.com,Google Trust Services WE1,third,,TLSv1.3,True
qishui.com,DigiCert Inc RapidSSL TLS RSA CA G1,third,,TLSv1.3,True
qiyukf.com,"DigiCert, Inc. GeoTrust G2 TLS CN RSA4096 SHA256 2022 CA1",third,,TLSv1.3,True
qld.gov.au,Amazon Amazon RSA 2048 M02,third,,TLSv1.3,True
qlik.com,Let's Encrypt YE2,third,,TLSv1.3,True
qlivecdn.com,infrastructure,infrastructure,,unknown,False
qlogo.cn,unknown,unknown,,unknown,False
qnap.com,Amazon Amazon RSA 2048 M01,third,,TLSv1.2,True
qobuz.com,Gandi SAS GandiCert,third,,TLSv1.2,True
qoder.sh,unknown,unknown,,unknown,False
qonversion.io,Google Trust Services WE1,third,,TLSv1.3,True
qpic.cn,unknown,unknown,,unknown,False
qprod2.net,unknown,unknown,,unknown,False
qpyou.cn,DigiCert Inc Encryption Everywhere DV TLS CA - G2,third,,TLSv1.2,True
qq-os.com,unknown,unknown,,unknown,False
qq.com,"DigiCert, Inc. DigiCert Secure Site OV G2 TLS CN RSA4096 SHA256 2022 CA1",third,,TLSv1.2,True
qq.com.cn,unknown,unknown,,unknown,False
qqmail.com,unknown,unknown,,unknown,False
qrscanner.live,Google Trust Services WE1,third,,TLSv1.3,True
qrstuvwxyzab.com,unknown,unknown,,unknown,False
qsablc.com,unknown,unknown,,unknown,False
qsr.cloud,unknown,unknown,,unknown,False
qstar.video,unknown,unknown,,unknown,False
qt.io,Let's Encrypt YR1,third,,TLSv1.2,True
qtlcdn.com,infrastructure,infrastructure,,unknown,False
qu.ax,Let's Encrypt YE1,third,,TLSv1.3,True
quad9.net,Let's Encrypt YE2,third,,TLSv1.3,True
quago.io,Let's Encrypt YR2,third,,TLSv1.3,True
qualaroo.com,Amazon Amazon RSA 2048 M01,third,,TLSv1.3,True
qualcomm.cn,"CLOUDFLARE, INC. Cloudflare TLS Issuing ECC CA 1",third,,TLSv1.3,True
qualcomm.com,Sectigo Limited Sectigo Public Server Authentication CA OV R36,third,,TLSv1.2,True
qualiclicks.com,Let's Encrypt YR2,third,,TLSv1.3,True
qualified.com,Google Trust Services WE1,third,,TLSv1.3,True
qualtrics.com,DigiCert Inc DigiCert Global G2 TLS RSA SHA256 2020 CA1,third,,TLSv1.3,True
qualys.com,Google Trust Services WR1,third,,TLSv1.3,True
qualys.eu,DigiCert Inc DigiCert EV RSA CA G2,third,,TLSv1.2,True
quamed.org,Google Trust Services WE1,third,,TLSv1.3,True
quantcount.com,Let's Encrypt YR1,third,,TLSv1.2,True
quantserve.com,Let's Encrypt YR1,third,,TLSv1.3,True
quantumdex.io,Google Trust Services WE1,third,,TLSv1.3,True
quantummetric.com,Let's Encrypt YR2,third,,TLSv1.3,True
quark.cn,GlobalSign nv-sa GlobalSign GCC R3 OV TLS CA 2024,third,,TLSv1.2,True
quay.io,Amazon Amazon RSA 2048 M01,third,,TLSv1.3,True
qubeyond.com,Amazon Amazon RSA 2048 M04,third,,TLSv1.2,True
queniuaa.com,unknown,unknown,,unknown,False
queniuak.com,unknown,unknown,,unknown,False
queniubg.com,unknown,unknown,,unknown,False
queniubh.com,unknown,unknown,,unknown,False
queniucf.com,unknown,unknown,,unknown,False
queniuck.com,unknown,unknown,,unknown,False
queniuco.com,unknown,unknown,,unknown,False
queniufm.com,unknown,unknown,,unknown,False
queniuiq.com,unknown,unknown,,unknown,False
queniukw.com,unknown,unknown,,unknown,False
queniulf.com,unknown,unknown,,unknown,False
queniurc.com,unknown,unknown,,unknown,False
queniuso.com,unknown,unknown,,unknown,False
queniusy.com,unknown,unknown,,unknown,False
queniusz.com,unknown,unknown,,unknown,False
queniutc.com,unknown,unknown,,unknown,False
queniuuf.com,unknown,unknown,,unknown,False
queniuum.com,unknown,unknown,,unknown,False
queniuyk.com,unknown,unknown,,unknown,False
queryly.com,Google Trust Services WE1,third,,TLSv1.3,True
quest-on-demand.com,Amazon Amazon RSA 2048 M04,third,,TLSv1.3,True
quest.com,ZeroSSL GmbH ZeroSSL RSA DV SSL CA 2,third,,TLSv1.2,True
questionai.com,"TrustAsia Technologies, Inc. TrustAsia DV TLS RSA CA 2024",third,,TLSv1.3,True
queue-it.net,Amazon Amazon RSA 2048 M04,third,,TLSv1.3,True
quickcep.com,"DigiCert, Inc. GeoTrust G2 TLS CN RSA4096 SHA256 2022 CA1",third,,TLSv1.2,True
quickconnect.to,Sectigo Limited Sectigo Public Server Authentication CA DV R36,third,,TLSv1.2,True
quicksetcloud.com,Google Trust Services WR1,third,,TLSv1.3,True
quiknode.pro,Acme Co Kubernetes Ingress Controller Fake Certificate,unknown,,TLSv1.3,True
quillbot.com,Let's Encrypt YE1,third,,TLSv1.3,True
quilvem.com,Let's Encrypt YE2,third,,TLSv1.2,True
quiq-api.com,Google Trust Services WE1,third,,TLSv1.3,True
quizlet.com,Google Trust Services WE1,third,,TLSv1.3,True
qunar.com,GlobalSign nv-sa GlobalSign RSA OV SSL CA 2018,third,,TLSv1.3,True
quodxx.com.br,unknown,unknown,,unknown,False
quora.com,Google Trust Services WR1,third,,TLSv1.2,True
quoracdn.net,infrastructure,infrastructure,,unknown,False
quotev.com,GlobalSign nv-sa GlobalSign GCC R6 AlphaSSL CA 2025,third,,TLSv1.3,True
quovadisglobal.com,"DigiCert, Inc. DigiCert G5 TLS ECC SHA384 2021 CA1",third,,TLSv1.3,True
qustodio.com,Sectigo Limited Sectigo Public Server Authentication CA DV E36,third,,TLSv1.3,True
qvc.com,DigiCert Inc DigiCert Global G2 TLS RSA SHA256 2020 CA1,third,,TLSv1.3,True
qvdt3feo.com,Amazon Amazon RSA 2048 M04,third,,TLSv1.2,True
qwadro.com,DigiCert Inc DigiCert Global G2 TLS RSA SHA256 2020 CA1,third,,TLSv1.3,True
qwant.com,Gandi SAS GandiCert,third,,TLSv1.3,True
qwen.ai,GlobalSign nv-sa GlobalSign RSA OV SSL CA 2018,third,,TLSv1.3,True
qwps.cn,DigiCert Inc RapidSSL TLS RSA CA G1,third,,TLSv1.3,True
qxorm.com,Let's Encrypt YR2,third,,TLSv1.3,True
qxwz.com,"DigiCert, Inc. GeoTrust G2 TLS CN RSA4096 SHA256 2022 CA1",third,,TLSv1.2,True
qy.net,GlobalSign nv-sa GlobalSign ECC OV SSL CA 2018,third,,TLSv1.3,True
qznovelvod.com,unknown,unknown,,unknown,False
qzwxrtyk.com,unknown,unknown,,unknown,False
qzz.io,unknown,unknown,,unknown,False
r-point-of-entry.com,Google Trust Services WR1,third,,TLSv1.3,True
r10s.jp,unknown,unknown,,unknown,False
r2.dev,Let's Encrypt YE1,third,,TLSv1.3,True
r7.com,Amazon Amazon RSA 2048 M04,third,,TLSv1.2,True
r7ops.com,unknown,unknown,,unknown,False
rabby.io,Amazon Amazon RSA 2048 M01,third,,TLSv1.3,True
rackcdn.com,infrastructure,infrastructure,,unknown,False
radar.io,Google Trust Services WE1,third,,TLSv1.3,True
radaris.com,Google Trust Services WE1,third,,TLSv1.3,True
radiopaedia.org,Google Trust Services WE1,third,,TLSv1.3,True
radiotime.com,unknown,unknown,,unknown,False
radminte.com,Let's Encrypt YE1,third,,TLSv1.3,True
radwarecloud.net,unknown,unknown,,unknown,False
ragpets.com,unknown,unknown,,unknown,False
raiffeisen.ru,GlobalSign nv-sa GlobalSign RSA OV SSL CA 2018,third,,TLSv1.3,True
railway.app,Google Trust Services WE1,third,,TLSv1.3,True
rainberrytv.com,Amazon Amazon RSA 2048 M04,third,,TLSv1.3,True
rainbird.com,DigiCert Inc DigiCert Global G2 TLS RSA SHA256 2020 CA1,third,,TLSv1.3,True
rakuten.co.jp,DigiCert Inc DigiCert Global G2 TLS RSA SHA256 2020 CA1,third,,TLSv1.3,True
rakuten.com,DigiCert Inc DigiCert Global G2 TLS RSA SHA256 2020 CA1,third,,TLSv1.2,True
rakuten.tv,DigiCert Inc DigiCert Global G2 TLS RSA SHA256 2020 CA1,third,,TLSv1.3,True
rallytrck.website,unknown,unknown,,unknown,False
rambler.ru,GlobalSign nv-sa GlobalSign GCC R3 DV TLS CA 2020,third,,TLSv1.3,True
ramp.com,Google Trust Services WE1,third,,TLSv1.3,True
rancher.io,Google Trust Services WE1,third,,TLSv1.3,True
randomchoice.org,randomchoice.org,private,,TLSv1.3,True
rapid7.com,Amazon Amazon RSA 2048 M04,third,,TLSv1.3,True
rapidapi.com,Google Trust Services WE1,third,,TLSv1.3,True
rapidbidding.com,Google Trust Services WE1,third,,TLSv1.3,True
rapidc.cc,unknown,unknown,,unknown,False
rapidedge.io,unknown,unknown,,unknown,False
rapidgator.net,Let's Encrypt YE1,third,,TLSv1.3,True
rapidssl.com,"DigiCert, Inc. DigiCert G5 TLS RSA4096 SHA384 2021 CA1",third,,TLSv1.3,True
raptive.com,Let's Encrypt YE1,third,,TLSv1.3,True
raptivecdn.com,infrastructure,infrastructure,,unknown,False
rarbg.to,Let's Encrypt R13,third,,TLSv1.2,True
raspberrypi.com,Google Trust Services WE1,third,,TLSv1.3,True
raspberrypi.org,Let's Encrypt YE2,third,,TLSv1.3,True
ravm.tv,Amazon Amazon RSA 2048 M04,third,,TLSv1.3,True
rawgit.com,Google Trust Services WE1,third,,TLSv1.3,True
rawpixel.com,Google Trust Services WE1,third,,TLSv1.3,True
raycast.com,Let's Encrypt YR1,third,,TLSv1.3,True
raygun.io,Amazon Amazon RSA 2048 M01,third,,TLSv1.3,True
raymourflanigan.com,"GoDaddy.com, Inc. Go Daddy Secure Certificate Authority - G2",third,,TLSv1.2,True
razer.com,Sectigo Limited Sectigo Public Server Authentication CA DV R36,third,,TLSv1.2,True
razerapi.com,Amazon Amazon RSA 2048 M01,third,,TLSv1.2,True
razersynapse.com,GlobalSign nv-sa GlobalSign GCC R3 OV TLS CA 2024,third,,TLSv1.2,True
razerzone.com,Amazon Amazon RSA 2048 M04,third,,TLSv1.3,True
razorpay.com,Amazon Amazon RSA 2048 M01,third,,TLSv1.3,True
rbc.ru,Let's Encrypt YE2,third,,TLSv1.3,True
rbm.goog,Google Trust Services WE2,third,,TLSv1.3,True
rbstsystems.live,unknown,unknown,,unknown,False
rbxcdn.com,infrastructure,infrastructure,,unknown,False
rc-backup.com,unknown,unknown,,unknown,False
rcaap.pt,Hellenic Academic and Research Institutions CA GEANT TLS ECC 1,third,,TLSv1.2,True
rcdn-web.com,infrastructure,infrastructure,,unknown,False
rcsb.org,"InCommon, LLC InCommon RSA OV SSL CA 3",third,,TLSv1.3,True
rdcnw.net,unknown,unknown,,unknown,False
rdcpix.com,unknown,unknown,,unknown,False
rdstation.com.br,Amazon Amazon RSA 2048 M01,third,,TLSv1.3,True
rdtcdn.com,infrastructure,infrastructure,,unknown,False
re.kr,unknown,unknown,,unknown,False
read.ai,Google Trust Services WE1,third,,TLSv1.3,True
read01.com,Google Trust Services WE1,third,,TLSv1.3,True
readspeaker.com,Sectigo Limited Sectigo Public Server Authentication CA OV R36,third,,TLSv1.3,True
readthedocs.io,Google Trust Services WE1,third,,TLSv1.3,True
real-debrid.com,DigiCert Inc DigiCert EV RSA CA G2,third,,TLSv1.3,True
real.com,DigiCert Inc Thawte TLS RSA CA G1,third,,TLSv1.3,True
realestate.com.au,DigiCert Inc DigiCert Global G3 TLS ECC SHA384 2020 CA1,third,,TLSv1.3,True
realgeeks.com,Let's Encrypt YE2,third,,TLSv1.3,True
realizationnewestfangs.com,unknown,unknown,,unknown,False
reallyfreegeoip.org,Google Trust Services WE1,third,,TLSv1.3,True
realme.com,DigiCert Inc RapidSSL TLS RSA CA G1,third,,TLSv1.2,True
realmemobile.com,"DigiCert, Inc. GeoTrust G2 TLS CN RSA4096 SHA256 2022 CA1",third,,TLSv1.3,True
realsrv.com,unknown,unknown,,unknown,False
realtor.com,Amazon Amazon RSA 2048 M04,third,,TLSv1.2,True
reamaze.com,"GoDaddy.com, Inc. Go Daddy Secure Certificate Authority - G2",third,,TLSv1.3,True
reasonlabsapi.com,unknown,unknown,,unknown,False
reasonsecurity.com,Let's Encrypt YR2,third,,TLSv1.3,True
rebatesrule.net,unknown,unknown,,unknown,False
rebuyengine.com,Google Trust Services WE1,third,,TLSv1.3,True
recaptcha.cloud,Let's Encrypt YR1,third,,TLSv1.2,True
recaptcha.net,Google Trust Services WE2,third,,TLSv1.3,True
receitanet.net,Let's Encrypt YE1,third,,TLSv1.3,True
receiteria.com.br,Google Trust Services WE1,third,,TLSv1.3,True
receptivity.io,unknown,unknown,,unknown,False
rechargecdn.com,infrastructure,infrastructure,,unknown,False
reclameaqui.com.br,Google Trust Services WE1,third,,TLSv1.3,True
recombee.com,"GoDaddy.com, Inc. Go Daddy Secure Certificate Authority - G2",third,,TLSv1.3,True
red-gate.com,Let's Encrypt YR2,third,,TLSv1.3,True
redbubble.com,Google Trust Services WE1,third,,TLSv1.3,True
redbubble.net,unknown,unknown,,unknown,False
redbull.com,Sectigo Limited Sectigo Public Server Authentication CA OV E36,third,,TLSv1.3,True
redcdn.pl,infrastructure,infrastructure,,unknown,False
redd.it,DigiCert Inc DigiCert Global G2 TLS RSA SHA256 2020 CA1,third,,TLSv1.3,True
reddit.com,DigiCert Inc DigiCert Global G2 TLS RSA SHA256 2020 CA1,third,,TLSv1.3,True
redditmedia.com,DigiCert Inc DigiCert Global G2 TLS RSA SHA256 2020 CA1,third,,TLSv1.3,True
redditspace.com,unknown,unknown,,unknown,False
redditstatic.com,DigiCert Inc DigiCert Global G2 TLS RSA SHA256 2020 CA1,third,,TLSv1.3,True
redfast.com,Google Trust Services WR3,third,,TLSv1.3,True
redfin.com,Amazon Amazon RSA 2048 M01,third,,TLSv1.3,True
redgameservice.com,unknown,unknown,,unknown,False
redgarto.com,Google Trust Services WE1,third,,TLSv1.3,True
redgifs.com,Google Trust Services WE1,third,,TLSv1.3,True
redhat.com,DigiCert Inc DigiCert Global G2 TLS RSA SHA256 2020 CA1,third,,TLSv1.3,True
rednotecdn.com,infrastructure,infrastructure,,unknown,False
redspace.io,unknown,unknown,,unknown,False
redtube.com,Let's Encrypt YE1,third,,TLSv1.3,True
reelshort.com,DigiCert Inc RapidSSL TLS RSA CA G1,third,,TLSv1.3,True
refersion.com,Google Trust Services WE1,third,,TLSv1.3,True
refiner.io,Amazon Amazon RSA 2048 M04,third,,TLSv1.3,True
refinery89.com,Let's Encrypt YR1,third,,TLSv1.2,True
refinitiv.com,COMODO CA Limited COMODO RSA Organization Validation Secure Server CA,third,,TLSv1.2,True
refpa57334.com,Let's Encrypt E7,third,,TLSv1.3,True
reg.ru,GlobalSign nv-sa GlobalSign GCC R3 EV TLS CA 2025,third,,TLSv1.3,True
registrar-servers.com,unknown,unknown,,unknown,False
registro.br,Let's Encrypt YE1,third,,TLSv1.3,True
relaysteering.com,unknown,unknown,,unknown,False
relevant-digital.com,Google Trust Services WE1,third,,TLSv1.3,True
reliaslearning.com,Let's Encrypt YE2,third,,TLSv1.3,True
remax.com,Amazon Amazon RSA 2048 M04,third,,TLSv1.3,True
remerge.events,DigiCert Inc DigiCert Global G2 TLS RSA SHA256 2020 CA1,third,,TLSv1.3,True
remerge.io,Google Trust Services WE1,third,,TLSv1.3,True
remirepo.net,unknown,unknown,,unknown,False
remnote.com,Google Trust Services WE1,third,,TLSv1.3,True
remote-service-pf.com,Amazon Amazon RSA 2048 M04,third,,TLSv1.3,True
remotepc.com,Google Trust Services WE1,third,,TLSv1.3,True
renault.com,Sectigo Limited Sectigo Public Server Authentication CA DV R36,third,,TLSv1.2,True
renfei.net,Asseco Data Systems S.A. Certum DV TLS G2 R39 CA,third,,TLSv1.3,True
renrendoc.com,DigiCert Inc RapidSSL TLS RSA CA G1,third,,TLSv1.2,True
reolink.com,Amazon Amazon RSA 2048 M01,third,,TLSv1.3,True
replit.com,Google Trust Services WE1,third,,TLSv1.3,True
replo.app,Let's Encrypt YR1,third,,TLSv1.3,True
repocket.com,Google Trust Services WE1,third,,TLSv1.3,True
report-uri.com,Let's Encrypt YE2,third,,TLSv1.3,True
repost.aws,Amazon Amazon RSA 2048 M04,third,,TLSv1.3,True
reqres.in,Google Trust Services WE1,third,,TLSv1.3,True
res.in,unknown,unknown,,unknown,False
researchgate.net,Google Trust Services WE1,third,,TLSv1.3,True
researchnow.com,Amazon Amazon RSA 2048 M04,third,,TLSv1.3,True
resetdigital.co,Sectigo Limited Sectigo Public Server Authentication CA DV R36,third,,TLSv1.2,True
resideo.com,DigiCert Inc DigiCert Global G2 TLS RSA SHA256 2020 CA1,third,,TLSv1.3,True
resilio.com,Sectigo Limited Sectigo Public Server Authentication CA OV R36,third,,TLSv1.3,True
resjscdn.com,infrastructure,infrastructure,,unknown,False
reson8.com,unknown,unknown,,unknown,False
respawn.com,Amazon Amazon RSA 2048 M01,third,,TLSv1.2,True
restaurantguru.com,Sectigo Limited Sectigo Public Server Authentication CA DV R36,third,,TLSv1.2,True
restockrocket.io,Google Trust Services WE1,third,,TLSv1.3,True
restream-media.net,unknown,unknown,,unknown,False
restream.io,Amazon Amazon RSA 2048 M01,third,,TLSv1.3,True
retailmenot.com,Let's Encrypt YE2,third,,TLSv1.3,True
retailrocket.net,GlobalSign nv-sa GlobalSign GCC R6 AlphaSSL CA 2025,third,,TLSv1.3,True
retailrocket.ru,GlobalSign nv-sa GlobalSign GCC R6 AlphaSSL CA 2025,third,,TLSv1.3,True
retargetly.com,Google Trust Services WE1,third,,TLSv1.3,True
returnyoutubedislikeapi.com,Google Trust Services WE1,third,,TLSv1.3,True
reuters.com,Sectigo Limited Sectigo Public Server Authentication CA OV R40,third,,TLSv1.2,True
revcontent.com,Let's Encrypt YR1,third,,TLSv1.3,True
revenuecat.com,Let's Encrypt YR1,third,,TLSv1.3,True
reverb.com,Let's Encrypt YE2,third,,TLSv1.3,True
reverso.net,Google Trust Services WE1,third,,TLSv1.3,True
reviews.co.uk,Google Trust Services WE1,third,,TLSv1.3,True
reviews.io,Google Trust Services WE1,third,,TLSv1.3,True
revjet.com,Amazon Amazon RSA 2048 M04,third,,TLSv1.3,True
revolut.com,Google Trust Services WE1,third,,TLSv1.3,True
revolutionparts.io,Google Trust Services WE1,third,,TLSv1.3,True
revolve.com,DigiCert Inc DigiCert Global G3 TLS ECC SHA384 2020 CA1,third,,TLSv1.3,True
rezync.com,unknown,unknown,,unknown,False
rfa.org,Amazon Amazon RSA 2048 M01,third,,TLSv1.2,True
rfb.ac,Internet Widgits Pty Ltd,unknown,,TLSv1.2,True
rfc868server.com,unknown,unknown,,unknown,False
rfihub.com,unknown,unknown,,unknown,False
rfihub.net,unknown,unknown,,unknown,False
rfvgcross.com,unknown,unknown,,unknown,False
rgpub.io,unknown,unknown,,unknown,False
rgstatic.net,Google Trust Services WE1,third,,TLSv1.3,True
rhombussystems.com,Let's Encrypt YE2,third,,TLSv1.3,True
ria.com,"GoDaddy.com, Inc. Go Daddy Secure Certificate Authority - G2",third,,TLSv1.2,True
ria.ru,Let's Encrypt YE1,third,,TLSv1.3,True
richardsw.club,unknown,unknown,,unknown,False
richaudience.com,Amazon Amazon ECDSA 256 M01,third,,TLSv1.3,True
richpanel.com,Let's Encrypt YR2,third,,TLSv1.3,True
richrelevance.com,"GoDaddy.com, Inc. Go Daddy Secure Certificate Authority - G2",third,,TLSv1.3,True
ricoh.com,Amazon Amazon RSA 2048 M01,third,,TLSv1.2,True
ricoh.jp,Amazon Amazon RSA 2048 M01,third,,TLSv1.2,True
rierra-ads.com,Sectigo Limited Sectigo Public Server Authentication CA DV R36,third,,TLSv1.3,True
rightmove.co.uk,DigiCert Inc DigiCert Global G2 TLS RSA SHA256 2020 CA1,third,,TLSv1.3,True
rimon.net.il,Google Trust Services WE1,third,,TLSv1.3,True
ring.com,Amazon Amazon RSA 2048 M01,third,,TLSv1.3,True
ringcentral.com,DigiCert Inc Thawte TLS RSA CA G1,third,,TLSv1.3,True
ringpublishing.com,DigiCert Inc GeoTrust TLS RSA CA G1,third,,TLSv1.3,True
rings.solutions,unknown,unknown,,unknown,False
riotcdn.net,infrastructure,infrastructure,,unknown,False
riotgames.com,DigiCert Inc DigiCert Global G3 TLS ECC SHA384 2020 CA1,third,,TLSv1.3,True
ripe.net,Let's Encrypt YR1,third,,TLSv1.3,True
rippling.com,Amazon Amazon RSA 2048 M01,third,,TLSv1.3,True
rise-ai.com,Let's Encrypt YE2,third,,TLSv1.3,True
riskified.com,DigiCert Inc DigiCert Global G2 TLS RSA SHA256 2020 CA1,third,,TLSv1.3,True
rixels.cc,unknown,unknown,,unknown,False
rixengine.com,Google Trust Services WR3,third,,TLSv1.3,True
rj.gov.br,DigiCert Inc RapidSSL TLS RSA CA G1,third,,TLSv1.2,True
rj.link,GlobalSign nv-sa GlobalSign RSA OV SSL CA 2018,third,,TLSv1.2,True
rkdms.com,Amazon Amazon RSA 2048 M01,third,,TLSv1.2,True
rlcdn.com,infrastructure,infrastructure,,unknown,False
rm358.com,Google Trust Services WE1,third,,TLSv1.3,True
rmbl.ws,Let's Encrypt YE2,third,,TLSv1.3,True
rmhfrtnd.com,Google Trust Services WE1,third,,TLSv1.3,True
rmishe.com,Google Trust Services WE1,third,,TLSv1.3,True
rmzsglng.com,Google Trust Services WE1,third,,TLSv1.3,True
rncdn7.com,infrastructure,infrastructure,,unknown,False
rnote.com,"DNSPod, Inc. DNSPod DV TLS RSA CA 2025",third,,TLSv1.3,True
robertsspaceindustries.com,Google Trust Services WR3,third,,TLSv1.3,True
robinhood.com,Amazon Amazon RSA 2048 M01,third,,TLSv1.3,True
roblox.com,Sectigo Limited Sectigo Public Server Authentication CA OV R36,third,,TLSv1.3,True
roborock.com,Google Trust Services WE1,third,,TLSv1.3,True
roboshadow.com,Google Trust Services WE1,third,,TLSv1.3,True
roche.com,DigiCert Inc GeoTrust TLS RSA CA G1,third,,TLSv1.3,True
rocket-cdn-eu.com,infrastructure,infrastructure,,unknown,False
rocket-cdn.com,infrastructure,infrastructure,,unknown,False
rocketapps.com,Let's Encrypt YE2,third,,TLSv1.3,True
rocketcyber.com,Google Trust Services WE1,third,,TLSv1.3,True
rocketreach.co,Google Trust Services WE1,third,,TLSv1.3,True
rockstargames.com,DigiCert Inc DigiCert Global G3 TLS ECC SHA384 2020 CA1,third,,TLSv1.3,True
rockylinux.org,Let's Encrypt YR2,third,,TLSv1.3,True
roeye.com,Amazon Amazon RSA 2048 M01,third,,TLSv1.3,True
roeyecdn.com,infrastructure,infrastructure,,unknown,False
rogers.com,DigiCert Inc DigiCert Global G2 TLS RSA SHA256 2020 CA1,third,,TLSv1.3,True
roistat.com,Sectigo Limited Sectigo Public Server Authentication CA DV R36,third,,TLSv1.3,True
rokt-api.com,Let's Encrypt YE1,third,,TLSv1.3,True
rokt.com,Google Trust Services WE1,third,,TLSv1.3,True
roku.com,Google Trust Services WE1,third,,TLSv1.3,True
rokuapi.net,unknown,unknown,,unknown,False
rokutime.com,unknown,unknown,,unknown,False
rollbar.com,Google Trust Services WE1,third,,TLSv1.3,True
rollic.gs,unknown,unknown,,unknown,False
rome2rio.com,Sectigo Limited Sectigo Public Server Authentication CA DV R36,third,,TLSv1.3,True
rona.ca,Google Trust Services WE1,third,,TLSv1.3,True
ronghub.com,unknown,unknown,,unknown,False
roonlabs.net,Let's Encrypt YR1,third,,TLSv1.3,True
rootcanary.net,unknown,unknown,,unknown,False
rootlake.io,Google Trust Services WE1,third,,TLSv1.3,True
ropro.io,Google Trust Services WE1,third,,TLSv1.3,True
rostaxi.org,GlobalSign nv-sa GlobalSign RSA OV SSL CA 2018,third,,TLSv1.3,True
rottentomatoes.com,DigiCert Inc DigiCert Global G3 TLS ECC SHA384 2020 CA1,third,,TLSv1.3,True
route.com,Let's Encrypt YR2,third,,TLSv1.3,True
rovio.com,GlobalSign nv-sa GlobalSign GCC R3 DV TLS CA 2020,third,,TLSv1.3,True
roxnode.com,unknown,unknown,,unknown,False
rozetka.com.ua,Google Trust Services WE1,third,,TLSv1.3,True
rpcpool.com,unknown,unknown,,unknown,False
rpcuniverse.com,unknown,unknown,,unknown,False
rpow2.com,Let's Encrypt YE2,third,,TLSv1.3,True
rqmob.com,unknown,unknown,,unknown,False
rqtrk.eu,unknown,unknown,,unknown,False
rrpicturearchives.net,Sectigo Limited Sectigo Public Server Authentication CA DV R36,third,,TLSv1.3,True
rs-online.com,DigiCert Inc DigiCert Global G2 TLS RSA SHA256 2020 CA1,third,,TLSv1.3,True
rs.gov.br,DigiCert Inc RapidSSL TLS RSA CA G1,third,,TLSv1.2,True
rsc.org,Let's Encrypt YR1,third,,TLSv1.3,True
rsms.me,Google Trust Services WE1,third,,TLSv1.3,True
rspamd.com,Let's Encrypt YE2,third,,TLSv1.3,True
rt.com,Let's Encrypt YE1,third,,TLSv1.3,True
rt.ru,GlobalSign nv-sa GlobalSign GCC R3 DV TLS CA 2020,third,,TLSv1.2,True
rtactivate.com,unknown,unknown,,unknown,False
rtb-oveeo.com,Sectigo Limited Sectigo Public Server Authentication CA DV E36,third,,TLSv1.3,True
rtb-stack.com,unknown,unknown,,unknown,False
rtb.mx,unknown,unknown,,unknown,False
rtbanalytics.com,Google Trust Services WE1,third,,TLSv1.3,True
rtbbtr.com,Let's Encrypt YR2,third,,TLSv1.2,True
rtbcdn.ru,infrastructure,infrastructure,,unknown,False
rtbhouse.com,Google Trust Services WR3,third,,TLSv1.3,True
rtblab.net,unknown,unknown,,unknown,False
rtbrain.app,unknown,unknown,,unknown,False
rtbsuperhub.com,Let's Encrypt YE2,third,,TLSv1.3,True
rtbsystem.com,Google Trust Services WE1,third,,TLSv1.3,True
rtbuniverse.com,unknown,unknown,,unknown,False
rtbwave.com,DigiCert Inc RapidSSL TLS RSA CA G1,third,,TLSv1.2,True
rtbwise.com,Google Trust Services WR3,third,,TLSv1.3,True
rtcplus.com,unknown,unknown,,unknown,False
rtcxyz.com,unknown,unknown,,unknown,False
rtmark.net,unknown,unknown,,unknown,False
rtus.dev,unknown,unknown,,unknown,False
rtve.es,GlobalSign nv-sa GlobalSign GCC R6 AlphaSSL CA 2025,third,,TLSv1.3,True
ru.com,unknown,unknown,,unknown,False
rubiconproject.com,Amazon Amazon RSA 2048 M01,third,,TLSv1.3,True
rubygems.org,GlobalSign nv-sa GlobalSign Atlas R3 DV TLS CA 2026 Q1,third,,TLSv1.3,True
ruckus.cloud,Let's Encrypt YR2,third,,TLSv1.3,True
ruckuswireless.com,Entrust Limited Entrust DV TLS Issuing RSA CA 2,third,,TLSv1.3,True
rudderlabs.com,Let's Encrypt YR2,third,,TLSv1.3,True
rudderstack.com,Let's Encrypt YR1,third,,TLSv1.3,True
ruijie.com.cn,GlobalSign nv-sa GlobalSign RSA OV SSL CA 2018,third,,TLSv1.2,True
ruijieyun.com,unknown,unknown,,unknown,False
rule34.xxx,Google Trust Services WE1,third,,TLSv1.3,True
rule34video.com,Let's Encrypt R13,third,,TLSv1.3,True
ruliweb.com,Sectigo Limited Sectigo Public Server Authentication CA OV R36,third,,TLSv1.3,True
rum-ingress-coralogix.com,unknown,unknown,,unknown,False
rumble.com,DigiCert Inc DigiCert Global G2 TLS RSA SHA256 2020 CA1,third,,TLSv1.3,True
rumt-sg.com,"DigiCert, Inc. DigiCert Secure Site OV G2 TLS CN RSA4096 SHA256 2022 CA1",third,,TLSv1.2,True
rumt-zh.com,"DigiCert, Inc. DigiCert Secure Site OV G2 TLS CN RSA4096 SHA256 2022 CA1",third,,TLSv1.3,True
run.app,Google Trust Services WE2,third,,TLSv1.3,True
runative-syndicate.com,Let's Encrypt YE1,third,,TLSv1.3,True
runbox.com,Let's Encrypt YR1,third,,TLSv1.2,True
runconverge.com,Amazon Amazon RSA 2048 M01,third,,TLSv1.3,True
runescape.com,DigiCert Inc DigiCert Global G2 TLS RSA SHA256 2020 CA1,third,,TLSv1.2,True
runescape.wiki,Let's Encrypt YE1,third,,TLSv1.3,True
runnerspace.com,Google Trust Services WE1,third,,TLSv1.3,True
runpod.io,Google Trust Services WE1,third,,TLSv1.3,True
runpod.net,unknown,unknown,,unknown,False
runwayml.com,Let's Encrypt YR2,third,,TLSv1.3,True
rust-lang.org,Let's Encrypt YR2,third,,TLSv1.3,True
rustdesk.com,Google Trust Services WE1,third,,TLSv1.2,True
rustore.ru,Hellenic Academic and Research Institutions CA HARICA DV TLS RSA,third,,TLSv1.2,True
rutarget.ru,unknown,unknown,,unknown,False
rutgers.edu,"InCommon, LLC InCommon RSA OV SSL CA 3",third,,TLSv1.3,True
rutracker.org,Google Trust Services WE1,third,,TLSv1.3,True
rutube.ru,Let's Encrypt YR1,third,,TLSv1.3,True
rvikjd.com,Let's Encrypt YE1,third,,TLSv1.2,True
rws.com,Google Trust Services WE1,third,,TLSv1.3,True
rwth-aachen.de,Hellenic Academic and Research Institutions CA GEANT TLS RSA 1,third,,TLSv1.2,True
ryanair.com,DigiCert Inc DigiCert EV RSA CA G2,third,,TLSv1.3,True
rylkngdm.com,Amazon Amazon RSA 2048 M01,third,,TLSv1.3,True
rylmtch.com,Amazon Amazon RSA 2048 M01,third,,TLSv1.3,True
rzd.ru,unknown,unknown,,unknown,False
rzqpixle.com,unknown,unknown,,unknown,False
s-bol.com,unknown,unknown,,unknown,False
s-microsoft.com,unknown,unknown,,unknown,False
s-msedge.net,unknown,unknown,,unknown,False
s-onetag.com,unknown,unknown,,unknown,False
s73cloud.com,unknown,unknown,,unknown,False
s7s.ai,unknown,unknown,,unknown,False
sa.com,unknown,unknown,,unknown,False
saasexch.co,unknown,unknown,,unknown,False
saasexch.com,Amazon Amazon RSA 2048 M01,third,,TLSv1.3,True
saasexch.info,unknown,unknown,,unknown,False
saashub.com,Google Trust Services WE1,third,,TLSv1.3,True
saawsedge.com,Google Trust Services WE1,third,,TLSv1.3,True
sabre.com,GlobalSign nv-sa GlobalSign Atlas R46 DV TLS CA 2026 Q2,third,,TLSv1.3,True
saby.ru,GlobalSign nv-sa GlobalSign GCC R3 DV TLS CA 2020,third,,TLSv1.3,True
sacdnssedge.com,infrastructure,infrastructure,,unknown,False
safebrowsing.apple,unknown,unknown,,unknown,False
safedk.com,unknown,unknown,,unknown,False
safer-networking.org,DigiCert Inc Thawte TLS RSA CA G1,third,,TLSv1.3,True
safersoftware.net,unknown,unknown,,unknown,False
safevisit.online,Google Trust Services WR3,third,,TLSv1.3,True
sage.com,DigiCert Inc GeoTrust TLS RSA CA G1,third,,TLSv1.3,True
sagepub.com,DigiCert Inc DigiCert Global G2 TLS RSA SHA256 2020 CA1,third,,TLSv1.3,True
sahibinden.com,DigiCert Inc DigiCert Global G2 TLS RSA SHA256 2020 CA1,third,,TLSv1.2,True
sail-horizon.com,unknown,unknown,,unknown,False
sail-personalize.com,unknown,unknown,,unknown,False
sail-track.com,unknown,unknown,,unknown,False
sailfishx.live,unknown,unknown,,unknown,False
saksfifthavenue.com,Amazon Amazon RSA 2048 M04,third,,TLSv1.3,True
salary.com,"GoDaddy.com, Inc. Go Daddy Secure Certificate Authority - G2",third,,TLSv1.3,True
salaryexpert.com,Google Trust Services WE1,third,,TLSv1.3,True
salecycle.com,Google Trust Services WE1,third,,TLSv1.3,True
salemove.com,Google Trust Services WE1,third,,TLSv1.3,True
salesforce-scrt.com,DigiCert Inc DigiCert Global G2 TLS RSA SHA256 2020 CA1,third,,TLSv1.3,True
salesforce-setup.com,DigiCert Inc DigiCert Global G2 TLS RSA SHA256 2020 CA1,third,,TLSv1.3,True
salesforce-sites.com,DigiCert Inc DigiCert Global G2 TLS RSA SHA256 2020 CA1,third,,TLSv1.3,True
salesforce.com,DigiCert Inc DigiCert Global G3 TLS ECC SHA384 2020 CA1,third,,TLSv1.3,True
salesforceliveagent.com,DigiCert Inc DigiCert Global G2 TLS RSA SHA256 2020 CA1,third,,TLSv1.3,True
salesloft.com,Amazon Amazon RSA 2048 M04,third,,TLSv1.3,True
salesmanago.pl,DigiCert Inc DigiCert Global G2 TLS RSA SHA256 2020 CA1,third,,TLSv1.3,True
salesmartly.com,Amazon Amazon RSA 2048 M01,third,,TLSv1.3,True
salsify-ecdn.com,infrastructure,infrastructure,,unknown,False
salsify.com,Amazon Amazon RSA 2048 M04,third,,TLSv1.3,True
salthasher.com,Google Trust Services WE1,third,,TLSv1.3,True
samba.tv,Let's Encrypt YE1,third,,TLSv1.3,True
samokat.ru,GlobalSign nv-sa GlobalSign RSA OV SSL CA 2018,third,,TLSv1.3,True
samplicio.us,Amazon Amazon RSA 2048 M01,third,,TLSv1.3,True
samqaicongen.com,unknown,unknown,,unknown,False
samsara.com,Amazon Amazon RSA 2048 M01,third,,TLSv1.3,True
samsclub.com,GlobalSign nv-sa GlobalSign GCC E46 OV TLS CA 2025,third,,TLSv1.3,True
samsung-dict.com,unknown,unknown,,unknown,False
samsung-gamelauncher.com,unknown,unknown,,unknown,False
samsung-news.com,Sectigo Limited Sectigo RSA Organization Validation Secure Server CA,third,,TLSv1.3,True
samsung.com,Sectigo Limited Sectigo Public Server Authentication CA OV R36,third,,TLSv1.2,True
samsung.com.cn,"DigiCert, Inc. GeoTrust G2 TLS CN RSA4096 SHA256 2022 CA1",third,,TLSv1.3,True
samsungacr.com,unknown,unknown,,unknown,False
samsungads.com,Sectigo Limited Sectigo Public Server Authentication CA DV R36,third,,TLSv1.2,True
samsungapis.com,unknown,unknown,,unknown,False
samsungapps.com,unknown,unknown,,unknown,False
samsungcloud.com,Sectigo Limited Sectigo Public Server Authentication CA OV R36,third,,TLSv1.3,True
samsungcloud.tv,unknown,unknown,,unknown,False
samsungcloudcdn.com,infrastructure,infrastructure,,unknown,False
samsungcloudplatform.com,unknown,unknown,,unknown,False
samsungcloudsolution.com,unknown,unknown,,unknown,False
samsungcloudsolution.net,unknown,unknown,,unknown,False
samsungconsent.com,unknown,unknown,,unknown,False
samsungdis.com,unknown,unknown,,unknown,False
samsungdive.com,unknown,unknown,,unknown,False
samsungdm.com,unknown,unknown,,unknown,False
samsungdmroute.com,unknown,unknown,,unknown,False
samsungelectronics.com,Sectigo Limited Sectigo Public Server Authentication CA OV R36,third,,TLSv1.2,True
samsungenergydr.com,unknown,unknown,,unknown,False
samsungglobalgoals.com,Sectigo Limited Sectigo RSA Organization Validation Secure Server CA,third,,TLSv1.3,True
samsunggsl.com,unknown,unknown,,unknown,False
samsunghealth.com,Sectigo Limited Sectigo Public Server Authentication CA OV R36,third,,TLSv1.3,True
samsunghrm.com,Amazon Amazon RSA 2048 M04,third,,TLSv1.3,True
samsungiotcloud.com,unknown,unknown,,unknown,False
samsungknowledge.com,unknown,unknown,,unknown,False
samsungknox.com,Sectigo Limited Sectigo Public Server Authentication CA OV R36,third,,TLSv1.3,True
samsungmax.com,unknown,unknown,,unknown,False
samsungmdec.com,unknown,unknown,,unknown,False
samsungmobile.com,Sectigo Limited Sectigo Public Server Authentication CA OV R36,third,,TLSv1.2,True
samsungnyc.com,unknown,unknown,,unknown,False
samsungosp.com,DigiCert Inc Thawte TLS RSA CA G1,third,,TLSv1.2,True
samsungotn.net,DigiCert Inc DigiCert Global G2 TLS RSA SHA256 2020 CA1,third,,TLSv1.2,True
samsungpass.com,unknown,unknown,,unknown,False
samsungpositioning.com,unknown,unknown,,unknown,False
samsungqbe.com,unknown,unknown,,unknown,False
samsungrm.net,Amazon Amazon RSA 2048 M04,third,,TLSv1.3,True
samsungrs.com,unknown,unknown,,unknown,False
samsungsds.com,Sectigo Limited Sectigo Public Server Authentication CA DV R36,third,,TLSv1.3,True
samsungtv.plus,unknown,unknown,,unknown,False
samsungvisioncloud.com,unknown,unknown,,unknown,False
samsungweather.com,unknown,unknown,,unknown,False
sandai.net,DigiCert Inc Encryption Everywhere DV TLS CA - G2,third,,TLSv1.2,True
sandboxol.com,unknown,unknown,,unknown,False
sanity.io,Let's Encrypt YR2,third,,TLSv1.3,True
sanpoiljejuna.cfd,unknown,unknown,,unknown,False
santander.com.br,DigiCert Inc DigiCert Global G3 TLS ECC SHA384 2020 CA1,third,,TLSv1.3,True
santandernetibe.com.br,DigiCert Inc DigiCert Global G3 TLS ECC SHA384 2020 CA1,third,,TLSv1.3,True
sap.com,DigiCert Inc DigiCert Global G2 TLS RSA SHA256 2020 CA1,third,,TLSv1.3,True
sape.ru,Let's Encrypt YR2,third,,TLSv1.2,True
sapo.pt,DigiCert Inc GeoTrust TLS RSA CA G1,third,,TLSv1.3,True
sardine.ai,Let's Encrypt YR1,third,,TLSv1.3,True
sas.com,DigiCert Inc DigiCert Global G2 TLS RSA SHA256 2020 CA1,third,,TLSv1.2,True
sascdn.com,infrastructure,infrastructure,,unknown,False
savana.com,Amazon Amazon RSA 2048 M01,third,,TLSv1.3,True
saygames.io,Let's Encrypt YE1,third,,TLSv1.3,True
sb-cd.com,unknown,unknown,,unknown,False
sbb.ch,SwissSign AG SwissSign RSA TLS DV ICA 2022 - 1,third,,TLSv1.3,True
sbcglobal.net,DigiCert Inc DigiCert Global G2 TLS RSA SHA256 2020 CA1,third,,TLSv1.3,True
sbcloud.us,unknown,unknown,,unknown,False
sber.ru,Let's Encrypt YR1,third,,TLSv1.3,True
sberbank-tele.com,Sectigo Limited Sectigo Public Server Authentication CA DV R36,third,,TLSv1.3,True
sberbank.ru,"TrustAsia Technologies, Inc. LiteSSL RSA CA 2025",third,,TLSv1.3,True
sberdevices.ru,Let's Encrypt YR1,third,,TLSv1.2,True
sbermarketing.ru,GlobalSign nv-sa GlobalSign RSA OV SSL CA 2018,third,,TLSv1.3,True
sbis.ru,GlobalSign nv-sa GlobalSign GCC R3 DV TLS CA 2020,third,,TLSv1.3,True
sbixby.com,unknown,unknown,,unknown,False
sc-apps.com,unknown,unknown,,unknown,False
sc-cdn.net,infrastructure,infrastructure,,unknown,False
sc-gw.com,unknown,unknown,,unknown,False
sc-prod.net,unknown,unknown,,unknown,False
sc-static.net,Amazon Amazon RSA 2048 M01,third,,TLSv1.3,True
scalefusion.com,DigiCert Inc DigiCert Global G3 TLS ECC SHA384 2020 CA1,third,,TLSv1.3,True
scalertrk.com,unknown,unknown,,unknown,False
scalibur.io,Let's Encrypt YE1,third,,TLSv1.3,True
scarabresearch.com,unknown,unknown,,unknown,False
scarmaca.com,DigiCert Inc Encryption Everywhere DV TLS CA - G2,third,,TLSv1.2,True
scdn.co,infrastructure,infrastructure,,unknown,False
scene7.com,DigiCert Inc DigiCert Global G2 TLS RSA SHA256 2020 CA1,third,,TLSv1.2,True
sch.id,unknown,unknown,,unknown,False
sch.uk,unknown,unknown,,unknown,False
scheels.com,Google Trust Services WE1,third,,TLSv1.3,True
schemaapp.com,Let's Encrypt YR2,third,,TLSv1.3,True
schemastore.org,Let's Encrypt YR2,third,,TLSv1.3,True
schibsted.io,unknown,unknown,,unknown,False
schlund.de,Sectigo Limited Sectigo Public Server Authentication CA OV R36,third,,TLSv1.2,True
schwab.com,DigiCert Inc DigiCert Global G2 TLS RSA SHA256 2020 CA1,third,,TLSv1.3,True
scielo.br,GlobalSign nv-sa GlobalSign GCC R6 AlphaSSL CA 2025,third,,TLSv1.3,True
scienceconnect.io,Google Trust Services WE1,third,,TLSv1.3,True
sciencedirect.com,Google Trust Services WE1,third,,TLSv1.3,True
sciencemag.org,Amazon Amazon RSA 2048 M01,third,,TLSv1.2,True
scirp.org,Sectigo Limited Sectigo Public Server Authentication CA DV R36,third,,TLSv1.3,True
scite.ai,Amazon Amazon RSA 2048 M04,third,,TLSv1.3,True
scmp.com,Sectigo Limited Sectigo Public Server Authentication CA OV R36,third,,TLSv1.3,True
scope3.com,Google Trust Services WE1,third,,TLSv1.3,True
scopely.io,unknown,unknown,,unknown,False
scorecardresearch.com,Sectigo Limited Sectigo Public Server Authentication CA DV R36,third,,TLSv1.3,True
scragged.com,Amazon Amazon RSA 2048 M04,third,,TLSv1.3,True
screen.cloud,Amazon Amazon RSA 2048 M01,third,,TLSv1.3,True
screencastify.com,Google Trust Services WE1,third,,TLSv1.3,True
screencloud.com,Let's Encrypt YR1,third,,TLSv1.3,True
screenconnect.com,Amazon Amazon RSA 2048 M04,third,,TLSv1.3,True
scribd.com,Let's Encrypt YR2,third,,TLSv1.3,True
scribdassets.com,Let's Encrypt YR1,third,,TLSv1.3,True
scribehow.com,Google Trust Services WE1,third,,TLSv1.3,True
script.ac,unknown,unknown,,unknown,False
scw.cloud,unknown,unknown,,unknown,False
sd-rtn.com,DigiCert Inc RapidSSL TLS RSA CA G1,third,,TLSv1.3,True
sddan.com,DigiCert Inc RapidSSL TLS RSA CA G1,third,,TLSv1.3,True
sdiapi.com,unknown,unknown,,unknown,False
sdn.cz,Let's Encrypt YR2,third,,TLSv1.3,True
sdstate.edu,DigiCert Inc DigiCert Global G2 TLS RSA SHA256 2020 CA1,third,,TLSv1.3,True
se-platform.com,unknown,unknown,,unknown,False
se.com,DigiCert Inc Thawte TLS RSA CA G1,third,,TLSv1.3,True
seaart.ai,Google Trust Services WE1,third,,TLSv1.3,True
seaart.me,Let's Encrypt YR2,third,,TLSv1.3,True
seabank.co.id,GlobalSign nv-sa GlobalSign GCC R6 AlphaSSL CA 2025,third,,TLSv1.3,True
seadform.net,unknown,unknown,,unknown,False
seagate.com,SSL Corporation Cloudflare TLS Issuing ECC CA 3,third,,TLSv1.3,True
sealsubscriptions.com,Let's Encrypt YR2,third,,TLSv1.3,True
searchatlas.com,Google Trust Services WE1,third,,TLSv1.3,True
searchserverapi1.com,Let's Encrypt YE2,third,,TLSv1.3,True
searchspring.io,unknown,unknown,,unknown,False
searchspring.net,Let's Encrypt YE2,third,,TLSv1.3,True
searchy.io,Google Trust Services WE1,third,,TLSv1.3,True
sec-tunnel.com,unknown,unknown,,unknown,False
sec.gov,DigiCert Inc DigiCert Global G3 TLS ECC SHA384 2020 CA1,third,,TLSv1.3,True
secb2b.com,unknown,unknown,,unknown,False
secomtrust.net,"SECOM Trust Systems CO.,LTD. SECOM Passport for Web EV 2.0 CA",private,,TLSv1.3,True
secondlife.com,DigiCert Inc DigiCert Global G3 TLS ECC SHA384 2020 CA1,third,,TLSv1.3,True
secrets.ai,Google Trust Services WE1,third,,TLSv1.3,True
sectigo.com,Sectigo Limited Sectigo Public Server Authentication CA OV R36,third,,TLSv1.2,True
secu100.net,DigiCert Inc RapidSSL TLS RSA CA G1,third,,TLSv1.2,True
securebrowser.com,unknown,unknown,,unknown,False
securecafe.com,Google Trust Services WE1,third,,TLSv1.3,True
securedvisit.com,Amazon Amazon RSA 2048 M01,third,,TLSv1.3,True
securepoint.de,Let's Encrypt YE1,third,,TLSv1.3,True
secureprivacy.ai,Google Trust Services WE1,third,,TLSv1.3,True
secureserver.net,Google Trust Services WE1,third,,TLSv1.3,True
securestudies.com,Sectigo Limited Sectigo Public Server Authentication CA DV R36,third,,TLSv1.3,True
securiti.ai,Let's Encrypt YE2,third,,TLSv1.3,True
securityannex.net,Let's Encrypt E8,third,,TLSv1.3,True
securityeco.com,unknown,unknown,,unknown,False
securitytrfx.com,Amazon Amazon RSA 2048 M04,third,,TLSv1.3,True
securly.com,Amazon Amazon RSA 2048 M04,third,,TLSv1.3,True
securykit.com,unknown,unknown,,unknown,False
sedo.com,Sectigo Limited Sectigo Public Server Authentication CA DV R36,third,,TLSv1.3,True
seedonk.com,Sectigo Limited Sectigo Public Server Authentication CA DV R36,third,,TLSv1.2,True
seedtag.com,Google Trust Services WE1,third,,TLSv1.3,True
seeip.org,Let's Encrypt YR2,third,,TLSv1.3,True
seek.com,Amazon Amazon RSA 2048 M04,third,,TLSv1.2,True
seek.com.au,Amazon Amazon RSA 2048 M04,third,,TLSv1.2,True
seekingalpha.com,GlobalSign nv-sa GlobalSign Atlas R3 DV TLS CA 2025 Q4,third,,TLSv1.3,True
seel.com,ZeroSSL GmbH ZeroSSL ECC DV SSL CA 2,third,,TLSv1.3,True
seenthis.se,Amazon Amazon RSA 2048 M01,third,,TLSv1.2,True
seesaa.net,Let's Encrypt YR1,third,,TLSv1.2,True
seetong.com,SSL Corporation SSL.com RSA SSL subCA,third,,TLSv1.2,True
segment.com,Amazon Amazon RSA 2048 M04,third,,TLSv1.3,True
segment.io,Amazon Amazon RSA 2048 M04,third,,TLSv1.3,True
segmentapis.com,unknown,unknown,,unknown,False
segreencolumn.com,unknown,unknown,,unknown,False
sektori.org,Google Trust Services WE1,third,,TLSv1.3,True
selcdn.net,infrastructure,infrastructure,,unknown,False
semanticscholar.org,Amazon Amazon RSA 2048 M01,third,,TLSv1.3,True
semasio.net,unknown,unknown,,unknown,False
semrush.com,Google Trust Services WR3,third,,TLSv1.3,True
send-anywhere.com,Amazon Amazon RSA 2048 M04,third,,TLSv1.3,True
sendbird.com,Let's Encrypt YE2,third,,TLSv1.3,True
senderscore.com,Amazon Amazon RSA 2048 M04,third,,TLSv1.2,True
sendgrid.com,"GoDaddy.com, Inc. Go Daddy Secure Certificate Authority - G2",third,,TLSv1.3,True
sendgrid.net,"GoDaddy.com, Inc. Go Daddy Secure Certificate Authority - G2",third,,TLSv1.2,True
sendpulse.com,Sectigo Limited Sectigo Public Server Authentication CA DV R36,third,,TLSv1.2,True
sendsay.ru,Let's Encrypt YR1,third,,TLSv1.2,True
sendtonews.com,Let's Encrypt YR1,third,,TLSv1.3,True
sendtuna.com,unknown,unknown,,unknown,False
senior.com.br,Amazon Amazon RSA 2048 M01,third,,TLSv1.2,True
sense.com,Let's Encrypt YR1,third,,TLSv1.3,True
sensibo.com,Let's Encrypt YE2,third,,TLSv1.3,True
sensic.net,Amazon Amazon RSA 2048 M04,third,,TLSv1.3,True
sensorsdata.com,DigiCert Inc RapidSSL TLS RSA CA G1,third,,TLSv1.2,True
sentinelone.net,Sectigo Limited Sectigo Public Server Authentication CA OV R36,third,,TLSv1.3,True
sentry-cdn.com,infrastructure,infrastructure,,unknown,False
sentry.io,DigiCert Inc DigiCert Global G2 TLS RSA SHA256 2020 CA1,third,,TLSv1.3,True
seondfresolver.com,Amazon Amazon RSA 2048 M01,third,,TLSv1.2,True
seondnsresolve.com,Amazon Amazon RSA 2048 M04,third,,TLSv1.2,True
sephora.com,DigiCert Inc GeoTrust TLS RSA CA G1,third,,TLSv1.3,True
serasa.com.br,GlobalSign nv-sa GlobalSign RSA OV SSL CA 2018,third,,TLSv1.3,True
serasaexperian.com.br,GlobalSign nv-sa GlobalSign RSA OV SSL CA 2018,third,,TLSv1.3,True
sermonaudio.com,Google Trust Services WE1,third,,TLSv1.3,True
serpro.gov.br,SERVICO FEDERAL DE PROCESSAMENTO DE DADOS (SERPRO) AC SERPRO AR46 OV TLS CA 2025,private,,TLSv1.3,True
servarr.com,unknown,unknown,,unknown,False
servedbyadbutler.com,Sectigo Limited Sectigo Public Server Authentication CA DV R36,third,,TLSv1.3,True
servenobid.com,unknown,unknown,,unknown,False
server-k2cz.net,unknown,unknown,,unknown,False
serverbid.com,unknown,unknown,,unknown,False
serverdata.net,Let's Encrypt YR1,third,,TLSv1.3,True
servereps.com,DigiCert Inc DigiCert Global G2 TLS RSA SHA256 2020 CA1,third,,TLSv1.2,True
serveuser.com,unknown,unknown,,unknown,False
servg1.net,Amazon Amazon RSA 2048 M04,third,,TLSv1.2,True
service-now.com,DigiCert Inc DigiCert Global G2 TLS RSA SHA256 2020 CA1,third,,TLSv1.2,True
service.gov.uk,GlobalSign nv-sa GlobalSign RSA OV SSL CA 2018,third,,TLSv1.3,True
servicecdn.ru,infrastructure,infrastructure,,unknown,False
servicenow.com,Amazon Amazon RSA 2048 M04,third,,TLSv1.3,True
servicenowservices.com,unknown,unknown,,unknown,False
servicesadmedia.com,Let's Encrypt YR2,third,,TLSv1.3,True
servicewechat.com,"DigiCert, Inc. DigiCert Secure Site OV G2 TLS CN RSA4096 SHA256 2022 CA1",third,,TLSv1.3,True
serving-sys.ru,unknown,unknown,,unknown,False
servogram.io,unknown,unknown,,unknown,False
sesupdate.com,unknown,unknown,,unknown,False
setapp.com,Google Trust Services WE1,third,,TLSv1.3,True
setrol.com,unknown,unknown,,unknown,False
settingshelper.com,unknown,unknown,,unknown,False
setupad.io,Google Trust Services WE1,third,,TLSv1.3,True
sex-studentki.live,Google Trust Services WE1,third,,TLSv1.2,True
sex-studentki.team,Google Trust Services WE1,third,,TLSv1.2,True
sexchatters.com,Google Trust Services WE1,third,,TLSv1.3,True
seznam.cz,Let's Encrypt YR2,third,,TLSv1.3,True
sezzle.com,Amazon Amazon RSA 2048 M01,third,,TLSv1.3,True
sfdcfc.net,unknown,unknown,,unknown,False
sfmc-content.com,unknown,unknown,,unknown,False
sfmc-marketing.com,unknown,unknown,,unknown,False
sfr.fr,DigiCert Inc Thawte TLS RSA CA G1,third,,TLSv1.3,True
sfr.net,unknown,unknown,,unknown,False
sftcdn.net,infrastructure,infrastructure,,unknown,False
sfx.ms,unknown,unknown,,unknown,False
sg-light-edge.com,unknown,unknown,,unknown,False
sgaas.net,unknown,unknown,,unknown,False
sgameglobal.com,unknown,unknown,,unknown,False
sgmbocast.com,unknown,unknown,,unknown,False
sgsnssdk.com,unknown,unknown,,unknown,False
sh-tencentclb.com,unknown,unknown,,unknown,False
shallspark.com,unknown,unknown,,unknown,False
shalltry.com,Amazon Amazon RSA 2048 M01,third,,TLSv1.3,True
shapegamescloud.com,unknown,unknown,,unknown,False
share.google,Google Trust Services WE2,private,,TLSv1.3,True
shareaholic.com,Amazon Amazon RSA 2048 M01,third,,TLSv1.3,True
shareaholic.net,Let's Encrypt YR2,third,,TLSv1.3,True
shareai.pro,unknown,unknown,,unknown,False
sharechat.com,"GoDaddy.com, Inc. Go Daddy Secure Certificate Authority - G2",third,,TLSv1.3,True
sharefile.com,Amazon Amazon RSA 2048 M01,third,,TLSv1.3,True
sharefile.io,unknown,unknown,,unknown,False
sharepoint.com,Microsoft Corporation Microsoft TLS G2 RSA CA OCSP 10,private,,TLSv1.3,True
sharepoint.us,unknown,unknown,,unknown,False
sharepointonline.com,unknown,unknown,,unknown,False
sharethis.com,Amazon Amazon RSA 2048 M04,third,,TLSv1.3,True
sharethis.net,unknown,unknown,,unknown,False
sharethrough.com,Google Trust Services WE1,third,,TLSv1.3,True
sharif.ir,unknown,unknown,,unknown,False
sharkninja.com,Google Trust Services WE1,third,,TLSv1.3,True
shaw.ca,DigiCert Inc DigiCert Global G2 TLS RSA SHA256 2020 CA1,third,,TLSv1.3,True
shazam.com,Apple Inc. Apple Public Server RSA CA 11 - G1,third,,TLSv1.3,True
shb-sync.com,unknown,unknown,,unknown,False
sheffieldforum.co.uk,Google Trust Services WE1,third,,TLSv1.3,True
shegu.net,unknown,unknown,,unknown,False
shein.com,"DigiCert, Inc. DigiCert Secure Site OV G2 TLS CN RSA4096 SHA256 2022 CA1",third,,TLSv1.3,True
sheincorp.cn,DigiCert Inc Encryption Everywhere DV TLS CA - G2,third,,TLSv1.3,True
shell.com,Let's Encrypt YR2,third,,TLSv1.3,True
shelly.cloud,Sectigo Limited Sectigo Public Server Authentication CA DV R36,third,,TLSv1.3,True
shengboglobal.com,DigiCert Inc RapidSSL TLS RSA CA G1,third,,TLSv1.3,True
shgcdn3.com,infrastructure,infrastructure,,unknown,False
shifen.com,GlobalSign nv-sa GlobalSign RSA OV SSL CA 2018,third,,TLSv1.2,True
shiftapis.com,unknown,unknown,,unknown,False
shiftdigitalapps.io,unknown,unknown,,unknown,False
shikosharply.shop,unknown,unknown,,unknown,False
shinobi.jp,Let's Encrypt R13,third,,TLSv1.3,True
shixcam.com,GlobalSign nv-sa GlobalSign GCC R3 OV TLS CA 2024,third,,TLSv1.2,True
shodan.io,Google Trust Services WE1,third,,TLSv1.3,True
shoonyacloud.com,unknown,unknown,,unknown,False
shop.app,Google Trust Services WE1,third,,TLSv1.3,True
shop.pe,Google Trust Services WR3,third,,TLSv1.3,True
shopbop.com,Amazon Amazon RSA 2048 M04,third,,TLSv1.3,True
shopcider.com,DigiCert Inc RapidSSL TLS RSA CA G1,third,,TLSv1.2,True
shopdealsdaily.com,Let's Encrypt YE1,third,,TLSv1.3,True
shopee.co.id,GlobalSign nv-sa GlobalSign GCC R6 AlphaSSL CA 2025,third,,TLSv1.3,True
shopee.co.th,GlobalSign nv-sa GlobalSign GCC R6 AlphaSSL CA 2025,third,,TLSv1.3,True
shopee.com,GlobalSign nv-sa GlobalSign GCC R6 AlphaSSL CA 2025,third,,TLSv1.3,True
shopee.com.br,GlobalSign nv-sa GlobalSign GCC R6 AlphaSSL CA 2025,third,,TLSv1.3,True
shopee.com.my,GlobalSign nv-sa GlobalSign GCC R6 AlphaSSL CA 2025,third,,TLSv1.3,True
shopee.io,unknown,unknown,,unknown,False
shopee.ph,GlobalSign nv-sa GlobalSign GCC R6 AlphaSSL CA 2025,third,,TLSv1.3,True
shopee.sg,GlobalSign nv-sa GlobalSign GCC R6 AlphaSSL CA 2025,third,,TLSv1.3,True
shopee.tw,GlobalSign nv-sa GlobalSign GCC R6 AlphaSSL CA 2025,third,,TLSv1.3,True
shopee.vn,GlobalSign nv-sa GlobalSign GCC R6 AlphaSSL CA 2025,third,,TLSv1.3,True
shopeemobile.com,Let's Encrypt YR1,third,,TLSv1.3,True
shopeepay.co.id,Let's Encrypt YR1,third,,TLSv1.3,True
shopeepay.com.br,Let's Encrypt YR1,third,,TLSv1.3,True
shopify.com,Google Trust Services WE1,third,,TLSv1.3,True
shopifyapps.com,unknown,unknown,,unknown,False
shopifycdn.com,infrastructure,infrastructure,,unknown,False
shopifycloud.com,Google Trust Services WR3,third,,TLSv1.3,True
shopifyinc.com,unknown,unknown,,unknown,False
shopifysvc.com,unknown,unknown,,unknown,False
shoplazza.com,WoTrus CA Limited WoTrus DV Server CA  [Run by the Issuer],third,,TLSv1.3,True
shoplift.ai,Google Trust Services WE1,third,,TLSv1.3,True
shoplive.cloud,Let's Encrypt YR2,third,,TLSv1.3,True
shopmy.us,Amazon Amazon RSA 2048 M04,third,,TLSv1.3,True
shorebird.dev,Google Trust Services WE1,third,,TLSv1.3,True
shortpixel.ai,Let's Encrypt YE2,third,,TLSv1.3,True
shorttv.live,Amazon Amazon RSA 2048 M04,third,,TLSv1.3,True
shortv.net,unknown,unknown,,unknown,False
show-sb.com,Google Trust Services WE1,third,,TLSv1.3,True
shrkar.com,unknown,unknown,,unknown,False
shtranssion.com,Amazon Amazon RSA 2048 M01,third,,TLSv1.3,True
shuashuati.com,"Beijing Xinchacha Credit Management Co., Ltd. Xcc Trust DV SSL CA",third,,TLSv1.2,True
shutterfly.com,Amazon Amazon RSA 2048 M01,third,,TLSv1.3,True
shutterstock.com,Amazon Amazon RSA 2048 M01,third,,TLSv1.3,True
shuzilm.cn,"DigiCert, Inc. GeoTrust G2 TLS CN RSA4096 SHA256 2022 CA1",third,,TLSv1.2,True
shyajio.com,Let's Encrypt YE2,third,,TLSv1.2,True
si.com,Let's Encrypt YE2,third,,TLSv1.3,True
si.edu,Internet2 InCommon RSA Server CA 2,third,,TLSv1.3,True
sibautomation.com,Google Trust Services WE1,third,,TLSv1.3,True
sibforms.com,Google Trust Services WE1,third,,TLSv1.3,True
sichuantuyitech.com,Amazon Amazon RSA 2048 M04,third,,TLSv1.3,True
sicoob.com.br,E-SAFER CONSULTORIA EM TECNOLOGIA DA INFORMACAO LTDA E-SAFER ORGANIZATION SSL CA  [Run by the Issuer],third,,TLSv1.3,True
sicredi.com.br,DigiCert Inc DigiCert Global G3 TLS ECC SHA384 2020 CA1,third,,TLSv1.3,True
sicredi.io,unknown,unknown,,unknown,False
sider.ai,Google Trust Services WE1,third,,TLSv1.3,True
siege-amazon.com,unknown,unknown,,unknown,False
siemens.com,Amazon Amazon ECDSA 256 M01,third,,TLSv1.3,True
sierra.chat,Google Trust Services WE1,third,,TLSv1.3,True
sierrastatic.com,unknown,unknown,,unknown,False
sift.com,Google Trust Services WE1,third,,TLSv1.3,True
siftscience.com,Google Trust Services WE1,third,,TLSv1.3,True
sigmaaldrich.com,GlobalSign nv-sa GlobalSign Atlas R46 DV TLS CA 2026 Q2,third,,TLSv1.3,True
sigmapop.com,Amazon Amazon RSA 2048 M04,third,,TLSv1.3,True
sigmob.cn,unknown,unknown,,unknown,False
signageos.io,GlobalSign nv-sa GlobalSign GCC R3 DV TLS CA 2020,third,,TLSv1.3,True
signal.org,Google Trust Services WE1,third,,TLSv1.3,True
signalfx.com,DigiCert Inc DigiCert Global G2 TLS RSA SHA256 2020 CA1,third,,TLSv1.2,True
signalr.net,Microsoft Corporation Microsoft TLS G2 RSA CA OCSP 04,third,,TLSv1.3,True
signifyd.com,Amazon Amazon RSA 2048 M04,third,,TLSv1.2,True
sihuacloud.com,unknown,unknown,,unknown,False
siksinhot.com,Amazon Amazon RSA 2048 M04,third,,TLSv1.3,True
silverchair-cdn.com,infrastructure,infrastructure,,unknown,False
silvermob.com,GoGetSSL GoGetSSL RSA DV CA,third,,TLSv1.3,True
simcitybuildit.com,DigiCert Inc DigiCert Global G3 TLS ECC SHA384 2020 CA1,third,,TLSv1.3,True
similarweb.com,Amazon Amazon RSA 2048 M04,third,,TLSv1.2,True
simperium.com,Let's Encrypt YE2,third,,TLSv1.3,True
simpleanalyticscdn.com,infrastructure,infrastructure,,unknown,False
simplepart.net,DigiCert Inc GeoTrust TLS RSA CA G1,third,,TLSv1.3,True
simplesvg.com,Google Trust Services WE1,third,,TLSv1.3,True
simpli.fi,Let's Encrypt YE1,third,,TLSv1.3,True
simplisafe.com,Amazon Amazon RSA 2048 M01,third,,TLSv1.3,True
sina.cn,"DigiCert, Inc. GeoTrust G2 TLS CN RSA4096 SHA256 2022 CA1",third,,TLSv1.3,True
sina.com,"DigiCert, Inc. GeoTrust G2 TLS CN RSA4096 SHA256 2022 CA1",third,,TLSv1.2,True
sina.com.cn,"DigiCert, Inc. GeoTrust G2 TLS CN RSA4096 SHA256 2022 CA1",third,,TLSv1.3,True
sinaedge.com,unknown,unknown,,unknown,False
sinaimg.cn,"DigiCert, Inc. GeoTrust G2 TLS CN RSA4096 SHA256 2022 CA1",third,,TLSv1.3,True
sinajs.cn,unknown,unknown,,unknown,False
sinch.com,Let's Encrypt YE1,third,,TLSv1.3,True
sinclairstoryline.com,Amazon Amazon RSA 2048 M01,third,,TLSv1.3,True
singledance.xyz,unknown,unknown,,unknown,False
singsw.com,unknown,unknown,,unknown,False
singular.net,Let's Encrypt YE2,third,,TLSv1.3,True
sinsay.com,DigiCert Inc DigiCert Global G3 TLS ECC SHA384 2020 CA1,third,,TLSv1.3,True
sipgate.net,unknown,unknown,,unknown,False
sir90hl.com,Google Trust Services WE1,third,,TLSv1.3,True
siriusxm.com,Sectigo Limited Sectigo Public Server Authentication CA OV R36,third,,TLSv1.2,True
sirsi.net,"GoDaddy.com, Inc. Go Daddy Secure Certificate Authority - G2",third,,TLSv1.3,True
site-config.com,Google Trust Services WR3,third,,TLSv1.3,True
site.com,DigiCert Inc DigiCert Global G2 TLS RSA SHA256 2020 CA1,third,,TLSv1.3,True
site24x7.com,DigiCert Inc Thawte TLS RSA CA G1,third,,TLSv1.3,True
sitecorecloud.io,unknown,unknown,,unknown,False
siteforce.com,DigiCert Inc DigiCert Global G2 TLS RSA SHA256 2020 CA1,third,,TLSv1.3,True
siteimproveanalytics.com,Google Trust Services WE1,third,,TLSv1.3,True
siteimproveanalytics.io,unknown,unknown,,unknown,False
sitelabweb.com,unknown,unknown,,unknown,False
siteperformancetest.net,Amazon Amazon RSA 2048 M01,third,,TLSv1.3,True
sitescout.com,Let's Encrypt YR1,third,,TLSv1.3,True
sixt.com,Amazon Amazon RSA 2048 M04,third,,TLSv1.3,True
sizebay.technology,unknown,unknown,,unknown,False
sjtu.edu.cn,"TrustAsia Technologies, Inc. TrustAsia DV TLS ECC CA 2025",third,,TLSv1.2,True
sjv.io,Sectigo Limited Sectigo Public Server Authentication CA DV R36,third,,TLSv1.3,True
sjxydc.com,"TrustAsia Technologies, Inc. TrustAsia OV TLS RSA CA C5",unknown,,TLSv1.3,True
skated.co,unknown,unknown,,unknown,False
skcrtxr.com,Let's Encrypt YE1,third,,TLSv1.3,True
skeepers.io,Google Trust Services WE1,third,,TLSv1.3,True
sketchfab.com,Amazon Amazon RSA 2048 M04,third,,TLSv1.3,True
sketchup.com,Amazon Amazon RSA 2048 M01,third,,TLSv1.3,True
skimresources.com,Google Trust Services WR3,third,,TLSv1.3,True
skk.moe,Google Trust Services WE1,third,,TLSv1.3,True
skoda-auto.com,Let's Encrypt YR2,third,,TLSv1.3,True
skool.com,Google Trust Services WE1,third,,TLSv1.3,True
skroutz.gr,Gandi SAS GandiCert,third,,TLSv1.3,True
sktorrent.eu,Let's Encrypt YR1,third,,TLSv1.2,True
sky.com,Sectigo Limited Sectigo Public Server Authentication CA OV R36,third,,TLSv1.3,True
sky.it,Sectigo Limited Sectigo Public Server Authentication CA OV R36,third,,TLSv1.3,True
skybet.com,Google Trust Services WE1,third,,TLSv1.3,True
skycdp.com,unknown,unknown,,unknown,False
skyegloup.com,unknown,unknown,,unknown,False
skyhigh.cloud,Sectigo Limited Sectigo Public Server Authentication CA OV R36,third,,TLSv1.3,True
skyhookwireless.com,Google Trust Services WE1,third,,TLSv1.3,True
skype.com,Microsoft Corporation Microsoft TLS G2 RSA CA OCSP 02,private,,TLSv1.3,True
skypeassets.com,DigiCert Inc DigiCert Global G3 TLS ECC SHA384 2020 CA1,third,,TLSv1.3,True
skypeforbusiness.com,Microsoft Corporation Microsoft TLS G2 RSA CA OCSP 16,unknown,,TLSv1.3,True
skypicker.com,Certainly Certainly Intermediate R1,third,,TLSv1.3,True
skyscanner.net,Let's Encrypt YE1,third,,TLSv1.3,True
skyscnr.com,Let's Encrypt YE2,third,,TLSv1.3,True
skystone.games,Google Trust Services WR1,third,,TLSv1.3,True
skytigris.cn,DigiCert Inc Encryption Everywhere DV TLS CA - G2,third,,TLSv1.2,True
skyts.net,Google Trust Services WE1,third,,TLSv1.3,True
skywayplatform.com,"DigiCert, Inc. GeoTrust G2 TLS CN RSA4096 SHA256 2022 CA1",third,,TLSv1.3,True
slack-edge.com,unknown,unknown,,unknown,False
slack-imgs.com,Let's Encrypt YR1,third,,TLSv1.3,True
slack.com,Let's Encrypt YR2,third,,TLSv1.3,True
slackb.com,Let's Encrypt YR1,third,,TLSv1.3,True
slatic.net,unknown,unknown,,unknown,False
sleeknote.com,Let's Encrypt YE1,third,,TLSv1.3,True
sleepnumber.com,Amazon Amazon RSA 2048 M01,third,,TLSv1.3,True
sleeptracker.com,Amazon Amazon RSA 2048 M01,third,,TLSv1.3,True
slickstream.com,Google Trust Services WE1,third,,TLSv1.3,True
slideshare.net,Let's Encrypt YR2,third,,TLSv1.3,True
slidesharecdn.com,infrastructure,infrastructure,,unknown,False
sliide.cloud,Amazon Amazon RSA 2048 M03,third,,TLSv1.3,True
slim02.jp,unknown,unknown,,unknown,False
sling.com,DigiCert Inc DigiCert Global G2 TLS RSA SHA256 2020 CA1,third,,TLSv1.3,True
sm.cn,GlobalSign nv-sa GlobalSign Organization Validation CA - SHA256 - G2,third,,TLSv1.2,True
sma.de,Amazon Amazon RSA 2048 M01,third,,TLSv1.3,True
smaato.net,unknown,unknown,,unknown,False
smadex.com,Amazon Amazon RSA 2048 M01,third,,TLSv1.3,True
smallpdf.com,Amazon Amazon RSA 2048 M01,third,,TLSv1.3,True
smartadhi.com,unknown,unknown,,unknown,False
smartadserver.com,Google Trust Services WR3,third,,TLSv1.3,True
smartcasttv.com,Amazon Amazon RSA 2048 M01,third,,TLSv1.3,True
smartclip.net,Amazon Amazon RSA 2048 M04,third,,TLSv1.3,True
smartcloudcon.com,DigiCert Inc RapidSSL TLS RSA CA G1,third,,TLSv1.2,True
smarthint.co,Let's Encrypt YR2,third,,TLSv1.3,True
smartico.ai,Google Trust Services WE1,third,,TLSv1.3,True
smartlook.cloud,unknown,unknown,,unknown,False
smartlook.com,Amazon Amazon RSA 2048 M04,third,,TLSv1.3,True
smartmailcloud.com,unknown,unknown,,unknown,False
smartnews-ads.com,Amazon Amazon RSA 2048 M04,third,,TLSv1.3,True
smartnews.be,Amazon Amazon RSA 2048 M04,third,,TLSv1.3,True
smartnews.com,Amazon Amazon RSA 2048 M01,third,,TLSv1.3,True
smartnews.net,unknown,unknown,,unknown,False
smartocto.com,Let's Encrypt YR2,third,,TLSv1.3,True
smartrecruiters.com,Sectigo Limited Sectigo Public Server Authentication CA DV R36,third,,TLSv1.3,True
smartrg.com,unknown,unknown,,unknown,False
smartsheet.com,Let's Encrypt YR1,third,,TLSv1.3,True
smartsuppcdn.com,infrastructure,infrastructure,,unknown,False
smartsuppchat.com,Let's Encrypt YR1,third,,TLSv1.3,True
smartthings.com,Amazon Amazon RSA 2048 M01,third,,TLSv1.3,True
smartytech.io,Let's Encrypt YR2,third,,TLSv1.3,True
smartytouch.co,unknown,unknown,,unknown,False
smct.co,Amazon Amazon RSA 2048 M01,third,,TLSv1.3,True
smct.io,unknown,unknown,,unknown,False
smi2.net,Let's Encrypt YE1,third,,TLSv1.2,True
smi2.ru,Let's Encrypt YE1,third,,TLSv1.2,True
smiirl.com,Amazon Amazon RSA 2048 M01,third,,TLSv1.2,True
smile.io,Amazon Amazon RSA 2048 M04,third,,TLSv1.3,True
smiles.com.br,Amazon Amazon RSA 2048 M03,third,,TLSv1.3,True
smilewanted.com,Google Trust Services WE1,third,,TLSv1.3,True
smooch.io,Google Trust Services WE1,third,,TLSv1.3,True
smotrim.ru,GlobalSign nv-sa GlobalSign GCC R3 DV TLS CA 2020,third,,TLSv1.3,True
smrtb.com,Google Trust Services WE1,third,,TLSv1.3,True
smtcdns.com,infrastructure,infrastructure,,unknown,False
smtp2go.com,Sectigo Limited Sectigo Public Server Authentication CA DV R36,third,,TLSv1.3,True
smzdm.com,"DigiCert, Inc. GeoTrust G2 TLS CN RSA4096 SHA256 2022 CA1",third,,TLSv1.3,True
snackvideo.com,GlobalSign nv-sa GlobalSign GCC R3 DV TLS CA 2020,third,,TLSv1.2,True
snapchat.com,DigiCert Inc DigiCert Global G2 TLS RSA SHA256 2020 CA1,third,,TLSv1.3,True
snapcraft.io,Let's Encrypt YR1,third,,TLSv1.3,True
snapcraftcontent.com,unknown,unknown,,unknown,False
snapkit.com,Google Trust Services WR3,third,,TLSv1.3,True
snapmaker.com,Google Trust Services WE1,third,,TLSv1.3,True
snapp.site,Asseco Data Systems S.A. Certum DV TLS G2 R39 CA,third,,TLSv1.3,True
snaptrckr.fun,unknown,unknown,,unknown,False
snaptube.app,unknown,unknown,,unknown,False
snarutox.com,DigiCert Inc Encryption Everywhere DV TLS CA - G2,third,,TLSv1.3,True
sndcdn.com,infrastructure,infrastructure,,unknown,False
sng.link,Amazon Amazon RSA 2048 M04,third,,TLSv1.3,True
snigelweb.com,Google Trust Services WE1,third,,TLSv1.3,True
snow.me,DigiCert Inc DigiCert Global G3 TLS ECC SHA384 2020 CA1,third,,TLSv1.3,True
snowflake.com,DigiCert Inc DigiCert Global G2 TLS RSA SHA256 2020 CA1,third,,TLSv1.3,True
snowflakecomputing.com,Let's Encrypt YE1,third,,TLSv1.3,True
snplow.net,unknown,unknown,,unknown,False
snsrsv.com,Google Trust Services WE1,third,,TLSv1.3,True
snssdk.com,DigiCert Inc RapidSSL TLS RSA CA G1,third,,TLSv1.3,True
so.com,WoTrus CA Limited WoTrus DV Server CA  [Run by the Issuer],third,,TLSv1.2,True
soax.com,Let's Encrypt YR1,third,,TLSv1.3,True
socalifornian.live,unknown,unknown,,unknown,False
soccerway.com,Let's Encrypt YR2,third,,TLSv1.3,True
socdm.com,GlobalSign nv-sa GlobalSign RSA OV SSL CA 2018,third,,TLSv1.2,True
socialchain.app,Google Trust Services WR3,third,,TLSv1.3,True
socialpointgames.com,Amazon Amazon RSA 2048 M01,third,,TLSv1.3,True
societe-des-avis-garantis.fr,Google Trust Services WE1,third,,TLSv1.3,True
socure.io,unknown,unknown,,unknown,False
sodareels.com,Amazon Amazon RSA 2048 M04,third,,TLSv1.3,True
sofascore.com,Let's Encrypt YR1,third,,TLSv1.3,True
softaculous.com,Let's Encrypt YR1,third,,TLSv1.3,True
softbank.jp,"Cybertrust Japan Co., Ltd. Cybertrust Japan SureServer EV CA G3",third,,TLSv1.3,True
softether-network.net,unknown,unknown,,unknown,False
softonic.com,Let's Encrypt YR1,third,,TLSv1.3,True
sogou.com,"DigiCert, Inc. DigiCert Secure Site OV G2 TLS CN RSA4096 SHA256 2022 CA1",third,,TLSv1.2,True
sogoucdn.com,infrastructure,infrastructure,,unknown,False
sohu.com,"DigiCert, Inc. DigiCert Secure Site OV G2 TLS CN RSA4096 SHA256 2022 CA1",third,,TLSv1.3,True
sohu01.com,unknown,unknown,,unknown,False
sojern.com,Google Trust Services WE1,third,,TLSv1.3,True
solana.com,Let's Encrypt YR1,third,,TLSv1.3,True
solar-engine.com,DigiCert Inc RapidSSL TLS RSA CA G1,third,,TLSv1.2,True
solaredge.com,Amazon Amazon RSA 2048 M02,third,,TLSv1.3,True
solarmanpv.com,SSL Corporation SSL.com RSA SSL subCA,third,,TLSv1.3,True
solarweb.com,Sectigo Limited Sectigo Public Server Authentication CA OV R36,third,,TLSv1.3,True
solarwinds.com,DigiCert Inc DigiCert Global G2 TLS RSA SHA256 2020 CA1,third,,TLSv1.3,True
solitairegrandharvest.com,Sectigo Limited Sectigo Public Server Authentication CA OV R36,third,,TLSv1.3,True
solodcdn.com,infrastructure,infrastructure,,unknown,False
soloway.ru,Let's Encrypt YE2,third,,TLSv1.3,True
solseed.cn,unknown,unknown,,unknown,False
some-tools.com,GoDaddy.com GoDaddy TLS Intermediate CA DV - R1v1,third,,TLSv1.3,True
somplo.com,Let's Encrypt YE1,third,,TLSv1.3,True
sonarr.tv,Google Trust Services WE1,third,,TLSv1.3,True
songsterr.com,Let's Encrypt YE2,third,,TLSv1.3,True
sonicsads.com,unknown,unknown,,unknown,False
sonicwall.com,Sectigo Limited Sectigo Public Server Authentication CA OV R36,third,,TLSv1.3,True
sonnen.de,Google Trust Services WE1,third,,TLSv1.3,True
sonnenbatterie.de,DigiCert Inc Thawte TLS RSA CA G1,third,,TLSv1.3,True
sonobi.com,Starfield Technologies Starfield TLS Intermediate CA DV - R1v1,third,,TLSv1.3,True
sonos.com,Sectigo Limited Sectigo Public Server Authentication CA OV E36,third,,TLSv1.3,True
sony.com,Amazon Amazon RSA 2048 M01,third,,TLSv1.3,True
sony.net,Amazon Amazon RSA 2048 M04,third,,TLSv1.3,True
sony.tv,unknown,unknown,,unknown,False
sonyentertainmentnetwork.com,DigiCert Inc GeoTrust TLS RSA CA G1,third,,TLSv1.2,True
sonyliv.com,Amazon Amazon RSA 2048 M01,third,,TLSv1.3,True
sooplive.com,DigiCert Inc Thawte TLS RSA CA G1,third,,TLSv1.3,True
sophi.io,Sectigo Limited Sectigo Public Server Authentication CA DV R36,third,,TLSv1.3,True
sophos.com,Let's Encrypt YR2,third,,TLSv1.3,True
sophosupd.com,unknown,unknown,,unknown,False
sophosxl.net,unknown,unknown,,unknown,False
sorokdva.co.uk,unknown,unknown,,unknown,False
sorokodin.co.uk,unknown,unknown,,unknown,False
soso.com,"DigiCert, Inc. DigiCert Secure Site OV G2 TLS CN RSA4096 SHA256 2022 CA1",third,,TLSv1.2,True
soti.net,Amazon Amazon RSA 2048 M01,third,,TLSv1.3,True
sotwe.com,Google Trust Services WE1,third,,TLSv1.3,True
soufunimg.com,GlobalSign nv-sa GlobalSign RSA OV SSL CA 2018,third,,TLSv1.2,True
souh6.com,unknown,unknown,,unknown,False
soulapp.cn,"DigiCert, Inc. GeoTrust G2 TLS CN RSA4096 SHA256 2022 CA1",third,,TLSv1.3,True
soundcloud.cloud,unknown,unknown,,unknown,False
soundcloud.com,Amazon Amazon RSA 2048 M01,third,,TLSv1.3,True
soundestlink.com,Google Trust Services WE1,third,,TLSv1.3,True
soundtrackyourbrand.com,Let's Encrypt YR1,third,,TLSv1.3,True
sourcefire.com,IdenTrust HydrantID Server CA O1,third,,TLSv1.2,True
sourceforge.net,Let's Encrypt E8,third,,TLSv1.3,True
southasiabp.org,unknown,unknown,,unknown,False
sovcloud.cn,"DigiCert, Inc. DigiCert Basic OV G2 TLS CN RSA4096 SHA256 2022 CA1",third,,TLSv1.3,True
sovcombank.ru,"TrustAsia Technologies, Inc. LiteSSL ECC CA 2025",third,,TLSv1.3,True
sp-trk.com,ZeroSSL GmbH ZeroSSL ECC DV SSL CA 2,third,,TLSv1.3,True
sp.gov.br,GlobalSign nv-sa GlobalSign RSA OV SSL CA 2018,third,,TLSv1.3,True
spac.me,Let's Encrypt YE1,third,,TLSv1.2,True
spacex.com,Let's Encrypt R13,third,,TLSv1.3,True
spadsync.com,"GoDaddy.com, Inc. Go Daddy Secure Certificate Authority - G2",third,,TLSv1.3,True
spalla.io,Google Trust Services WE1,third,,TLSv1.3,True
spamhaus.org,Let's Encrypt YR2,third,,TLSv1.3,True
spankbang.com,Let's Encrypt YE1,third,,TLSv1.3,True
sparkle0.com,unknown,unknown,,unknown,False
sparkpostmail.com,Amazon Amazon RSA 2048 M02,third,,TLSv1.3,True
sparteo.com,Let's Encrypt YR2,third,,TLSv1.3,True
spb.ru,unknown,unknown,,unknown,False
spbycdn.com,infrastructure,infrastructure,,unknown,False
spectraguard.net,unknown,unknown,,unknown,False
spectrum.com,GlobalSign nv-sa GlobalSign RSA OV SSL CA 2018,third,,TLSv1.3,True
spectrum.net,Amazon Amazon RSA 2048 M04,third,,TLSv1.2,True
spectrumvoip.com,Google Trust Services WE1,third,,TLSv1.3,True
speechify.com,Let's Encrypt YE1,third,,TLSv1.3,True
speedcheckerapi.com,Google Trust Services WE1,third,,TLSv1.3,True
speedcurve.com,Amazon Amazon RSA 2048 M04,third,,TLSv1.3,True
speedof.me,Amazon Amazon RSA 2048 M03,third,,TLSv1.3,True
speedsmart.net,Let's Encrypt YR2,third,,TLSv1.3,True
speedsonar.com,Google Trust Services WR3,third,,TLSv1.3,True
speedtest.net,GlobalSign nv-sa GlobalSign Atlas R3 DV TLS CA 2025 Q3,third,,TLSv1.3,True
speedtestcustom.com,GlobalSign nv-sa GlobalSign Atlas R3 DV TLS CA 2025 Q3,third,,TLSv1.3,True
spendsdetachment.com,unknown,unknown,,unknown,False
spglobal.com,DigiCert Inc DigiCert Global G2 TLS RSA SHA256 2020 CA1,third,,TLSv1.3,True
spiceworks.com,Google Trust Services WE1,third,,TLSv1.3,True
spiegel.de,DigiCert Inc GeoTrust TLS RSA CA G1,third,,TLSv1.3,True
spigotmc.org,Let's Encrypt YE2,third,,TLSv1.3,True
splashid.com,Google Trust Services WE1,third,,TLSv1.3,True
splashtop.com,Amazon Amazon RSA 2048 M04,third,,TLSv1.3,True
splashtop.eu,Amazon Amazon RSA 2048 M04,third,,TLSv1.3,True
splice.com,Google Trust Services WE1,third,,TLSv1.3,True
split.io,Let's Encrypt YE1,third,,TLSv1.3,True
splunk.com,DigiCert Inc DigiCert Global G2 TLS RSA SHA256 2020 CA1,third,,TLSv1.2,True
splunkcloud.com,DigiCert Inc DigiCert Global G2 TLS RSA SHA256 2020 CA1,third,,TLSv1.2,True
spo-msedge.net,unknown,unknown,,unknown,False
spokeo.com,Amazon Amazon RSA 2048 M01,third,,TLSv1.2,True
spoofer.us,Google Trust Services WR2,third,,TLSv1.3,True
spoonflower.com,Amazon Amazon RSA 2048 M04,third,,TLSv1.3,True
sporthub.bet,unknown,unknown,,unknown,False
sportingnews.com,Google Trust Services WE1,third,,TLSv1.3,True
sportngin.com,"GoDaddy.com, Inc. Go Daddy Secure Certificate Authority - G2",third,,TLSv1.3,True
sportradar.com,Google Trust Services WE1,third,,TLSv1.3,True
sportradarserving.com,DigiCert Inc DigiCert Global G2 TLS RSA SHA256 2020 CA1,third,,TLSv1.3,True
sports-reference.com,Google Trust Services WE1,third,,TLSv1.3,True
sports.ru,Let's Encrypt R13,third,,TLSv1.3,True
sportsapi.ru,GlobalSign nv-sa GlobalSign GCC R3 DV TLS CA 2020,third,,TLSv1.3,True
sportscardinvestor.com,Let's Encrypt YR2,third,,TLSv1.3,True
sportskeeda.com,Amazon Amazon RSA 2048 M01,third,,TLSv1.2,True
sportsseier.com,DigiCert Inc Encryption Everywhere DV TLS CA - G2,third,,TLSv1.3,True
sportybet.com,Amazon Amazon RSA 2048 M04,third,,TLSv1.3,True
spot.im,Amazon Amazon RSA 2048 M04,third,,TLSv1.3,True
spotify.com,DigiCert Inc DigiCert Global G2 TLS RSA SHA256 2020 CA1,third,,TLSv1.3,True
spotify.dev,DigiCert Inc DigiCert Global G2 TLS RSA SHA256 2020 CA1,third,,TLSv1.3,True
spotifycdn.com,infrastructure,infrastructure,,unknown,False
spov-dc-msedge.net,unknown,unknown,,unknown,False
spov-msedge.net,unknown,unknown,,unknown,False
sprashivalka.com,Let's Encrypt YE2,third,,TLSv1.3,True
spreaker.com,Amazon Amazon RSA 2048 M04,third,,TLSv1.3,True
spribegaming.com,Amazon Amazon RSA 2048 M01,third,,TLSv1.3,True
sprig.com,Amazon Amazon RSA 2048 M04,third,,TLSv1.3,True
spring.io,DigiCert Inc DigiCert Global G2 TLS RSA SHA256 2020 CA1,third,,TLSv1.3,True
springer.com,Let's Encrypt YR1,third,,TLSv1.3,True
springernature.com,Let's Encrypt YR2,third,,TLSv1.3,True
springserve.com,Amazon Amazon RSA 2048 M04,third,,TLSv1.3,True
sprinklr.com,Amazon Amazon RSA 2048 M04,third,,TLSv1.3,True
sprint.com,DigiCert Inc DigiCert Global G3 TLS ECC SHA384 2020 CA1,third,,TLSv1.3,True
sptag2.com,unknown,unknown,,unknown,False
sptpub.com,unknown,unknown,,unknown,False
sqspcdn.com,infrastructure,infrastructure,,unknown,False
squarecdn.com,infrastructure,infrastructure,,unknown,False
squarespace-cdn.com,infrastructure,infrastructure,,unknown,False
squarespace.com,DigiCert Inc DigiCert Global G2 TLS RSA SHA256 2020 CA1,third,,TLSv1.3,True
squareup.com,Google Trust Services WE1,third,,TLSv1.3,True
squidapp.co,Let's Encrypt YE1,third,,TLSv1.3,True
srmdata-eur.com,DigiCert Inc Encryption Everywhere DV TLS CA - G2,third,,TLSv1.3,True
srmdata-us.com,DigiCert Inc Encryption Everywhere DV TLS CA - G2,third,,TLSv1.3,True
srmdata.com,DigiCert Inc Encryption Everywhere DV TLS CA - G2,third,,TLSv1.3,True
srv.br,unknown,unknown,,unknown,False
ss2.us,unknown,unknown,,unknown,False
sscdn.co,infrastructure,infrastructure,,unknown,False
ssense.com,Google Trust Services WE1,third,,TLSv1.3,True
ssg.com,DigiCert Inc DigiCert Global G2 TLS RSA SHA256 2020 CA1,third,,TLSv1.3,True
ssgcdn.com,infrastructure,infrastructure,,unknown,False
ssiloc.com,unknown,unknown,,unknown,False
ssl-images-amazon.com,unknown,unknown,,unknown,False
ssl.com,SSL Corp SSL.com EV SSL Intermediate CA RSA R3,third,,TLSv1.2,True
sslip.io,Let's Encrypt YE1,third,,TLSv1.3,True
ssmas.com,Let's Encrypt YR2,third,,TLSv1.2,True
sspinc.io,unknown,unknown,,unknown,False
sspnet.tech,Let's Encrypt YE2,third,,TLSv1.2,True
st-hatena.com,Amazon Amazon RSA 2048 M04,third,,TLSv1.2,True
st.com,Amazon Amazon RSA 2048 M01,third,,TLSv1.3,True
stackadapt.com,Let's Encrypt YR1,third,,TLSv1.3,True
stackage.org,Google Trust Services WE1,third,,TLSv1.3,True
stackexchange.com,Let's Encrypt YE2,third,,TLSv1.3,True
stackoverflow.com,Let's Encrypt YE2,third,,TLSv1.3,True
stake-engine.com,Google Trust Services WE1,third,,TLSv1.3,True
stake.com,Let's Encrypt YE2,third,,TLSv1.3,True
stalkoda.com,Google Trust Services WE1,third,,TLSv1.3,True
stamped.io,Amazon Amazon RSA 2048 M04,third,,TLSv1.3,True
standardnotes.com,Google Trust Services WE1,third,,TLSv1.3,True
standsapp.org,Let's Encrypt YE1,third,,TLSv1.3,True
stanford.edu,Internet2 InCommon RSA Server CA 2,third,,TLSv1.2,True
stape.io,Google Trust Services WE1,third,,TLSv1.3,True
stapecdn.com,infrastructure,infrastructure,,unknown,False
staples.com,DigiCert Inc DigiCert Global G2 TLS RSA SHA256 2020 CA1,third,,TLSv1.3,True
staq-cdn.com,infrastructure,infrastructure,,unknown,False
star4live.com,"TrustAsia Technologies, Inc. TrustAsia DV TLS RSA CA 2025",third,,TLSv1.2,True
starbucks.com,DigiCert Inc DigiCert Global G3 TLS ECC SHA384 2020 CA1,third,,TLSv1.3,True
stardust-tv.com,DigiCert Inc Encryption Everywhere DV TLS CA - G2,third,,TLSv1.3,True
stardustgod.com,DigiCert Inc RapidSSL TLS RSA CA G1,third,,TLSv1.2,True
stardusttime.com,DigiCert Inc RapidSSL TLS RSA CA G1,third,,TLSv1.3,True
starfieldtech.com,GoDaddy.com GoDaddy TLS Intermediate CA DV - R1v1,third,,TLSv1.3,True
starline.ru,Let's Encrypt YR2,third,,TLSv1.3,True
starlink.com,Let's Encrypt YR2,third,,TLSv1.3,True
starlink.in,unknown,unknown,,unknown,False
starmakerstudios.com,GoDaddy.com GoDaddy TLS Intermediate CA DV - R1v1,third,,TLSv1.2,True
starott.com,unknown,unknown,,unknown,False
starrydyn.com,GlobalSign nv-sa GlobalSign GCC R3 DV TLS CA 2020,third,,TLSv1.2,True
starshield.com,Let's Encrypt E8,third,,TLSv1.3,True
startappelb.com,unknown,unknown,,unknown,False
startappnetwork.com,unknown,unknown,,unknown,False
startappservice.com,Let's Encrypt YR2,third,,TLSv1.3,True
startpage.com,GoGetSSL GoGetSSL RSA DV SSL CA 2,third,,TLSv1.3,True
startwork.cv,unknown,unknown,,unknown,False
starz.com,Amazon Amazon RSA 2048 M01,third,,TLSv1.3,True
statcounter.com,SSL Corporation Cloudflare TLS Issuing ECC CA 3,third,,TLSv1.3,True
state.gov,Amazon Amazon RSA 2048 M01,third,,TLSv1.3,True
statefarm.com,DigiCert Inc DigiCert Global G2 TLS RSA SHA256 2020 CA1,third,,TLSv1.3,True
static-swaven.com,unknown,unknown,,unknown,False
static.microsoft,unknown,unknown,,unknown,False
static.pub,unknown,unknown,,unknown,False
statically.io,Google Trust Services WE1,third,,TLSv1.3,True
staticdj.com,unknown,unknown,,unknown,False
staticflickr.com,unknown,unknown,,unknown,False
statinside.com,Google Trust Services WE1,third,,TLSv1.3,True
stats.cc,Google Trust Services WE1,third,,TLSv1.3,True
statscore.com,Let's Encrypt YE1,third,,TLSv1.3,True
statsig.com,Let's Encrypt YR2,third,,TLSv1.3,True
statsigapi.net,Let's Encrypt YR1,third,,TLSv1.3,True
statsigcdn.com,infrastructure,infrastructure,,unknown,False
statuspage.io,Amazon Amazon ECDSA 256 M04,third,,TLSv1.3,True
stay22.com,Let's Encrypt YE1,third,,TLSv1.3,True
stayfreeapps.com,Google Trust Services WR3,third,,TLSv1.3,True
stbid.ru,Let's Encrypt R13,third,,TLSv1.3,True
stealth.si,Let's Encrypt YE2,third,,TLSv1.3,True
steam-chat.com,Let's Encrypt YR1,third,,TLSv1.3,True
steamcommunity.com,DigiCert Inc DigiCert Global G3 TLS ECC SHA384 2020 CA1,third,,TLSv1.3,True
steamconnecttest.com,Let's Encrypt YR2,third,,TLSv1.3,True
steamcontent.com,unknown,unknown,,unknown,False
steaminventoryhelper.com,Let's Encrypt YE1,third,,TLSv1.3,True
steampowered.com,Let's Encrypt YR1,third,,TLSv1.3,True
steamserver.net,unknown,unknown,,unknown,False
steamstatic.com,unknown,unknown,,unknown,False
steamusercontent.com,unknown,unknown,,unknown,False
steelseries.com,Google Trust Services WE1,third,,TLSv1.3,True
stengahaiger.qpon,unknown,unknown,,unknown,False
stickify-api.com,Google Trust Services WE1,third,,TLSv1.3,True
stickyadstv.com,unknown,unknown,,unknown,False
stingray.com,Let's Encrypt YE2,third,,TLSv1.3,True
stockbit.com,Amazon Amazon RSA 2048 M04,third,,TLSv1.3,True
stocktwits.com,Google Trust Services WE1,third,,TLSv1.3,True
stockx.com,Google Trust Services WE1,third,,TLSv1.3,True
storage-yahoo.jp,unknown,unknown,,unknown,False
storageimagedisplay.com,Google Trust Services WE1,third,,TLSv1.3,True
storagejsstrategiesfabulous.com,Certainly Certainly Intermediate R1,third,,TLSv1.3,True
storagexhd.com,Let's Encrypt YR1,third,,TLSv1.3,True
store-macys.com,Let's Encrypt YR2,third,,TLSv1.3,True
storjapi.io,unknown,unknown,,unknown,False
storjshare.io,unknown,unknown,,unknown,False
stormshieldcs.eu,unknown,unknown,,unknown,False
storyblok.com,Let's Encrypt R12,third,,TLSv1.2,True
storygize.net,Amazon Amazon RSA 2048 M01,third,,TLSv1.3,True
storyly.io,Google Trust Services WE1,third,,TLSv1.3,True
strangled.net,unknown,unknown,,unknown,False
strato.de,Sectigo Limited Sectigo Public Server Authentication CA OV R36,third,,TLSv1.3,True
stratoserver.net,unknown,unknown,,unknown,False
stratospherelegends.top,unknown,unknown,,unknown,False
strava.com,"GoDaddy.com, Inc. Go Daddy Secure Certificate Authority - G2",third,,TLSv1.3,True
stream-io-api.com,unknown,unknown,,unknown,False
streamelements.com,Google Trust Services WE1,third,,TLSv1.3,True
streamlabs.com,Google Trust Services WE1,third,,TLSv1.3,True
streamrail.com,unknown,unknown,,unknown,False
streamtheworld.com,"GoDaddy.com, Inc. Go Daddy Secure Certificate Authority - G2",third,,TLSv1.3,True
strem.io,Google Trust Services WE1,third,,TLSv1.2,True
stretchoid.com,Microsoft Corporation Microsoft TLS G2 RSA CA OCSP 10,third,,TLSv1.3,True
stripchat.com,Google Trust Services WE1,third,,TLSv1.3,True
stripchatgirls.com,Let's Encrypt YE1,third,,TLSv1.3,True
stripe.com,DigiCert Inc DigiCert Global G3 TLS ECC SHA384 2020 CA1,third,,TLSv1.3,True
stripe.network,DigiCert Inc DigiCert EV RSA CA G2,third,,TLSv1.3,True
stripecdn.com,infrastructure,infrastructure,,unknown,False
stripst.com,Google Trust Services WE1,third,,TLSv1.3,True
strmd.st,unknown,unknown,,unknown,False
strpssts-ana.com,unknown,unknown,,unknown,False
strpst.com,unknown,unknown,,unknown,False
struxurewarecloud.com,unknown,unknown,,unknown,False
stspg-customer.com,Amazon Amazon ECDSA 256 M04,unknown,,TLSv1.3,True
sttsmntz.ru,unknown,unknown,,unknown,False
stubhub.com,Amazon Amazon RSA 2048 M04,third,,TLSv1.3,True
stubhub.net,unknown,unknown,,unknown,False
studilka.ru,unknown,unknown,,unknown,False
studocu.com,Amazon Amazon RSA 2048 M04,third,,TLSv1.3,True
study.com,GlobalSign nv-sa GlobalSign GCC R6 AlphaSSL CA 2025,third,,TLSv1.3,True
studyquicks.com,"TrustAsia Technologies, Inc. TrustAsia DV TLS RSA CA 2024",third,,TLSv1.3,True
stumbleguys.com,Amazon Amazon RSA 2048 M04,third,,TLSv1.3,True
stvidtest.net,unknown,unknown,,unknown,False
stylevana.com,Google Trust Services WE1,third,,TLSv1.3,True
stylitics.com,Let's Encrypt R12,third,,TLSv1.3,True
stytch.com,Amazon Amazon RSA 2048 M01,third,,TLSv1.3,True
su89-cdn.net,infrastructure,infrastructure,,unknown,False
suamusica.com.br,Amazon Amazon RSA 2048 M04,third,,TLSv1.3,True
suanovela.com,GlobalSign nv-sa GlobalSign GCC R3 DV TLS CA 2020,third,,TLSv1.3,True
submitdata.top,unknown,unknown,,unknown,False
subsplease.org,Google Trust Services WE1,third,,TLSv1.3,True
substack.com,Google Trust Services WE1,third,,TLSv1.3,True
substackcdn.com,infrastructure,infrastructure,,unknown,False
successfactors.com,DigiCert Inc DigiCert Global G2 TLS RSA SHA256 2020 CA1,third,,TLSv1.3,True
sugarsync.com,Sectigo Limited Sectigo Public Server Authentication CA DV R36,third,,TLSv1.3,True
summerbeestest.work,unknown,unknown,,unknown,False
summitracing.com,DigiCert Inc DigiCert Global G2 TLS RSA SHA256 2020 CA1,third,,TLSv1.3,True
sumologic.com,Amazon Amazon RSA 2048 M04,third,,TLSv1.2,True
sumome.com,Amazon Amazon RSA 2048 M04,third,,TLSv1.3,True
sumup.com,Let's Encrypt YR1,third,,TLSv1.3,True
sunbiz.org,Google Trust Services WE1,third,,TLSv1.3,True
sundaysky.com,DigiCert Inc DigiCert Global G2 TLS RSA SHA256 2020 CA1,third,,TLSv1.3,True
suning.cn,Sectigo Limited Sectigo RSA Domain Validation Secure Server CA,third,,TLSv1.3,True
suning.com,GlobalSign nv-sa GlobalSign RSA OV SSL CA 2018,third,,TLSv1.2,True
sunmedia.tv,Let's Encrypt YE1,third,,TLSv1.3,True
sunmi.com,DigiCert Inc RapidSSL TLS RSA CA G1,third,,TLSv1.2,True
sunnypingdrink.com,unknown,unknown,,unknown,False
sunnyportal.com,Sectigo Limited Sectigo Public Server Authentication CA DV R36,third,,TLSv1.3,True
suno.ai,Google Trust Services WE1,third,,TLSv1.3,True
suno.com,Google Trust Services WE1,third,,TLSv1.3,True
sunrise.ch,GlobalSign nv-sa GlobalSign GCC R6 AlphaSSL CA 2025,third,,TLSv1.3,True
supabase.co,Let's Encrypt YR1,third,,TLSv1.3,True
supabase.com,Let's Encrypt YR1,third,,TLSv1.3,True
superawesome.tv,Amazon Amazon RSA 2048 M04,third,,TLSv1.3,True
superbet.bet.br,Amazon Amazon RSA 2048 M04,third,,TLSv1.3,True
supercdn.ru,infrastructure,infrastructure,,unknown,False
supercell.com,Amazon Amazon RSA 2048 M01,third,,TLSv1.3,True
superhuman.com,Google Trust Services WE1,third,,TLSv1.3,True
superops.ai,Amazon Amazon RSA 2048 M04,third,,TLSv1.3,True
superproxy.io,unknown,unknown,,unknown,False
supersonicads.com,unknown,unknown,,unknown,False
superwall.com,Google Trust Services WE1,third,,TLSv1.3,True
superwall.me,Google Trust Services WE1,third,,TLSv1.3,True
supplyframe.com,Let's Encrypt YR1,third,,TLSv1.3,True
supportview.com,unknown,unknown,,unknown,False
surfboardconnect.com,unknown,unknown,,unknown,False
surfsharkstatus.com,Google Trust Services WE1,third,,TLSv1.3,True
surrit.com,Google Trust Services WE1,third,,TLSv1.3,True
survata.com,Let's Encrypt YR1,third,,TLSv1.3,True
surveymonkey.com,Amazon Amazon RSA 2048 M01,third,,TLSv1.3,True
survicate-cdn.com,infrastructure,infrastructure,,unknown,False
survicate.com,Sectigo Limited Sectigo Public Server Authentication CA DV R36,third,,TLSv1.3,True
sury.org,Let's Encrypt YR2,third,,TLSv1.3,True
suse.com,Google Trust Services WE1,third,,TLSv1.3,True
susercontent.com,unknown,unknown,,unknown,False
sustainability-directory.com,Let's Encrypt YE1,third,,TLSv1.3,True
sutochno.ru,GlobalSign nv-sa GlobalSign GCC R3 DV TLS CA 2020,third,,TLSv1.3,True
suumo.jp,DigiCert Inc DigiCert Global G2 TLS RSA SHA256 2020 CA1,third,,TLSv1.2,True
svc.ms,Microsoft Corporation Microsoft TLS G2 RSA CA OCSP 10,third,,TLSv1.3,True
svcmot.com,unknown,unknown,,unknown,False
sve.cc,Let's Encrypt YR2,third,,TLSv1.2,True
svr-algorix.com,unknown,unknown,,unknown,False
swann.com,Google Trust Services WE1,third,,TLSv1.3,True
swannsecurity.com,SSL Corp SSL.com SSL Intermediate CA ECC R2,third,,TLSv1.3,True
swarmcloud.org,unknown,unknown,,unknown,False
swarovski.com,DigiCert Inc DigiCert Global G3 TLS ECC SHA384 2020 CA1,third,,TLSv1.3,True
swaven.com,Google Trust Services WE1,third,,TLSv1.3,True
sway-cdn.com,infrastructure,infrastructure,,unknown,False
sway-extensions.com,Microsoft Corporation Microsoft TLS G2 ECC CA OCSP 02,third,,TLSv1.3,True
sway.com,Microsoft Corporation Microsoft TLS G2 RSA CA OCSP 16,third,,TLSv1.2,True
sweatco.in,Google Trust Services WE1,third,,TLSv1.3,True
sweb.ru,GlobalSign nv-sa GlobalSign GCC R3 EV TLS CA 2025,third,,TLSv1.3,True
sweet.tv,"GoDaddy.com, Inc. Go Daddy Secure Certificate Authority - G2",third,,TLSv1.3,True
swi-rc.com,unknown,unknown,,unknown,False
swiftgram.app,Let's Encrypt YR2,third,,TLSv1.3,True
swiftkey.com,Microsoft Corporation Microsoft TLS G2 RSA CA OCSP 02,third,,TLSv1.3,True
swiggy.com,Amazon Amazon RSA 2048 M01,third,,TLSv1.2,True
swishapps.ai,Sectigo Limited Sectigo Public Server Authentication CA OV R36,third,,TLSv1.3,True
swissonline.ch,GlobalSign nv-sa GlobalSign GCC R3 DV TLS CA 2020,third,,TLSv1.2,True
swisssign.net,SwissSign AG SwissSign RSA TLS EV ICA 2022 - 1,private,,TLSv1.3,True
switchbot.net,unknown,unknown,,unknown,False
swrve.com,Amazon Amazon RSA 2048 M04,third,,TLSv1.2,True
swymrelay.com,unknown,unknown,,unknown,False
swypeconnect.com,unknown,unknown,,unknown,False
sybo.net,Google Trust Services WE1,third,,TLSv1.3,True
symantec.com,DigiCert Inc DigiCert Global G2 TLS RSA SHA256 2020 CA1,third,,TLSv1.2,True
symantecliveupdate.com,DigiCert Inc DigiCert Global G2 TLS RSA SHA256 2020 CA1,third,,TLSv1.2,True
symcb.com,unknown,unknown,,unknown,False
symcd.com,unknown,unknown,,unknown,False
sync.com,Google Trust Services WE1,third,,TLSv1.3,True
syncingbridge.com,"GoDaddy.com, Inc. Go Daddy Secure Certificate Authority - G2",third,,TLSv1.3,True
syncromsp.com,Let's Encrypt YE2,third,,TLSv1.3,True
syncthing.net,Let's Encrypt YR1,third,,TLSv1.3,True
synctrack.io,Google Trust Services WE1,third,,TLSv1.3,True
syndetics.com,DigiCert Inc GeoTrust TLS RSA CA G1,third,,TLSv1.3,True
syndicatedsearch.goog,Google Trust Services WE2,private,,TLSv1.3,True
syndigo.cloud,unknown,unknown,,unknown,False
syndigo.com,Amazon Amazon RSA 2048 M01,third,,TLSv1.3,True
synology.com,Amazon Amazon RSA 2048 M01,third,,TLSv1.2,True
synology.me,unknown,unknown,,unknown,False
synologydownload.com,unknown,unknown,,unknown,False
synologyupdate.com,unknown,unknown,,unknown,False
synthclick.com,unknown,unknown,,unknown,False
syntx.ai,Google Trust Services WE1,third,,TLSv1.3,True
sysco.com,Certainly Certainly Intermediate R1,third,,TLSv1.3,True
sysnov.cc,unknown,unknown,,unknown,False
system-monitor.com,Amazon Amazon RSA 2048 M04,third,,TLSv1.3,True
sytes.net,unknown,unknown,,unknown,False
szbboys.com,unknown,unknown,,unknown,False
szjlearn.com,Let's Encrypt YE1,third,,TLSv1.3,True
t-1.org,unknown,unknown,,unknown,False
t-bank-app.su,unknown,unknown,,unknown,False
t-ipconnect.de,unknown,unknown,,unknown,False
t-mobile.com,DigiCert Inc DigiCert Global G2 TLS RSA SHA256 2020 CA1,third,,TLSv1.3,True
t-msedge.net,unknown,unknown,,unknown,False
t-online.de,Let's Encrypt YE1,third,,TLSv1.3,True
t-ru.org,unknown,unknown,,unknown,False
t-s1-msedge.net,unknown,unknown,,unknown,False
t-static.ru,unknown,unknown,,unknown,False
t.co,Let's Encrypt YE2,third,,TLSv1.3,True
t.me,"GoDaddy.com, Inc. Go Daddy Secure Certificate Authority - G2",private,,TLSv1.3,True
t13.io,Google Trust Services WR3,third,,TLSv1.3,True
t2.ru,GlobalSign nv-sa GlobalSign RSA OV SSL CA 2018,third,,TLSv1.3,True
tabelog.com,DigiCert Inc DigiCert Global G2 TLS RSA SHA256 2020 CA1,third,,TLSv1.3,True
tableau.com,DigiCert Inc DigiCert Global G2 TLS RSA SHA256 2020 CA1,third,,TLSv1.3,True
tableausoftware.com,Let's Encrypt YE1,third,,TLSv1.3,True
tabletcaptiveportal.com,unknown,unknown,,unknown,False
taboola-display.com,DigiCert Inc DigiCert Global G2 TLS RSA SHA256 2020 CA1,third,,TLSv1.3,True
taboola-ocm.com,unknown,unknown,,unknown,False
taboola.com,DigiCert Inc DigiCert Global G2 TLS RSA SHA256 2020 CA1,third,,TLSv1.3,True
taboolanews.com,DigiCert Inc DigiCert Global G2 TLS RSA SHA256 2020 CA1,third,,TLSv1.3,True
tabor.ru,GlobalSign nv-sa GlobalSign GCC R3 DV TLS CA 2020,third,,TLSv1.3,True
tacdn.com,infrastructure,infrastructure,,unknown,False
tacticalrmm.io,unknown,unknown,,unknown,False
tadex.id,DigiCert Inc DigiCert Global G2 TLS RSA SHA256 2020 CA1,third,,TLSv1.3,True
tagcommander.com,unknown,unknown,,unknown,False
tagdeliver.com,Google Trust Services WR3,third,,TLSv1.3,True
tagesschau.de,Google Trust Services WR3,third,,TLSv1.3,True
taggstar.com,Let's Encrypt YE2,third,,TLSv1.3,True
tagsrvcs.com,Let's Encrypt YE1,third,,TLSv1.2,True
tailscale.com,Let's Encrypt YR1,third,,TLSv1.3,True
tailscale.io,unknown,unknown,,unknown,False
tailtarget.com,GlobalSign nv-sa GlobalSign RSA OV SSL CA 2018,third,,TLSv1.2,True
tailwindcss.com,Google Trust Services WE1,third,,TLSv1.3,True
takealot.com,"GoDaddy.com, Inc. Go Daddy Secure Certificate Authority - G2",third,,TLSv1.3,True
talent.com,Amazon Amazon RSA 2048 M04,third,,TLSv1.3,True
talk2m.com,Let's Encrypt YR1,third,,TLSv1.3,True
talkdeskapp.com,unknown,unknown,,unknown,False
talkie-ai.com,"DNSPod, Inc. DNSPod DV TLS RSA CA 2025",third,,TLSv1.2,True
talon-sec.com,"GoDaddy.com, Inc. Go Daddy Secure Certificate Authority - G2",third,,TLSv1.3,True
tamtam.chat,Hellenic Academic and Research Institutions CA HARICA DV TLS RSA,third,,TLSv1.3,True
tamu.edu,Amazon Amazon RSA 2048 M04,third,,TLSv1.2,True
tandfonline.com,Google Trust Services WE1,third,,TLSv1.3,True
tange365.com,DigiCert Inc Encryption Everywhere DV TLS CA - G2,third,,TLSv1.2,True
tangia.co,Let's Encrypt YR2,third,,TLSv1.3,True
tango.me,Certainly Certainly Intermediate R1,third,,TLSv1.3,True
tangooserver.com,Google Trust Services WE1,third,,TLSv1.3,True
tanium.com,DigiCert Inc DigiCert Global G2 TLS RSA SHA256 2020 CA1,third,,TLSv1.3,True
tanksblitz.ru,Let's Encrypt YR1,third,,TLSv1.3,True
tantanapp.com,DigiCert Inc Encryption Everywhere DV TLS CA - G2,third,,TLSv1.3,True
tanx.com,GlobalSign nv-sa GlobalSign GCC R3 OV TLS CA 2024,third,,TLSv1.3,True
taobao.com,GlobalSign nv-sa GlobalSign GCC R3 OV TLS CA 2024,third,,TLSv1.3,True
tapad.com,Google Trust Services WR3,third,,TLSv1.3,True
tapecontent.net,Let's Encrypt YR1,third,,TLSv1.2,True
tapimg.com,unknown,unknown,,unknown,False
tapioni.com,unknown,unknown,,unknown,False
tapjoy.com,Amazon Amazon RSA 2048 M01,third,,TLSv1.3,True
tapnative.com,Let's Encrypt YE1,third,,TLSv1.3,True
tappx.com,Let's Encrypt YR2,third,,TLSv1.3,True
tapsell.ir,Let's Encrypt YR1,third,,TLSv1.3,True
tapsi.ir,Asseco Data Systems S.A. Certum DV TLS G2 R39 CA,third,,TLSv1.3,True
taptapnetworks.com,unknown,unknown,,unknown,False
target.com,GlobalSign nv-sa GlobalSign Atlas R3 OV TLS CA 2025 Q3,third,,TLSv1.3,True
targetads.io,Let's Encrypt YR2,third,,TLSv1.3,True
targetimg1.com,unknown,unknown,,unknown,False
tatstm.com,unknown,unknown,,unknown,False
tatum.io,Google Trust Services WE1,third,,TLSv1.3,True
tawk.to,Google Trust Services WE1,third,,TLSv1.3,True
taxssp.com,unknown,unknown,,unknown,False
taylorfrancis.com,Google Trust Services WE1,third,,TLSv1.3,True
taz.bz,unknown,unknown,,unknown,False
tbank.ru,"TrustAsia Technologies, Inc. TrustAsia DV TLS RSA CA 2024",third,,TLSv1.3,True
tbcache.com,unknown,unknown,,unknown,False
tcdn.com.br,infrastructure,infrastructure,,unknown,False
tcdnlive.com,infrastructure,infrastructure,,unknown,False
tcgplayer.com,Amazon Amazon RSA 2048 M04,third,,TLSv1.3,True
tcl.com,DigiCert Inc GeoTrust TLS RSA CA G1,third,,TLSv1.2,True
tclking.com,"TrustAsia Technologies, Inc. TrustAsia DV TLS RSA CA 2025",third,,TLSv1.2,True
tcllauncher.com,unknown,unknown,,unknown,False
tcore131ybdf.ru,Let's Encrypt YE1,third,,TLSv1.3,True
tct-rom.com,mkcert development CA mkcert root@ubuntu,unknown,,TLSv1.2,True
td.com,"DigiCert, Inc. DigiCert G5 TLS RSA4096 SHA384 2021 CA1",third,,TLSv1.3,True
tdatamaster.com,unknown,unknown,,unknown,False
tdnsstic1.cn,unknown,unknown,,unknown,False
tdnsv5.com,unknown,unknown,,unknown,False
tdnsv6.com,unknown,unknown,,unknown,False
tdnsv8.com,unknown,unknown,,unknown,False
tdnsvod1.cn,unknown,unknown,,unknown,False
tds.bid,Google Trust Services WE1,third,,TLSv1.2,True
teachable.com,Let's Encrypt YE1,third,,TLSv1.3,True
teacherspayteachers.com,Amazon Amazon RSA 2048 M01,third,,TLSv1.2,True
teads-xo.com,unknown,unknown,,unknown,False
teads.tv,Amazon Amazon RSA 2048 M04,third,,TLSv1.2,True
tealiumiq.com,Amazon Amazon RSA 2048 M01,third,,TLSv1.3,True
teams-msedge.net,unknown,unknown,,unknown,False
teamspeak.com,Google Trust Services WE1,third,,TLSv1.3,True
teamunwind.com,Amazon Amazon RSA 2048 M01,third,,TLSv1.3,True
teamviewer.com,Sectigo Limited Sectigo Public Server Authentication CA DV R36,third,,TLSv1.3,True
tec.br,unknown,unknown,,unknown,False
techlab-cdn.com,infrastructure,infrastructure,,unknown,False
technopartner.com.br,Amazon Amazon RSA 2048 M01,third,,TLSv1.3,True
technoratimedia.com,unknown,unknown,,unknown,False
techsmith.com,GlobalSign nv-sa GlobalSign Atlas R46 DV TLS CA 2026 Q2,third,,TLSv1.3,True
techsterowniki.pl,home.pl S.A. home pl DV TLS G2 R35 CA,third,,TLSv1.3,True
techxperteng.de,Google Trust Services WE1,third,,TLSv1.3,True
teepublic.com,Amazon Amazon RSA 2048 M01,third,,TLSv1.3,True
telecid.ru,Let's Encrypt E7,third,,TLSv1.3,True
telecomitalia.it,TI Trust Technologies S.R.L. TI Trust Technologies OV CA,third,,TLSv1.2,True
telecomsvc.com,DigiCert Inc DigiCert Global G2 TLS RSA SHA256 2020 CA1,third,,TLSv1.2,True
telefonica.com,Google Trust Services WE1,third,,TLSv1.3,True
telefonica.de,DigiCert Inc DigiCert Global G2 TLS RSA SHA256 2020 CA1,third,,TLSv1.3,True
telegra.ph,"GoDaddy.com, Inc. Go Daddy Secure Certificate Authority - G2",third,,TLSv1.3,True
telegram.me,"GoDaddy.com, Inc. Go Daddy Secure Certificate Authority - G2",third,,TLSv1.3,True
telegram.org,"GoDaddy.com, Inc. Go Daddy Secure Certificate Authority - G2",third,,TLSv1.3,True
telegraph.co.uk,Amazon Amazon RSA 2048 M01,third,,TLSv1.3,True
telekom.de,Amazon Amazon ECDSA 384 M04,third,,TLSv1.3,True
telekom.net,Let's Encrypt YR1,third,,TLSv1.3,True
telemetr.io,Google Trust Services WE1,third,,TLSv1.3,True
telenet.be,GlobalSign nv-sa GlobalSign ECC OV SSL CA 2018,third,,TLSv1.3,True
teleparty.com,Let's Encrypt YR2,third,,TLSv1.3,True
telephony.goog,Google Trust Services WR2,third,,TLSv1.2,True
teleport.media,Let's Encrypt YR1,third,,TLSv1.3,True
telerik.com,Google Trust Services WE1,third,,TLSv1.3,True
telesco.pe,"GoDaddy.com, Inc. Go Daddy Secure Certificate Authority - G2",third,,TLSv1.3,True
telewebion.ir,Actalis S.p.A. Actalis Domain Validation Server CA G3,third,,TLSv1.3,True
telia.com,Telia Finland Oyj Telia Server CA v3,private,,TLSv1.3,True
telkomsel.com,DigiCert Inc DigiCert Global G2 TLS RSA SHA256 2020 CA1,third,,TLSv1.2,True
tellmethetrue.shop,unknown,unknown,,unknown,False
teloce.cc,unknown,unknown,,unknown,False
telstra.com,DigiCert Inc DigiCert EV RSA CA G2,third,,TLSv1.2,True
teltonika-networks.com,Let's Encrypt YR1,third,,TLSv1.3,True
telus.com,Google Trust Services WE1,third,,TLSv1.3,True
telus.net,unknown,unknown,,unknown,False
temp-mail.org,Google Trust Services WE1,third,,TLSv1.3,True
tempmail.lol,Google Trust Services WE1,third,,TLSv1.3,True
tempo.co,Sectigo Limited Sectigo Public Server Authentication CA DV R36,third,,TLSv1.3,True
temporal.xyz,Let's Encrypt YR1,third,,TLSv1.3,True
temu.com,GoDaddy.com GoDaddy TLS Intermediate CA DV - R1v1,third,,TLSv1.3,True
temucdn.com,infrastructure,infrastructure,,unknown,False
tenable.com,Amazon Amazon RSA 2048 M01,third,,TLSv1.3,True
tencent-cloud.com,unknown,unknown,,unknown,False
tencent-cloud.net,unknown,unknown,,unknown,False
tencent.com,GlobalSign nv-sa GlobalSign Atlas R3 OV TLS CA 2026 Q2,third,,TLSv1.3,True
tencentclb.com,unknown,unknown,,unknown,False
tencentcos.cn,unknown,unknown,,unknown,False
tencentcs.com,GlobalSign nv-sa GlobalSign Atlas R3 OV TLS CA 2026 Q1,third,,TLSv1.2,True
tencentmusic.com,"DigiCert, Inc. DigiCert Secure Site OV G2 TLS CN RSA4096 SHA256 2022 CA1",third,,TLSv1.3,True
tenda.com.cn,DigiCert Inc RapidSSL TLS RSA CA G1,third,,TLSv1.3,True
tendplatform.com,unknown,unknown,,unknown,False
tenjin.com,Let's Encrypt YE1,third,,TLSv1.3,True
tenjin.io,Amazon Amazon RSA 2048 M01,third,,TLSv1.3,True
tenor.com,Google Trust Services WR3,third,,TLSv1.3,True
tentvs.com,Google Trust Services WE1,third,,TLSv1.3,True
tepolmir.com,unknown,unknown,,unknown,False
tera.space,unknown,unknown,,unknown,False
terabox.com,"DigiCert, Inc. DigiCert Secure Site Pro G2 TLS CN RSA4096 SHA256 2022 CA1",third,,TLSv1.2,True
teramind.co,GoDaddy.com GoDaddy TLS Intermediate CA DV - R1v1,third,,TLSv1.3,True
termius.com,Amazon Amazon RSA 2048 M04,third,,TLSv1.3,True
termly.io,Let's Encrypt YE2,third,,TLSv1.3,True
terra.com.br,Valid Certificadora Digital LTDA Valid Certificadora RSA OV SSL CA 2,third,,TLSv1.3,True
tesco.com,Sectigo Limited Sectigo Public Server Authentication CA EV R36,third,,TLSv1.3,True
tesla.com,Let's Encrypt YR2,third,,TLSv1.3,True
tesla.services,Google Trust Services WE1,third,,TLSv1.3,True
teslamotors.com,DigiCert Inc DigiCert Global G2 TLS RSA SHA256 2020 CA1,third,,TLSv1.3,True
tesorf.com,Let's Encrypt R10,third,,TLSv1.2,True
tesseractcloud.com,IdenTrust HydrantID Server CA O1,unknown,,TLSv1.3,True
test-ipv6.com,Let's Encrypt YE1,third,,TLSv1.3,True
testmy.net,Google Trust Services WE1,third,,TLSv1.3,True
testr1.com,unknown,unknown,,unknown,False
texas.gov,Amazon Amazon RSA 2048 M04,third,,TLSv1.2,True
texiggoooysf.com,unknown,unknown,,unknown,False
textexpander.com,Google Trust Services WE1,third,,TLSv1.3,True
textnow.me,Google Trust Services WE1,third,,TLSv1.3,True
tf1.fr,GlobalSign nv-sa GlobalSign RSA OV SSL CA 2018,third,,TLSv1.2,True
tgstat.ru,GlobalSign nv-sa GlobalSign GCC R6 AlphaSSL CA 2025,third,,TLSv1.3,True
thalia.media,unknown,unknown,,unknown,False
thawte.com,"DigiCert, Inc. DigiCert G5 TLS RSA4096 SHA384 2021 CA1",third,,TLSv1.3,True
thdstatic.com,DigiCert Inc DigiCert Global G3 TLS ECC SHA384 2020 CA1,third,,TLSv1.2,True
the-ozone-project.com,Google Trust Services WE1,third,,TLSv1.3,True
theadex.com,Let's Encrypt YR1,third,,TLSv1.3,True
theathletic.com,Google Trust Services WE1,third,,TLSv1.3,True
thebackend.io,Amazon Amazon RSA 2048 M04,third,,TLSv1.3,True
thecas.xyz,Let's Encrypt YR1,third,,TLSv1.3,True
thecatmachine.com,Google Trust Services WE1,third,,TLSv1.3,True
thecontentserver.com,unknown,unknown,,unknown,False
thedd.online,unknown,unknown,,unknown,False
thedynamicleap.com,unknown,unknown,,unknown,False
theengagelab.com,Amazon Amazon RSA 2048 M04,third,,TLSv1.2,True
theepochtimes.com,Sectigo Limited Sectigo Public Server Authentication CA DV R36,third,,TLSv1.3,True
theguardian.com,GlobalSign nv-sa GlobalSign Atlas R3 DV TLS CA 2025 Q3,third,,TLSv1.3,True
theiconic.com.au,Google Trust Services WE1,third,,TLSv1.3,True
thejeu.com,unknown,unknown,,unknown,False
thekingtool.com,unknown,unknown,,unknown,False
theknot.com,DigiCert Inc DigiCert Global G3 TLS ECC SHA384 2020 CA1,third,,TLSv1.3,True
themoneytizer.com,Amazon Amazon RSA 2048 M04,third,,TLSv1.2,True
themoviedb.org,Amazon Amazon RSA 2048 M04,third,,TLSv1.3,True
themsic.com,unknown,unknown,,unknown,False
thenounproject.com,Amazon Amazon RSA 2048 M01,third,,TLSv1.3,True
theoks.net,Let's Encrypt YR1,third,,TLSv1.3,True
theoplayer.com,Google Trust Services WE1,third,,TLSv1.3,True
theplatform.com,"Entrust, Inc. Entrust Certification Authority - L1K",unknown,,TLSv1.3,True
theplatform.eu,"Entrust, Inc. Entrust Certification Authority - L1K",unknown,,TLSv1.3,True
thepoizon.ru,GlobalSign nv-sa GlobalSign RSA OV SSL CA 2018,third,,TLSv1.3,True
thepure.app,unknown,unknown,,unknown,False
theqoo.net,Google Trust Services WE1,third,,TLSv1.3,True
therarbg.com,Google Trust Services WE1,third,,TLSv1.3,True
therarbg.to,Google Trust Services WE1,third,,TLSv1.3,True
thermofisher.com,Sectigo Limited Sectigo Public Server Authentication CA OV R36,third,,TLSv1.2,True
thescore.com,Let's Encrypt YE1,third,,TLSv1.3,True
theshow.com,Amazon Amazon RSA 2048 M04,third,,TLSv1.2,True
thespacemachines.st,unknown,unknown,,unknown,False
thesports01.com,Google Trust Services LLC GTS CA 1D4,third,,TLSv1.3,True
thesun.co.uk,Let's Encrypt YE1,third,,TLSv1.3,True
thetrainline.com,Amazon Amazon RSA 2048 M01,third,,TLSv1.3,True
thetvdb.com,Amazon Amazon RSA 2048 M04,third,,TLSv1.3,True
theweathernetwork.com,Let's Encrypt R13,third,,TLSv1.3,True
thewsoral.com,Let's Encrypt YE1,third,,TLSv1.3,True
thexem.info,Google Trust Services WE1,third,,TLSv1.3,True
thieme-connect.com,DigiCert Inc DigiCert Global G2 TLS RSA SHA256 2020 CA1,third,,TLSv1.3,True
thinkdifferent.us,Apple Inc. Apple Public Server RSA CA 1 - G1,third,,TLSv1.3,True
thinkific.com,Let's Encrypt YE1,third,,TLSv1.3,True
thinkingdata.cn,"Beijing Xinchacha Credit Management Co., Ltd. Xcc Trust DV SSL CA",third,,TLSv1.2,True
thisisdax.com,Let's Encrypt YE2,third,,TLSv1.3,True
thisvid.com,Let's Encrypt YE2,third,,TLSv1.3,True
thomsonreuters.com,Sectigo Limited Sectigo Public Server Authentication CA OV R40,third,,TLSv1.2,True
thousandeyes.com,IdenTrust HydrantID Server CA O1,third,,TLSv1.3,True
threadless.com,Amazon Amazon RSA 2048 M04,third,,TLSv1.3,True
threads.com,DigiCert Inc DigiCert Global G2 TLS RSA SHA256 2020 CA1,third,,TLSv1.3,True
threads.net,DigiCert Inc DigiCert Global G2 TLS RSA SHA256 2020 CA1,third,,TLSv1.3,True
threatdown.com,Let's Encrypt YE2,third,,TLSv1.3,True
threatlocker.com,DigiCert Inc DigiCert EV RSA CA G2,third,,TLSv1.3,True
threatseeker.com,unknown,unknown,,unknown,False
thredup.com,Google Trust Services WE1,third,,TLSv1.3,True
thrtle.com,"GoDaddy.com, Inc. Go Daddy Secure Certificate Authority - G2",third,,TLSv1.2,True
thscprts.com,Google Trust Services WE1,third,,TLSv1.3,True
thsi.cn,"DigiCert, Inc. GeoTrust G2 TLS CN RSA4096 SHA256 2022 CA1",third,,TLSv1.2,True
thunderbird.net,Google Trust Services WE1,third,,TLSv1.3,True
thunderstore.io,Let's Encrypt YE2,third,,TLSv1.3,True
thurgifunkers.cfd,ZeroSSL GmbH ZeroSSL RSA DV SSL CA 2,third,,TLSv1.3,True
ti.com,DigiCert Inc DigiCert Global G2 TLS RSA SHA256 2020 CA1,third,,TLSv1.3,True
ti.live,Google Trust Services WE1,third,,TLSv1.3,True
tianwenca.com,"DigiCert, Inc. GeoTrust G2 TLS CN RSA4096 SHA256 2022 CA1",third,,TLSv1.2,True
ticketmaster.co.uk,GlobalSign nv-sa GlobalSign Atlas R3 DV TLS CA 2025 Q3,third,,TLSv1.2,True
ticketmaster.com,GlobalSign nv-sa GlobalSign Atlas R3 DV TLS CA 2025 Q3,third,,TLSv1.2,True
ticketmaster.nl,GlobalSign nv-sa GlobalSign Atlas R3 DV TLS CA 2026 Q2,third,,TLSv1.2,True
ticktick.com,Sectigo Limited Sectigo Public Server Authentication CA DV R36,third,,TLSv1.2,True
tidal.com,Amazon Amazon RSA 2048 M04,third,,TLSv1.3,True
tidio.co,Google Trust Services WE1,third,,TLSv1.3,True
tiendanube.com,Google Trust Services WE1,third,,TLSv1.3,True
tik.porn,Google Trust Services WE1,third,,TLSv1.3,True
tiket.com,DigiCert Inc Thawte TLS RSA CA G1,third,,TLSv1.3,True
tiktok-max.com,Google Trust Services WE1,third,,TLSv1.3,True
tiktok-minis.com,unknown,unknown,,unknown,False
tiktok-minis.us,DigiCert Inc RapidSSL TLS ECC CA G1,third,,TLSv1.3,True
tiktok-row.net,unknown,unknown,,unknown,False
tiktok-row.org,unknown,unknown,,unknown,False
tiktok.com,DigiCert Inc RapidSSL TLS ECC CA G1,third,,TLSv1.3,True
tiktokcdn-eu.com,infrastructure,infrastructure,,unknown,False
tiktokcdn-us.com,infrastructure,infrastructure,,unknown,False
tiktokcdn.com,infrastructure,infrastructure,,unknown,False
tiktokeu-cdn.com,infrastructure,infrastructure,,unknown,False
tiktokglobalshopv.com,DigiCert Inc RapidSSL TLS ECC CA G1,third,,TLSv1.3,True
tiktoklb.eu,unknown,unknown,,unknown,False
tiktokmod.pro,Let's Encrypt YR1,third,,TLSv1.3,True
tiktokpangle-cdn-us.com,infrastructure,infrastructure,,unknown,False
tiktokpangle.us,unknown,unknown,,unknown,False
tiktokrow-cdn.com,infrastructure,infrastructure,,unknown,False
tiktokshop.com,DigiCert Inc RapidSSL TLS ECC CA G1,third,,TLSv1.3,True
tiktokshopglobalselling.com,DigiCert Inc RapidSSL TLS ECC CA G1,third,,TLSv1.3,True
tiktokstaticb.com,unknown,unknown,,unknown,False
tiktokv.com,DigiCert Inc RapidSSL TLS ECC CA G1,third,,TLSv1.3,True
tiktokv.eu,unknown,unknown,,unknown,False
tiktokv.us,unknown,unknown,,unknown,False
tiktokw.eu,DigiCert Inc RapidSSL TLS ECC CA G1,third,,TLSv1.3,True
tiktokw.us,DigiCert Inc RapidSSL TLS ECC CA G1,third,,TLSv1.3,True
tildaapi.com,unknown,unknown,,unknown,False
tildacdn.com,infrastructure,infrastructure,,unknown,False
tile-api.com,unknown,unknown,,unknown,False
tim.it,TI Trust Technologies S.R.L. TI Trust Technologies OV CA,third,,TLSv1.3,True
timbrasil.com.br,unknown,unknown,,unknown,False
timdovs.com,Let's Encrypt E7,third,,TLSv1.2,True
time.com,Certainly Certainly Intermediate R1,third,,TLSv1.3,True
time.edu.cn,unknown,unknown,,unknown,False
time.is,Google Trust Services WE1,third,,TLSv1.3,True
timeanddate.com,Sectigo Limited Sectigo Public Server Authentication CA DV R36,third,,TLSv1.3,True
timeapi.io,Sectigo Limited Sectigo Public Server Authentication CA DV R36,third,,TLSv1.3,True
timeappmarketing.com,Amazon Amazon RSA 2048 M04,third,,TLSv1.3,True
timesofindia.com,Let's Encrypt YR1,third,,TLSv1.3,True
timeweb.ru,GlobalSign nv-sa GlobalSign GCC R3 DV TLS CA 2020,third,,TLSv1.3,True
tin.it,unknown,unknown,,unknown,False
tingot.com,unknown,unknown,,unknown,False
tinkoff.ru,"TrustAsia Technologies, Inc. TrustAsia DV TLS RSA CA 2024",third,,TLSv1.3,True
tinkoffinsurance.ru,"TrustAsia Technologies, Inc. LiteSSL RSA CA 2025",third,,TLSv1.3,True
tiny.cloud,Amazon Amazon ECDSA 256 M04,third,,TLSv1.3,True
tinypass.com,Google Trust Services WE1,third,,TLSv1.3,True
tinyurl.com,Google Trust Services WE1,third,,TLSv1.3,True
tips.gg,Google Trust Services WE1,third,,TLSv1.3,True
tiqcdn.com,infrastructure,infrastructure,,unknown,False
tiscali.it,unknown,unknown,,unknown,False
tistory.com,DigiCert Inc Thawte TLS RSA CA G1,third,,TLSv1.2,True
titan.email,Google Trust Services WR1,third,,TLSv1.3,True
titanos.tv,Let's Encrypt YE2,third,,TLSv1.3,True
tivo.com,Sectigo Limited Sectigo Public Server Authentication CA OV R36,third,,TLSv1.2,True
tivoservice.com,unknown,unknown,,unknown,False
tizen.org,Amazon Amazon RSA 2048 M04,third,,TLSv1.3,True
tjk-njk.com,Sectigo Limited Sectigo Public Server Authentication CA DV R36,third,,TLSv1.3,True
tk0x1.com,Let's Encrypt YR1,third,,TLSv1.3,True
tkpusjc86.com,unknown,unknown,,unknown,False
tlauncher.org,Sectigo Limited Sectigo Public Server Authentication CA DV R36,third,,TLSv1.3,True
tleechreload.org,Google Trust Services WE1,third,,TLSv1.3,True
tlivecdn.com,infrastructure,infrastructure,,unknown,False
tlivepush.com,unknown,unknown,,unknown,False
tlivesdk.com,unknown,unknown,,unknown,False
tlivesource.com,unknown,unknown,,unknown,False
tlxbw.xyz,Let's Encrypt YE2,third,,TLSv1.3,True
tm-awx.com,unknown,unknown,,unknown,False
tm-azurefd.net,unknown,unknown,,unknown,False
tmall.com,GlobalSign nv-sa GlobalSign GCC R3 OV TLS CA 2024,third,,TLSv1.3,True
tmbid.com,unknown,unknown,,unknown,False
tmconst.com,unknown,unknown,,unknown,False
tmdb.org,Amazon Amazon RSA 2048 M04,third,,TLSv1.3,True
tmiaf.ru,Let's Encrypt YR1,third,,TLSv1.3,True
tmobile-digital.com,unknown,unknown,,unknown,False
tmobile.com,DigiCert Inc DigiCert Global G3 TLS ECC SHA384 2020 CA1,third,,TLSv1.3,True
tmol.io,unknown,unknown,,unknown,False
tmtreader.com,unknown,unknown,,unknown,False
tnaflix.com,DigiCert Inc GeoTrust TLS RSA CA G1,third,,TLSv1.2,True
tnapplications.com,Google Trust Services WE1,third,,TLSv1.3,True
tnedi.me,Let's Encrypt YE1,third,,TLSv1.3,True
tnkjmec.com,unknown,unknown,,unknown,False
tns-counter.ru,GlobalSign nv-sa GlobalSign ECC OV SSL CA 2018,third,,TLSv1.3,True
tnt-ea.com,unknown,unknown,,unknown,False
toast.com,Sectigo Limited Sectigo RSA Organization Validation Secure Server CA,third,,TLSv1.3,True
toasttab.com,Amazon Amazon RSA 2048 M01,third,,TLSv1.3,True
tobsnssdk.com,unknown,unknown,,unknown,False
tocaboca.com,Amazon Amazon RSA 2048 M04,third,,TLSv1.3,True
todesktop.com,Google Trust Services WR3,third,,TLSv1.3,True
todoist.com,Amazon Amazon RSA 2048 M01,third,,TLSv1.3,True
todyl.com,Let's Encrypt YE2,third,,TLSv1.3,True
togothermany.com,unknown,unknown,,unknown,False
toiimg.com,unknown,unknown,,unknown,False
tokbox.com,Amazon Amazon RSA 2048 M01,third,,TLSv1.2,True
tokenex.com,Google Trust Services WE1,third,,TLSv1.3,True
tokopedia-static.net,unknown,unknown,,unknown,False
tokopedia.com,DigiCert Inc DigiCert Global G2 TLS RSA SHA256 2020 CA1,third,,TLSv1.2,True
tokopedia.net,unknown,unknown,,unknown,False
tokopediax.com,unknown,unknown,,unknown,False
tolstoycomments.com,unknown,unknown,,unknown,False
tomodoko.com,Let's Encrypt YE2,third,,TLSv1.3,True
tomtom.com,IdenTrust HydrantID Server CA O1,third,,TLSv1.3,True
ton.org,Google Trust Services WE1,third,,TLSv1.3,True
tonapi.io,Google Trust Services WE1,third,,TLSv1.3,True
toncenter.com,Let's Encrypt YE1,third,,TLSv1.3,True
tongdun.net,GlobalSign nv-sa GlobalSign RSA OV SSL CA 2018,third,,TLSv1.3,True
toobm8.com,unknown,unknown,,unknown,False
toolforge.org,Let's Encrypt YE2,third,,TLSv1.3,True
toolify.ai,Google Trust Services WE1,third,,TLSv1.3,True
toolmatrix.plus,unknown,unknown,,unknown,False
toonblast.net,unknown,unknown,,unknown,False
top100.ru,unknown,unknown,,unknown,False
toponadss.com,unknown,unknown,,unknown,False
toponepp.com,unknown,unknown,,unknown,False
toptop.net,DigiCert Inc Encryption Everywhere DV TLS CA - G2,third,,TLSv1.3,True
toradex.com,Amazon Amazon RSA 2048 M01,third,,TLSv1.3,True
toranet.jp,Amazon Amazon RSA 2048 M04,third,,TLSv1.3,True
torbox.app,Google Trust Services WE1,third,,TLSv1.3,True
torrentleech.org,Google Trust Services WE1,third,,TLSv1.3,True
torrentsmd.com,Google Trust Services WE1,third,,TLSv1.3,True
torrid.com,DigiCert Inc DigiCert EV RSA CA G2,third,,TLSv1.2,True
torzor.com,Sectigo Limited Sectigo Public Server Authentication CA DV R36,third,,TLSv1.3,True
tospotify.com,unknown,unknown,,unknown,False
toss.im,DigiCert Inc DigiCert Global G2 TLS RSA SHA256 2020 CA1,third,,TLSv1.2,True
tossinvest.com,DigiCert Inc GeoTrust TLS RSA CA G1,third,,TLSv1.3,True
tostarsbuilding.com,unknown,unknown,,unknown,False
totalbattle.com,Google Trust Services WE1,third,,TLSv1.3,True
totallyacdn.com,infrastructure,infrastructure,,unknown,False
totvs.com.br,Google Trust Services WE1,third,,TLSv1.3,True
touchstatistics.com,unknown,unknown,,unknown,False
toutiao.com,DigiCert Inc RapidSSL TLS RSA CA G1,third,,TLSv1.3,True
toutiaoapi.com,unknown,unknown,,unknown,False
toutiaoimg.com,unknown,unknown,,unknown,False
toutiaostatic.com,unknown,unknown,,unknown,False
tower.jp,"Cybertrust Japan Co., Ltd. Cybertrust Japan SureServer EV CA G3",third,,TLSv1.3,True
townnews.com,Google Trust Services WR1,third,,TLSv1.3,True
toyota.com,Amazon Amazon RSA 2048 M04,third,,TLSv1.2,True
tp-link.com,Amazon Amazon RSA 2048 M01,third,,TLSv1.3,True
tpbid.com,Google Trust Services WR3,third,,TLSv1.3,True
tpctrust.com,Let's Encrypt YE2,third,,TLSv1.2,True
tpd-soe.com,unknown,unknown,,unknown,False
tpg.com.au,Amazon Amazon RSA 2048 M04,third,,TLSv1.2,True
tplink.com,unknown,unknown,,unknown,False
tplinkcloud.com,DigiCert Inc DigiCert Global G2 TLS RSA SHA256 2020 CA1,third,,TLSv1.2,True
tplinkcloud.com.cn,unknown,unknown,,unknown,False
tplinknbu.com,unknown,unknown,,unknown,False
tplinkra.com,unknown,unknown,,unknown,False
tpmn.co.kr,Google Trust Services WR3,third,,TLSv1.3,True
tpmn.io,Google Trust Services WR3,third,,TLSv1.3,True
tpv-analytics.com,unknown,unknown,,unknown,False
tpvisim.com,unknown,unknown,,unknown,False
tq-tungsten.com,unknown,unknown,,unknown,False
tra-eo.com,unknown,unknown,,unknown,False
trabajo.org,Amazon Amazon RSA 2048 M04,third,,TLSv1.3,True
trace-flow.ru,Let's Encrypt YR2,third,,TLSv1.3,True
trackcmp.net,Google Trust Services WE1,third,,TLSv1.3,True
trackedweb.net,Google Trust Services WE1,third,,TLSv1.3,True
tracker.cl,Let's Encrypt YR2,third,,TLSv1.3,True
tracker.gg,Google Trust Services WE1,third,,TLSv1.3,True
tracker.ink,unknown,unknown,,unknown,False
tracker.network,Google Trust Services WE1,third,,TLSv1.3,True
tracker.wf,unknown,unknown,,unknown,False
trackerlist.xyz,unknown,unknown,,unknown,False
trackjs.com,Let's Encrypt YR1,third,,TLSv1.3,True
trackwilltrk.com,unknown,unknown,,unknown,False
tracookiepixel.xyz,Amazon Amazon RSA 2048 M02,third,,TLSv1.3,True
tractorsupply.com,DigiCert Inc GeoTrust TLS RSA CA G1,third,,TLSv1.2,True
tradedoubler.com,Let's Encrypt YR2,third,,TLSv1.3,True
tradeinn.com,Google Trust Services WR3,third,,TLSv1.3,True
tradingview-widget.com,DigiCert Inc DigiCert Global G2 TLS RSA SHA256 2020 CA1,third,,TLSv1.3,True
tradingview.com,Amazon Amazon RSA 2048 M04,third,,TLSv1.3,True
tradplusad.com,DigiCert Inc Encryption Everywhere DV TLS CA - G2,third,,TLSv1.2,True
trae.ai,DigiCert Inc RapidSSL TLS ECC CA G1,third,,TLSv1.3,True
trae.com.cn,DigiCert Inc RapidSSL TLS RSA CA G1,third,,TLSv1.3,True
traeapi.us,unknown,unknown,,unknown,False
traelix.com,unknown,unknown,,unknown,False
traffaret.com,Let's Encrypt YR1,third,,TLSv1.3,True
trafficdeposit.com,Google Trust Services WE1,third,,TLSv1.3,True
trafficguard.ai,Let's Encrypt YE1,third,,TLSv1.3,True
traffichaus.com,Let's Encrypt YR1,third,,TLSv1.2,True
trafficjunky.com,Let's Encrypt YE2,third,,TLSv1.3,True
trafficjunky.net,DigiCert Inc DigiCert Global G3 TLS ECC SHA384 2020 CA1,third,,TLSv1.3,True
trafficmanager.cn,unknown,unknown,,unknown,False
trafficmanager.net,unknown,unknown,,unknown,False
trafficstars.com,Google Trust Services WE1,third,,TLSv1.2,True
traffmonetizer.com,GoGetSSL GoGetSSL RSA DV SSL CA 2,third,,TLSv1.3,True
traincdn.com,infrastructure,infrastructure,,unknown,False
trakt.tv,Google Trust Services WE1,third,,TLSv1.3,True
tranplanet.com,unknown,unknown,,unknown,False
transacme.com,unknown,unknown,,unknown,False
transcend-cdn.com,infrastructure,infrastructure,,unknown,False
transcend.io,Let's Encrypt YR1,third,,TLSv1.3,True
transcy.io,Google Trust Services WE1,third,,TLSv1.3,True
transfermarkt.com,Let's Encrypt R13,third,,TLSv1.2,True
transformativeworks.org,Google Trust Services WE1,third,,TLSv1.3,True
translasion.com,unknown,unknown,,unknown,False
translate.goog,Google Trust Services WE2,private,,TLSv1.3,True
transmissionbt.com,Google Trust Services WE1,third,,TLSv1.3,True
transmit.live,Google Trust Services WE1,third,,TLSv1.3,True
transsion-message.com,unknown,unknown,,unknown,False
transsion.com,"DigiCert, Inc. GeoTrust G2 TLS CN RSA4096 SHA256 2022 CA1",third,,TLSv1.3,True
trasping.com,unknown,unknown,,unknown,False
trasre.com,unknown,unknown,,unknown,False
trassir.com,GlobalSign nv-sa GlobalSign GCC R6 AlphaSSL CA 2025,third,,TLSv1.3,True
travel-assets.com,unknown,unknown,,unknown,False
travelaudience.com,Let's Encrypt YR2,third,,TLSv1.3,True
traveloka.com,Amazon Amazon RSA 2048 M04,third,,TLSv1.3,True
traveltowngame.net,Google Trust Services WE1,third,,TLSv1.3,True
trbcdn.net,infrastructure,infrastructure,,unknown,False
treasuredata.com,Let's Encrypt YE2,third,,TLSv1.3,True
treasury.gov,Entrust Limited Entrust OV TLS Issuing RSA CA 2,third,,TLSv1.2,True
trellix.com,Sectigo Limited Sectigo Public Server Authentication CA OV R36,third,,TLSv1.3,True
trello.com,Amazon Amazon RSA 2048 M04,third,,TLSv1.3,True
tremorhub.com,Amazon Amazon RSA 2048 M04,third,,TLSv1.3,True
trendmd.com,Google Trust Services WE1,third,,TLSv1.3,True
trendmicro.co.jp,Sectigo Limited Sectigo Public Server Authentication CA OV R36,third,,TLSv1.3,True
trendmicro.com,Sectigo Limited Sectigo Public Server Authentication CA OV E36,third,,TLSv1.3,True
trendyol.com,GlobalSign nv-sa GlobalSign RSA OV SSL CA 2018,third,,TLSv1.3,True
trezor.io,Let's Encrypt YE2,third,,TLSv1.3,True
trialhd.com,unknown,unknown,,unknown,False
tribalfusion.com,"GoDaddy.com, Inc. Go Daddy Secure Certificate Authority - G2",third,,TLSv1.3,True
tribuna.com,Google Trust Services WE1,third,,TLSv1.3,True
tribunnews.com,Amazon Amazon RSA 2048 M01,third,,TLSv1.3,True
trimble.com,Let's Encrypt YE2,third,,TLSv1.3,True
trinitymedia.ai,Amazon Amazon RSA 2048 M02,third,,TLSv1.3,True
trione.cc,unknown,unknown,,unknown,False
trip.com,GlobalSign nv-sa GlobalSign RSA OV SSL CA 2018,third,,TLSv1.2,True
tripadvisor.com,Amazon Amazon RSA 2048 M04,third,,TLSv1.3,True
tripcdn.com,infrastructure,infrastructure,,unknown,False
tripledotapi.com,unknown,unknown,,unknown,False
tripongle.com,unknown,unknown,,unknown,False
triptease.io,Let's Encrypt YR1,third,,TLSv1.3,True
tritondigital.com,DigiCert Inc GeoTrust TLS RSA CA G1,third,,TLSv1.3,True
trivago.com,DigiCert Inc GeoTrust TLS ECC CA G1,third,,TLSv1.3,True
trkcliq.com,unknown,unknown,,unknown,False
trkn.us,Let's Encrypt YR2,third,,TLSv1.3,True
trongrid.io,Amazon Amazon RSA 2048 M01,third,,TLSv1.2,True
tronscanapi.com,unknown,unknown,,unknown,False
troywell.org,Let's Encrypt YE2,third,,TLSv1.2,True
trpcdn.net,infrastructure,infrastructure,,unknown,False
trtcube-license.cn,"DigiCert, Inc. DigiCert Secure Site OV G2 TLS CN RSA4096 SHA256 2022 CA1",third,,TLSv1.3,True
tru.am,Google Trust Services WE1,third,,TLSv1.3,True
trueachievements.com,Google Trust Services WE1,third,,TLSv1.3,True
trueanthem.com,Google Trust Services WE1,third,,TLSv1.3,True
truecaller.com,Amazon Amazon RSA 2048 M04,third,,TLSv1.2,True
truecallerstatic.com,unknown,unknown,,unknown,False
truecar.com,Amazon Amazon RSA 2048 M04,third,,TLSv1.3,True
truefitcorp.com,unknown,unknown,,unknown,False
truenas.com,Let's Encrypt YR2,third,,TLSv1.2,True
trumpary.com,unknown,unknown,,unknown,False
truoptik.com,Google Trust Services WE1,third,,TLSv1.3,True
trustarc.com,Google Trust Services WE1,third,,TLSv1.3,True
trustburn.com,Google Trust Services WE1,third,,TLSv1.3,True
trustcommander.net,DigiCert Inc Thawte TLS RSA CA G1,third,,TLSv1.3,True
truste.com,Amazon Amazon RSA 2048 M01,third,,TLSv1.3,True
trustedform.com,Let's Encrypt YR1,third,,TLSv1.3,True
trustedshops.com,Amazon Amazon RSA 2048 M04,third,,TLSv1.3,True
trustedsite.com,Amazon Amazon RSA 2048 M04,third,,TLSv1.3,True
trustedstack.com,Google Trust Services WE1,third,,TLSv1.3,True
trusteer.com,DigiCert Inc DigiCert Global G2 TLS RSA SHA256 2020 CA1,third,,TLSv1.2,True
trustindex.io,GoGetSSL GoGetSSL RSA DV CA,third,,TLSv1.3,True
trustlook.com,Amazon Amazon RSA 2048 M04,third,,TLSv1.2,True
trustoo.io,Google Trust Services WE1,third,,TLSv1.3,True
trustpilot.com,Amazon Amazon RSA 2048 M01,third,,TLSv1.2,True
trustvox.com.br,Google Trust Services WE1,third,,TLSv1.3,True
trustwallet.com,Google Trust Services WE1,third,,TLSv1.3,True
trustwave.com,Google Trust Services WE1,third,,TLSv1.3,True
trustx.org,Google Trust Services WE1,third,,TLSv1.3,True
truthsocial.com,Google Trust Services WE1,third,,TLSv1.3,True
truvidplayer.com,Sectigo Limited Sectigo Public Server Authentication CA OV R36,third,,TLSv1.3,True
trvdp.com,unknown,unknown,,unknown,False
trvl-media.com,unknown,unknown,,unknown,False
trybloomstudio.com,unknown,unknown,,unknown,False
trycloudflare.com,Google Trust Services WE1,third,,TLSv1.3,True
tryfi.com,Amazon Amazon RSA 2048 M04,third,,TLSv1.3,True
tryhackx.org,Let's Encrypt YE2,third,,TLSv1.3,True
tsdtocl.com,DigiCert Inc DigiCert Global G2 TLS RSA SHA256 2020 CA1,third,,TLSv1.3,True
tsinghua.edu.cn,Let's Encrypt YR1,third,,TLSv1.3,True
tsyndicate.com,Let's Encrypt YE2,third,,TLSv1.3,True
ttcache.com,"GoDaddy.com, Inc. Go Daddy Secure Certificate Authority - G2",third,,TLSv1.3,True
ttcdn-us.com,infrastructure,infrastructure,,unknown,False
ttdns2.com,unknown,unknown,,unknown,False
ttdns3.com,unknown,unknown,,unknown,False
ttlivecdn.com,infrastructure,infrastructure,,unknown,False
ttoverseaus.net,unknown,unknown,,unknown,False
ttslots.games,Amazon Amazon RSA 2048 M01,third,,TLSv1.3,True
ttvnw.net,unknown,unknown,,unknown,False
ttwstatic.com,unknown,unknown,,unknown,False
tubecup.net,Let's Encrypt R10,third,,TLSv1.2,True
tubemogul.com,GlobalSign nv-sa GlobalSign Atlas R3 DV TLS CA 2025 Q4,third,,TLSv1.2,True
tubi.io,unknown,unknown,,unknown,False
tubi.video,unknown,unknown,,unknown,False
tubitv.com,Entrust Limited Entrust OV TLS Issuing RSA CA 2,third,,TLSv1.3,True
tudelft.nl,Hellenic Academic and Research Institutions CA GEANT TLS RSA 1,third,,TLSv1.3,True
tue.nl,Let's Encrypt YR2,third,,TLSv1.3,True
tui.com,DigiCert Inc Thawte TLS ECC CA G1,third,,TLSv1.3,True
tum.de,Let's Encrypt YR1,third,,TLSv1.3,True
tumblr.com,Let's Encrypt YE2,third,,TLSv1.3,True
tunefindforfans.com,unknown,unknown,,unknown,False
tunein.com,Google Trust Services WE1,third,,TLSv1.3,True
tunnelbear.com,Sectigo Limited Sectigo Public Server Authentication CA DV R36,third,,TLSv1.3,True
turboboost.pro,unknown,unknown,,unknown,False
turbosquid.com,Amazon Amazon RSA 2048 M02,third,,TLSv1.3,True
turkishairlines.com,Let's Encrypt YR2,third,,TLSv1.3,True
turn.com,unknown,unknown,,unknown,False
turnto.com,Amazon Amazon RSA 2048 M04,third,,TLSv1.3,True
tutanota.com,Let's Encrypt E7,third,,TLSv1.3,True
tutu.ru,GlobalSign nv-sa GlobalSign GCC R3 DV TLS CA 2020,third,,TLSv1.3,True
tuya.com,"GoDaddy.com, Inc. Go Daddy Secure Certificate Authority - G2",third,,TLSv1.3,True
tuyacn.com,unknown,unknown,,unknown,False
tuyaeu.com,unknown,unknown,,unknown,False
tuyaus.com,unknown,unknown,,unknown,False
tv.br,unknown,unknown,,unknown,False
tvboxgo.com,unknown,unknown,,unknown,False
tvinteractive.tv,unknown,unknown,,unknown,False
tvp.pl,Asseco Data Systems S.A. Certum DV TLS G2 R39 CA,third,,TLSv1.2,True
tvpixel.com,DigiCert Inc DigiCert Global G2 TLS RSA SHA256 2020 CA1,third,,TLSv1.3,True
tvspix.com,Amazon Amazon RSA 2048 M01,third,,TLSv1.2,True
tvsquared.com,Google Trust Services WE1,third,,TLSv1.3,True
twc.com,GlobalSign nv-sa GlobalSign RSA OV SSL CA 2018,third,,TLSv1.3,True
twibida.com,Amazon Amazon ECDSA 256 M04,unknown,,TLSv1.2,True
twilio.com,Amazon Amazon RSA 2048 M01,third,,TLSv1.2,True
twimg.com,unknown,unknown,,unknown,False
twingate.com,Let's Encrypt R13,third,,TLSv1.3,True
twinrdengine.com,unknown,unknown,,unknown,False
twitcasting.tv,DigiCert Inc RapidSSL TLS RSA CA G1,third,,TLSv1.2,True
twitch.tv,GlobalSign nv-sa GlobalSign Atlas R3 DV TLS CA 2026 Q2,third,,TLSv1.3,True
twitchcdn.net,infrastructure,infrastructure,,unknown,False
twitter.com,Let's Encrypt E8,third,,TLSv1.3,True
twnic.tw,Sectigo Limited Sectigo Public Server Authentication CA DV R36,third,,TLSv1.3,True
twnmm.com,Let's Encrypt R13,third,,TLSv1.3,True
twnodes.com,unknown,unknown,,unknown,False
twomerge.com,unknown,unknown,,unknown,False
twtrdns.net,unknown,unknown,,unknown,False
txlivecdn.com,infrastructure,infrastructure,,unknown,False
txnhh.com,Google Trust Services WE1,third,,TLSv1.3,True
txtensatorxgyt.xyz,unknown,unknown,,unknown,False
tynt.com,Sectigo Limited Sectigo Public Server Authentication CA DV R36,third,,TLSv1.3,True
typeform.com,Amazon Amazon RSA 2048 M01,third,,TLSv1.3,True
typekit.com,DigiCert Inc DigiCert Global G2 TLS RSA SHA256 2020 CA1,third,,TLSv1.3,True
typekit.net,unknown,unknown,,unknown,False
typesense.net,unknown,unknown,,unknown,False
typicode.com,Google Trust Services WE1,third,,TLSv1.3,True
typography.com,Amazon Amazon RSA 2048 M04,third,,TLSv1.3,True
u-blox.com,SwissSign AG SwissSign RSA TLS DV ICA 2022 - 1,third,,TLSv1.3,True
u4a.cn,unknown,unknown,,unknown,False
u69v85ecs.com,unknown,unknown,,unknown,False
uab.cat,Hellenic Academic and Research Institutions CA GEANT TLS RSA 1,third,,TLSv1.3,True
ubc.ca,Amazon Amazon RSA 2048 M01,third,,TLSv1.3,True
ubembed.com,unknown,unknown,,unknown,False
uber.com,DigiCert Inc DigiCert Global G2 TLS RSA SHA256 2020 CA1,third,,TLSv1.3,True
ubereats.com,DigiCert Inc DigiCert Global G2 TLS RSA SHA256 2020 CA1,third,,TLSv1.3,True
uberinternal.com,DigiCert Inc DigiCert Global G2 TLS RSA SHA256 2020 CA1,third,,TLSv1.3,True
ubervoip.net,unknown,unknown,,unknown,False
ubi.com,Amazon Amazon RSA 2048 M01,third,,TLSv1.3,True
ubianet.com,"Beijing Xinchacha Credit Management Co., Ltd. Xcc Trust DV SSL CA",third,,TLSv1.2,True
ubisoft.com,Amazon Amazon RSA 2048 M04,third,,TLSv1.3,True
ubixioe.com,unknown,unknown,,unknown,False
ublockdns.com,Let's Encrypt YE2,third,,TLSv1.3,True
ubncloud.com,unknown,unknown,,unknown,False
ubnt.com,Amazon Amazon RSA 2048 M04,third,,TLSv1.3,True
ubs.com,DigiCert Inc DigiCert Global G2 TLS RSA SHA256 2020 CA1,third,,TLSv1.3,True
ubuntu.com,Let's Encrypt YR1,third,,TLSv1.3,True
ubuy.com,Google Trust Services WE1,third,,TLSv1.3,True
uc.cn,GlobalSign nv-sa GlobalSign GCC R3 OV TLS CA 2024,third,,TLSv1.2,True
uc123.com,GlobalSign nv-sa GlobalSign RSA OV SSL CA 2018,third,,TLSv1.3,True
ucdavis.edu,Let's Encrypt YR1,third,,TLSv1.3,True
uchicago.edu,"InCommon, LLC InCommon RSA OV SSL CA 3",third,,TLSv1.3,True
uchile.cl,DigiCert Inc RapidSSL TLS RSA CA G1,third,,TLSv1.3,True
uci.edu,Amazon Amazon RSA 2048 M01,third,,TLSv1.2,True
uciservice.com,Let's Encrypt YE1,third,,TLSv1.3,True
ucla.edu,Amazon Amazon RSA 2048 M04,third,,TLSv1.2,True
uconn.edu,Internet2 InCommon RSA Server CA 2,third,,TLSv1.2,True
ucpjdhivl.com,unknown,unknown,,unknown,False
ucsb.edu,Let's Encrypt YR1,third,,TLSv1.3,True
ucsc.edu,Let's Encrypt YE1,third,,TLSv1.3,True
ucsd.edu,Internet2 InCommon RSA Server CA 2,third,,TLSv1.2,True
ucweb.com,GlobalSign nv-sa GlobalSign RSA OV SSL CA 2018,third,,TLSv1.2,True
udea.edu.co,GlobalSign nv-sa GlobalSign RSA OV SSL CA 2018,third,,TLSv1.3,True
udel.edu,GlobalSign nv-sa GlobalSign RSA OV SSL CA 2018,third,,TLSv1.3,True
udemy.com,Google Trust Services WE1,third,,TLSv1.3,True
udemycdn.com,infrastructure,infrastructure,,unknown,False
udmserve.net,Sectigo Limited Sectigo Public Server Authentication CA OV R36,third,,TLSv1.3,True
udwz84qia.com,unknown,unknown,,unknown,False
uecdn.es,infrastructure,infrastructure,,unknown,False
ueiwsp.com,"GoDaddy.com, Inc. Go Daddy Secure Certificate Authority - G2",third,,TLSv1.3,True
ufileos.com,unknown,unknown,,unknown,False
ufl.edu,Internet2 InCommon RSA Server CA 2,third,,TLSv1.3,True
ufpr.br,GlobalSign nv-sa GlobalSign RSA OV SSL CA 2018,third,,TLSv1.2,True
ugdtimg.com,"DigiCert, Inc. DigiCert Secure Site OV G2 TLS CN RSA4096 SHA256 2022 CA1",third,,TLSv1.3,True
ugent.be,Hellenic Academic and Research Institutions CA GEANT TLS RSA 1,third,,TLSv1.3,True
ugnas.com,DigiCert Inc Encryption Everywhere DV TLS CA - G2,third,,TLSv1.2,True
ugr.es,Hellenic Academic and Research Institutions CA GEANT TLS RSA 1,third,,TLSv1.2,True
ugwdevice.net,unknown,unknown,,unknown,False
uhc.com,Sectigo Limited Sectigo Public Server Authentication CA OV R36,third,,TLSv1.2,True
ui-portal.com,unknown,unknown,,unknown,False
ui-portal.de,unknown,unknown,,unknown,False
ui.com,Amazon Amazon RSA 2048 M04,third,,TLSv1.3,True
uidapi.com,unknown,unknown,,unknown,False
uidsync.net,Sectigo Limited Sectigo Public Server Authentication CA DV R36,third,,TLSv1.2,True
uimz80fgj.com,unknown,unknown,,unknown,False
uipath.com,Google Trust Services WE1,third,,TLSv1.3,True
uisp.com,Amazon Amazon RSA 2048 M01,third,,TLSv1.3,True
uk.com,Let's Encrypt YR1,third,,TLSv1.3,True
uk.net,Let's Encrypt YR1,third,,TLSv1.3,True
ukankingwithea.com,unknown,unknown,,unknown,False
ukr.net,Google Trust Services WR3,third,,TLSv1.3,True
ukyuh.tech,unknown,unknown,,unknown,False
ulikecam.com,DigiCert Inc RapidSSL TLS RSA CA G1,third,,TLSv1.3,True
uloop.com,"GoDaddy.com, Inc. Go Daddy Secure Certificate Authority - G2",third,,TLSv1.3,True
ulta.com,DigiCert Inc GeoTrust TLS RSA CA G1,third,,TLSv1.3,True
ultimate-guitar.com,Google Trust Services WE1,third,,TLSv1.3,True
ultipro.com,Google Trust Services WE1,third,,TLSv1.2,True
ultradns.com,DigiCert Inc RapidSSL TLS RSA CA G1,third,,TLSv1.3,True
ultradns.net,unknown,unknown,,unknown,False
ulxarenth.info,Let's Encrypt YE2,third,,TLSv1.2,True
um.es,Hellenic Academic and Research Institutions CA GEANT TLS RSA 1,third,,TLSv1.3,True
uma.es,Hellenic Academic and Research Institutions CA GEANT TLS RSA 1,third,,TLSv1.2,True
umami.is,Google Trust Services WE1,third,,TLSv1.3,True
umbrella.com,Let's Encrypt R12,third,,TLSv1.2,True
umd.edu,Let's Encrypt YE2,third,,TLSv1.3,True
umeng.com,GlobalSign nv-sa GlobalSign GCC R3 OV TLS CA 2024,third,,TLSv1.2,True
umengcloud.com,unknown,unknown,,unknown,False
umich.edu,Google Trust Services WE1,third,,TLSv1.3,True
uminho.pt,Hellenic Academic and Research Institutions CA GEANT TLS RSA 1,unknown,,TLSv1.2,True
umn.edu,"InCommon, LLC InCommon RSA OV SSL CA 3",third,,TLSv1.2,True
un.org,COMODO CA Limited COMODO RSA Organization Validation Secure Server CA,third,,TLSv1.2,True
unam.mx,GlobalSign nv-sa GlobalSign GCC R3 EV TLS CA 2025,third,,TLSv1.2,True
unbxdapi.com,unknown,unknown,,unknown,False
unc.edu,Let's Encrypt YR1,third,,TLSv1.3,True
uncn.jp,Let's Encrypt YE1,third,,TLSv1.3,True
uncocleypercha.com,Let's Encrypt YR2,third,,TLSv1.2,True
undertone.com,Amazon Amazon RSA 2048 M04,third,,TLSv1.3,True
unece.org,Google Trust Services WE1,third,,TLSv1.3,True
unh.edu,Internet2 InCommon RSA Server CA 2,third,,TLSv1.2,True
unhcr.org,Sectigo Limited Sectigo Public Server Authentication CA EV R36,third,,TLSv1.3,True
uni-erlangen.de,Hellenic Academic and Research Institutions CA GEANT TLS ECC 1,third,,TLSv1.3,True
uni-heidelberg.de,Hellenic Academic and Research Institutions CA GEANT TLS RSA 1,third,,TLSv1.3,True
uni2play.com,unknown,unknown,,unknown,False
unifi-ai.com,Let's Encrypt YR1,third,,TLSv1.3,True
uniflowonline.com,DigiCert Inc DigiCert Global G2 TLS RSA SHA256 2020 CA1,third,,TLSv1.3,True
unileversolutions.com,DigiCert Inc DigiCert Global G2 TLS RSA SHA256 2020 CA1,third,,TLSv1.3,True
unimelb.edu.au,Let's Encrypt YE1,third,,TLSv1.3,True
unioneeu.com,unknown,unknown,,unknown,False
uniqlo.com,Amazon Amazon RSA 2048 M01,third,,TLSv1.2,True
unisat.io,Google Trust Services WE1,third,,TLSv1.3,True
unisoc.com,GlobalSign nv-sa GlobalSign GCC R3 DV TLS CA 2020,third,,TLSv1.2,True
unistra.fr,Hellenic Academic and Research Institutions CA GEANT TLS ECC 1,third,,TLSv1.3,True
unisvg.com,Google Trust Services WE1,third,,TLSv1.3,True
uniswap.org,Google Trust Services WE1,third,,TLSv1.3,True
united.com,DigiCert Inc GeoTrust TLS RSA CA G1,third,,TLSv1.3,True
unity.cn,"DigiCert, Inc. GeoTrust G2 TLS CN RSA4096 SHA256 2022 CA1",third,,TLSv1.3,True
unity.com,DigiCert Inc DigiCert Global G3 TLS ECC SHA384 2020 CA1,third,,TLSv1.3,True
unity3d.com,DigiCert Inc DigiCert Global G2 TLS RSA SHA256 2020 CA1,third,,TLSv1.2,True
unity3dusercontent.com,unknown,unknown,,unknown,False
uniview.com,DigiCert Inc Encryption Everywhere DV TLS CA - G2,third,,TLSv1.3,True
unleash-hosted.com,Let's Encrypt YR1,third,,TLSv1.3,True
unmineable.com,Google Trust Services WE1,third,,TLSv1.3,True
unmsapp.com,Amazon Amazon RSA 2048 M04,third,,TLSv1.3,True
unpkg.com,Google Trust Services WE1,third,,TLSv1.3,True
unrealengine.com,Amazon Amazon RSA 2048 M01,third,,TLSv1.3,True
unruly.co,Let's Encrypt YE1,third,,TLSv1.3,True
unrulymedia.com,Amazon Amazon RSA 2048 M01,third,,TLSv1.3,True
unsplash.com,GlobalSign nv-sa GlobalSign Atlas R3 DV TLS CA 2025 Q4,third,,TLSv1.2,True
unt.edu,Internet2 InCommon RSA Server CA 2,third,,TLSv1.3,True
untappd.com,Google Trust Services WE1,third,,TLSv1.3,True
unwomen.org,Let's Encrypt YR2,third,,TLSv1.3,True
unwrapsstow.cyou,ZeroSSL GmbH ZeroSSL RSA DV SSL CA 2,third,,TLSv1.3,True
uol.com,Amazon Amazon RSA 2048 M04,third,,TLSv1.3,True
uol.com.br,DigiCert Inc RapidSSL TLS RSA CA G1,third,,TLSv1.2,True
up.pt,Hellenic Academic and Research Institutions CA GEANT TLS RSA 1,third,,TLSv1.3,True
upbit.com,Sectigo Limited Sectigo Public Server Authentication CA EV R36,third,,TLSv1.3,True
upc.edu,Hellenic Academic and Research Institutions CA GEANT TLS RSA 1,third,,TLSv1.3,True
updatestar.com,SSL Corporation Cloudflare TLS Issuing ECC CA 3,third,,TLSv1.3,True
upeer.me,Let's Encrypt YE1,third,,TLSv1.3,True
upenn.edu,Let's Encrypt YR1,third,,TLSv1.3,True
upiral.com,unknown,unknown,,unknown,False
uplynk.com,Google Trust Services WE1,third,,TLSv1.3,True
upm.edu.my,Sectigo Limited Sectigo Public Server Authentication CA DV R36,third,,TLSv1.3,True
upravel.com,Let's Encrypt R13,third,,TLSv1.3,True
ups.com,DigiCert Inc DigiCert Global G2 TLS RSA SHA256 2020 CA1,third,,TLSv1.3,True
upscore.com,"GoDaddy.com, Inc. Go Daddy Secure Certificate Authority - G2",third,,TLSv1.3,True
upsellit.com,DigiCert Inc RapidSSL TLS RSA CA G1,third,,TLSv1.3,True
uptimerobot.com,Google Trust Services WE1,third,,TLSv1.3,True
uptodown.app,Sectigo Limited Sectigo Public Server Authentication CA DV R36,third,,TLSv1.3,True
uptodown.com,Sectigo Limited Sectigo Public Server Authentication CA DV R36,third,,TLSv1.3,True
upwork.com,DigiCert Inc DigiCert Global G2 TLS RSA SHA256 2020 CA1,third,,TLSv1.3,True
urban-vpn.com,DigiCert Inc DigiCert Global G2 TLS RSA SHA256 2020 CA1,third,,TLSv1.3,True
urbanairship.com,Google Trust Services WR3,third,,TLSv1.3,True
ureca-lab.com,unknown,unknown,,unknown,False
uribl.com,ZeroSSL GmbH ZeroSSL RSA DV SSL CA 2,third,,TLSv1.2,True
urioy.com,unknown,unknown,,unknown,False
urldefense.com,Sectigo Limited Sectigo Public Server Authentication CA OV R36,third,,TLSv1.2,True
urlscan.io,Let's Encrypt YE2,third,,TLSv1.3,True
us.com,Let's Encrypt YR2,third,,TLSv1.3,True
usaa.com,DigiCert Inc DigiCert EV RSA CA G2,third,,TLSv1.3,True
usabilla.com,Amazon Amazon RSA 2048 M04,third,,TLSv1.3,True
usablenet.com,Google Trust Services WE1,third,,TLSv1.3,True
usatoday.com,Let's Encrypt YR1,third,,TLSv1.3,True
usbank.com,DigiCert Inc DigiCert Global G2 TLS RSA SHA256 2020 CA1,third,,TLSv1.3,True
usbrowserspeed.com,unknown,unknown,,unknown,False
usc.edu,Let's Encrypt YR1,third,,TLSv1.3,True
uscourts.gov,DigiCert Inc DigiCert Global G3 TLS ECC SHA384 2020 CA1,third,,TLSv1.3,True
usda.gov,DigiCert Inc DigiCert Global G2 TLS RSA SHA256 2020 CA1,third,,TLSv1.2,True
useamp.com,Let's Encrypt YR2,third,,TLSv1.3,True
usefathom.com,Let's Encrypt YR1,third,,TLSv1.3,True
useinsider.com,Google Trust Services WE1,third,,TLSv1.3,True
usemessages.com,unknown,unknown,,unknown,False
usepylon.com,Google Trust Services WE1,third,,TLSv1.3,True
userapi.com,Hellenic Academic and Research Institutions CA HARICA DV TLS RSA,third,,TLSv1.3,True
usercentrics.eu,Google Trust Services WR3,third,,TLSv1.3,True
usercontent.goog,Google Trust Services WE2,third,,TLSv1.3,True
usercontent.microsoft,unknown,unknown,,unknown,False
userflow.com,Google Trust Services WE1,third,,TLSv1.3,True
userguiding.com,Google Trust Services WE1,third,,TLSv1.3,True
userpilot.io,Amazon Amazon RSA 2048 M01,third,,TLSv1.2,True
userreport.com,Google Trust Services WR1,third,,TLSv1.3,True
usersatisfy.net,unknown,unknown,,unknown,False
usersnap.com,Trust Provider B.V. Trust Provider B.V. TLS RSA CA G1,third,,TLSv1.2,True
userstylesapi.com,Amazon Amazon RSA 2048 M04,third,,TLSv1.2,True
usertrust.com,unknown,unknown,,unknown,False
uservoice.com,Google Trust Services WE1,third,,TLSv1.3,True
userway.org,Amazon Amazon RSA 2048 M01,third,,TLSv1.3,True
userx.pro,Let's Encrypt R13,third,,TLSv1.3,True
usestoryteller.com,Google Trust Services WE1,third,,TLSv1.3,True
usgovcloud.microsoft,unknown,unknown,,unknown,False
usgovcloudapi.net,unknown,unknown,,unknown,False
usgovtrafficmanager.net,unknown,unknown,,unknown,False
usgs.gov,DigiCert Inc DigiCert Global G2 TLS RSA SHA256 2020 CA1,third,,TLSv1.3,True
ushareit.com,DigiCert Inc RapidSSL TLS RSA CA G1,third,,TLSv1.3,True
usnews.com,Let's Encrypt YR1,third,,TLSv1.3,True
usp.br,GlobalSign nv-sa GlobalSign RSA OV SSL CA 2018,third,,TLSv1.2,True
usps.com,Sectigo Limited Sectigo Public Server Authentication CA OV R36,third,,TLSv1.2,True
usrpubtrk.com,Google Trust Services WE1,third,,TLSv1.3,True
ussp.io,Let's Encrypt YE1,third,,TLSv1.2,True
usvisa-info.com,Sectigo Limited Sectigo Public Server Authentication CA DV R36,third,,TLSv1.2,True
usvisascheduling.com,Google Trust Services WE1,third,,TLSv1.3,True
utah.edu,"InCommon, LLC InCommon RSA OV SSL CA 3",third,,TLSv1.2,True
utexas.edu,Let's Encrypt YR1,third,,TLSv1.3,True
utkacraft.ru,Google Trust Services WE1,third,,TLSv1.2,True
utoronto.ca,Let's Encrypt YR1,third,,TLSv1.3,True
utorrent.com,Let's Encrypt YR1,third,,TLSv1.3,True
utraff.com,Let's Encrypt YE2,third,,TLSv1.2,True
utrsed.com,unknown,unknown,,unknown,False
uuidksinc.net,Let's Encrypt YR1,third,,TLSv1.3,True
uvfuns.com,GlobalSign nv-sa GlobalSign GCC R3 DV TLS CA 2020,third,,TLSv1.2,True
uwaterloo.ca,Certainly Certainly Intermediate R1,third,,TLSv1.3,True
uwn.com,Amazon Amazon RSA 2048 M04,third,,TLSv1.3,True
uxcam.com,Amazon Amazon RSA 2048 M04,third,,TLSv1.3,True
uxfeedback.ru,Let's Encrypt YR2,third,,TLSv1.3,True
uxzw.club,unknown,unknown,,unknown,False
uymgg1.com,Google Trust Services WE1,third,,TLSv1.3,True
v-videoapp.com,Google Trust Services WR1,third,,TLSv1.2,True
v2006.com,Google Trust Services WE1,third,,TLSv1.3,True
v2ex.com,Let's Encrypt YE1,third,,TLSv1.3,True
v2z.ru,unknown,unknown,,unknown,False
va.gov,Sectigo Limited Sectigo Public Server Authentication CA DV R36,third,,TLSv1.2,True
vaicore.site,unknown,unknown,,unknown,False
vaicore.store,unknown,unknown,,unknown,False
valuecommerce.com,unknown,unknown,,unknown,False
valve.net,unknown,unknown,,unknown,False
vanguard.com,Let's Encrypt YR1,third,,TLSv1.3,True
vanitycore.co,unknown,unknown,,unknown,False
vansound.com,DigiCert Inc RapidSSL TLS RSA CA G1,third,,TLSv1.3,True
vanta.com,Google Trust Services WE1,third,,TLSv1.3,True
vantage-markets.com,Google Trust Services WE1,third,,TLSv1.3,True
varify.io,Google Trust Services WE1,third,,TLSv1.3,True
varzesh3.com,Asseco Data Systems S.A. Certum DV TLS G2 R39 CA,third,,TLSv1.3,True
vasdgame.com,unknown,unknown,,unknown,False
vaultdcr.com,Amazon Amazon RSA 2048 M04,third,,TLSv1.3,True
vaxilu.com,unknown,unknown,,unknown,False
vb1kivdlvc.com,unknown,unknown,,unknown,False
vbnmhjlp.com,unknown,unknown,,unknown,False
vbrickrev.com,unknown,unknown,,unknown,False
vbrtex.cc,unknown,unknown,,unknown,False
vc.ru,Let's Encrypt YE1,third,,TLSv1.3,True
vcdn.biz,infrastructure,infrastructure,,unknown,False
vcmdiawe.com,Sectigo Limited Sectigo Public Server Authentication CA DV R36,third,,TLSv1.3,True
vdo.ai,Google Trust Services WE1,third,,TLSv1.3,True
vecdnlb.com,infrastructure,infrastructure,,unknown,False
vecteezy.com,Google Trust Services WE1,third,,TLSv1.3,True
vectorstock.com,Amazon Amazon RSA 2048 M04,third,,TLSv1.3,True
vedcdnlb.com,infrastructure,infrastructure,,unknown,False
veeam.com,Amazon Amazon RSA 2048 M01,third,,TLSv1.3,True
vegslb.com,unknown,unknown,,unknown,False
velocityweather.com,unknown,unknown,,unknown,False
venatusmedia.com,Let's Encrypt YR1,third,,TLSv1.3,True
vencord.dev,Google Trust Services WE1,third,,TLSv1.3,True
venmo.com,DigiCert Inc DigiCert EV RSA CA G2,third,,TLSv1.3,True
ventusky.com,Google Trust Services WE1,third,,TLSv1.3,True
veonadx.com,Sectigo Limited Sectigo Public Server Authentication CA DV R36,third,,TLSv1.3,True
vercel-dns-016.com,Let's Encrypt YR1,third,,TLSv1.3,True
vercel-dns-017.com,Let's Encrypt YR2,third,,TLSv1.3,True
vercel-dns.com,Let's Encrypt YR2,third,,TLSv1.3,True
vercel.app,Google Trust Services WR1,third,,TLSv1.3,True
vercel.com,Let's Encrypt YR2,third,,TLSv1.3,True
verifone.com,Google Trust Services WE1,third,,TLSv1.3,True
verifonehq.net,unknown,unknown,,unknown,False
verint-cdn.com,infrastructure,infrastructure,,unknown,False
veripages.com,Google Trust Services WE1,third,,TLSv1.3,True
verisign-grs.com,unknown,unknown,,unknown,False
verisign.com,DigiCert Inc DigiCert EV RSA CA G2,third,,TLSv1.3,True
verisign.net,DigiCert Inc DigiCert EV RSA CA G2,third,,TLSv1.3,True
verisoul.ai,Google Trust Services WE1,third,,TLSv1.3,True
veritonicmetrics.com,unknown,unknown,,unknown,False
verizon.com,DigiCert Inc DigiCert Global G2 TLS RSA SHA256 2020 CA1,third,,TLSv1.3,True
verizon.net,DigiCert Inc DigiCert Global G2 TLS RSA SHA256 2020 CA1,third,,TLSv1.3,True
verizonwireless.com,DigiCert Inc DigiCert Global G2 TLS RSA SHA256 2020 CA1,third,,TLSv1.2,True
verkada-lan.com,Fortinet Ltd. FortiGate,unknown,,TLSv1.3,True
verkada.com,Amazon Amazon RSA 2048 M04,third,,TLSv1.3,True
vertamedia.com,ZeroSSL GmbH ZeroSSL RSA DV SSL CA 2,third,,TLSv1.3,True
verve.net,unknown,unknown,,unknown,False
vervegroupinc.net,Google Trust Services WR1,third,,TLSv1.3,True
very.co.uk,DigiCert Inc DigiCert EV RSA CA G2,third,,TLSv1.3,True
ves.io,Sectigo Limited Sectigo Public Server Authentication CA DV R36,third,,TLSv1.3,True
vestiairecollective.com,Google Trust Services WE1,third,,TLSv1.3,True
vesync.com,Let's Encrypt YR2,third,,TLSv1.3,True
vevor.com,Amazon Amazon RSA 2048 M04,third,,TLSv1.2,True
vevreen7.com,unknown,unknown,,unknown,False
vewd.com,Let's Encrypt YR2,third,,TLSv1.2,True
vfsglobal.com,DigiCert Inc GeoTrust TLS RSA CA G1,third,,TLSv1.3,True
vg.no,Amazon Amazon RSA 2048 M01,third,,TLSv1.3,True
vgfutu290.com,unknown,unknown,,unknown,False
vgwort.de,Let's Encrypt YR2,third,,TLSv1.3,True
vhx.tv,Google Trust Services WE1,third,,TLSv1.3,True
via.google,Google Trust Services WR2,third,,TLSv1.3,True
via.net,Google Trust Services WR1,third,,TLSv1.3,True
viabtc.io,unknown,unknown,,unknown,False
viadata.store,GlobalSign nv-sa GlobalSign GCC R3 DV TLS CA 2020,third,,TLSv1.3,True
viafoura.co,unknown,unknown,,unknown,False
viafoura.net,unknown,unknown,,unknown,False
viator.com,Certainly Certainly Intermediate R1,third,,TLSv1.3,True
viavarejo.com.br,DigiCert Inc DigiCert Global G3 TLS ECC SHA384 2020 CA1,third,,TLSv1.3,True
vibe.co,Google Trust Services WR1,third,,TLSv1.3,True
viber.com,Amazon Amazon RSA 2048 M01,third,,TLSv1.3,True
vibeshort.live,Alibaba Cloud Computing Ltd. Alibaba Cloud GCC R46 AlphaSSL CA 2025,third,,TLSv1.3,True
vibrantdreamscape.com,Google Trust Services WE1,third,,TLSv1.3,True
vibsery.com,unknown,unknown,,unknown,False
vic.gov.au,Amazon Amazon RSA 2048 M01,third,,TLSv1.3,True
vicohome.io,DigiCert Inc RapidSSL TLS RSA CA G1,third,,TLSv1.2,True
victoriassecret.com,Sectigo Limited Sectigo Public Server Authentication CA OV R36,third,,TLSv1.3,True
victronenergy.com,Let's Encrypt YR2,third,,TLSv1.3,True
vidaahub.com,unknown,unknown,,unknown,False
vidazoo.com,Google Trust Services WE1,third,,TLSv1.3,True
vidazoo.services,unknown,unknown,,unknown,False
vidcrunch.com,Amazon Amazon RSA 2048 M01,third,,TLSv1.3,True
videasy.to,unknown,unknown,,unknown,False
video-mech.ru,Let's Encrypt YR2,third,,TLSv1.3,True
videoamp.com,Let's Encrypt YE2,third,,TLSv1.3,True
videolan.org,Let's Encrypt YE2,third,,TLSv1.3,True
videomate.mobi,ZeroSSL GmbH ZeroSSL RSA DV SSL CA 2,third,,TLSv1.2,True
videonow.ru,Let's Encrypt YE1,third,,TLSv1.3,True
videotron.ca,DigiCert Inc DigiCert Global G2 TLS RSA SHA256 2020 CA1,third,,TLSv1.3,True
videowise.com,Google Trust Services WE1,third,,TLSv1.3,True
videy.co,Google Trust Services WE1,third,,TLSv1.3,True
vidio.com,DigiCert Inc DigiCert Global G2 TLS RSA SHA256 2020 CA1,third,,TLSv1.3,True
vidiq.com,Let's Encrypt YR1,third,,TLSv1.3,True
vidmate.net,ZeroSSL GmbH ZeroSSL RSA DV SSL CA 2,unknown,,TLSv1.2,True
vidmatefilm.org,unknown,unknown,,unknown,False
vidmoly.me,Google Trust Services WE1,third,,TLSv1.3,True
vidoomy.com,Amazon Amazon RSA 2048 M04,third,,TLSv1.3,True
vidverto.io,Google Trust Services WE1,third,,TLSv1.3,True
vidyard.com,Let's Encrypt YE2,third,,TLSv1.3,True
vietjetair.com,Amazon Amazon RSA 2048 M01,third,,TLSv1.2,True
vietnam.vn,Google Trust Services WE1,third,,TLSv1.3,True
viettel.vn,GlobalSign nv-sa GlobalSign RSA OV SSL CA 2018,third,,TLSv1.3,True
viglink.com,Amazon Amazon RSA 2048 M04,third,,TLSv1.2,True
vigo.tech,Let's Encrypt R12,third,,TLSv1.3,True
viki.io,unknown,unknown,,unknown,False
vilykke.com,DigiCert Inc Encryption Everywhere DV TLS CA - G1,third,,TLSv1.3,True
vimeo.com,Google Trust Services WE1,third,,TLSv1.3,True
vimeocdn.com,infrastructure,infrastructure,,unknown,False
vinted.co.uk,Let's Encrypt YR1,third,,TLSv1.3,True
vinted.com,Let's Encrypt YR1,third,,TLSv1.3,True
vinted.fr,Let's Encrypt YR1,third,,TLSv1.3,True
vinted.lt,Let's Encrypt YR1,third,,TLSv1.3,True
vinted.net,unknown,unknown,,unknown,False
violet.vn,GlobalSign nv-sa GlobalSign GCC R6 AlphaSSL CA 2025,third,,TLSv1.2,True
viously.com,Let's Encrypt YR1,third,,TLSv1.3,True
vipor.net,Google Trust Services WE1,third,,TLSv1.3,True
viralize.tv,unknown,unknown,,unknown,False
virgilio.it,Sectigo Limited Sectigo Public Server Authentication CA OV R36,third,,TLSv1.2,True
virginmedia.com,GlobalSign nv-sa GlobalSign GCC R3 DV TLS CA 2020,third,,TLSv1.3,True
virginmediao2.co.uk,GlobalSign nv-sa GlobalSign GCC R3 DV TLS CA 2020,third,,TLSv1.3,True
virtaglobal.com,unknown,unknown,,unknown,False
virtualearth.net,Microsoft Corporation Microsoft TLS G2 RSA CA OCSP 16,third,,TLSv1.3,True
virustotal.com,Google Trust Services WR3,third,,TLSv1.3,True
visa.cn,"CLOUDFLARE, INC. Cloudflare TLS Issuing ECC CA 1",third,,TLSv1.3,True
visa.com,"CLOUDFLARE, INC. Cloudflare TLS Issuing ECC CA 1",third,,TLSv1.3,True
vishavideo.com,DigiCert Inc Encryption Everywhere DV TLS CA - G2,third,,TLSv1.3,True
visiblemeasures.com,Amazon Amazon RSA 2048 M01,third,,TLSv1.3,True
visionheight.com,Google Trust Services WE1,third,,TLSv1.3,True
visitor-analytics.io,Let's Encrypt YR1,third,,TLSv1.3,True
vista.com,GlobalSign nv-sa GlobalSign RSA OV SSL CA 2018,third,,TLSv1.3,True
vistarmedia.com,Amazon Amazon RSA 2048 M01,third,,TLSv1.3,True
vistarsagency.com,Google Trust Services WE1,third,,TLSv1.3,True
visually-io.com,unknown,unknown,,unknown,False
visualstudio.com,Microsoft Corporation Microsoft TLS G2 RSA CA OCSP 02,third,,TLSv1.3,True
visualwebsiteoptimizer.com,Let's Encrypt YR1,third,,TLSv1.3,True
visx.net,unknown,unknown,,unknown,False
vitals.app,Google Trust Services WE1,third,,TLSv1.3,True
viu.com,GlobalSign nv-sa GlobalSign GCC R3 EV TLS CA 2025,third,,TLSv1.3,True
vivaldi.com,Google Trust Services WE1,third,,TLSv1.3,True
vivaldi.net,Google Trust Services WE1,third,,TLSv1.3,True
vividseats.com,Let's Encrypt E8,third,,TLSv1.3,True
vividshort.com,Amazon Amazon RSA 2048 M04,third,,TLSv1.3,True
vivint.ai,unknown,unknown,,unknown,False
vivintsky.com,DigiCert Inc DigiCert Global G2 TLS RSA SHA256 2020 CA1,third,,TLSv1.3,True
vivo.com,"DigiCert, Inc. DigiCert Secure Site OV G2 TLS CN RSA4096 SHA256 2022 CA1",third,,TLSv1.2,True
vivo.com.br,Valid Certificadora Digital LTDA Valid Certificadora RSA OV SSL CA 2,third,,TLSv1.3,True
vivo.com.cn,"DigiCert, Inc. DigiCert Secure Site OV G2 TLS CN RSA4096 SHA256 2022 CA1",third,,TLSv1.2,True
vivoglobal.com,"DigiCert, Inc. DigiCert Secure Site OV G2 TLS CN RSA4096 SHA256 2022 CA1",third,,TLSv1.2,True
vivox.com,DigiCert Inc DigiCert Global G2 TLS RSA SHA256 2020 CA1,third,,TLSv1.2,True
vix-content.net,Google Trust Services WE1,third,,TLSv1.3,True
vix.com,GlobalSign nv-sa GlobalSign Atlas R3 DV TLS CA 2025 Q4,third,,TLSv1.3,True
vizio.com,Google Trust Services WE1,third,,TLSv1.3,True
vizvaz.com,unknown,unknown,,unknown,False
vk-analytics.ru,unknown,unknown,,unknown,False
vk-apps.com,Let's Encrypt R13,third,,TLSv1.2,True
vk-cdn.net,infrastructure,infrastructure,,unknown,False
vk-portal.net,VK VK interm CA,unknown,,TLSv1.3,True
vk.com,Google Trust Services WR1,third,,TLSv1.3,True
vk.me,Google Trust Services WR1,third,,TLSv1.3,True
vk.ru,Let's Encrypt YR2,third,,TLSv1.3,True
vkcs.cloud,unknown,unknown,,unknown,False
vkplay.ru,Hellenic Academic and Research Institutions CA HARICA DV TLS RSA,third,,TLSv1.3,True
vkuser.net,unknown,unknown,,unknown,False
vkuseraudio.net,Hellenic Academic and Research Institutions CA HARICA DV TLS RSA,third,,TLSv1.3,True
vkuseraudio.ru,Hellenic Academic and Research Institutions CA HARICA DV TLS RSA,third,,TLSv1.3,True
vkuserphoto.ru,Hellenic Academic and Research Institutions CA HARICA DV TLS RSA,third,,TLSv1.3,True
vkusvill.ru,GlobalSign nv-sa GlobalSign RSA OV SSL CA 2018,third,,TLSv1.3,True
vkvideo.ru,Hellenic Academic and Research Institutions CA HARICA DV TLS RSA,third,,TLSv1.3,True
vlex.com,Amazon Amazon RSA 2048 M04,third,,TLSv1.3,True
vlibras.gov.br,Amazon Amazon RSA 2048 M01,third,,TLSv1.3,True
vlitag.com,unknown,unknown,,unknown,False
vllm.ai,Let's Encrypt YR2,third,,TLSv1.3,True
vlogerads.com,ZeroSSL GmbH ZeroSSL ECC DV SSL CA 2,third,,TLSv1.2,True
vlyby.com,Let's Encrypt R13,third,,TLSv1.3,True
vmailru.net,Let's Encrypt R13,third,,TLSv1.3,True
vmsproxy.com,unknown,unknown,,unknown,False
vmware.com,DigiCert Inc DigiCert Global G2 TLS RSA SHA256 2020 CA1,third,,TLSv1.2,True
vnggames.com,DigiCert Inc DigiCert Global G2 TLS RSA SHA256 2020 CA1,third,,TLSv1.3,True
vniiftri.ru,Let's Encrypt R12,third,,TLSv1.3,True
vnnox.com,DigiCert Inc Encryption Everywhere DV TLS CA - G2,third,,TLSv1.2,True
vntsm.com,unknown,unknown,,unknown,False
vntsm.io,unknown,unknown,,unknown,False
vocapp.com,Let's Encrypt YE1,third,,TLSv1.2,True
vodafone.com,DigiCert Inc DigiCert Global G2 TLS RSA SHA256 2020 CA1,third,,TLSv1.2,True
vodafone.de,DigiCert Inc DigiCert Global G2 TLS RSA SHA256 2020 CA1,third,,TLSv1.3,True
vodupload.com,unknown,unknown,,unknown,False
voeazul.com.br,DigiCert Inc DigiCert Global G3 TLS ECC SHA384 2020 CA1,third,,TLSv1.3,True
voghion.com,Google Trust Services WE1,third,,TLSv1.3,True
vogue.com,Amazon Amazon RSA 2048 M04,third,,TLSv1.3,True
voicecloud.cn,GlobalSign nv-sa GlobalSign RSA OV SSL CA 2018,third,,TLSv1.2,True
voicemaker.media,DigiCert Inc Encryption Everywhere DV TLS CA - G2,third,,TLSv1.2,True
voicemod.net,DigiCert Inc DigiCert Global G2 TLS RSA SHA256 2020 CA1,third,,TLSv1.3,True
voip.ms,Google Trust Services WE1,third,,TLSv1.2,True
voiparound.com,Let's Encrypt YE2,third,,TLSv1.3,True
voipbuster.com,Google Trust Services WE1,third,,TLSv1.3,True
voipdnsservers.com,unknown,unknown,,unknown,False
voipgate.com,Let's Encrypt YR2,third,,TLSv1.3,True
voipstunt.com,Google Trust Services WE1,third,,TLSv1.3,True
voisetech.com,Let's Encrypt YR2,third,,TLSv1.3,True
volccdn.com,infrastructure,infrastructure,,unknown,False
volceapplog.com,unknown,unknown,,unknown,False
volces.com,unknown,unknown,,unknown,False
volcfcdndvs.com,infrastructure,infrastructure,,unknown,False
volcfcdndvs1.com,infrastructure,infrastructure,,unknown,False
volcgslb.com,unknown,unknown,,unknown,False
volcgtm.com,unknown,unknown,,unknown,False
volcmcdn3.com,infrastructure,infrastructure,,unknown,False
volcvideo.com,unknown,unknown,,unknown,False
volcvideos.com,unknown,unknown,,unknown,False
volcvod.com,unknown,unknown,,unknown,False
voltaxam.com,unknown,unknown,,unknown,False
voltaxservices.io,unknown,unknown,,unknown,False
volvocars.com,Let's Encrypt YE1,third,,TLSv1.3,True
volza.com,Google Trust Services WE1,third,,TLSv1.3,True
vonage.com,Amazon Amazon RSA 2048 M01,third,,TLSv1.3,True
vonedge.com,unknown,unknown,,unknown,False
voodoo-adn.com,unknown,unknown,,unknown,False
voodoo-gaming.io,unknown,unknown,,unknown,False
voodoo-tech.io,unknown,unknown,,unknown,False
vorwerk-digital.com,unknown,unknown,,unknown,False
voskhod.ru,GlobalSign nv-sa GlobalSign GCC R3 DV TLS CA 2020,third,,TLSv1.3,True
voxexchange.io,Sectigo Limited Sectigo Public Server Authentication CA DV R36,third,,TLSv1.3,True
voximplant.com,DigiCert Inc RapidSSL TLS RSA CA G1,third,,TLSv1.3,True
voxo.co,Let's Encrypt YE1,third,,TLSv1.3,True
voxus.com.br,Let's Encrypt YE2,third,,TLSv1.3,True
voxus.tv,Google Trust Services WE1,third,,TLSv1.3,True
vps-vids.com,Google Trust Services WE1,third,,TLSv1.2,True
vpsvc.com,unknown,unknown,,unknown,False
vrbo.com,DigiCert Inc DigiCert Global G3 TLS ECC SHA384 2020 CA1,third,,TLSv1.3,True
vrchat.cloud,unknown,unknown,,unknown,False
vrt.be,Amazon Amazon RSA 2048 M01,third,,TLSv1.2,True
vrtcal.com,DigiCert Inc DigiCert Global G3 TLS ECC SHA384 2020 CA1,third,,TLSv1.3,True
vsassets.io,unknown,unknown,,unknown,False
vsco.co,Google Trust Services WE1,third,,TLSv1.3,True
vscode-cdn.net,infrastructure,infrastructure,,unknown,False
vsekolesa.ru,Let's Encrypt E7,third,,TLSv1.3,True
vshow-live.com,unknown,unknown,,unknown,False
vshowapi.com,unknown,unknown,,unknown,False
vstserv.com,unknown,unknown,,unknown,False
vtb.ru,unknown,unknown,,unknown,False
vtex.com,Let's Encrypt YR2,third,,TLSv1.3,True
vtex.com.br,Let's Encrypt R13,third,,TLSv1.3,True
vtexassets.com,Amazon Amazon RSA 2048 M01,third,,TLSv1.3,True
vteximg.com.br,Amazon Amazon RSA 2048 M01,third,,TLSv1.3,True
vtuner.com,Sectigo Limited Sectigo Public Server Authentication CA OV R36,third,,TLSv1.2,True
vtwenty.com,unknown,unknown,,unknown,False
vu.edu.au,DigiCert Inc DigiCert Global G2 TLS RSA SHA256 2020 CA1,third,,TLSv1.3,True
vudu.com,DigiCert Inc DigiCert Global G3 TLS ECC SHA384 2020 CA1,third,,TLSv1.3,True
vueling.com,DigiCert Inc DigiCert Global G3 TLS ECC SHA384 2020 CA1,third,,TLSv1.3,True
vultr.com,Sectigo Limited Sectigo Public Server Authentication CA DV R36,third,,TLSv1.3,True
vultrusercontent.com,unknown,unknown,,unknown,False
vungle.com,Let's Encrypt YE1,third,,TLSv1.3,True
vuukle.com,Google Trust Services WE1,third,,TLSv1.3,True
vwg-connect.com,unknown,unknown,,unknown,False
vwgroup.io,unknown,unknown,,unknown,False
vwr.com,Entrust Limited Entrust DV TLS Issuing RSA CA 2,third,,TLSv1.2,True
vynbszicd.com,unknown,unknown,,unknown,False
vzw.com,DigiCert Inc DigiCert Global G2 TLS RSA SHA256 2020 CA1,third,,TLSv1.2,True
vzwfemto.com,unknown,unknown,,unknown,False
vzwwo.com,unknown,unknown,,unknown,False
w-x.co,unknown,unknown,,unknown,False
w.org,Let's Encrypt YE2,third,,TLSv1.3,True
w3.org,Google Trust Services WE1,third,,TLSv1.3,True
w390.net,unknown,unknown,,unknown,False
w3schools.com,Amazon Amazon RSA 2048 M01,third,,TLSv1.2,True
w55c.net,Amazon Amazon RSA 2048 M04,third,,TLSv1.3,True
wa.me,DigiCert Inc DigiCert Global G2 TLS RSA SHA256 2020 CA1,third,,TLSv1.3,True
wac-dc-msedge.net,unknown,unknown,,unknown,False
wac-msedge.net,unknown,unknown,,unknown,False
wal.co,GlobalSign nv-sa GlobalSign GCC R46 OV TLS CA 2025,third,,TLSv1.2,True
walgreens.com,DigiCert Inc DigiCert Global G3 TLS ECC SHA384 2020 CA1,third,,TLSv1.3,True
wali.com,"GoDaddy.com, Inc. Go Daddy Secure Certificate Authority - G2",third,,TLSv1.2,True
walkme.com,Sectigo Limited Sectigo Public Server Authentication CA DV R36,third,,TLSv1.3,True
wall-box.com,unknown,unknown,,unknown,False
wallapop.com,Amazon Amazon RSA 2048 M01,third,,TLSv1.3,True
walletbot.me,DigiCert Inc DigiCert Global G3 TLS ECC SHA384 2020 CA1,third,,TLSv1.3,True
walletconnect.com,Google Trust Services WE1,third,,TLSv1.3,True
walletconnect.org,Google Trust Services WE1,third,,TLSv1.3,True
wallpapers.com,Let's Encrypt YR2,third,,TLSv1.3,True
walmart.ca,GlobalSign nv-sa GlobalSign GCC R46 OV TLS CA 2025,third,,TLSv1.3,True
walmart.com,GlobalSign nv-sa GlobalSign GCC E46 OV TLS CA 2025,third,,TLSv1.3,True
walmart.com.mx,GlobalSign nv-sa GlobalSign RSA OV SSL CA 2018,third,,TLSv1.3,True
walmartimages.com,unknown,unknown,,unknown,False
wanadoo.es,unknown,unknown,,unknown,False
wanadoo.fr,DigiCert Inc DigiCert Global G2 TLS RSA SHA256 2020 CA1,third,,TLSv1.3,True
wand.com,Google Trust Services WE1,third,,TLSv1.3,True
wandera.com,Amazon Amazon RSA 2048 M04,third,,TLSv1.3,True
wandzapi.com,unknown,unknown,,unknown,False
wangsu.com,GlobalSign nv-sa GlobalSign RSA OV SSL CA 2018,third,,TLSv1.2,True
wantfunny.net,unknown,unknown,,unknown,False
waplog.com,Google Trust Services WE1,third,,TLSv1.3,True
wareztv.io,unknown,unknown,,unknown,False
warframe.com,DigiCert Inc DigiCert Global G3 TLS ECC SHA384 2020 CA1,third,,TLSv1.3,True
warframe.market,Let's Encrypt YE1,third,,TLSv1.3,True
wargaming.net,DigiCert Inc DigiCert Global G2 TLS RSA SHA256 2020 CA1,third,,TLSv1.3,True
warnermediacdn.com,infrastructure,infrastructure,,unknown,False
warp.dev,Google Trust Services WR3,third,,TLSv1.3,True
warp90.com,Let's Encrypt YR1,third,,TLSv1.3,True
warthunder.com,DigiCert Inc GeoTrust TLS RSA CA G1,third,,TLSv1.3,True
wasabisys.com,DigiCert Inc DigiCert Global G2 TLS RSA SHA256 2020 CA1,third,,TLSv1.3,True
washington.edu,"InCommon, LLC InCommon RSA OV SSL CA 3",third,,TLSv1.3,True
washingtonpost.com,Entrust Limited Entrust OV TLS Issuing RSA CA 2,third,,TLSv1.3,True
watchguard.com,DigiCert Inc DigiCert Global G2 TLS RSA SHA256 2020 CA1,third,,TLSv1.3,True
waterstones.com,Corporation Service Company Corporation Service Company RSA OV SSL CA,third,,TLSv1.3,True
wattpad.com,Amazon Amazon RSA 2048 M04,third,,TLSv1.3,True
waust.at,Google Trust Services WE1,third,,TLSv1.3,True
wavebrowserbase.com,Amazon Amazon RSA 2048 M04,third,,TLSv1.2,True
wavevms.com,Let's Encrypt YR2,third,,TLSv1.3,True
waw.pl,Let's Encrypt YE2,third,,TLSv1.3,True
wayfair.com,Let's Encrypt YE2,third,,TLSv1.3,True
waze.com,Google Trust Services WR3,private,,TLSv1.3,True
wazuh.com,Amazon Amazon RSA 2048 M04,third,,TLSv1.3,True
wb.ru,Let's Encrypt YE2,third,,TLSv1.3,True
wbagora.com,unknown,unknown,,unknown,False
wbbasket.ru,unknown,unknown,,unknown,False
wbcontent.net,unknown,unknown,,unknown,False
wbd.ms,Microsoft Corporation Microsoft TLS G2 RSA CA OCSP 10,private,,TLSv1.2,True
wbinsights.com,GlobalSign nv-sa GlobalSign Atlas R3 OV TLS CA 2025 Q2,third,,TLSv1.3,True
wbx2.com,unknown,unknown,,unknown,False
wcacloudapi.net,unknown,unknown,,unknown,False
wcdnga.com,infrastructure,infrastructure,,unknown,False
wdckeystone.com,Amazon Amazon RSA 2048 M04,third,,TLSv1.3,True
we-api.com,unknown,unknown,,unknown,False
we-stats.com,unknown,unknown,,unknown,False
weather.com,DigiCert Inc DigiCert Global G3 TLS ECC SHA384 2020 CA1,third,,TLSv1.3,True
weather.gov,Let's Encrypt R13,third,,TLSv1.3,True
weather2024.com,Let's Encrypt YR2,third,,TLSv1.3,True
weatherapi.com,Let's Encrypt YR1,third,,TLSv1.3,True
weatherbug.com,Amazon Amazon RSA 2048 M01,third,,TLSv1.3,True
weatherbug.net,Amazon Amazon RSA 2048 M01,third,,TLSv1.3,True
weathercn.com,DigiCert Inc DigiCert Global G2 TLS RSA SHA256 2020 CA1,third,,TLSv1.2,True
weatherfx.com,Sectigo Limited Sectigo Public Server Authentication CA OV R36,third,,TLSv1.2,True
weatherlive.world,Google Trust Services WE1,third,,TLSv1.3,True
weatherspark.com,Amazon Amazon RSA 2048 M04,third,,TLSv1.3,True
weatherwidget.io,Google Trust Services WE1,third,,TLSv1.3,True
weavephone.net,unknown,unknown,,unknown,False
web.app,Google Trust Services WR4,third,,TLSv1.3,True
web.de,Deutsche Telekom Security GmbH Telekom Security ServerID OV Class 2 CA,unknown,,TLSv1.3,True
web.id,unknown,unknown,,unknown,False
web3modal.org,Google Trust Services WE1,third,,TLSv1.3,True
webcollage.net,unknown,unknown,,unknown,False
webcontentassessor.com,Amazon Amazon RSA 2048 M01,third,,TLSv1.3,True
webengage.com,Amazon Amazon RSA 2048 M01,third,,TLSv1.3,True
webex.com,IdenTrust HydrantID Server CA O1,third,,TLSv1.2,True
webflow.com,Amazon Amazon RSA 2048 M01,third,,TLSv1.3,True
webflow.io,Amazon Amazon RSA 2048 M01,third,,TLSv1.3,True
webls.net,Google Trust Services WE1,third,,TLSv1.3,True
webmail-seguro.com.br,GlobalSign nv-sa GlobalSign GCC R6 AlphaSSL CA 2025,third,,TLSv1.3,True
webmd.com,Let's Encrypt YR2,third,,TLSv1.2,True
webmotors.com.br,Amazon Amazon RSA 2048 M01,third,,TLSv1.3,True
webnovel.com,"DigiCert, Inc. GeoTrust G2 TLS CN RSA4096 SHA256 2022 CA1",third,,TLSv1.3,True
weborama-tech.ru,GlobalSign nv-sa GlobalSign GCC R6 AlphaSSL CA 2025,third,,TLSv1.3,True
weborama.fr,Google Trust Services WE1,third,,TLSv1.3,True
webpushr.com,Sectigo Limited Sectigo Public Server Authentication CA DV R36,third,,TLSv1.2,True
webrootanywhere.com,Amazon Amazon RSA 2048 M04,third,,TLSv1.2,True
webrootcloudav.com,Amazon Amazon RSA 2048 M04,third,,TLSv1.2,True
websense.com,Sectigo Limited Sectigo Public Server Authentication CA OV R36,third,,TLSv1.3,True
webshare.io,Let's Encrypt YE1,third,,TLSv1.3,True
website-files.com,unknown,unknown,,unknown,False
websitewelcome.com,Let's Encrypt YR1,third,,TLSv1.3,True
webstaurantstore.com,Google Trust Services WE1,third,,TLSv1.3,True
webtoons.com,DigiCert Inc DigiCert Global G3 TLS ECC SHA384 2020 CA1,third,,TLSv1.3,True
webullfinance.com,unknown,unknown,,unknown,False
webullfintech.com,DigiCert Inc GeoTrust TLS RSA CA G1,third,,TLSv1.2,True
webvisor.com,GlobalSign nv-sa GlobalSign RSA OV SSL CA 2018,third,,TLSv1.3,True
webvisor.org,unknown,unknown,,unknown,False
wechat.com,"DigiCert, Inc. DigiCert Secure Site OV G2 TLS CN RSA4096 SHA256 2022 CA1",third,,TLSv1.3,True
wechatpay.cn,"DigiCert, Inc. DigiCert Secure Site OV G2 TLS CN RSA4096 SHA256 2022 CA1",third,,TLSv1.2,True
weebly.com,Let's Encrypt YE1,third,,TLSv1.3,True
weerrhoop.cc,unknown,unknown,,unknown,False
weglot.com,Google Trust Services WE1,third,,TLSv1.3,True
wego.com,Google Trust Services WE1,third,,TLSv1.3,True
weibo.cn,"DigiCert, Inc. GeoTrust G2 TLS CN RSA4096 SHA256 2022 CA1",third,,TLSv1.2,True
weibo.com,"DigiCert, Inc. GeoTrust G2 TLS CN RSA4096 SHA256 2022 CA1",third,,TLSv1.2,True
weibocdn.com,infrastructure,infrastructure,,unknown,False
weichert.com,DigiCert Inc DigiCert Global G2 TLS RSA SHA256 2020 CA1,third,,TLSv1.3,True
weixin.com,"DigiCert, Inc. DigiCert Secure Site OV G2 TLS CN RSA4096 SHA256 2022 CA1",third,,TLSv1.3,True
weixinbridge.com,unknown,unknown,,unknown,False
wejoysg.com,GlobalSign nv-sa GlobalSign GCC R3 DV TLS CA 2020,third,,TLSv1.3,True
wellsfargo.com,Wells Fargo & Company Wells Fargo Public Trust Certification Authority 01 G2,third,,TLSv1.3,True
wellsfargomedia.com,DigiCert Inc DigiCert Global G2 TLS RSA SHA256 2020 CA1,third,,TLSv1.3,True
welt.de,Amazon Amazon RSA 2048 M04,third,,TLSv1.2,True
wemod.com,Google Trust Services WE1,third,,TLSv1.3,True
wemuslim.com,DigiCert Inc Encryption Everywhere DV TLS CA - G2,third,,TLSv1.3,True
wenjuan.com,DigiCert Inc RapidSSL TLS RSA CA G1,third,,TLSv1.2,True
wenxuecity.com,Google Trust Services WR3,third,,TLSv1.3,True
weplayapp.com,GlobalSign nv-sa GlobalSign GCC R3 DV TLS CA 2020,third,,TLSv1.3,True
weplayer.cc,unknown,unknown,,unknown,False
wepzone.net,Let's Encrypt YE2,third,,TLSv1.3,True
wetest.net,GlobalSign nv-sa GlobalSign Atlas R3 OV TLS CA 2026 Q2,third,,TLSv1.2,True
wetransfer.com,Amazon Amazon RSA 2048 M01,third,,TLSv1.3,True
wetransfer.net,unknown,unknown,,unknown,False
wetter.com,Amazon Amazon RSA 2048 M01,third,,TLSv1.2,True
wetteronline.de,Amazon Amazon RSA 2048 M04,third,,TLSv1.3,True
wetvinfo.com,Internet Widgits Pty Ltd *.com,unknown,,TLSv1.2,True
wevpstatic.net,unknown,unknown,,unknown,False
wf.com,Wells Fargo & Company Wells Fargo Public Trust Certification Authority 01 G2,third,,TLSv1.3,True
wfcdn.com,infrastructure,infrastructure,,unknown,False
wgcdn.co,infrastructure,infrastructure,,unknown,False
wgkonnect.com,unknown,unknown,,unknown,False
wgnetworking.com,unknown,unknown,,unknown,False
wgosd.com,unknown,unknown,,unknown,False
whaledb.io,unknown,unknown,,unknown,False
whatfix.com,"GoDaddy.com, Inc. Go Daddy Secure Certificate Authority - G2",third,,TLSv1.3,True
whatismyip.com,Google Trust Services WE1,third,,TLSv1.3,True
whatismyip.host,Let's Encrypt YR1,third,,TLSv1.3,True
whatismyipaddress.com,Google Trust Services WE1,third,,TLSv1.3,True
whatnot.com,Google Trust Services WE1,third,,TLSv1.3,True
whatsapp.com,DigiCert Inc DigiCert Global G2 TLS RSA SHA256 2020 CA1,third,,TLSv1.3,True
whatsapp.net,DigiCert Inc DigiCert Global G2 TLS RSA SHA256 2020 CA1,third,,TLSv1.3,True
whatspos.com,Amazon Amazon RSA 2048 M01,third,,TLSv1.3,True
whauvegrimes.cyou,ZeroSSL GmbH ZeroSSL RSA DV SSL CA 2,third,,TLSv1.3,True
whecloud.com,unknown,unknown,,unknown,False
wheelroot.com,Let's Encrypt YE2,third,,TLSv1.3,True
whiskergalaxy.com,unknown,unknown,,unknown,False
whitebit.com,Google Trust Services WE1,third,,TLSv1.3,True
whitebluerights.com,unknown,unknown,,unknown,False
whiteboard.ms,Microsoft Corporation Microsoft TLS G2 RSA CA OCSP 10,private,,TLSv1.2,True
whitei.net,Hellenic Academic and Research Institutions CA HARICA DV TLS RSA,third,,TLSv1.3,True
who.int,Google Trust Services WE1,third,,TLSv1.3,True
whois.co.kr,Sectigo Limited Sectigo RSA Domain Validation Secure Server CA,third,,TLSv1.3,True
whoop.com,Google Trust Services WE1,third,,TLSv1.3,True
whoosh.bike,Let's Encrypt YR2,third,,TLSv1.3,True
whwz8187o.com,unknown,unknown,,unknown,False
widen.net,Amazon Amazon RSA 2048 M04,third,,TLSv1.3,True
widerplanet.com,Amazon Amazon RSA 2048 M01,third,,TLSv1.2,True
widgetable.net,Amazon Amazon ECDSA 256 M04,third,,TLSv1.3,True
wikaba.com,unknown,unknown,,unknown,False
wiki.gg,Google Trust Services WE1,third,,TLSv1.3,True
wiki2.org,Google Trust Services WE1,third,,TLSv1.2,True
wikia-services.com,Let's Encrypt YE1,third,,TLSv1.3,True
wikibooks.org,Let's Encrypt YE1,third,,TLSv1.3,True
wikidata.org,Let's Encrypt YE1,third,,TLSv1.3,True
wikidot.com,Sectigo Limited Sectigo Public Server Authentication CA DV E36,third,,TLSv1.3,True
wikihow.com,Certainly Certainly Intermediate R1,third,,TLSv1.3,True
wikiloc.com,Google Trust Services WE1,third,,TLSv1.3,True
wikimedia.org,Let's Encrypt YE1,third,,TLSv1.3,True
wikipedia.com,Let's Encrypt YE2,third,,TLSv1.3,True
wikipedia.org,Let's Encrypt YE1,third,,TLSv1.3,True
wikirank.net,Let's Encrypt YR1,third,,TLSv1.3,True
wikisource.org,Let's Encrypt YE1,third,,TLSv1.3,True
wikiversity.org,Let's Encrypt YE1,third,,TLSv1.3,True
wikivoyage.org,Let's Encrypt YE1,third,,TLSv1.3,True
wiktionary.org,Let's Encrypt YE1,third,,TLSv1.3,True
wildberries.ru,Let's Encrypt YR2,third,,TLSv1.3,True
wildixin.com,unknown,unknown,,unknown,False
wildlifestudios.com,Amazon Amazon RSA 2048 M01,third,,TLSv1.2,True
wiley.com,DigiCert Inc DigiCert Global G2 TLS RSA SHA256 2020 CA1,third,,TLSv1.3,True
williamhill.com,Amazon Amazon RSA 2048 M01,third,,TLSv1.3,True
windows-ppe.net,unknown,unknown,,unknown,False
windows.com,Microsoft Corporation Microsoft TLS G2 RSA CA OCSP 04,private,,TLSv1.3,True
windows.net,Microsoft Corporation Microsoft TLS G2 RSA CA OCSP 16,private,,TLSv1.3,True
windows.us,Microsoft Corporation Microsoft TLS G2 RSA CA OCSP 16,unknown,,TLSv1.3,True
windowsazure.com,Microsoft Corporation Microsoft TLS G2 RSA CA OCSP 04,private,,TLSv1.3,True
windowsupdate.com,unknown,unknown,,unknown,False
windscribe.com,Google Trust Services WE1,third,,TLSv1.3,True
windstream.net,Sectigo Limited Sectigo Public Server Authentication CA OV R36,third,,TLSv1.3,True
windsurf.com,Let's Encrypt YR2,third,,TLSv1.3,True
windy.com,Google Trust Services WR3,third,,TLSv1.3,True
winline.ru,GlobalSign nv-sa GlobalSign GCC R3 DV TLS CA 2020,third,,TLSv1.2,True
winudf.com,Google Trust Services WE1,third,,TLSv1.3,True
wiodo.tech,WoTrus CA Limited WoTrus DV Server CA  [Run by the Issuer],unknown,,TLSv1.2,True
wipo.int,DigiCert Inc Thawte TLS RSA CA G1,third,,TLSv1.2,True
wired.com,Amazon Amazon RSA 2048 M04,third,,TLSv1.3,True
wireguard.com,Let's Encrypt YE2,third,,TLSv1.3,True
wirevpn.app,Google Trust Services WE1,third,,TLSv1.3,True
wisc.edu,Let's Encrypt YR2,third,,TLSv1.3,True
wise.com,DigiCert Inc DigiCert Global G2 TLS RSA SHA256 2020 CA1,third,,TLSv1.3,True
wiselg.com,unknown,unknown,,unknown,False
wisepops.com,Google Trust Services WE1,third,,TLSv1.3,True
wisepops.net,Google Trust Services WE1,third,,TLSv1.3,True
wisprflow.ai,Google Trust Services WE1,third,,TLSv1.3,True
wistia.com,GlobalSign nv-sa GlobalSign Atlas R3 DV TLS CA 2025 Q4,third,,TLSv1.3,True
wistia.net,unknown,unknown,,unknown,False
withbuddies.com,Amazon Amazon RSA 2048 M01,third,,TLSv1.3,True
withgoogle.com,Google Trust Services WE2,private,,TLSv1.3,True
withpersona.com,Google Trust Services WE1,third,,TLSv1.3,True
wix.com,Let's Encrypt YR2,third,,TLSv1.3,True
wixapps.net,Let's Encrypt YR2,third,,TLSv1.3,True
wixdns.net,Google Trust Services WR1,third,,TLSv1.3,True
wixmp.com,Let's Encrypt YR1,third,,TLSv1.3,True
wixsite.com,Let's Encrypt YR1,third,,TLSv1.3,True
wixstatic.com,unknown,unknown,,unknown,False
wiz.cn,DigiCert Inc RapidSSL TLS RSA CA G1,third,,TLSv1.2,True
wiz.io,Let's Encrypt YR2,third,,TLSv1.3,True
wiz.world,Let's Encrypt YE1,third,,TLSv1.3,True
wizzair.com,Amazon Amazon RSA 2048 M04,third,,TLSv1.3,True
wklcdn.com,infrastructure,infrastructure,,unknown,False
wknd.ai,unknown,unknown,,unknown,False
wlvpn.com,Google Trust Services WE1,third,,TLSv1.3,True
wn.com,Let's Encrypt R13,third,,TLSv1.3,True
wo-cloud.com,Amazon Amazon RSA 2048 M04,third,,TLSv1.3,True
wo.cn,unknown,unknown,,unknown,False
wolt.com,Amazon Amazon RSA 2048 M01,third,,TLSv1.3,True
wonderpush.com,Google Trust Services WR3,third,,TLSv1.3,True
wondershare.cc,DigiCert Inc RapidSSL TLS RSA CA G1,third,,TLSv1.2,True
wondershare.com,"DigiCert, Inc. GeoTrust G2 TLS CN RSA4096 SHA256 2022 CA1",third,,TLSv1.2,True
wooga.com,Google Trust Services WE1,third,,TLSv1.3,True
woolypooly.com,Google Trust Services WE1,third,,TLSv1.3,True
wootric.com,Let's Encrypt YE2,third,,TLSv1.3,True
wordfence.com,Amazon Amazon RSA 2048 M01,third,,TLSv1.3,True
wordpress.com,Let's Encrypt YE2,third,,TLSv1.3,True
wordreference.com,Let's Encrypt YE1,third,,TLSv1.3,True
wordunscrambler.net,Google Trust Services WE1,third,,TLSv1.3,True
wordwall.net,DigiCert Inc GeoTrust TLS RSA CA G1,third,,TLSv1.3,True
workday.com,DigiCert Inc DigiCert Global G2 TLS RSA SHA256 2020 CA1,third,,TLSv1.3,True
workdeadlinededicate.com,Let's Encrypt YR1,third,,TLSv1.2,True
workers.dev,Google Trust Services WE1,third,,TLSv1.3,True
workplace.com,DigiCert Inc DigiCert Global G2 TLS RSA SHA256 2020 CA1,third,,TLSv1.3,True
workspaceone.com,Amazon Amazon RSA 2048 M01,third,,TLSv1.3,True
workwelltech.com,Let's Encrypt YR2,third,,TLSv1.3,True
world-of-uniforms.de,Sectigo Limited Sectigo Public Server Authentication CA DV R36,third,,TLSv1.3,True
worldbank.org,Google Trust Services WE1,third,,TLSv1.3,True
worldbank.org.cn,unknown,unknown,,unknown,False
worldcat.org,Google Trust Services WR1,third,,TLSv1.3,True
worldmarket.com,Let's Encrypt YR2,third,,TLSv1.3,True
worldnic.com,unknown,unknown,,unknown,False
worldoftanks.eu,Let's Encrypt YE2,third,,TLSv1.3,True
worldtimeapi.org,unknown,unknown,,unknown,False
worldtimeserver.com,Google Trust Services WE1,third,,TLSv1.3,True
wosms.cn,unknown,unknown,,unknown,False
wovn.io,Amazon Amazon RSA 2048 M04,third,,TLSv1.3,True
wowhead.com,Amazon Amazon RSA 2048 M01,third,,TLSv1.3,True
wp-rocket.me,Google Trust Services WE1,third,,TLSv1.3,True
wp.com,Let's Encrypt YE1,third,,TLSv1.3,True
wp.pl,DigiCert Inc RapidSSL TLS RSA CA G1,third,,TLSv1.3,True
wp2p.link,unknown,unknown,,unknown,False
wpadmngr.com,unknown,unknown,,unknown,False
wpcdn.pl,infrastructure,infrastructure,,unknown,False
wpengine.com,Google Trust Services WE1,third,,TLSv1.3,True
wpenginepowered.com,Let's Encrypt YE2,third,,TLSv1.3,True
wpeproxy.com,unknown,unknown,,unknown,False
wps.cn,"DigiCert, Inc. GeoTrust G2 TLS CN RSA4096 SHA256 2022 CA1",third,,TLSv1.3,True
wps.com,"DigiCert, Inc. GeoTrust G2 TLS CN RSA4096 SHA256 2022 CA1",third,,TLSv1.2,True
wpscdn.cn,infrastructure,infrastructure,,unknown,False
wpscdn.com,infrastructure,infrastructure,,unknown,False
wpsdns.com,unknown,unknown,,unknown,False
wpushsdk.com,unknown,unknown,,unknown,False
ws-hp.com,unknown,unknown,,unknown,False
wscdns.com,infrastructure,infrastructure,,unknown,False
wsdvs.com,unknown,unknown,,unknown,False
wsglb0.com,unknown,unknown,,unknown,False
wshareit.com,DigiCert Inc RapidSSL TLS RSA CA G1,third,,TLSv1.3,True
wshifen.com,unknown,unknown,,unknown,False
wsimg.com,unknown,unknown,,unknown,False
wsj.com,Amazon Amazon RSA 2048 M04,third,,TLSv1.3,True
wsj.net,Amazon Amazon RSA 2048 M02,third,,TLSv1.3,True
wskwai.com,unknown,unknown,,unknown,False
wsrv.nl,Google Trust Services WE1,third,,TLSv1.3,True
wsukwai.com,unknown,unknown,,unknown,False
wswebcdn.com,infrastructure,infrastructure,,unknown,False
wswebpic.com,unknown,unknown,,unknown,False
wt-eu02.net,DigiCert Inc RapidSSL TLS ECC CA G1,third,,TLSv1.2,True
wtfismyip.com,Google Trust Services WR1,third,,TLSv1.3,True
wtng.io,unknown,unknown,,unknown,False
wtxcdn.com,infrastructure,infrastructure,,unknown,False
wtzw.com,"DigiCert, Inc. GeoTrust G2 TLS CN RSA4096 SHA256 2022 CA1",third,,TLSv1.2,True
wuaki.tv,DigiCert Inc DigiCert Global G2 TLS RSA SHA256 2020 CA1,third,,TLSv1.3,True
wunderground.com,DigiCert Inc DigiCert Global G3 TLS ECC SHA384 2020 CA1,third,,TLSv1.3,True
wuporg.com,unknown,unknown,,unknown,False
wurflcloud.com,Sectigo Limited Sectigo Public Server Authentication CA DV R36,third,,TLSv1.3,True
wurl.com,Google Trust Services WE1,third,,TLSv1.3,True
wurl.dev,unknown,unknown,,unknown,False
wurl.tv,unknown,unknown,,unknown,False
wustl.edu,Let's Encrypt YR1,third,,TLSv1.3,True
wuytl.com,Google Trust Services WE1,third,,TLSv1.3,True
wwsga.me,unknown,unknown,,unknown,False
wwstat.com,"DigiCert, Inc. DigiCert Secure Site OV G2 TLS CN RSA4096 SHA256 2022 CA1",third,,TLSv1.2,True
www.gov.br,GlobalSign nv-sa GlobalSign RSA OV SSL CA 2018,third,,TLSv1.3,True
www.gov.uk,GlobalSign nv-sa GlobalSign RSA OV SSL CA 2018,third,,TLSv1.3,True
wxlivecdn.com,infrastructure,infrastructure,,unknown,False
wyndhamhotels.com,Amazon Amazon RSA 2048 M04,third,,TLSv1.2,True
wyze.com,DigiCert Inc DigiCert Global G2 TLS RSA SHA256 2020 CA1,third,,TLSv1.3,True
wyzecam.com,DigiCert Inc DigiCert Global G2 TLS RSA SHA256 2020 CA1,third,,TLSv1.3,True
wzrkt.com,Amazon Amazon RSA 2048 M01,third,,TLSv1.3,True
x-b-i-3.com,Google Trust Services WE1,third,,TLSv1.3,True
x-cdn-static.com,infrastructure,infrastructure,,unknown,False
x-fins.com,unknown,unknown,,unknown,False
x-plarium.com,unknown,unknown,,unknown,False
x-y-2-z.com,unknown,unknown,,unknown,False
x-y-7-z.com,Google Trust Services WE1,third,,TLSv1.3,True
x.ai,Google Trust Services WE1,third,,TLSv1.3,True
x.com,Let's Encrypt E7,third,,TLSv1.3,True
x1skf.com,unknown,unknown,,unknown,False
x24hr.com,unknown,unknown,,unknown,False
x3m.biz,Amazon Amazon RSA 2048 M01,third,,TLSv1.2,True
x5.ru,Hellenic Academic and Research Institutions CA HARICA DV TLS RSA,third,,TLSv1.3,True
x5media.ru,Let's Encrypt R12,third,,TLSv1.3,True
x9fnzrtl4x8pynsf.com,Sectigo Limited Sectigo Public Server Authentication CA DV R36,third,,TLSv1.3,True
xbox-dns.ru,Let's Encrypt YE2,third,,TLSv1.3,True
xbox.com,Microsoft Corporation Microsoft TLS G2 RSA CA OCSP 04,private,,TLSv1.3,True
xboxlive.com,Microsoft Corporation Microsoft TLS G2 RSA CA OCSP 16,unknown,,TLSv1.3,True
xboxservices.com,unknown,unknown,,unknown,False
xcal.tv,unknown,unknown,,unknown,False
xcdnpro.com,infrastructure,infrastructure,,unknown,False
xcoinsystem.com,unknown,unknown,,unknown,False
xdrig.com,TalkingData.com xdrig.com,private,,TLSv1.2,True
xdrtc.com,unknown,unknown,,unknown,False
xe.com,Amazon Amazon RSA 2048 M01,third,,TLSv1.3,True
xeconvert.com,Google Trust Services WE1,third,,TLSv1.3,True
xendesktop.net,unknown,unknown,,unknown,False
xenkod.cc,unknown,unknown,,unknown,False
xepith.com,unknown,unknown,,unknown,False
xero.com,Amazon Amazon RSA 2048 M04,third,,TLSv1.3,True
xerox.com,Sectigo Limited Sectigo Public Server Authentication CA OV R36,third,,TLSv1.2,True
xervcwfsk.com,unknown,unknown,,unknown,False
xfinfr.com,GlobalSign nv-sa GlobalSign RSA OV SSL CA 2018,third,,TLSv1.2,True
xfinity.com,Sectigo Limited Sectigo Public Server Authentication CA OV R36,third,,TLSv1.2,True
xfree.com,Google Trust Services WE1,third,,TLSv1.3,True
xg4ken.com,"GoDaddy.com, Inc. Go Daddy Secure Certificate Authority - G2",third,,TLSv1.3,True
xgroovy.com,Google Trust Services WE1,third,,TLSv1.3,True
xh.partners,Let's Encrypt YE2,third,,TLSv1.3,True
xhaccess.com,Let's Encrypt YR1,third,,TLSv1.3,True
xham.live,Let's Encrypt YE1,third,,TLSv1.3,True
xhamster.com,Let's Encrypt YE2,third,,TLSv1.3,True
xhamster.desi,Let's Encrypt YE1,third,,TLSv1.3,True
xhamster1.desi,Let's Encrypt YE2,third,,TLSv1.3,True
xhamster19.com,Let's Encrypt YR2,third,,TLSv1.3,True
xhamster2.com,Let's Encrypt YR2,third,,TLSv1.3,True
xhamster3.com,Let's Encrypt YE2,third,,TLSv1.3,True
xhamster46.desi,Google Trust Services WE1,third,,TLSv1.3,True
xhamsterlive.com,Google Trust Services WE1,third,,TLSv1.3,True
xhcdn.com,infrastructure,infrastructure,,unknown,False
xhname.com,Let's Encrypt YR2,third,,TLSv1.3,True
xhopen.com,Let's Encrypt YR1,third,,TLSv1.3,True
xhpingcdn.com,infrastructure,infrastructure,,unknown,False
xhscdn.com,infrastructure,infrastructure,,unknown,False
xhscdn.net,infrastructure,infrastructure,,unknown,False
xhsocial.com,Let's Encrypt YR1,third,,TLSv1.3,True
xiaohongshu.com,"DNSPod, Inc. DNSPod TLS RSA CA 2025",third,,TLSv1.3,True
xiaojukeji.com,"DigiCert, Inc. GeoTrust G2 TLS CN RSA4096 SHA256 2022 CA1",third,,TLSv1.2,True
xiaoman.cn,GlobalSign nv-sa GlobalSign RSA OV SSL CA 2018,third,,TLSv1.2,True
xiaomi.com,DigiCert Inc RapidSSL TLS RSA CA G1,third,,TLSv1.2,True
xiaomi.net,DigiCert Inc RapidSSL TLS RSA CA G1,third,,TLSv1.2,True
xiaomiwear.com,DigiCert Inc RapidSSL TLS RSA CA G1,third,,TLSv1.2,True
xiaomixiaoai.com,unknown,unknown,,unknown,False
xiaoyi.com,GlobalSign nv-sa GlobalSign RSA OV SSL CA 2018,third,,TLSv1.2,True
ximalaya.com,GlobalSign nv-sa GlobalSign RSA OV SSL CA 2018,third,,TLSv1.2,True
xing.com,Amazon Amazon RSA 2048 M04,third,,TLSv1.3,True
xinhuanet.com,China Financial Certification Authority CFCA OV OCA,third,,TLSv1.2,True
xinqiucc.com,"DigiCert, Inc. GeoTrust G2 TLS CN RSA4096 SHA256 2022 CA1",third,,TLSv1.2,True
xintaicz.cn,unknown,unknown,,unknown,False
xiti.com,unknown,unknown,,unknown,False
xiyuudi.com,unknown,unknown,,unknown,False
xl-ads.com,unknown,unknown,,unknown,False
xlgmedia.com,Let's Encrypt YE2,third,,TLSv1.2,True
xlivesex.com,Google Trust Services WE1,third,,TLSv1.3,True
xlivrdr.com,Google Trust Services WE1,third,,TLSv1.3,True
xmcsrv.net,unknown,unknown,,unknown,False
xmeye.net,DigiCert Inc RapidSSL TLS RSA CA G1,third,,TLSv1.2,True
xmrig.com,Google Trust Services WE1,third,,TLSv1.3,True
xn--ngstr-lra8j.com,unknown,unknown,,unknown,False
xnxx-cdn.com,infrastructure,infrastructure,,unknown,False
xnxx.com,Sectigo Limited Sectigo Public Server Authentication CA DV R36,third,,TLSv1.3,True
xnxx.tv,Let's Encrypt YR2,third,,TLSv1.3,True
xoalt.com,unknown,unknown,,unknown,False
xpi.com.br,DigiCert Inc RapidSSL TLS RSA CA G1,third,,TLSv1.3,True
xplosion.de,Let's Encrypt YR1,third,,TLSv1.3,True
xsdacdn.com,infrastructure,infrastructure,,unknown,False
xserver.jp,unknown,unknown,,unknown,False
xsolla.com,DigiCert Inc Thawte TLS RSA CA G1,third,,TLSv1.3,True
xtb.com,Sectigo Limited Sectigo Public Server Authentication CA OV R36,third,,TLSv1.3,True
xtracloud.cn,unknown,unknown,,unknown,False
xtracloud.net,unknown,unknown,,unknown,False
xtremepush.com,Let's Encrypt YE2,third,,TLSv1.3,True
xuehai.net,Let's Encrypt YR1,third,,TLSv1.2,True
xueqiu.com,DigiCert Inc RapidSSL TLS RSA CA G1,third,,TLSv1.3,True
xumo.com,Sectigo Limited Sectigo Public Server Authentication CA OV R36,third,,TLSv1.2,True
xunlei.com,GlobalSign nv-sa GlobalSign RSA OV SSL CA 2018,third,,TLSv1.2,True
xunyou.mobi,GlobalSign nv-sa GlobalSign RSA OV SSL CA 2018,third,,TLSv1.3,True
xvideos-cdn.com,infrastructure,infrastructure,,unknown,False
xvideos.com,Sectigo Limited Sectigo Public Server Authentication CA DV R36,third,,TLSv1.3,True
xvv1deos.com,Google Trust Services WE1,third,,TLSv1.3,True
xwz.ovh,unknown,unknown,,unknown,False
xx1t.com,unknown,unknown,,unknown,False
xxpkg.com,Kuaishou cert.kuaishou.com,unknown,,TLSv1.2,True
xxxbp.tv,Let's Encrypt YE2,third,,TLSv1.3,True
xxxjmp.com,Google Trust Services WE1,third,,TLSv1.3,True
xxxramenshopfun.lol,unknown,unknown,,unknown,False
xxxviiijmp.com,Google Trust Services WE1,third,,TLSv1.3,True
xxxviijmp.com,Google Trust Services WE1,third,,TLSv1.3,True
xydiamonddbexpert.com,Certainly Certainly Intermediate R1,third,,TLSv1.3,True
xydtrip.com,Google Trust Services WE1,third,,TLSv1.3,True
xyzproxy.cloud,unknown,unknown,,unknown,False
xzcs3zlph.com,unknown,unknown,,unknown,False
y-medialink.com,unknown,unknown,,unknown,False
ya.ru,GlobalSign nv-sa GlobalSign ECC OV SSL CA 2018,third,,TLSv1.3,True
yabidos.com,Google Trust Services WE1,third,,TLSv1.3,True
yadro.ru,Let's Encrypt YR1,third,,TLSv1.2,True
yahoo.co.jp,"Cybertrust Japan Co., Ltd. Cybertrust Japan SureServer CA G4",third,,TLSv1.3,True
yahoo.com,DigiCert Inc DigiCert Global G2 TLS RSA SHA256 2020 CA1,third,,TLSv1.3,True
yahoo.net,DigiCert Inc DigiCert Global G2 TLS RSA SHA256 2020 CA1,third,,TLSv1.3,True
yahooapis.jp,unknown,unknown,,unknown,False
yahoodns.net,unknown,unknown,,unknown,False
yahoosandbox.net,DigiCert Inc DigiCert Global G2 TLS RSA SHA256 2020 CA1,third,,TLSv1.3,True
yale.edu,Certainly Certainly Intermediate R1,third,,TLSv1.2,True
yalla.live,DigiCert Inc Encryption Everywhere DV TLS CA - G2,third,,TLSv1.3,True
yammer.com,Microsoft Corporation Microsoft TLS G2 RSA CA OCSP 10,third,,TLSv1.3,True
yammerusercontent.com,unknown,unknown,,unknown,False
yandex-net.ru,unknown,unknown,,unknown,False
yandex-team.ru,GlobalSign nv-sa GlobalSign RSA OV SSL CA 2018,third,,TLSv1.2,True
yandex.by,GlobalSign nv-sa GlobalSign ECC OV SSL CA 2018,third,,TLSv1.3,True
yandex.com,GlobalSign nv-sa GlobalSign ECC OV SSL CA 2018,third,,TLSv1.3,True
yandex.com.tr,GlobalSign nv-sa GlobalSign ECC OV SSL CA 2018,third,,TLSv1.3,True
yandex.fi,GlobalSign nv-sa GlobalSign RSA OV SSL CA 2018,third,,TLSv1.3,True
yandex.kz,GlobalSign nv-sa GlobalSign ECC OV SSL CA 2018,third,,TLSv1.3,True
yandex.md,GlobalSign nv-sa GlobalSign ECC OV SSL CA 2018,third,,TLSv1.3,True
yandex.net,GlobalSign nv-sa GlobalSign ECC OV SSL CA 2018,third,,TLSv1.3,True
yandex.ru,GlobalSign nv-sa GlobalSign ECC OV SSL CA 2018,third,,TLSv1.3,True
yandex.uz,GlobalSign nv-sa GlobalSign ECC OV SSL CA 2018,third,,TLSv1.3,True
yandexadexchange.net,GlobalSign nv-sa GlobalSign ECC OV SSL CA 2018,third,,TLSv1.3,True
yandexcloud.net,unknown,unknown,,unknown,False
yangkeduo.com,"DigiCert, Inc. GeoTrust G2 TLS CN RSA4096 SHA256 2022 CA1",third,,TLSv1.2,True
yango.com,GlobalSign nv-sa GlobalSign GCC R3 DV TLS CA 2020,third,,TLSv1.3,True
yangyi19.com,SSL Corp SSL.com SSL Intermediate CA ECC R2,third,,TLSv1.3,True
yantp.net,unknown,unknown,,unknown,False
yarn.co,Google Trust Services WE1,third,,TLSv1.3,True
yastatic-net.ru,GlobalSign nv-sa GlobalSign RSA OV SSL CA 2018,third,,TLSv1.3,True
yastatic.net,GlobalSign nv-sa GlobalSign RSA OV SSL CA 2018,third,,TLSv1.3,True
yccdn.ru,infrastructure,infrastructure,,unknown,False
yclients.com,Let's Encrypt YR2,third,,TLSv1.3,True
ycombinator.com,Amazon Amazon RSA 2048 M04,third,,TLSv1.3,True
ycxrl.com,unknown,unknown,,unknown,False
ycyd123.com,unknown,unknown,,unknown,False
ydmob.com,ZeroSSL GmbH ZeroSSL ECC DV SSL CA 2,third,,TLSv1.3,True
ydns.eu,Let's Encrypt YR2,third,,TLSv1.3,True
ydstatic.com,"DigiCert, Inc. GeoTrust G2 TLS CN RSA4096 SHA256 2022 CA1",third,,TLSv1.3,True
ydycdn.com,infrastructure,infrastructure,,unknown,False
yeahtargeter.com,unknown,unknown,,unknown,False
yealink.com,"DigiCert, Inc. GeoTrust G2 TLS CN RSA4096 SHA256 2022 CA1",third,,TLSv1.3,True
yeastar.com,"DigiCert, Inc. GeoTrust G2 TLS CN RSA4096 SHA256 2022 CA1",third,,TLSv1.2,True
yektanet.com,Asseco Data Systems S.A. Certum OV TLS G2 R39 CA,third,,TLSv1.3,True
yellowblue.io,unknown,unknown,,unknown,False
yellowpages.com,Google Trust Services WE1,third,,TLSv1.3,True
yelp.com,DigiCert Inc DigiCert Global G2 TLS RSA SHA256 2020 CA1,third,,TLSv1.3,True
yelpcdn.com,infrastructure,infrastructure,,unknown,False
yemekyedim.com,unknown,unknown,,unknown,False
yes24.com,DigiCert Inc Thawte TLS RSA CA G1,third,,TLSv1.2,True
yesstyle.com,Google Trust Services WE1,third,,TLSv1.3,True
yg5sjx5kzy.com,Sectigo Limited Sectigo Public Server Authentication CA DV R36,third,,TLSv1.3,True
ygebe.com,unknown,unknown,,unknown,False
ygles.com,unknown,unknown,,unknown,False
yhgfb-cn-static.com,unknown,unknown,,unknown,False
yiche.com,GlobalSign nv-sa GlobalSign RSA OV SSL CA 2018,third,,TLSv1.2,True
yieldify.com,Let's Encrypt YR2,third,,TLSv1.3,True
yieldlab.net,Let's Encrypt YR1,third,,TLSv1.3,True
yieldlove-ad-serving.net,unknown,unknown,,unknown,False
yieldmo.com,Let's Encrypt YR2,third,,TLSv1.3,True
yieldoptimizer.com,unknown,unknown,,unknown,False
yimg.com,DigiCert Inc DigiCert Global G2 TLS RSA SHA256 2020 CA1,third,,TLSv1.3,True
yimg.jp,unknown,unknown,,unknown,False
yindantechhk.com,Let's Encrypt YE2,third,,TLSv1.3,True
yingt.fun,unknown,unknown,,unknown,False
ykimg.com,GlobalSign nv-sa GlobalSign GCC R3 OV TLS CA 2024,third,,TLSv1.2,True
yksdks.com,DigiCert Inc RapidSSL TLS RSA CA G1,third,,TLSv1.2,True
yle.fi,Amazon Amazon RSA 2048 M04,third,,TLSv1.3,True
ymmobi.com,DigiCert Inc RapidSSL TLS DV RSA Mixed SHA256 2020 CA-1,third,,TLSv1.2,True
yna.co.kr,DigiCert Inc Thawte TLS RSA CA G1,third,,TLSv1.2,True
ynet.co.il,DigiCert Inc DigiCert Global G3 TLS ECC SHA384 2020 CA1,third,,TLSv1.3,True
yodo1.com,Google Trust Services WE1,third,,TLSv1.3,True
yomeno.xyz,Let's Encrypt YE2,third,,TLSv1.2,True
yoomoney.ru,GlobalSign nv-sa GlobalSign GCC R3 DV TLS CA 2020,third,,TLSv1.3,True
yoox.com,DigiCert Inc GeoTrust TLS RSA CA G1,third,,TLSv1.3,True
yospace.com,Google Trust Services WE1,third,,TLSv1.3,True
yota.ru,Let's Encrypt YE2,third,,TLSv1.2,True
yotoplay.com,Amazon Amazon RSA 2048 M04,third,,TLSv1.3,True
yotpo.com,Amazon Amazon RSA 2048 M04,third,,TLSv1.2,True
yotpoapi.com,unknown,unknown,,unknown,False
yottaa.com,GlobalSign nv-sa GlobalSign RSA OV SSL CA 2018,third,,TLSv1.3,True
yottaa.net,unknown,unknown,,unknown,False
youappi.com,Google Trust Services WE1,third,,TLSv1.3,True
youborafds01.com,unknown,unknown,,unknown,False
youboranqs01.com,unknown,unknown,,unknown,False
youdao.com,"DigiCert, Inc. GeoTrust G2 TLS CN RSA4096 SHA256 2022 CA1",third,,TLSv1.3,True
youjizz.com,Sectigo Limited Sectigo Public Server Authentication CA DV R36,third,,TLSv1.3,True
youku.com,GlobalSign nv-sa GlobalSign GCC R3 OV TLS CA 2024,third,,TLSv1.2,True
youlesp.com,unknown,unknown,,unknown,False
youngjoygame.com,unknown,unknown,,unknown,False
youngle.site,unknown,unknown,,unknown,False
youngle.tech,unknown,unknown,,unknown,False
youporn.com,DigiCert Inc DigiCert Global G3 TLS ECC SHA384 2020 CA1,third,,TLSv1.3,True
your-objectstorage.com,Let's Encrypt YR1,third,,TLSv1.3,True
your-server.de,DigiCert Inc Thawte TLS RSA CA G1,third,,TLSv1.3,True
your-storagebox.de,Let's Encrypt YR1,third,,TLSv1.3,True
yourchain.info,Google Trust Services WE1,third,,TLSv1.2,True
youtu.be,Google Trust Services WE2,private,,TLSv1.3,True
youtube-nocookie.com,Google Trust Services WR2,private,,TLSv1.3,True
youtube.com,Google Trust Services WE2,private,,TLSv1.3,True
youtubers.me,Let's Encrypt YR1,third,,TLSv1.2,True
youversionapi.com,unknown,unknown,,unknown,False
yoyo.org,Let's Encrypt YE1,third,,TLSv1.3,True
ypcdn.com,infrastructure,infrastructure,,unknown,False
ypncdn.com,infrastructure,infrastructure,,unknown,False
yr.no,DigiCert Inc DigiCert Global G3 TLS ECC SHA384 2020 CA1,third,,TLSv1.3,True
ys7.com,GlobalSign nv-sa GlobalSign RSA OV SSL CA 2018,third,,TLSv1.3,True
ysscores.com,Google Trust Services WE1,third,,TLSv1.3,True
ytimg.com,unknown,unknown,,unknown,False
yuanshen.com,"DigiCert, Inc. GeoTrust G2 TLS CN RSA4096 SHA256 2022 CA1",third,,TLSv1.3,True
yuewen.com,"DigiCert, Inc. GeoTrust G2 TLS CN RSA4096 SHA256 2022 CA1",third,,TLSv1.3,True
yummyani.me,Google Trust Services WE1,third,,TLSv1.2,True
yumpu.com,Amazon Amazon RSA 2048 M01,third,,TLSv1.3,True
yundunwaf5.com,unknown,unknown,,unknown,False
yunxinfw.com,"DigiCert, Inc. GeoTrust G2 TLS CN RSA4096 SHA256 2022 CA1",third,,TLSv1.2,True
yunxish.com,unknown,unknown,,unknown,False
yusercontent.com,DigiCert Inc DigiCert Global G2 TLS RSA SHA256 2020 CA1,third,,TLSv1.3,True
ywxi.net,unknown,unknown,,unknown,False
yximgs.com,GlobalSign nv-sa GlobalSign RSA OV SSL CA 2018,third,,TLSv1.2,True
yxponte.com,unknown,unknown,,unknown,False
yy.com,"DigiCert, Inc. GeoTrust G2 TLS CN RSA4096 SHA256 2022 CA1",third,,TLSv1.2,True
yydjc.top,Google Trust Services WE1,third,,TLSv1.3,True
z.ai,Sectigo Limited Sectigo Public Server Authentication CA DV R36,third,,TLSv1.2,True
z3.fm,Google Trust Services WE1,third,,TLSv1.3,True
zabbix.com,Google Trust Services WE1,third,,TLSv1.3,True
zadn.vn,unknown,unknown,,unknown,False
zalan.do,unknown,unknown,,unknown,False
zalando.com,Amazon Amazon RSA 2048 M01,third,,TLSv1.3,True
zalando.de,Amazon Amazon RSA 2048 M01,third,,TLSv1.3,True
zalo.me,DigiCert Inc DigiCert Global G3 TLS ECC SHA384 2020 CA1,third,,TLSv1.2,True
zaloapp.com,DigiCert Inc DigiCert Global G3 TLS ECC SHA384 2020 CA1,third,,TLSv1.2,True
zamcs.com,"DigiCert, Inc. DigiCert Secure Site OV G2 TLS CN RSA4096 SHA256 2022 CA1",third,,TLSv1.2,True
zangi.com,Sectigo Limited Sectigo Public Server Authentication CA DV R36,third,,TLSv1.2,True
zapier.com,Amazon Amazon RSA 2048 M01,third,,TLSv1.3,True
zappos.com,Amazon Amazon RSA 2048 M01,third,,TLSv1.2,True
zapto.org,unknown,unknown,,unknown,False
zara.com,DigiCert Inc DigiCert Global G3 TLS ECC SHA384 2020 CA1,third,,TLSv1.3,True
zara.net,Let's Encrypt YE1,third,,TLSv1.3,True
zazzle.com,DigiCert Inc DigiCert Global G2 TLS RSA SHA256 2020 CA1,third,,TLSv1.3,True
zbler.com,Google Trust Services WE1,third,,TLSv1.3,True
zbmath.org,Google Trust Services WE1,third,,TLSv1.3,True
zcache.com,Microsoft Corporation Microsoft TLS G2 RSA CA OCSP 16,unknown,,TLSv1.3,True
zcool.cn,Let's Encrypt YR1,third,,TLSv1.3,True
zcvh.net,unknown,unknown,,unknown,False
zdassets.com,unknown,unknown,,unknown,False
zdbb.net,Amazon Amazon RSA 2048 M01,third,,TLSv1.3,True
zdf.de,DigiCert Inc GeoTrust TLS RSA CA G1,third,,TLSv1.2,True
zdn.vn,DigiCert Inc DigiCert Global G3 TLS ECC SHA384 2020 CA1,third,,TLSv1.3,True
zdoiodhtqahjizqq.net,Amazon Amazon RSA 2048 M04,third,,TLSv1.2,True
zdusercontent.com,unknown,unknown,,unknown,False
zdxcloud.net,unknown,unknown,,unknown,False
zeasn.tv,DigiCert Inc RapidSSL TLS RSA CA G1,third,,TLSv1.2,True
zebra.com,DigiCert Inc Thawte TLS RSA CA G1,third,,TLSv1.2,True
zed.dev,Google Trust Services WE1,third,,TLSv1.3,True
zee5.com,DigiCert Inc DigiCert Global G3 TLS ECC SHA384 2020 CA1,third,,TLSv1.3,True
zefrdata.com,Google Trust Services WE1,third,,TLSv1.3,True
zelcore.io,Google Trust Services WE1,third,,TLSv1.3,True
zemanta.com,DigiCert Inc DigiCert Global G3 TLS ECC SHA384 2020 CA1,third,,TLSv1.3,True
zencdn.net,infrastructure,infrastructure,,unknown,False
zendesk.com,Let's Encrypt YE1,third,,TLSv1.3,True
zenmxapps.com,unknown,unknown,,unknown,False
zenno.services,Google Trust Services WE1,third,,TLSv1.3,True
zennolab.com,GlobalSign nv-sa GlobalSign GCC R6 AlphaSSL CA 2025,third,,TLSv1.3,True
zeotap.com,Let's Encrypt YE1,third,,TLSv1.3,True
zepeto.io,DigiCert Inc DigiCert Global G2 TLS RSA SHA256 2020 CA1,third,,TLSv1.2,True
zephr.com,Amazon Amazon RSA 2048 M01,third,,TLSv1.3,True
zepp.com,Google Trust Services WE1,third,,TLSv1.3,True
zepto.co.in,unknown,unknown,,unknown,False
zepto.com,Amazon Amazon RSA 2048 M04,third,,TLSv1.2,True
zer0day.ch,Let's Encrypt R13,third,,TLSv1.2,True
zer0day.to,unknown,unknown,,unknown,False
zeronaught.com,Google Trust Services WR3,third,,TLSv1.3,True
zetaglobal.io,unknown,unknown,,unknown,False
zetaglobal.net,Google Trust Services WE1,third,,TLSv1.3,True
zg-api.com,Amazon Amazon RSA 2048 M01,third,,TLSv1.3,True
zhhainiao.com,GlobalSign nv-sa GlobalSign GCC R3 DV TLS CA 2020,third,,TLSv1.2,True
zhihu.com,"DigiCert, Inc. GeoTrust G2 TLS CN RSA4096 SHA256 2022 CA1",third,,TLSv1.2,True
zhimg.com,GeoTrust Inc. GeoTrust SSL CA - G3,third,,TLSv1.2,True
zhipin.com,GlobalSign nv-sa GlobalSign RSA OV SSL CA 2018,third,,TLSv1.3,True
zhuqiy.com,Google Trust Services WR1,third,,TLSv1.3,True
zi-scripts.com,unknown,unknown,,unknown,False
ziffstatic.com,unknown,unknown,,unknown,False
ziggo.nl,DigiCert Ireland Limited DigiCert G2 TLS EU RSA4096 SHA384 2022 CA1,third,,TLSv1.2,True
zijieapi.com,unknown,unknown,,unknown,False
zillow.com,Amazon Amazon RSA 2048 M04,third,,TLSv1.3,True
zillowstatic.com,Amazon Amazon RSA 2048 M04,third,,TLSv1.3,True
zimad.com,Let's Encrypt YR2,third,,TLSv1.3,True
zimaspace.com,Google Trust Services WE1,third,,TLSv1.3,True
zimperium.com,Google Trust Services WE1,third,,TLSv1.3,True
zincha.net,unknown,unknown,,unknown,False
zineone.com,unknown,unknown,,unknown,False
zing.vn,DigiCert Inc DigiCert Global G3 TLS ECC SHA384 2020 CA1,third,,TLSv1.2,True
zingmp3.vn,DigiCert Inc DigiCert Global G2 TLS RSA SHA256 2020 CA1,third,,TLSv1.2,True
zingpingbees.com,unknown,unknown,,unknown,False
ziniao.com,Sectigo Limited Sectigo Public Server Authentication CA DV R36,third,,TLSv1.3,True
zip.co,Google Trust Services WE1,third,,TLSv1.3,True
zipoapps.com,Let's Encrypt YR2,third,,TLSv1.3,True
zippypongbee.com,unknown,unknown,,unknown,False
ziprecruiter.com,Google Trust Services WE1,third,,TLSv1.3,True
zjcdn.com,infrastructure,infrastructure,,unknown,False
zmaticoo.com,DigiCert Inc RapidSSL TLS RSA CA G1,third,,TLSv1.3,True
zmcyu9ypy.com,unknown,unknown,,unknown,False
zmdcdn.me,infrastructure,infrastructure,,unknown,False
zobj.net,unknown,unknown,,unknown,False
zoho.com,Sectigo Limited Sectigo Public Server Authentication CA DV R36,third,,TLSv1.3,True
zoho.eu,Sectigo Limited Sectigo Public Server Authentication CA DV R36,third,,TLSv1.3,True
zoho.in,Sectigo Limited Sectigo Public Server Authentication CA DV R36,third,,TLSv1.3,True
zohocdn.com,infrastructure,infrastructure,,unknown,False
zohopublic.com,Let's Encrypt YR1,third,,TLSv1.3,True
zol.com.cn,"DigiCert, Inc. GeoTrust G2 TLS CN RSA4096 SHA256 2022 CA1",third,,TLSv1.2,True
zomato.com,Amazon Amazon RSA 2048 M04,third,,TLSv1.2,True
zonebourse.com,GlobalSign nv-sa GlobalSign GCC R3 DV TLS CA 2020,third,,TLSv1.3,True
zoologyfibre.com,Let's Encrypt YR1,third,,TLSv1.2,True
zoom.com,DigiCert Inc DigiCert Global G2 TLS RSA SHA256 2020 CA1,third,,TLSv1.2,True
zoom.us,DigiCert Inc DigiCert Global G2 TLS RSA SHA256 2020 CA1,third,,TLSv1.3,True
zoominfo.com,Let's Encrypt YE1,third,,TLSv1.3,True
zoopla.co.uk,Amazon Amazon RSA 2048 M01,third,,TLSv1.2,True
zopim.com,Google Trust Services WE1,third,,TLSv1.3,True
zoro.com,DigiCert Inc DigiCert Global G2 TLS RSA SHA256 2020 CA1,third,,TLSv1.3,True
zorvian.com,Google Trust Services WE1,third,,TLSv1.3,True
zotabox.com,Google Trust Services WE1,third,,TLSv1.3,True
zotero.org,Amazon Amazon RSA 2048 M01,third,,TLSv1.3,True
zozo.jp,DigiCert Inc DigiCert Global G3 TLS ECC SHA384 2020 CA1,third,,TLSv1.3,True
zpath.net,unknown,unknown,,unknown,False
zpatwo.net,unknown,unknown,,unknown,False
zprk.io,unknown,unknown,,unknown,False
zproxy.org,Key-Systems GmbH GlobeSSL RSA DV SSL CA 2,third,,TLSv1.3,True
zqtk.net,unknown,unknown,,unknown,False
zscaler.com,DigiCert Inc DigiCert EV RSA CA G2,third,,TLSv1.3,True
zscaler.net,unknown,unknown,,unknown,False
zscalergov.net,unknown,unknown,,unknown,False
zscalerten.net,unknown,unknown,,unknown,False
zscalerthree.net,unknown,unknown,,unknown,False
zscalertwo.net,unknown,unknown,,unknown,False
zscloud.net,unknown,unknown,,unknown,False
zstaticcdn.com,infrastructure,infrastructure,,unknown,False
ztat.net,unknown,unknown,,unknown,False
ztems.com,"DigiCert, Inc. GeoTrust G2 TLS CN RSA4096 SHA256 2022 CA1",third,,TLSv1.2,True
zthd.io,Google Trust Services WR3,third,,TLSv1.3,True
zucks.net,unknown,unknown,,unknown,False
zuimeitianqi.com,"TrustAsia Technologies, Inc. TrustAsia DV TLS RSA CA 2025",third,,TLSv1.2,True
zviewcloud.com,unknown,unknown,,unknown,False
zvuk.com,GlobalSign nv-sa GlobalSign RSA OV SSL CA 2018,third,,TLSv1.3,True
zwtianshangm.com,unknown,unknown,,unknown,False
zwyr157wwiu6eior.com,Sectigo Limited Sectigo Public Server Authentication CA DV R36,third,,TLSv1.3,True
zxcvbnml.com,unknown,unknown,,unknown,False
zxinc.org,Let's Encrypt YE2,third,,TLSv1.3,True
zxyvrtd.com,GoDaddy.com GoDaddy TLS Intermediate CA DV - R1v1,third,,TLSv1.3,True
zynga.com,Amazon Amazon RSA 2048 M01,third,,TLSv1.3,True
zyxel.com,Sectigo Limited Sectigo Public Server Authentication CA DV R36,third,,TLSv1.3,True
zyzoom.net,Google Trust Services WE1,third,,TLSv1.3,True
zzpxy.top,unknown,unknown,,unknown,False
